{
"type": "FeatureCollection",
"name": "Calcada_web_4326",
"crs": { "type": "name", "properties": { "name": "urn:ogc:def:crs:OGC:1.3:CRS84" } },
"features": [
{ "type": "Feature", "properties": { "fid": 1 }, "geometry": { "type": "MultiPolygon", "coordinates": [ [ [ [ -40.362637830963124, -20.426907451005562 ], [ -40.36264144109073, -20.426908432846709 ], [ -40.362645185048912, -20.426908731902397 ], [ -40.362648918959422, -20.426908336680114 ], [ -40.362652499330125, -20.426907262368012 ], [ -40.362655788569327, -20.426905550251323 ], [ -40.362658660273411, -20.426903266125755 ], [ -40.362661004084373, -20.426900497769001 ], [ -40.362713153396939, -20.426824707527395 ], [ -40.362765302666425, -20.426748917262781 ], [ -40.362817451886158, -20.426673126984824 ], [ -40.362869601056168, -20.426597336693479 ], [ -40.36292175017644, -20.426521546388816 ], [ -40.362973899246015, -20.426445756044284 ], [ -40.362975625080779, -20.426442609840226 ], [ -40.362976666629542, -20.426439206699438 ], [ -40.362976983866226, -20.426435677402729 ], [ -40.362976564599656, -20.426432157578947 ], [ -40.36297542494205, -20.426428782492902 ], [ -40.362973608689842, -20.426425681847224 ], [ -40.362971185640596, -20.426422974797937 ], [ -40.362968248910718, -20.426420765375386 ], [ -40.36268684981512, -20.426248707911416 ], [ -40.362683512267154, -20.426247081016339 ], [ -40.362679902154625, -20.426246099175142 ], [ -40.362676158212125, -20.42624580011941 ], [ -40.362672424317232, -20.426246195341704 ], [ -40.362668843961437, -20.42624726965386 ], [ -40.362665554735784, -20.426248981770652 ], [ -40.362662683043368, -20.426251265896415 ], [ -40.362660339241742, -20.426254034253482 ], [ -40.362608190072926, -20.426329824508198 ], [ -40.36255604085342, -20.426405614723055 ], [ -40.362503891582421, -20.426481404927141 ], [ -40.362451742261676, -20.426557195117812 ], [ -40.362399592891208, -20.426632985295132 ], [ -40.362347443477617, -20.42670877544947 ], [ -40.362345717626347, -20.426711921648188 ], [ -40.362344676061397, -20.426715324786205 ], [ -40.36234435880958, -20.426718854082846 ], [ -40.362344778062749, -20.426722373909236 ], [ -40.362345917709284, -20.426725749000386 ], [ -40.362347733953257, -20.426728849653454 ], [ -40.362350156997444, -20.426731556712024 ], [ -40.362353093725638, -20.426733766145357 ], [ -40.36263449340133, -20.42690582411058 ], [ -40.362637830963124, -20.426907451005562 ] ] ], [ [ [ -40.363013293249232, -20.426361778176613 ], [ -40.363016903365761, -20.426362760010612 ], [ -40.363020647310883, -20.426363059058957 ], [ -40.363024381206841, -20.426362663829391 ], [ -40.363027961562047, -20.426361589510368 ], [ -40.363031250785426, -20.426359877387373 ], [ -40.363034122473948, -20.426357593256363 ], [ -40.363036466270223, -20.426354824895238 ], [ -40.363114689683371, -20.426241139383468 ], [ -40.363192813648666, -20.426127597993109 ], [ -40.363244962383355, -20.426051807573831 ], [ -40.36329711107075, -20.425976017136026 ], [ -40.363349359005355, -20.425900082517281 ], [ -40.363351084827571, -20.425896936310004 ], [ -40.363352126365633, -20.425893533167216 ], [ -40.363352443593847, -20.425890003869817 ], [ -40.363352024321379, -20.425886484046707 ], [ -40.363350884660655, -20.425883108962722 ], [ -40.363349068408255, -20.425880008320419 ], [ -40.363346645361759, -20.425877301275715 ], [ -40.363343708637487, -20.425875091858817 ], [ -40.363062310427061, -20.425703035100923 ], [ -40.363058972888119, -20.425701408212642 ], [ -40.363055362787073, -20.42570042637858 ], [ -40.363051618858044, -20.425700127330057 ], [ -40.36304788497808, -20.425700522559321 ], [ -40.363044304638038, -20.425701596877971 ], [ -40.363041015428344, -20.425703309000539 ], [ -40.363038143751467, -20.425705593131148 ], [ -40.363035799964315, -20.425708361491942 ], [ -40.362983551919555, -20.425784296036717 ], [ -40.362931403062881, -20.425860086340673 ], [ -40.362879254156454, -20.425935876631328 ], [ -40.362801129955301, -20.426049417823172 ], [ -40.362722906390637, -20.426163103204047 ], [ -40.362721180552619, -20.426166249405888 ], [ -40.362720138998981, -20.426169652545685 ], [ -40.362719821756102, -20.426173181842682 ], [ -40.362720241015481, -20.42617670166798 ], [ -40.362721380665278, -20.426180076756637 ], [ -40.362723196909421, -20.4261831774059 ], [ -40.362725619950695, -20.426185884459532 ], [ -40.362728556672977, -20.426188093886957 ], [ -40.363009955696086, -20.426360151288282 ], [ -40.363013293249232, -20.426361778176613 ] ] ], [ [ [ -40.362746805945527, -20.425962364001848 ], [ -40.362798954934085, -20.425886573737319 ], [ -40.36285110387297, -20.425810783459408 ], [ -40.362903252762067, -20.425734993168149 ], [ -40.362955401601468, -20.425659202863521 ], [ -40.362957127429574, -20.425656056659761 ], [ -40.362958168975169, -20.425652653518846 ], [ -40.362958486212278, -20.425649124221582 ], [ -40.362958066949702, -20.42564560439688 ], [ -40.362956927299528, -20.425642229309638 ], [ -40.3629551110579, -20.425639128662532 ], [ -40.362952688021991, -20.425636421611674 ], [ -40.362949751307717, -20.425634212187482 ], [ -40.362708553335978, -20.425486734282323 ], [ -40.362708552790998, -20.425486734016669 ], [ -40.362628154043286, -20.425437574907139 ], [ -40.362628122935519, -20.425437559743479 ], [ -40.362547755443707, -20.425388415833428 ], [ -40.362547755137193, -20.425388415683997 ], [ -40.362547754867506, -20.425388415481109 ], [ -40.362467355743838, -20.425339256016258 ], [ -40.362386956669908, -20.425290096511112 ], [ -40.362306557645681, -20.425240936965626 ], [ -40.362226158671191, -20.425191777379851 ], [ -40.362105560300293, -20.42511803792825 ], [ -40.361864363937322, -20.424970558700235 ], [ -40.361861026425686, -20.42496893178626 ], [ -40.361857416347704, -20.424967949925048 ], [ -40.361853672436638, -20.424967650848945 ], [ -40.361849938568902, -20.424968046051298 ], [ -40.361846358234928, -20.424969120344699 ], [ -40.361843069024935, -20.424970832444664 ], [ -40.361840197341451, -20.424973116556146 ], [ -40.361837853541687, -20.424975884902022 ], [ -40.361785704342374, -20.425051674895613 ], [ -40.361733555093316, -20.42512746487585 ], [ -40.361681405794563, -20.425203254842717 ], [ -40.361629256446058, -20.425279044796184 ], [ -40.361577107047843, -20.425354834736318 ], [ -40.361524957606477, -20.425430624653476 ], [ -40.361523231750596, -20.425433770844542 ], [ -40.36152219017405, -20.425437173978555 ], [ -40.361521872904092, -20.425440703275015 ], [ -40.361522292133266, -20.425444223105046 ], [ -40.361523431750889, -20.425447598203561 ], [ -40.361525247962142, -20.425450698867397 ], [ -40.36152767097105, -20.425453405939763 ], [ -40.361530607662772, -20.425455615389382 ], [ -40.361771804558586, -20.425603095003307 ], [ -40.361892403177897, -20.425676834669613 ], [ -40.361972802318114, -20.425725994398611 ], [ -40.362053201508033, -20.42577515408728 ], [ -40.362133600747711, -20.425824313735681 ], [ -40.362214000037056, -20.425873473343735 ], [ -40.362294399374235, -20.425922632910304 ], [ -40.362374798735132, -20.425971792433923 ], [ -40.362374798806094, -20.425971792478034 ], [ -40.362615997275007, -20.426119270812833 ], [ -40.362619334819122, -20.426120897709286 ], [ -40.362622944927963, -20.426121879551943 ], [ -40.362626688867003, -20.426122178609148 ], [ -40.362630422758727, -20.426121783388297 ], [ -40.362634003111715, -20.426120709077505 ], [ -40.362637292334988, -20.426118996961954 ], [ -40.362640164025493, -20.426116712837306 ], [ -40.362642507825782, -20.426113944481212 ], [ -40.36269465690723, -20.426038154253039 ], [ -40.362746805945527, -20.425962364001848 ] ] ], [ [ [ -40.363392374829594, -20.425817069324921 ], [ -40.363396118761656, -20.425817368365919 ], [ -40.363399852643056, -20.425816973129074 ], [ -40.363403432982771, -20.425815898803119 ], [ -40.363406722190327, -20.425814186673826 ], [ -40.363409593863295, -20.425811902537376 ], [ -40.363411937644884, -20.42580913417186 ], [ -40.363464098122996, -20.425733326469512 ], [ -40.363516246676362, -20.425657536012498 ], [ -40.363568395179989, -20.425581745542122 ], [ -40.363620543633893, -20.425505955058359 ], [ -40.363672692028288, -20.425430164552317 ], [ -40.363724845742951, -20.425354366246705 ], [ -40.363726571551801, -20.425351220036315 ], [ -40.363727613078439, -20.425347816891787 ], [ -40.363727930297642, -20.4253442875941 ], [ -40.363727511018901, -20.425340767772155 ], [ -40.3637263713549, -20.425337392690725 ], [ -40.363724555102337, -20.425334292052288 ], [ -40.36372213205879, -20.425331585012596 ], [ -40.363719195340472, -20.425329375601667 ], [ -40.363437797550091, -20.425157319265459 ], [ -40.363434460019427, -20.425155692383687 ], [ -40.363430849929038, -20.425154710556779 ], [ -40.363427106012665, -20.425154411515742 ], [ -40.363423372146897, -20.425154806752591 ], [ -40.363419791822075, -20.425155881078588 ], [ -40.36341650262807, -20.425157593207992 ], [ -40.363413630966768, -20.425159877344644 ], [ -40.363411287194523, -20.425162645710454 ], [ -40.363359133388919, -20.425238443937264 ], [ -40.363306984885511, -20.425314234344562 ], [ -40.363254836330597, -20.425390024741063 ], [ -40.36320268772598, -20.425465815124198 ], [ -40.363150539071619, -20.425541605493965 ], [ -40.363098378492467, -20.425617413109009 ], [ -40.3630966526677, -20.425620559313987 ], [ -40.363095611125381, -20.42562396245556 ], [ -40.363095293891426, -20.425627491752898 ], [ -40.363095713157023, -20.425631011577103 ], [ -40.363096852810074, -20.425634386663283 ], [ -40.363098669054388, -20.425637487308755 ], [ -40.363101092092741, -20.425640194357431 ], [ -40.363104028809133, -20.42564240377893 ], [ -40.363385427179644, -20.42581446061639 ], [ -40.363388764724135, -20.42581608749806 ], [ -40.363392374829594, -20.425817069324921 ] ] ], [ [ [ -40.36301563616238, -20.425571022937703 ], [ -40.36301798007446, -20.425568254454717 ], [ -40.363070140640325, -20.425492446919069 ], [ -40.363122289320579, -20.425416656571667 ], [ -40.363174437951095, -20.425340866210909 ], [ -40.363226586531894, -20.425265075836791 ], [ -40.363278735062977, -20.425189285449299 ], [ -40.363330883544307, -20.425113495048482 ], [ -40.363332609359162, -20.425110348841592 ], [ -40.363333650893445, -20.425106945698893 ], [ -40.363333968121623, -20.425103416401285 ], [ -40.363333548852836, -20.42509989657767 ], [ -40.363332409199408, -20.425096521492922 ], [ -40.363330592957603, -20.425093420849606 ], [ -40.363328169924621, -20.425090713803694 ], [ -40.363325233216244, -20.425088504385432 ], [ -40.363084035803865, -20.42494102696358 ], [ -40.363084035258844, -20.424941026697901 ], [ -40.363003636697663, -20.424891867749459 ], [ -40.362923237708294, -20.424842708484565 ], [ -40.362842838771101, -20.424793549180851 ], [ -40.362762439883582, -20.42474438983675 ], [ -40.362682041045787, -20.424695230452411 ], [ -40.362681960727244, -20.424695191300493 ], [ -40.362681890003614, -20.424695139042839 ], [ -40.362601127863314, -20.424646764276503 ], [ -40.362481130030197, -20.424572409270379 ], [ -40.362481078849669, -20.424572383971704 ], [ -40.36248103350183, -20.42457234984899 ], [ -40.362239849584967, -20.424424853820497 ], [ -40.362236512043992, -20.424423226610529 ], [ -40.362232901867294, -20.424422244498921 ], [ -40.362229157805309, -20.424421945231327 ], [ -40.362225423754111, -20.424422340309519 ], [ -40.362221843225043, -20.42442341454943 ], [ -40.362218553829102, -20.424425126664627 ], [ -40.36221568198814, -20.424427410853134 ], [ -40.362213338076074, -20.424430179326411 ], [ -40.362161189234811, -20.424505969416249 ], [ -40.362109040343817, -20.424581759492686 ], [ -40.3620568914031, -20.424657549555782 ], [ -40.362004742412651, -20.424733339605513 ], [ -40.361952593372479, -20.424809129641869 ], [ -40.361900432393298, -20.424884936943961 ], [ -40.361898706550669, -20.42488808313815 ], [ -40.361897664985442, -20.424891486273946 ], [ -40.361897347724408, -20.424895015570762 ], [ -40.361897766959807, -20.424898535399706 ], [ -40.361898906580691, -20.424901910495727 ], [ -40.3619007227921, -20.424905011155765 ], [ -40.361903145798095, -20.424907718223185 ], [ -40.361906082483927, -20.424909927666885 ], [ -40.362147278820437, -20.42505740679745 ], [ -40.362267877160541, -20.425131146222348 ], [ -40.362348276113899, -20.425180305789961 ], [ -40.362428675117393, -20.425229465317507 ], [ -40.362509074170639, -20.425278624804807 ], [ -40.362589473273594, -20.425327784251756 ], [ -40.362589475224937, -20.425327785202956 ], [ -40.362589476941992, -20.425327786494211 ], [ -40.362669886142577, -20.425376927482823 ], [ -40.362750282343669, -20.425426085027294 ], [ -40.362991468415387, -20.425573580093495 ], [ -40.362994805988691, -20.425575207284723 ], [ -40.362998416195794, -20.425576189376713 ], [ -40.363002160285092, -20.425576488624621 ], [ -40.363005894359468, -20.425576093527379 ], [ -40.363009474906697, -20.425575019269836 ], [ -40.363012764315101, -20.425573307139089 ], [ -40.36301563616238, -20.425571022937703 ] ] ], [ [ [ -40.363774675209513, -20.425255220694702 ], [ -40.363778285313423, -20.42525620251417 ], [ -40.363782029241847, -20.425256501544006 ], [ -40.36378576311693, -20.425256106292601 ], [ -40.363789343447181, -20.425255031949323 ], [ -40.36379263264179, -20.425253319800824 ], [ -40.363795504298182, -20.425251035644337 ], [ -40.363797848059669, -20.425248267259192 ], [ -40.363849995970078, -20.425172476531785 ], [ -40.363902143837372, -20.425096685781401 ], [ -40.363954291654942, -20.425020895017639 ], [ -40.364006439422781, -20.424945104240557 ], [ -40.364058587140924, -20.424869313450049 ], [ -40.364110739489128, -20.424793515844634 ], [ -40.364112462012805, -20.424790377331274 ], [ -40.364113503566294, -20.424786982789367 ], [ -40.36411382430969, -20.424783462061797 ], [ -40.364113411974465, -20.424779949818127 ], [ -40.364112282332698, -20.424776580403357 ], [ -40.364110478593759, -20.424773482699234 ], [ -40.364108069751559, -20.424770775194418 ], [ -40.364105147945509, -20.424768561452275 ], [ -40.363824426883767, -20.424595536213303 ], [ -40.363821087682332, -20.42459389475745 ], [ -40.36381747246142, -20.424592900485841 ], [ -40.363813720790027, -20.424592591783263 ], [ -40.363809977504964, -20.424592980567489 ], [ -40.363806387119283, -20.424594051829136 ], [ -40.363803088243202, -20.42459576421113 ], [ -40.363800208232966, -20.424598051605358 ], [ -40.363797858274111, -20.424600825704811 ], [ -40.363745031357055, -20.424677593677647 ], [ -40.363745031116601, -20.424677594115956 ], [ -40.363745030790056, -20.424677594501667 ], [ -40.363692882652856, -20.424753385010394 ], [ -40.363640734472533, -20.424829175496164 ], [ -40.363588586229298, -20.424904965987761 ], [ -40.363536437942912, -20.42498075645641 ], [ -40.363484289613417, -20.425056546902098 ], [ -40.363482563802272, -20.425059693110306 ], [ -40.363481522271577, -20.425063096253702 ], [ -40.363481205046803, -20.425066625551402 ], [ -40.363481624318787, -20.425070145374487 ], [ -40.363482763975185, -20.425073520458099 ], [ -40.363484580219669, -20.425076621099674 ], [ -40.363487003255024, -20.425079328143266 ], [ -40.363489939965348, -20.425081537558682 ], [ -40.363771337665106, -20.425253593816571 ], [ -40.363774675209513, -20.425255220694702 ] ] ], [ [ [ -40.363560336333833, -20.424780017210168 ], [ -40.363612484546664, -20.424704226737141 ], [ -40.363664632716379, -20.424628436241182 ], [ -40.36371678082314, -20.424552645751035 ], [ -40.363718506624373, -20.42454949954092 ], [ -40.363719548147031, -20.424546096396398 ], [ -40.363719865366015, -20.424542567098431 ], [ -40.363719446090847, -20.424539047275953 ], [ -40.363718306434073, -20.424535672193745 ], [ -40.363716490192097, -20.424532571554327 ], [ -40.363714067162114, -20.424529864513513 ], [ -40.363711130459798, -20.424527655101326 ], [ -40.363469933622326, -20.424380178176225 ], [ -40.363469933077269, -20.424380177910535 ], [ -40.363389534707693, -20.42433101912772 ], [ -40.363309135909986, -20.424281860028376 ], [ -40.363228737164384, -20.424232700890201 ], [ -40.363148338468484, -20.424183541711695 ], [ -40.363067939822329, -20.424134382492927 ], [ -40.362987541225905, -20.424085223233842 ], [ -40.362866943422084, -20.424011484272302 ], [ -40.362625748193203, -20.423864006024314 ], [ -40.36262241069911, -20.42386237912384 ], [ -40.362618800643574, -20.423861397277101 ], [ -40.362615056758997, -20.423861098215902 ], [ -40.362611322920777, -20.423861493433009 ], [ -40.362607742618202, -20.423862567740453 ], [ -40.362604453440305, -20.423864279853202 ], [ -40.362601581788368, -20.423866563975722 ], [ -40.362599238018383, -20.423869332330469 ], [ -40.362547089545082, -20.423945122519175 ], [ -40.362494941022057, -20.424020912694548 ], [ -40.362442792449293, -20.424096702856545 ], [ -40.362390643826821, -20.424172493005145 ], [ -40.362338495154617, -20.424248283140422 ], [ -40.362286346439305, -20.424324073252706 ], [ -40.362284620610296, -20.424327219450117 ], [ -40.362283579056694, -20.424330622587743 ], [ -40.362283261804848, -20.424334151884917 ], [ -40.362283681046627, -20.424337671712731 ], [ -40.362284820670851, -20.424341046806202 ], [ -40.362286636882445, -20.424344147462339 ], [ -40.362289059885441, -20.424346854524671 ], [ -40.362291996565204, -20.424349063962293 ], [ -40.362533192326914, -20.424496542596135 ], [ -40.362653790379184, -20.424570281772414 ], [ -40.362734189141342, -20.424619441174691 ], [ -40.36281458795321, -20.424668600536659 ], [ -40.362894986814823, -20.424717759858346 ], [ -40.362975385726159, -20.424766919139731 ], [ -40.363055784685194, -20.424816078379546 ], [ -40.363136183668054, -20.424865237576505 ], [ -40.363136183739002, -20.424865237620594 ], [ -40.363377381073711, -20.425012714975313 ], [ -40.363380718600283, -20.425014341858265 ], [ -40.363384328686671, -20.425015323686448 ], [ -40.363388072599221, -20.425015622728747 ], [ -40.363391806461429, -20.425015227493144 ], [ -40.363395386783012, -20.42501415316832 ], [ -40.363398675974182, -20.425012441039978 ], [ -40.363401547633146, -20.425010156904289 ], [ -40.363403891403649, -20.425007388539328 ], [ -40.363456039759036, -20.424931598116039 ], [ -40.363508188071279, -20.424855807669783 ], [ -40.363560336333833, -20.424780017210168 ] ] ], [ [ [ -40.364150141511416, -20.424709528556317 ], [ -40.364153751594422, -20.424710510368705 ], [ -40.364157495499988, -20.424710809394796 ], [ -40.364161229351865, -20.424710414143199 ], [ -40.364164809660174, -20.424709339803218 ], [ -40.364168098835634, -20.424707627661135 ], [ -40.364170970477055, -20.42470534351364 ], [ -40.364173314228871, -20.424702575139275 ], [ -40.364225462099327, -20.424626784510135 ], [ -40.364277609926667, -20.424550993858048 ], [ -40.364329757704319, -20.424475203192578 ], [ -40.364381905432225, -20.424399412513743 ], [ -40.364434053110415, -20.424323621821578 ], [ -40.364486200737907, -20.424247831089566 ], [ -40.36453834830828, -20.424172040382832 ], [ -40.364540074088538, -20.424168894165629 ], [ -40.364541115590775, -20.424165491017224 ], [ -40.364541432790709, -20.424161961718717 ], [ -40.364541013498553, -20.424158441899056 ], [ -40.364539873827532, -20.424155066822955 ], [ -40.364538057574592, -20.424151966192664 ], [ -40.364535634537354, -20.424149259163638 ], [ -40.364532697831763, -20.424147049765466 ], [ -40.364251301455347, -20.423974994650877 ], [ -40.364247963943804, -20.42397336778367 ], [ -40.364244353877822, -20.423972385972213 ], [ -40.364240609990169, -20.423972086946957 ], [ -40.364236876156305, -20.423972482199265 ], [ -40.364233295865311, -20.423973556539817 ], [ -40.364230006705746, -20.423975268682355 ], [ -40.364227135078117, -20.423977552830181 ], [ -40.364224791337477, -20.423980321204819 ], [ -40.364172643662592, -20.424056111829387 ], [ -40.364120495937613, -20.424131902469036 ], [ -40.364068348158412, -20.424207693073985 ], [ -40.364016200329502, -20.42428348366553 ], [ -40.363964052450875, -20.424359274243731 ], [ -40.363911904522524, -20.424435064808584 ], [ -40.36385975655103, -20.424510855350459 ], [ -40.363858030753143, -20.424514001561796 ], [ -40.363856989233753, -20.424517404706968 ], [ -40.363856672017917, -20.424520934005017 ], [ -40.363857091296119, -20.424524453827011 ], [ -40.363858230955763, -20.424527828908133 ], [ -40.363860047200419, -20.42453092954592 ], [ -40.363862470232853, -20.424533636584556 ], [ -40.363865406937279, -20.424535845994058 ], [ -40.364146803984461, -20.424707901688141 ], [ -40.364150141511416, -20.424709528556317 ] ] ], [ [ [ -40.363777014670269, -20.424464465414694 ], [ -40.363779358426839, -20.424461697047615 ], [ -40.363831506463448, -20.424385906568848 ], [ -40.363883654423852, -20.424310116017452 ], [ -40.363935802328392, -20.424234325461597 ], [ -40.363987950183187, -20.424158534892403 ], [ -40.364040097988273, -20.424082744309853 ], [ -40.364092245743642, -20.424006953713942 ], [ -40.364144393415103, -20.423931163056583 ], [ -40.364146119198757, -20.423928016843181 ], [ -40.364147160706409, -20.423924613697441 ], [ -40.364147477913598, -20.42392108440027 ], [ -40.364147058630266, -20.423917564580478 ], [ -40.364145918969292, -20.423914189502646 ], [ -40.364144102727195, -20.423911088869023 ], [ -40.364141679701127, -20.423908381835098 ], [ -40.364138743006549, -20.423906172430588 ], [ -40.363897546806101, -20.423758696055845 ], [ -40.36381714817206, -20.423709537183647 ], [ -40.363736749587332, -20.423660378271563 ], [ -40.363656351052413, -20.423611219319238 ], [ -40.363575952567224, -20.42356206032661 ], [ -40.363495554131703, -20.423512901293662 ], [ -40.363415155746004, -20.423463742220459 ], [ -40.363294558261181, -20.423390003534415 ], [ -40.363053363626967, -20.423242525890174 ], [ -40.363050026142844, -20.423240898998252 ], [ -40.363046416100261, -20.423239917160469 ], [ -40.363042672231096, -20.423239618108294 ], [ -40.363038938410092, -20.423240013334105 ], [ -40.363035358125835, -20.423241087649622 ], [ -40.363032068966611, -20.423242799769525 ], [ -40.363029197332949, -20.423245083898021 ], [ -40.363026853580095, -20.42324785225734 ], [ -40.362974705530419, -20.423323642532509 ], [ -40.362922557415111, -20.42339943281744 ], [ -40.362870409250093, -20.423475223089003 ], [ -40.362818261035358, -20.423551013347218 ], [ -40.362766112770899, -20.423626803592033 ], [ -40.362713964456688, -20.423702593823521 ], [ -40.362661816092775, -20.423778384041636 ], [ -40.362660090276982, -20.42378153024228 ], [ -40.362659048734692, -20.423784933381778 ], [ -40.362658731491827, -20.423788462679394 ], [ -40.362659150739894, -20.42379198250622 ], [ -40.362660290367494, -20.42379535759725 ], [ -40.3626621065794, -20.423798458249635 ], [ -40.362664529579639, -20.423801165307015 ], [ -40.362667466253676, -20.423803374738668 ], [ -40.362908661462725, -20.423950852879596 ], [ -40.363029259234644, -20.424024591813787 ], [ -40.363109657810391, -20.424073751054987 ], [ -40.363190056435826, -20.424122910255871 ], [ -40.363270455111007, -20.424172069416446 ], [ -40.36335085383589, -20.424221228536712 ], [ -40.363431252610916, -20.424270387616957 ], [ -40.363511651436589, -20.424319546654711 ], [ -40.363752848211938, -20.42446702352613 ], [ -40.363756185728548, -20.424468650401938 ], [ -40.363759795802402, -20.424469632222987 ], [ -40.363763539700429, -20.424469931258475 ], [ -40.363767273546792, -20.424469536016652 ], [ -40.363770853851925, -20.424468461686416 ], [ -40.363774143026781, -20.424466749553673 ], [ -40.363777014670269, -20.424464465414694 ] ] ], [ [ [ -40.362685715489825, -20.42357764477546 ], [ -40.362737863780183, -20.423501854552946 ], [ -40.362790012020817, -20.423426064317127 ], [ -40.362842160211734, -20.423350274067939 ], [ -40.362894308352928, -20.423274483805404 ], [ -40.36294645645814, -20.423198693558213 ], [ -40.36294818226343, -20.423195547355096 ], [ -40.362949223797166, -20.423192144213832 ], [ -40.362949541033828, -20.423188614915283 ], [ -40.362949121782243, -20.423185095088499 ], [ -40.362947982154061, -20.423181719998457 ], [ -40.362946165944606, -20.423178619348025 ], [ -40.362943742949845, -20.423175912293473 ], [ -40.362940806284136, -20.423173702865419 ], [ -40.362699612306237, -20.423026224689231 ], [ -40.362619214337997, -20.422977065177214 ], [ -40.362538816495061, -20.42292790566524 ], [ -40.362458418700996, -20.42287874611246 ], [ -40.362378020956648, -20.42282958651937 ], [ -40.362297623262009, -20.422780426886007 ], [ -40.362217225617101, -20.422731267212331 ], [ -40.362096629238685, -20.422657527623638 ], [ -40.361855436824975, -20.422510048180087 ], [ -40.36185209936815, -20.422508421263448 ], [ -40.361848489348844, -20.422507439399386 ], [ -40.361844745498047, -20.422507140320356 ], [ -40.361841011689798, -20.422507535519806 ], [ -40.361837431412205, -20.422508609810443 ], [ -40.361834142253322, -20.422510321907911 ], [ -40.361831270613635, -20.422512606017257 ], [ -40.361828926848673, -20.422515374361478 ], [ -40.361776778437545, -20.422591164277637 ], [ -40.361724629936461, -20.422666954229214 ], [ -40.361672481385675, -20.422742744167415 ], [ -40.361620332785165, -20.422818534092237 ], [ -40.361568184134946, -20.422894324003703 ], [ -40.361516035434974, -20.42297011390183 ], [ -40.361463886684653, -20.423045903840407 ], [ -40.36146216085227, -20.423049050030311 ], [ -40.361461119288208, -20.423052453163827 ], [ -40.361460802019245, -20.42305598246049 ], [ -40.361461221237889, -20.423059502291462 ], [ -40.361462360833848, -20.423062877391665 ], [ -40.361464177013147, -20.423065978057892 ], [ -40.361466599981085, -20.423068685133313 ], [ -40.361469536624398, -20.423070894586544 ], [ -40.361710729618274, -20.423218374516143 ], [ -40.36183132625365, -20.423292114335606 ], [ -40.361911724089829, -20.423341274175328 ], [ -40.361992121975689, -20.423390433974738 ], [ -40.362072519911315, -20.423439593733882 ], [ -40.362152917896658, -20.423488753452709 ], [ -40.362233315932464, -20.423537913131685 ], [ -40.362313714089908, -20.423587072809234 ], [ -40.362554908642601, -20.423734551482116 ], [ -40.362558246133759, -20.423736178383361 ], [ -40.362561856186396, -20.423737160230736 ], [ -40.362565600068116, -20.42373745929234 ], [ -40.362569333903551, -20.423737064075425 ], [ -40.36257291420339, -20.423735989767948 ], [ -40.36257620337863, -20.423734277655001 ], [ -40.362579075028037, -20.42373199353214 ], [ -40.362581418795699, -20.423729225176999 ], [ -40.362633567152805, -20.423653434980064 ], [ -40.362685715489825, -20.42357764477546 ] ] ], [ [ [ -40.361838763977069, -20.428094835648203 ], [ -40.361839805560287, -20.42809143251273 ], [ -40.361840122824184, -20.428087903216959 ], [ -40.361839703576535, -20.428084383389731 ], [ -40.361838563928835, -20.428081008296004 ], [ -40.361836747677138, -20.428077907638706 ], [ -40.361834324618989, -20.428075200574316 ], [ -40.361831387871156, -20.42807299113376 ], [ -40.361549986799702, -20.427900931962292 ], [ -40.361546649225545, -20.427899305047053 ], [ -40.3615430390795, -20.427898323184237 ], [ -40.361539295097437, -20.427898024106248 ], [ -40.361535561158469, -20.427898419306509 ], [ -40.361531980755764, -20.427899493597693 ], [ -40.361528691482185, -20.427901205695406 ], [ -40.361525819742667, -20.427903489804685 ], [ -40.361523475896576, -20.427906258148504 ], [ -40.361471325643564, -20.427982048111822 ], [ -40.361445250469018, -20.428019943117192 ], [ -40.361419175339833, -20.428057838035279 ], [ -40.361367024964757, -20.428133627976763 ], [ -40.361314874579662, -20.428209417847217 ], [ -40.361288799348586, -20.428247312806235 ], [ -40.361262724124948, -20.428285207733087 ], [ -40.361210573620504, -20.428360997605619 ], [ -40.361208847729095, -20.42836414379483 ], [ -40.36120780612989, -20.428367546927472 ], [ -40.361207488851008, -20.428371076223058 ], [ -40.361207908085355, -20.428374596052745 ], [ -40.361209047722042, -20.428377971151431 ], [ -40.361210863965489, -20.428381071815974 ], [ -40.361213287018522, -20.428383778889543 ], [ -40.361216223764565, -20.428385988340796 ], [ -40.361497625416078, -20.428558048013635 ], [ -40.361500963004069, -20.428559674928771 ], [ -40.361504573165192, -20.428560656791539 ], [ -40.361508317162937, -20.428560955869489 ], [ -40.361512051117529, -20.428560560669236 ], [ -40.361515631535127, -20.428559486378102 ], [ -40.361518920822263, -20.42855777428051 ], [ -40.361521792573448, -20.42855549017143 ], [ -40.361524136428891, -20.42855272182792 ], [ -40.361602362005485, -20.428439036897601 ], [ -40.361680587470168, -20.42832535193719 ], [ -40.361758812822941, -20.428211666946705 ], [ -40.361837038101932, -20.428097981842797 ], [ -40.361838763977069, -20.428094835648203 ] ] ], [ [ [ -40.361876444888082, -20.428013986951992 ], [ -40.361880055037858, -20.428014968807627 ], [ -40.361883799022259, -20.42801526787833 ], [ -40.361887532962051, -20.428014872670992 ], [ -40.361891113363974, -20.428013798373222 ], [ -40.361894402635187, -20.428012086269678 ], [ -40.361897274370833, -20.428009802155557 ], [ -40.361899618211723, -20.428007033808107 ], [ -40.361977843277877, -20.427893348722439 ], [ -40.362056068194221, -20.427779663605985 ], [ -40.362134293021001, -20.427665978482796 ], [ -40.362212517731813, -20.427552293251726 ], [ -40.362214243593215, -20.427549147054052 ], [ -40.362215285164723, -20.427545743916951 ], [ -40.362215602419376, -20.427542214621067 ], [ -40.362215183165304, -20.427538694795196 ], [ -40.36221404351425, -20.427535319704251 ], [ -40.362212227262397, -20.427532219051031 ], [ -40.362209804207282, -20.427529511991828 ], [ -40.362206867465538, -20.427527302557369 ], [ -40.361925467046646, -20.427355243949847 ], [ -40.361922129481144, -20.427353617041266 ], [ -40.361918519346169, -20.427352635185592 ], [ -40.361914775377173, -20.427352336114954 ], [ -40.361911041452771, -20.4273527313225 ], [ -40.361907461065556, -20.427353805620609 ], [ -40.361904171807808, -20.42735551772461 ], [ -40.361901300083844, -20.427357801839342 ], [ -40.361898956252439, -20.427360570187535 ], [ -40.361846806357519, -20.427436360247086 ], [ -40.361820731391887, -20.427474255285144 ], [ -40.361794656415412, -20.427512150261723 ], [ -40.361742506414778, -20.427587940275714 ], [ -40.361690356367923, -20.427663730271274 ], [ -40.361664281345782, -20.427701625262923 ], [ -40.361638206281469, -20.427739520238696 ], [ -40.361586056131628, -20.427815310212598 ], [ -40.361584330253464, -20.427818456404953 ], [ -40.361583288665578, -20.427821859539364 ], [ -40.361582971395642, -20.427825388835299 ], [ -40.361583390636206, -20.427828908663891 ], [ -40.36158453027614, -20.427832283760097 ], [ -40.361586346519765, -20.427835384420845 ], [ -40.361588769569877, -20.427838091489463 ], [ -40.36159170631003, -20.427840300934797 ], [ -40.361873107308995, -20.428012360043613 ], [ -40.361876444888082, -20.428013986951992 ] ] ], [ [ [ -40.361818557191761, -20.427311411099154 ], [ -40.361820283059998, -20.427308264904891 ], [ -40.361821324639848, -20.427304861769354 ], [ -40.361821641904008, -20.427301332473153 ], [ -40.361821222660254, -20.427297812645151 ], [ -40.361820083019936, -20.427294437550366 ], [ -40.361818266778819, -20.427291336891773 ], [ -40.361815843734078, -20.427288629825927 ], [ -40.361812907001941, -20.42728642038383 ], [ -40.361571707336694, -20.427138941015141 ], [ -40.361571707237843, -20.427138941022275 ], [ -40.361571706791665, -20.427138940749465 ], [ -40.361491307479504, -20.42708978115213 ], [ -40.361410907739263, -20.427040621238255 ], [ -40.361330508051104, -20.426991461285578 ], [ -40.361250108412698, -20.426942301292538 ], [ -40.361169708824015, -20.426893141259271 ], [ -40.361089309285049, -20.426843981185659 ], [ -40.360968710067503, -20.426770241002338 ], [ -40.360727512011223, -20.42662276031075 ], [ -40.360724174473397, -20.426621133376631 ], [ -40.360720564361891, -20.42662015149379 ], [ -40.36071682041127, -20.426619852395444 ], [ -40.360713086499459, -20.426620247575755 ], [ -40.360709506118582, -20.426621321848195 ], [ -40.360706216860677, -20.426623033929072 ], [ -40.360703345130098, -20.426625318024072 ], [ -40.360701001285854, -20.426628086356693 ], [ -40.360648851002438, -20.426703876058884 ], [ -40.360596700669234, -20.426779665747691 ], [ -40.360544550286313, -20.42685545542313 ], [ -40.360492399853669, -20.426931245085207 ], [ -40.360440249371266, -20.427007034733876 ], [ -40.36038809884576, -20.427082824359573 ], [ -40.360386372949741, -20.427085970541143 ], [ -40.360385331338939, -20.42708937366978 ], [ -40.360385014041917, -20.427092902965178 ], [ -40.360385433252283, -20.427096422798513 ], [ -40.360386572860044, -20.427099797904567 ], [ -40.360388389070771, -20.427102898579879 ], [ -40.360390812088518, -20.427105605667236 ], [ -40.360393748798096, -20.427107815134772 ], [ -40.36063494738719, -20.427255296212305 ], [ -40.360755546853184, -20.427329036610391 ], [ -40.360835946557842, -20.427378196827227 ], [ -40.36091634631223, -20.427427357003772 ], [ -40.360996746116328, -20.427476517139986 ], [ -40.361077145970192, -20.427525677235945 ], [ -40.361157545873823, -20.427574837291573 ], [ -40.361237945797185, -20.427623997301826 ], [ -40.361237945868147, -20.427623997345933 ], [ -40.361479146030561, -20.427771477144308 ], [ -40.361482483600874, -20.427773104060908 ], [ -40.361486093743231, -20.427774085925194 ], [ -40.361489837721827, -20.427774385004653 ], [ -40.361493571657626, -20.427773989805832 ], [ -40.361497152057524, -20.427772915516005 ], [ -40.361500441328708, -20.427771203419546 ], [ -40.361503313066322, -20.42776891931139 ], [ -40.361505656911092, -20.427766150968537 ], [ -40.361557807076693, -20.427690361031758 ], [ -40.361609957199178, -20.427614571071999 ], [ -40.361662107271918, -20.427538781098814 ], [ -40.361714257294935, -20.427462991112293 ], [ -40.361766407268206, -20.427387201112424 ], [ -40.361818557191761, -20.427311411099154 ] ] ], [ [ [ -40.362255534326565, -20.427469280140475 ], [ -40.362259278298183, -20.427469579203727 ], [ -40.362263012223657, -20.427469183988919 ], [ -40.362266592610275, -20.427468109683936 ], [ -40.36226988186575, -20.427466397573724 ], [ -40.362272753585813, -20.427464113453759 ], [ -40.362275097411874, -20.427461345101495 ], [ -40.362327247092487, -20.427385554958789 ], [ -40.362379396729985, -20.427309764793087 ], [ -40.362431546317758, -20.427233974614044 ], [ -40.362483695855786, -20.427158184421621 ], [ -40.36253584534407, -20.427082394215823 ], [ -40.362587994781656, -20.427006603970202 ], [ -40.362589720630055, -20.427003457769366 ], [ -40.36259076219045, -20.427000054630412 ], [ -40.362591079436321, -20.426996525334058 ], [ -40.362590660176124, -20.42699300550915 ], [ -40.362589520521865, -20.42698963042055 ], [ -40.362587704269835, -20.426986529770975 ], [ -40.362585281217584, -20.426983822716601 ], [ -40.362582344481645, -20.426981613287968 ], [ -40.362300944715336, -20.426809555244411 ], [ -40.362297607158474, -20.426807928342487 ], [ -40.362293997034577, -20.426806946493951 ], [ -40.36229025307864, -20.426806647430666 ], [ -40.362286519168791, -20.426807042645486 ], [ -40.362282938797073, -20.426808116950522 ], [ -40.362279649555155, -20.426809829060833 ], [ -40.362276777846745, -20.426812113181001 ], [ -40.362274434030027, -20.426814881533566 ], [ -40.362222284493207, -20.426890671689371 ], [ -40.362170134905675, -20.426966461805364 ], [ -40.362117985266643, -20.427042251910496 ], [ -40.36206583557788, -20.427118042002249 ], [ -40.362013685839386, -20.427193832080693 ], [ -40.361961536057784, -20.427269622136098 ], [ -40.361959810192886, -20.427272768331591 ], [ -40.361958768616304, -20.427276171467781 ], [ -40.361958451355306, -20.427279700764064 ], [ -40.361958870602088, -20.427283220591573 ], [ -40.361960010245276, -20.427286595685281 ], [ -40.361961826489072, -20.427289696342235 ], [ -40.361964249536264, -20.427292403405904 ], [ -40.361967186270512, -20.427294612845319 ], [ -40.3622485866169, -20.427466671390174 ], [ -40.362251924187582, -20.427468298291998 ], [ -40.362255534326565, -20.427469280140475 ] ] ], [ [ [ -40.361985436663744, -20.427068883030866 ], [ -40.362037586378413, -20.426993092961485 ], [ -40.36208973604333, -20.426917302878696 ], [ -40.362141885658524, -20.42684151278258 ], [ -40.362194035223972, -20.426765722673061 ], [ -40.362195761078958, -20.42676257647566 ], [ -40.362196802647489, -20.42675917333835 ], [ -40.36219711990271, -20.426755644041798 ], [ -40.362196700652746, -20.426752124214893 ], [ -40.362195561009173, -20.426748749122588 ], [ -40.362193744767886, -20.426745648467794 ], [ -40.362191321726058, -20.426742941406907 ], [ -40.362188384999826, -20.426740731970725 ], [ -40.361947185893911, -20.426593253085429 ], [ -40.36194718534874, -20.426593252819682 ], [ -40.361866786223167, -20.426544093383558 ], [ -40.361786386669344, -20.426494933630831 ], [ -40.361705987167632, -20.426445773839237 ], [ -40.361625587715643, -20.426396614007366 ], [ -40.361545188313414, -20.426347454135215 ], [ -40.361464788960859, -20.426298294222743 ], [ -40.361344190022947, -20.426224554281077 ], [ -40.361102992525915, -20.426077074072939 ], [ -40.361099654996735, -20.426075447145465 ], [ -40.3610960448963, -20.426074465269767 ], [ -40.361092300958752, -20.426074166178768 ], [ -40.3610885670615, -20.426074561366359 ], [ -40.361084986696106, -20.426075635645727 ], [ -40.361081697454026, -20.426077347732896 ], [ -40.361078825739007, -20.426079631833343 ], [ -40.36107648190945, -20.426082400170344 ], [ -40.36102433198409, -20.426158189968795 ], [ -40.360972182008979, -20.426233979753849 ], [ -40.360920031984165, -20.426309769525549 ], [ -40.360867881909606, -20.426385559283858 ], [ -40.360815731785287, -20.426461349028841 ], [ -40.360763581617874, -20.426537138750817 ], [ -40.360761855735106, -20.42654028493552 ], [ -40.360760814135617, -20.426543688065934 ], [ -40.36076049684754, -20.426547217361684 ], [ -40.360760916064116, -20.426550737193935 ], [ -40.360762055675139, -20.426554112297492 ], [ -40.360763871886029, -20.426557212969012 ], [ -40.36076629490087, -20.426559920051417 ], [ -40.360769231604543, -20.426562129513034 ], [ -40.361010429634391, -20.426709610107117 ], [ -40.361131028821148, -20.426783350263776 ], [ -40.361211428338976, -20.426832510319212 ], [ -40.361291827906946, -20.426881670334627 ], [ -40.361372227524647, -20.426930830309704 ], [ -40.361452627192087, -20.426979990244501 ], [ -40.361533026907281, -20.427029150137798 ], [ -40.361613426646194, -20.427078309988136 ], [ -40.361613426717142, -20.427078310032233 ], [ -40.361854626320245, -20.427225789347204 ], [ -40.36185796388191, -20.427227416257157 ], [ -40.36186157401319, -20.427228398114295 ], [ -40.361865317978726, -20.427228697186397 ], [ -40.361869051899966, -20.427228301980307 ], [ -40.361872632284374, -20.427227227683556 ], [ -40.361875921539735, -20.42722551558079 ], [ -40.361878793261788, -20.427223231467181 ], [ -40.361881137091856, -20.427220463119959 ], [ -40.361933286899379, -20.427144673086911 ], [ -40.361985436663744, -20.427068883030866 ] ] ], [ [ [ -40.362423492817626, -20.426432246076924 ], [ -40.362475642114532, -20.426356455895267 ], [ -40.362527791361693, -20.426280665700251 ], [ -40.362579940559129, -20.426204875491809 ], [ -40.362581666400487, -20.426201729291183 ], [ -40.362582707957401, -20.426198326152051 ], [ -40.362583025203442, -20.426194796855128 ], [ -40.362582605947082, -20.426191277029343 ], [ -40.362581466300156, -20.426187901939606 ], [ -40.362579650058699, -20.426184801288706 ], [ -40.362577227019869, -20.426182094232907 ], [ -40.362574290299705, -20.426179884802806 ], [ -40.36233309176864, -20.426032406414301 ], [ -40.362333091223569, -20.426032406148607 ], [ -40.36225269228953, -20.425983246878026 ], [ -40.362172292927298, -20.425934087290869 ], [ -40.362091893617233, -20.425884927664935 ], [ -40.362011494356842, -20.425835767998631 ], [ -40.361931095146183, -20.425786608292075 ], [ -40.361850695985289, -20.425737448545195 ], [ -40.361730097338715, -20.425663708854376 ], [ -40.361488900412532, -20.425516229140577 ], [ -40.361485562892241, -20.425514602219948 ], [ -40.361481952803189, -20.425513620351591 ], [ -40.361478208879063, -20.425513321268149 ], [ -40.361474474996768, -20.425513716463218 ], [ -40.361470894647304, -20.425514790749705 ], [ -40.361467605421495, -20.425516502843355 ], [ -40.361464733722457, -20.425518786949389 ], [ -40.361462389907999, -20.425521555290892 ], [ -40.361410240350644, -20.425597345188233 ], [ -40.361358090743543, -20.425673135072245 ], [ -40.361305941086748, -20.425748924942877 ], [ -40.361253791380207, -20.425824714800097 ], [ -40.361201641623921, -20.425900504644012 ], [ -40.36114949182452, -20.425976294464931 ], [ -40.361147765955387, -20.425979440652856 ], [ -40.361146724367529, -20.425982843785096 ], [ -40.361146407088633, -20.425986373081205 ], [ -40.361146826311597, -20.425989892912337 ], [ -40.361147965925966, -20.425993268013332 ], [ -40.361149782137034, -20.425996368680959 ], [ -40.361152205148869, -20.425999075758284 ], [ -40.361155141846496, -20.426001285213808 ], [ -40.361396339302225, -20.426148765311495 ], [ -40.361516938200481, -20.426222505219052 ], [ -40.361597337527108, -20.426271665109148 ], [ -40.361677736903452, -20.426320824958925 ], [ -40.361758136329556, -20.426369984768467 ], [ -40.361838535805383, -20.426419144537654 ], [ -40.361918935328923, -20.426468304265303 ], [ -40.361999334876273, -20.426517463950052 ], [ -40.361999334947228, -20.426517463994156 ], [ -40.362240533975459, -20.426664942812319 ], [ -40.362243871528229, -20.426666569715429 ], [ -40.36224748164814, -20.426667551565224 ], [ -40.362251225600247, -20.42666785062978 ], [ -40.362254959506522, -20.426667455416204 ], [ -40.362258539875, -20.426666381112337 ], [ -40.362261829114097, -20.426664669003092 ], [ -40.362264700820162, -20.42666238488389 ], [ -40.362267044635146, -20.426659616532167 ], [ -40.362319194074644, -20.426583826400215 ], [ -40.362371343471004, -20.426508036245256 ], [ -40.362423492817626, -20.426432246076924 ] ] ], [ [ [ -40.361759181581462, -20.424923579587553 ], [ -40.361760223149957, -20.424920176452314 ], [ -40.361760540414103, -20.424916647155477 ], [ -40.361760121181661, -20.424913127325944 ], [ -40.361758981563533, -20.424909752228793 ], [ -40.361757165354653, -20.424906651567088 ], [ -40.361754742350939, -20.424903944497498 ], [ -40.361751805667062, -20.424901735051158 ], [ -40.361510609918177, -20.424754255344482 ], [ -40.361510609819334, -20.424754255351637 ], [ -40.361510609373035, -20.424754255078746 ], [ -40.361430211366439, -20.424705095368822 ], [ -40.36134981293165, -20.424655935342383 ], [ -40.361269414548886, -20.424606775276995 ], [ -40.36118901621591, -20.424557615171391 ], [ -40.361108617932615, -20.424508455025453 ], [ -40.361028219699065, -20.424459294839224 ], [ -40.360907622439605, -20.424385554486999 ], [ -40.360666428299432, -20.424238073457634 ], [ -40.360663090815223, -20.424236446518957 ], [ -40.360659480760646, -20.424235464631415 ], [ -40.360655736868075, -20.42423516552839 ], [ -40.360652003013193, -20.424235560704247 ], [ -40.360648422685955, -20.424236634972619 ], [ -40.360645133476325, -20.424238347049961 ], [ -40.360642261786793, -20.424240631142098 ], [ -40.360639917974829, -20.424243399472658 ], [ -40.360587768389799, -20.424319189132799 ], [ -40.360535618754987, -20.424394978779645 ], [ -40.360483469070466, -20.424470768413066 ], [ -40.360431319336215, -20.424546558033153 ], [ -40.360379169934419, -20.424622347084455 ], [ -40.360318861345959, -20.424709979514926 ], [ -40.36031713076855, -20.424713136123003 ], [ -40.36031608899016, -20.424716550961545 ], [ -40.36031577630164, -20.424720091961568 ], [ -40.360316204796263, -20.424723622174877 ], [ -40.360317357902048, -20.424727005070373 ], [ -40.36031919102264, -20.424730109814501 ], [ -40.360321633262103, -20.424732816331201 ], [ -40.360324590166769, -20.424735019945871 ], [ -40.360566599827244, -20.424881399527226 ], [ -40.360687557413669, -20.424954560504776 ], [ -40.36076806401995, -20.425003254677449 ], [ -40.36076807349356, -20.425003260422358 ], [ -40.360768082973244, -20.425003266156121 ], [ -40.36084880796291, -20.425052218735551 ], [ -40.360848828187372, -20.425052228508825 ], [ -40.3608488459207, -20.425052241694107 ], [ -40.360929535925152, -20.425100920294934 ], [ -40.360929545425236, -20.425100926041015 ], [ -40.360929554929591, -20.425100931774789 ], [ -40.361010597962867, -20.425149950220597 ], [ -40.361090887012359, -20.425198512539172 ], [ -40.361171549265634, -20.425247300515316 ], [ -40.361414027244102, -20.425393961135782 ], [ -40.361417376526987, -20.425395573660968 ], [ -40.361420995360284, -20.425396538623549 ], [ -40.361424744416148, -20.42539681887175 ], [ -40.361428479353066, -20.425396403615789 ], [ -40.361432056373111, -20.425395308843346 ], [ -40.361435337758294, -20.425393576704 ], [ -40.361438197172774, -20.425391273886433 ], [ -40.361440524526955, -20.425388489050885 ], [ -40.361496742562913, -20.42530562688825 ], [ -40.361548858536246, -20.425229885585271 ], [ -40.36160100791065, -20.425154095654133 ], [ -40.361653157235303, -20.425078305709629 ], [ -40.361705306510231, -20.425002515751828 ], [ -40.36175745573545, -20.424926725780608 ], [ -40.361759181581462, -20.424923579587553 ] ] ], [ [ [ -40.361976493769887, -20.424608390434877 ], [ -40.362028642736519, -20.424532600394144 ], [ -40.362080791653398, -20.424456810340068 ], [ -40.362132928600936, -20.424381037596017 ], [ -40.362134654433696, -20.424377891399825 ], [ -40.362135695990894, -20.424374488262814 ], [ -40.362136013246101, -20.424370958965632 ], [ -40.362135594007441, -20.424367439137193 ], [ -40.362134454386073, -20.424364064042532 ], [ -40.36213263817703, -20.424360963384615 ], [ -40.362130215176229, -20.424358256319966 ], [ -40.362127278498257, -20.424356046879545 ], [ -40.361886083785009, -20.424208567947019 ], [ -40.361805690324772, -20.424159403778052 ], [ -40.361725301191527, -20.424110232228948 ], [ -40.361725299820797, -20.424110231560515 ], [ -40.361725298614488, -20.424110230652932 ], [ -40.361644900418177, -20.424061070748699 ], [ -40.361564502271591, -20.424011910804204 ], [ -40.361564501480125, -20.424011910418393 ], [ -40.361564500783707, -20.424011909894524 ], [ -40.361484098768408, -20.423962757476605 ], [ -40.361403702457949, -20.423913596689811 ], [ -40.361283106805267, -20.42383985465122 ], [ -40.361041915835564, -20.423692370302057 ], [ -40.361038578351646, -20.423690743303478 ], [ -40.361034968283988, -20.423689761366433 ], [ -40.361031224368418, -20.423689462227021 ], [ -40.361027490484545, -20.423689857381266 ], [ -40.361023910126477, -20.423690931643257 ], [ -40.361020620888297, -20.42369264372887 ], [ -40.361017749176277, -20.423694927842195 ], [ -40.361015405351061, -20.423697696204183 ], [ -40.360963256124045, -20.423773485960613 ], [ -40.360911106847283, -20.423849275703677 ], [ -40.360858957520819, -20.423925065433394 ], [ -40.360806808144602, -20.424000855149703 ], [ -40.360754658718662, -20.42407664485264 ], [ -40.360702509249627, -20.424152434532644 ], [ -40.360700783389099, -20.424155580716132 ], [ -40.360699741800957, -20.424158983846247 ], [ -40.360699424512902, -20.424162513142637 ], [ -40.360699843718173, -20.424166032976409 ], [ -40.360700983307005, -20.424169408082328 ], [ -40.360702799485672, -20.424172508756971 ], [ -40.36070522245948, -20.424175215843132 ], [ -40.360708159114907, -20.424177425308969 ], [ -40.360949353228619, -20.424324906240848 ], [ -40.361069950456852, -20.424398646566125 ], [ -40.361150348669689, -20.424447806734477 ], [ -40.361230746932243, -20.424496966862474 ], [ -40.361311145244514, -20.424546126950222 ], [ -40.361391543606551, -20.424595286997633 ], [ -40.361471942016308, -20.424644447003569 ], [ -40.361552340449791, -20.424693606966542 ], [ -40.361552340520738, -20.424693607010621 ], [ -40.361793536207465, -20.424841086663545 ], [ -40.361796873715505, -20.424842713578052 ], [ -40.361800483789864, -20.424843695439893 ], [ -40.361804227697348, -20.424843994516671 ], [ -40.361807961561652, -20.424843599315032 ], [ -40.361811541892422, -20.424842525022367 ], [ -40.361814831099508, -20.424840812923136 ], [ -40.361817702780499, -20.424838528812383 ], [ -40.361820046578309, -20.424835760467243 ], [ -40.361872195687496, -20.424759970476227 ], [ -40.361924344753561, -20.424684180462254 ], [ -40.361976493769887, -20.424608390434877 ] ] ], [ [ [ -40.3623623950077, -20.424047543901189 ], [ -40.362414543606363, -20.423971753761599 ], [ -40.362466692155252, -20.423895963608629 ], [ -40.362518840654474, -20.42382017344227 ], [ -40.362520566473606, -20.423817027242855 ], [ -40.362521608019172, -20.42381362410401 ], [ -40.362521925265206, -20.42381009480647 ], [ -40.362521506020151, -20.423806574979146 ], [ -40.362520366395422, -20.423803199887047 ], [ -40.362518550186202, -20.423800099233027 ], [ -40.362516127188407, -20.423797392173466 ], [ -40.362513190516488, -20.423795182739131 ], [ -40.362271995901665, -20.423647704012556 ], [ -40.362271995356544, -20.42364770374683 ], [ -40.362191597727914, -20.423598544363582 ], [ -40.362111199671077, -20.423549384663769 ], [ -40.362030801666371, -20.423500224925135 ], [ -40.361950403711361, -20.423451065146196 ], [ -40.361870005806097, -20.423401905326966 ], [ -40.36178960795052, -20.423352745467437 ], [ -40.361669011261981, -20.423279005607633 ], [ -40.361427818251791, -20.423131525555949 ], [ -40.361424480785125, -20.423129898630766 ], [ -40.361420870752994, -20.423128916757708 ], [ -40.361417126886906, -20.423128617669587 ], [ -40.361413393061547, -20.423129012860201 ], [ -40.361409812765707, -20.423130087142606 ], [ -40.361406523588165, -20.423131799232728 ], [ -40.361403651930182, -20.423134083335906 ], [ -40.361401308147997, -20.423136851675338 ], [ -40.361349159288913, -20.42321264153065 ], [ -40.361297010380149, -20.423288431372644 ], [ -40.361244861421639, -20.423364221201215 ], [ -40.361192712413377, -20.423440011016478 ], [ -40.36114056335542, -20.423515800818365 ], [ -40.361088414254354, -20.423591590597251 ], [ -40.361086688407454, -20.423594736783972 ], [ -40.361085646830936, -20.423598139915924 ], [ -40.361085329552061, -20.423601669212655 ], [ -40.36108574876372, -20.423605189045311 ], [ -40.361086888355899, -20.423608564148676 ], [ -40.361088704534744, -20.423611664819422 ], [ -40.361091127505546, -20.423614371900488 ], [ -40.361094064154912, -20.423616581360257 ], [ -40.361335257693909, -20.423764061795396 ], [ -40.361455854634798, -20.423837801872303 ], [ -40.361536252656045, -20.423886961875048 ], [ -40.361616650726987, -20.423936121837439 ], [ -40.361697048847695, -20.423985281759631 ], [ -40.361777447018142, -20.424034441641442 ], [ -40.361857845236294, -20.424083601481776 ], [ -40.361938243478221, -20.424132761279175 ], [ -40.361938243549162, -20.424132761323275 ], [ -40.36217943866113, -20.424280240479455 ], [ -40.362182776160289, -20.424281867387126 ], [ -40.362186386223264, -20.424282849241632 ], [ -40.362190130117327, -20.424283148310852 ], [ -40.362193863966674, -20.424282753101743 ], [ -40.362197444281527, -20.424281678801947 ], [ -40.362200733472342, -20.42427996669625 ], [ -40.362203605137353, -20.424277682579898 ], [ -40.362205948920064, -20.424274914230242 ], [ -40.362258097661233, -20.424199124140337 ], [ -40.362310246359343, -20.424123334027477 ], [ -40.3623623950077, -20.424047543901189 ] ] ], [ [ [ -40.361719457958223, -20.422436473544185 ], [ -40.361719038737014, -20.42243295371313 ], [ -40.36171789914146, -20.42242957861367 ], [ -40.36171608296565, -20.422426477948964 ], [ -40.361713660004192, -20.422423770875817 ], [ -40.361710723370159, -20.422421561425491 ], [ -40.361469531625808, -20.422274081372652 ], [ -40.361389134493471, -20.422224921283572 ], [ -40.361308737410312, -20.422175761154509 ], [ -40.361228340376954, -20.422126600985212 ], [ -40.361147943393348, -20.422077440775631 ], [ -40.361067546459402, -20.422028280525723 ], [ -40.360987149575244, -20.421979120235566 ], [ -40.360866554342174, -20.421905379724752 ], [ -40.360625364259043, -20.421757898460157 ], [ -40.360622026831813, -20.421756271518685 ], [ -40.36061841683815, -20.421755289627562 ], [ -40.36061467300793, -20.421754990520284 ], [ -40.36061093921429, -20.42175538569138 ], [ -40.360607358944662, -20.421756459954636 ], [ -40.360604069786675, -20.421758172026781 ], [ -40.360601198140685, -20.421760456113926 ], [ -40.360598854362365, -20.421763224439943 ], [ -40.360546693513534, -20.421839031406844 ], [ -40.360494544610269, -20.421914821024981 ], [ -40.360442395663405, -20.421990610620867 ], [ -40.360390246666853, -20.422066400203388 ], [ -40.360338097620541, -20.422142189772533 ], [ -40.36028594852452, -20.422217979328298 ], [ -40.360233799424179, -20.422293768902495 ], [ -40.360232073574622, -20.422296915081112 ], [ -40.360231031988022, -20.422300318208244 ], [ -40.36023071469198, -20.422303847503734 ], [ -40.360231133880035, -20.422307367338831 ], [ -40.360232273443096, -20.422310742448367 ], [ -40.360234089588467, -20.422313843128848 ], [ -40.360236512522775, -20.422316550222931 ], [ -40.360239449134099, -20.422318759698577 ], [ -40.360480639786729, -20.422466241467411 ], [ -40.360601235306646, -20.42253998222726 ], [ -40.360681632380746, -20.42258914268541 ], [ -40.360762029504563, -20.422638303103241 ], [ -40.360842426678104, -20.422687463480791 ], [ -40.360922823901362, -20.422736623818043 ], [ -40.361003221175174, -20.422785784115536 ], [ -40.36108361850053, -20.42283494436834 ], [ -40.361324810807531, -20.422982424932613 ], [ -40.361328148269898, -20.422984051859238 ], [ -40.361331758297858, -20.422985033733841 ], [ -40.361335502160003, -20.422985332823515 ], [ -40.361339235981745, -20.422984937634432 ], [ -40.361342816274359, -20.42298386335348 ], [ -40.361346105449144, -20.422982151264691 ], [ -40.361348977104939, -20.422979867162713 ], [ -40.361351320885603, -20.422977098824319 ], [ -40.361403469664921, -20.42290130898051 ], [ -40.361455618401124, -20.422825519113768 ], [ -40.361507767087609, -20.422749729233587 ], [ -40.361559915724357, -20.422673939340122 ], [ -40.361612064311416, -20.422598149433234 ], [ -40.361664212848744, -20.422522359513003 ], [ -40.361716373315993, -20.422446552168775 ], [ -40.361718099138422, -20.422443405976757 ], [ -40.361719140694625, -20.422440002841707 ], [ -40.361719457958223, -20.422436473544185 ] ] ], [ [ [ -40.361104618231742, -20.429135678130464 ], [ -40.361108228404554, -20.429136660000768 ], [ -40.361111972416104, -20.429136959086478 ], [ -40.361115706386059, -20.429136563893909 ], [ -40.361119286820006, -20.429135489610086 ], [ -40.361122576123854, -20.429133777519148 ], [ -40.36112544789146, -20.42913149341582 ], [ -40.361127791762407, -20.429128725076925 ], [ -40.361179942537255, -20.429052935228334 ], [ -40.361232093268988, -20.428977145356765 ], [ -40.361284243944347, -20.428901355481376 ], [ -40.36133639457659, -20.428825565583125 ], [ -40.361388545159116, -20.428749775671395 ], [ -40.361440695690909, -20.428673985719872 ], [ -40.361442421579802, -20.428670839528618 ], [ -40.361443463174773, -20.428667436395088 ], [ -40.361443780447942, -20.428663907099811 ], [ -40.361443361206753, -20.42866038727157 ], [ -40.361442221562442, -20.428657012175361 ], [ -40.361440405310937, -20.428653911514193 ], [ -40.361437982249761, -20.428651204444691 ], [ -40.361435045495796, -20.428648994997982 ], [ -40.36115364373552, -20.428476935231149 ], [ -40.361150306152233, -20.428475308308883 ], [ -40.361146695994492, -20.428474326438526 ], [ -40.361142951998644, -20.428474027352785 ], [ -40.361139218044308, -20.428474422545357 ], [ -40.36113563762526, -20.428475496829236 ], [ -40.361132348334969, -20.428477208920278 ], [ -40.36112947657903, -20.428479493023811 ], [ -40.361127132717421, -20.428482261363015 ], [ -40.361074982086386, -20.42855805122473 ], [ -40.361022831404654, -20.428633841046519 ], [ -40.360970680678022, -20.428709630847962 ], [ -40.360918529895031, -20.428785420645642 ], [ -40.360866379062315, -20.428861210429933 ], [ -40.36081422818647, -20.428937000191233 ], [ -40.360812502281064, -20.428940146377141 ], [ -40.360811460669915, -20.428943549507899 ], [ -40.360811143381603, -20.428947078803116 ], [ -40.360811562609392, -20.428950598633957 ], [ -40.360812702242633, -20.428953973735272 ], [ -40.360814518485903, -20.428957074403819 ], [ -40.360816941542012, -20.428959781482614 ], [ -40.360819878294286, -20.42896199094011 ], [ -40.361101280634628, -20.429134051208301 ], [ -40.361104618231742, -20.429135678130464 ] ] ], [ [ [ -40.361234475292633, -20.42816025855355 ], [ -40.361286625723494, -20.428084468676641 ], [ -40.36133877610461, -20.42800867878638 ], [ -40.361390926435973, -20.427932888882726 ], [ -40.361443076717627, -20.427857098965749 ], [ -40.361444802599124, -20.427853952774615 ], [ -40.361445844190285, -20.427850549640862 ], [ -40.361446161463391, -20.427847020345009 ], [ -40.361445742225854, -20.427843500515909 ], [ -40.361444602588783, -20.427840125418637 ], [ -40.361442786347851, -20.427837024756254 ], [ -40.361440363300176, -20.427834317685459 ], [ -40.361437426562148, -20.427832108237443 ], [ -40.361196226337597, -20.427684628385354 ], [ -40.361196225792234, -20.427684628119515 ], [ -40.361115826294004, -20.427635468361185 ], [ -40.361035426367295, -20.427586308286191 ], [ -40.360955026492704, -20.427537148172362 ], [ -40.360874626667865, -20.427487988018225 ], [ -40.360794226892764, -20.427438827823782 ], [ -40.360713827167395, -20.42738966758904 ], [ -40.36059322767418, -20.427315927166436 ], [ -40.360352029054674, -20.427168445989007 ], [ -40.3603486915082, -20.427166819048225 ], [ -40.360345081385631, -20.427165837158249 ], [ -40.36034133742195, -20.427165538052538 ], [ -40.36033760349558, -20.427165933225577 ], [ -40.360334023099213, -20.427167007491096 ], [ -40.360330733825478, -20.427168719565653 ], [ -40.360327862079338, -20.427171003655204 ], [ -40.360325518220407, -20.427173771983458 ], [ -40.360273367578849, -20.427249561589392 ], [ -40.360221216887581, -20.427325351181921 ], [ -40.360169066146547, -20.427401140761091 ], [ -40.360116915355825, -20.427476930326872 ], [ -40.360064764515293, -20.427552719879309 ], [ -40.360012613631682, -20.427628509408759 ], [ -40.36001088772241, -20.427631655587177 ], [ -40.360009846100297, -20.427635058714039 ], [ -40.360009528794336, -20.427638588009092 ], [ -40.360009947998485, -20.427642107843518 ], [ -40.360011087602992, -20.427645482952055 ], [ -40.360012903813541, -20.427648583631157 ], [ -40.360015326834208, -20.427651290723468 ], [ -40.360018263549691, -20.427653500196914 ], [ -40.360259462698686, -20.427800981758239 ], [ -40.36038006244403, -20.427874722397917 ], [ -40.3604604623347, -20.427923882775648 ], [ -40.360540862275514, -20.42797304311334 ], [ -40.360621262266044, -20.428022203410681 ], [ -40.360701662306354, -20.42807136366779 ], [ -40.360782062394421, -20.428120523883365 ], [ -40.360862462506205, -20.428169684055973 ], [ -40.360862462577174, -20.428169684100062 ], [ -40.361103663298891, -20.428317164381895 ], [ -40.361107000877858, -20.428318791305163 ], [ -40.361110611031279, -20.428319773176579 ], [ -40.361114355022949, -20.428320072263393 ], [ -40.361118088973306, -20.428319677071851 ], [ -40.361121669388694, -20.428318602788956 ], [ -40.36112495867571, -20.428316890698799 ], [ -40.361127830428877, -20.428314606596079 ], [ -40.361130174288334, -20.42831183825761 ], [ -40.361182324812049, -20.428236048417062 ], [ -40.361234475292633, -20.42816025855355 ] ] ], [ [ [ -40.361225543080728, -20.42569976549974 ], [ -40.361277692763409, -20.42562397565149 ], [ -40.361329842396394, -20.425548185789914 ], [ -40.361381991979655, -20.425472395914905 ], [ -40.361383717838919, -20.425469249724987 ], [ -40.361384759418733, -20.425465846591521 ], [ -40.361385076691811, -20.42546231729504 ], [ -40.361384657465578, -20.425458797464412 ], [ -40.361383517850712, -20.425455422364781 ], [ -40.36138170164201, -20.425452321699275 ], [ -40.361379278635368, -20.425449614624725 ], [ -40.361376341945601, -20.425447405172477 ], [ -40.361135145637469, -20.425299924982518 ], [ -40.361135145092327, -20.425299924716775 ], [ -40.361054746899335, -20.425250764845728 ], [ -40.360974348278091, -20.425201604658128 ], [ -40.360893949709009, -20.425152444431713 ], [ -40.360813551189565, -20.425103284164955 ], [ -40.360733152719938, -20.425054123857947 ], [ -40.36065275429997, -20.425004963510609 ], [ -40.360532156760925, -20.424931222916669 ], [ -40.360290962061605, -20.424783741403996 ], [ -40.360287624568755, -20.424782114458662 ], [ -40.360284014503115, -20.424781132563982 ], [ -40.360280270597478, -20.424780833453607 ], [ -40.360276536728051, -20.424781228622187 ], [ -40.360272956385323, -20.424782302883628 ], [ -40.360269667159862, -20.424784014954653 ], [ -40.360266795454784, -20.424786299041351 ], [ -40.360264451628133, -20.424789067367538 ], [ -40.360212301685046, -20.424864856931414 ], [ -40.360160151692199, -20.424940646482014 ], [ -40.360108001649635, -20.425016436019202 ], [ -40.360055851557384, -20.425092225542976 ], [ -40.360003701415323, -20.425168015053476 ], [ -40.359951551230196, -20.425243804540933 ], [ -40.359949825343158, -20.425246950718151 ], [ -40.359948783732385, -20.425250353844717 ], [ -40.359948466426452, -20.4252538831404 ], [ -40.359948885619303, -20.425257402976353 ], [ -40.35995002520162, -20.425260778087257 ], [ -40.359951841379932, -20.425263878769481 ], [ -40.35995426435958, -20.425266585865529 ], [ -40.359957201026802, -20.425268795343211 ], [ -40.360198396259506, -20.425416277242192 ], [ -40.360318994046281, -20.425490018050482 ], [ -40.360399392631905, -20.425539178541051 ], [ -40.360479791267252, -20.425588338991304 ], [ -40.360560189952338, -20.425637499401272 ], [ -40.360640588687104, -20.425686659770893 ], [ -40.360720987469726, -20.425735820099053 ], [ -40.360801386276016, -20.425784980384261 ], [ -40.360801386346978, -20.425784980428379 ], [ -40.361042583152191, -20.425932461048006 ], [ -40.361045920677526, -20.425934087975826 ], [ -40.361049530774018, -20.425935069851956 ], [ -40.361053274707636, -20.425935368943435 ], [ -40.361057008601058, -20.425934973756348 ], [ -40.361060588962793, -20.425933899477531 ], [ -40.361063878201534, -20.425932187390909 ], [ -40.361066749913647, -20.425929903291053 ], [ -40.361069093740831, -20.425927134954652 ], [ -40.361121243566117, -20.425851345156115 ], [ -40.361173393348274, -20.425775555334624 ], [ -40.361225543080728, -20.42569976549974 ] ] ], [ [ [ -40.361132295524051, -20.42329541602837 ], [ -40.361184444518827, -20.423219626231106 ], [ -40.361236593463879, -20.423143836420437 ], [ -40.361288742359193, -20.423068046596434 ], [ -40.361290468196707, -20.423064900408004 ], [ -40.361291509765792, -20.42306149727499 ], [ -40.36129182703958, -20.42305796797789 ], [ -40.361291407825462, -20.423054448145606 ], [ -40.361290268233645, -20.423051073043339 ], [ -40.361288452058041, -20.42304797237432 ], [ -40.3612860290933, -20.423045265295524 ], [ -40.361283092452588, -20.423043055838452 ], [ -40.361041900120036, -20.422895575262292 ], [ -40.361041899575014, -20.422895574996609 ], [ -40.360961502707063, -20.422846414996794 ], [ -40.360881105410996, -20.422797254680468 ], [ -40.360800708167062, -20.422748094325353 ], [ -40.360720310972773, -20.422698933929844 ], [ -40.360639913828244, -20.422649773494101 ], [ -40.360559516733439, -20.42260061301808 ], [ -40.360438921186031, -20.422526872233554 ], [ -40.360197730458076, -20.422379390332374 ], [ -40.360194393019562, -20.422377763381824 ], [ -40.360190783011468, -20.422376781481731 ], [ -40.360187039164366, -20.422376482365973 ], [ -40.360183305352216, -20.422376877529384 ], [ -40.360179725063297, -20.422377951786086 ], [ -40.360176435886117, -20.422379663852979 ], [ -40.360173564221931, -20.422381947936298 ], [ -40.360171220427212, -20.422384716259998 ], [ -40.360119071172093, -20.422460505773021 ], [ -40.360066921867272, -20.422536295272579 ], [ -40.360014772512677, -20.422612084758892 ], [ -40.359962623108387, -20.422687874231773 ], [ -40.359910473654367, -20.422763663691292 ], [ -40.359858324157251, -20.422839453127821 ], [ -40.359856598291962, -20.422842599303557 ], [ -40.359855556691933, -20.422846002429669 ], [ -40.359855239385304, -20.422849531725969 ], [ -40.359855658566033, -20.422853051563582 ], [ -40.3598567981253, -20.422856426677125 ], [ -40.359858614270522, -20.422859527362849 ], [ -40.359861037208269, -20.422862234463146 ], [ -40.359863973826435, -20.422864443945652 ], [ -40.360105165083752, -20.423011926230672 ], [ -40.36022576088321, -20.423085667232193 ], [ -40.36030615814326, -20.423134827851179 ], [ -40.360386555453452, -20.423183988430136 ], [ -40.360466952813368, -20.423233148968798 ], [ -40.360547350223008, -20.423282309467137 ], [ -40.360627747680404, -20.423331469923994 ], [ -40.360708145161489, -20.423380630337927 ], [ -40.360708145232458, -20.42338063038202 ], [ -40.360949338062042, -20.423528111387789 ], [ -40.360952675533035, -20.423529738320834 ], [ -40.360956285571973, -20.423530720202375 ], [ -40.36096002944705, -20.42353101929924 ], [ -40.360963763283188, -20.423530624117333 ], [ -40.36096734359112, -20.423529549843252 ], [ -40.36097063278158, -20.423527837760776 ], [ -40.360973504452787, -20.423525553664291 ], [ -40.360975848248032, -20.423522785330373 ], [ -40.361027997385364, -20.423446995582797 ], [ -40.36108014647958, -20.423371205812291 ], [ -40.361132295524051, -20.42329541602837 ] ] ], [ [ [ -40.360585420609269, -20.429916938760609 ], [ -40.360637571908086, -20.429841149041444 ], [ -40.360689723156149, -20.429765359282463 ], [ -40.36069144907156, -20.429762213097483 ], [ -40.360692490689154, -20.42975880996751 ], [ -40.360692807980207, -20.429755280672925 ], [ -40.360692388751445, -20.42975176084251 ], [ -40.360691249113657, -20.42974838574132 ], [ -40.360689432862486, -20.42974528507257 ], [ -40.360687009795484, -20.429742577993164 ], [ -40.360684073029709, -20.429740368534617 ], [ -40.360402669964344, -20.429568307639723 ], [ -40.360399332363748, -20.429566680704141 ], [ -40.360395722183867, -20.429565698819506 ], [ -40.360391978161886, -20.429565399719056 ], [ -40.360388244178438, -20.429565794897073 ], [ -40.360384663728397, -20.429566869167097 ], [ -40.360381374406451, -20.429568581245523 ], [ -40.360378502619398, -20.429570865338164 ], [ -40.360376158728407, -20.42957363366861 ], [ -40.360324007381088, -20.42964942333775 ], [ -40.360271855983044, -20.429725212967039 ], [ -40.360219704533534, -20.429801002585496 ], [ -40.360167553034245, -20.429876792190601 ], [ -40.360115401485224, -20.429952581782334 ], [ -40.360063249893059, -20.43002837135105 ], [ -40.360061523961136, -20.430031517530683 ], [ -40.360060482327363, -20.430034920657885 ], [ -40.360060165021167, -20.430038449952391 ], [ -40.360060584236521, -20.430041969785417 ], [ -40.360061723863247, -20.43004534489171 ], [ -40.360063540106168, -20.430048445567841 ], [ -40.360065963168125, -20.430051152656542 ], [ -40.360068899932195, -20.430053362125879 ], [ -40.360350303577626, -20.430225423522206 ], [ -40.360353641192049, -20.430227050457688 ], [ -40.360357251387008, -20.430228032342278 ], [ -40.360360995424678, -20.430228331442692 ], [ -40.36036472942375, -20.430227936264679 ], [ -40.360368309888692, -20.430226861994715 ], [ -40.360371599224202, -20.430225149916389 ], [ -40.360374471022922, -20.43022286582395 ], [ -40.360376814923256, -20.430220097493812 ], [ -40.36042896641441, -20.430144307837782 ], [ -40.360481117862442, -20.43006851815877 ], [ -40.360533269260742, -20.429992728466353 ], [ -40.360585420609269, -20.429916938760609 ] ] ], [ [ [ -40.360732741185124, -20.429682346518138 ], [ -40.360736485209735, -20.429682645611202 ], [ -40.360740219194248, -20.429682250425909 ], [ -40.3607437996437, -20.429681176149014 ], [ -40.360747088963372, -20.429679464064385 ], [ -40.360749960746531, -20.429677179966497 ], [ -40.360752304632172, -20.429674411631986 ], [ -40.360804455765177, -20.429598621879677 ], [ -40.360856606855037, -20.429522832104361 ], [ -40.360908757895174, -20.429447042315704 ], [ -40.360960908885566, -20.429371252513643 ], [ -40.361013059826227, -20.429295462698221 ], [ -40.361065210716148, -20.429219672842944 ], [ -40.361066936618307, -20.429216526654823 ], [ -40.361067978224582, -20.429213123523084 ], [ -40.361068295506691, -20.429209594228148 ], [ -40.361067876271719, -20.42920607439881 ], [ -40.361066736630661, -20.429202699300124 ], [ -40.361064920379327, -20.429199598635162 ], [ -40.361062497315238, -20.429196891560714 ], [ -40.361059560555368, -20.429194682108083 ], [ -40.360778158142544, -20.429022621777207 ], [ -40.360774820550596, -20.42902099484829 ], [ -40.360771210381792, -20.429020012970792 ], [ -40.36076746637287, -20.42901971387769 ], [ -40.360763732403981, -20.429020109062993 ], [ -40.360760151969437, -20.429021183339938 ], [ -40.360756862663322, -20.429022895424673 ], [ -40.360753990891823, -20.42902517952276 ], [ -40.360751647015526, -20.429027947857588 ], [ -40.360699496026349, -20.429103737623041 ], [ -40.360647344986482, -20.429179527348609 ], [ -40.360595193895094, -20.429255317063358 ], [ -40.36054304275401, -20.42933110676471 ], [ -40.360490891563117, -20.429406896452754 ], [ -40.36043874032913, -20.42948268611778 ], [ -40.360437014410472, -20.429485832300546 ], [ -40.360435972788004, -20.429489235429525 ], [ -40.360435655490754, -20.429492764724387 ], [ -40.360436074712325, -20.429496284556315 ], [ -40.360437214342305, -20.42949965966012 ], [ -40.360439030585404, -20.429502760332461 ], [ -40.360441453644441, -20.42950546741621 ], [ -40.360444390402613, -20.42950767687962 ], [ -40.360725793395474, -20.429679737711869 ], [ -40.360729131001243, -20.429681364640693 ], [ -40.360732741185124, -20.429682346518138 ] ] ], [ [ [ -40.360566945368028, -20.429130367768458 ], [ -40.360619096435563, -20.429054578062718 ], [ -40.360671247453354, -20.428978788343588 ], [ -40.360672973362099, -20.428975642158914 ], [ -40.360674014976524, -20.428972239028809 ], [ -40.36067433226799, -20.428968709733674 ], [ -40.360673913043229, -20.428965189902335 ], [ -40.360672773412858, -20.428961814799948 ], [ -40.360670957172275, -20.428958714129763 ], [ -40.360668534118609, -20.428956007048797 ], [ -40.360665597368452, -20.428953797588612 ], [ -40.360424395994208, -20.428806316742776 ], [ -40.360424395895357, -20.428806316749935 ], [ -40.360424395448973, -20.428806316476997 ], [ -40.360343995567391, -20.428757156387352 ], [ -40.360263595257457, -20.4287079959811 ], [ -40.360183194999713, -20.428658835536027 ], [ -40.360102794791622, -20.428609675050641 ], [ -40.360022394633361, -20.428560514524989 ], [ -40.359941994524782, -20.428511353958946 ], [ -40.35982139445278, -20.428437613037016 ], [ -40.359580194687702, -20.428290130868287 ], [ -40.35957685712345, -20.428288503913819 ], [ -40.359573246978123, -20.42828752200916 ], [ -40.35956950298759, -20.428287222888343 ], [ -40.359565769031299, -20.428287618046415 ], [ -40.359562188603086, -20.428288692297695 ], [ -40.359558899296815, -20.428290404359284 ], [ -40.359556027518693, -20.428292688437644 ], [ -40.359553683629571, -20.428295456756899 ], [ -40.35950153225189, -20.428371246164893 ], [ -40.359449380824465, -20.428447035559518 ], [ -40.359397229347287, -20.428522824940764 ], [ -40.359345077820386, -20.428598614308616 ], [ -40.359292926243725, -20.42867440366313 ], [ -40.359240774623956, -20.428750192994631 ], [ -40.359239048687428, -20.428753339166605 ], [ -40.359238007042052, -20.428756742289806 ], [ -40.359237689717723, -20.428760271584139 ], [ -40.359238108909089, -20.428763791420803 ], [ -40.359239248506888, -20.428767166534456 ], [ -40.359241064717089, -20.42877026722137 ], [ -40.359243487743761, -20.428772974323849 ], [ -40.359246424471358, -20.428775183809464 ], [ -40.359487624769223, -20.428922666364208 ], [ -40.359608225090028, -20.428996407501188 ], [ -40.35968862536388, -20.429045568210174 ], [ -40.359769025687896, -20.429094728879139 ], [ -40.359849426061643, -20.429143889507767 ], [ -40.359929826485143, -20.429193050096121 ], [ -40.360010226956362, -20.429242210642919 ], [ -40.360090627451427, -20.429291371146846 ], [ -40.360090627522375, -20.429291371190928 ], [ -40.360331829393772, -20.429438852466525 ], [ -40.360335166990517, -20.429440479403475 ], [ -40.360338777166703, -20.429441461289578 ], [ -40.360342521185224, -20.429441760391494 ], [ -40.360346255165503, -20.42944136521492 ], [ -40.360349835612737, -20.429440290946264 ], [ -40.360353124932296, -20.429438578869078 ], [ -40.360355996717445, -20.429436294777549 ], [ -40.360358340607092, -20.429433526448079 ], [ -40.360410491866986, -20.429357736805461 ], [ -40.360462643083743, -20.429281947139845 ], [ -40.360514794250761, -20.429206157460825 ], [ -40.360566945368028, -20.429130367768458 ] ] ], [ [ [ -40.36089028115191, -20.428660471339892 ], [ -40.360942431911063, -20.428584681551207 ], [ -40.360968507256892, -20.428546786673753 ], [ -40.360994582620776, -20.428508891748699 ], [ -40.361046733280105, -20.428433101933802 ], [ -40.361048459175599, -20.428429955745987 ], [ -40.361049500778698, -20.428426552614106 ], [ -40.361049818061232, -20.428423023318626 ], [ -40.361049398830254, -20.428419503488374 ], [ -40.361048259196629, -20.428416128388474 ], [ -40.361046442955875, -20.428413027722087 ], [ -40.361044019905123, -20.428410320646062 ], [ -40.361041083160863, -20.428408111191803 ], [ -40.36079988234593, -20.428260630829406 ], [ -40.360799881800702, -20.428260630563628 ], [ -40.360719482105544, -20.428211470635159 ], [ -40.360679281962938, -20.428186890538282 ], [ -40.360639082001846, -20.428162310402151 ], [ -40.360558681910675, -20.428113150106128 ], [ -40.360478281889094, -20.428063989781883 ], [ -40.360397881917173, -20.428014829417346 ], [ -40.360317481995025, -20.427965669012519 ], [ -40.36019688220663, -20.427891928334763 ], [ -40.359955682996834, -20.427744446647072 ], [ -40.359952345441222, -20.427742819699262 ], [ -40.359948735306965, -20.42774183780174 ], [ -40.359944991329499, -20.427741538688281 ], [ -40.35994125738776, -20.427741933853628 ], [ -40.359937676975044, -20.42774300811184 ], [ -40.359934387684604, -20.427744720179735 ], [ -40.359931515922042, -20.427747004263544 ], [ -40.359929172047607, -20.427749772587173 ], [ -40.359877021028062, -20.427825562091442 ], [ -40.359824869958771, -20.427901351582332 ], [ -40.359772718839722, -20.427977141059884 ], [ -40.359720567670948, -20.428052930524046 ], [ -40.359668416452443, -20.428128719974818 ], [ -40.359616265190802, -20.428204509402633 ], [ -40.359614539267525, -20.428207655577744 ], [ -40.359613497633468, -20.428211058702722 ], [ -40.359613180318078, -20.428214587997406 ], [ -40.359613599515654, -20.428218107832983 ], [ -40.359614739116729, -20.428221482944142 ], [ -40.359616555327094, -20.428224583627255 ], [ -40.359618978350845, -20.428227290724788 ], [ -40.359621915072545, -20.428229500204484 ], [ -40.359863114811859, -20.42837698227617 ], [ -40.359983714852362, -20.42845072317099 ], [ -40.360064114939817, -20.428499883718832 ], [ -40.360144515077408, -20.4285490442266 ], [ -40.360224915260559, -20.428598204691536 ], [ -40.360345515730728, -20.428671945417939 ], [ -40.36046611625045, -20.428745685923158 ], [ -40.360707317477178, -20.428893166685235 ], [ -40.360710655065311, -20.428894793615793 ], [ -40.36071426523052, -20.428895775494993 ], [ -40.360718009236123, -20.428896074589737 ], [ -40.360721743202028, -20.428895679406008 ], [ -40.360725323633957, -20.42889460513047 ], [ -40.360728612937862, -20.428892893046971 ], [ -40.360731484707614, -20.428890608949931 ], [ -40.360733828582696, -20.428887840615964 ], [ -40.36078597948444, -20.428812050877031 ], [ -40.360838130343048, -20.428736261115141 ], [ -40.36089028115191, -20.428660471339892 ] ] ], [ [ [ -40.360620602979523, -20.426578926653992 ], [ -40.360622328865666, -20.426575780470429 ], [ -40.360623370468417, -20.42657237734057 ], [ -40.36062368775962, -20.426568848044795 ], [ -40.360623268545993, -20.426565328211961 ], [ -40.360622128937727, -20.426561953107274 ], [ -40.360620312729367, -20.426558852434084 ], [ -40.360617889716814, -20.426556145349505 ], [ -40.36061495301508, -20.426553935885256 ], [ -40.360373755572972, -20.426406454715089 ], [ -40.360373755474122, -20.426406454722226 ], [ -40.360373755027929, -20.426406454449396 ], [ -40.36029335645685, -20.426357294251606 ], [ -40.360212957457634, -20.426308133737258 ], [ -40.360132558510529, -20.426258973184076 ], [ -40.360052159613161, -20.426209812590606 ], [ -40.359971760765532, -20.426160651956845 ], [ -40.359891361967613, -20.426111491282761 ], [ -40.359770763865583, -20.426037750201182 ], [ -40.359529568028456, -20.425890267705846 ], [ -40.359526230518057, -20.425888640747011 ], [ -40.359522620429978, -20.425887658837848 ], [ -40.359518876497859, -20.425887359712576 ], [ -40.359515142598902, -20.425887754866391 ], [ -40.359511562224768, -20.425888829113788 ], [ -40.359508272967226, -20.425890541172034 ], [ -40.359505401230606, -20.425892825247686 ], [ -40.359503057374162, -20.425895593564992 ], [ -40.359450906704964, -20.42597138293371 ], [ -40.359398755986064, -20.426047172289056 ], [ -40.359346605217397, -20.426122961630988 ], [ -40.359294454398992, -20.426198750959603 ], [ -40.35924230353087, -20.426274540274836 ], [ -40.359190152619625, -20.426350329567075 ], [ -40.359188426705707, -20.42635347573793 ], [ -40.359187385071998, -20.42635687886089 ], [ -40.359187067747946, -20.426360408155855 ], [ -40.359187486928185, -20.426363927994025 ], [ -40.359188626503894, -20.42636730310997 ], [ -40.359190442681864, -20.42637040379989 ], [ -40.359192865667417, -20.426373110905978 ], [ -40.359195802346605, -20.426375320395657 ], [ -40.359436998713164, -20.426522803274928 ], [ -40.359557597066861, -20.426596544573318 ], [ -40.359637996030443, -20.426645705390605 ], [ -40.359718395043764, -20.426694866167626 ], [ -40.359798794106837, -20.426744026904316 ], [ -40.359879193219605, -20.42679318760074 ], [ -40.359959592380129, -20.426842348255605 ], [ -40.360039991564456, -20.426891508867591 ], [ -40.360039991635404, -20.426891508911705 ], [ -40.360281189574593, -20.427038990511544 ], [ -40.360284527117471, -20.427040617452864 ], [ -40.360288137236417, -20.427041599343465 ], [ -40.360291881196517, -20.427041898449854 ], [ -40.360295615119455, -20.427041503277529 ], [ -40.36029919551261, -20.427040429012752 ], [ -40.360302484783439, -20.427038716938917 ], [ -40.360305356527086, -20.427036432850102 ], [ -40.360307700384055, -20.427033664522572 ], [ -40.360359850935467, -20.42695787491926 ], [ -40.360412001443741, -20.42688208529292 ], [ -40.360464151902292, -20.426806295653236 ], [ -40.360516302311098, -20.426730506000208 ], [ -40.360568452670179, -20.426654716333797 ], [ -40.360620602979523, -20.426578926653992 ] ] ], [ [ [ -40.360839633786526, -20.426260609916831 ], [ -40.360891783837261, -20.426184820167524 ], [ -40.360943933838257, -20.42610903040482 ], [ -40.360996083789509, -20.426033240628726 ], [ -40.3609978096624, -20.42603009444203 ], [ -40.360998851253839, -20.426026691310398 ], [ -40.360999168536097, -20.426023162014271 ], [ -40.360998749316259, -20.426019642182535 ], [ -40.360997609704739, -20.426016267080325 ], [ -40.360995793496208, -20.426013166410929 ], [ -40.360993370486575, -20.426010459331312 ], [ -40.360990433790739, -20.426008249872975 ], [ -40.360749236907878, -20.425860769186212 ], [ -40.360749236362615, -20.425860768920412 ], [ -40.360668837978153, -20.425811608883851 ], [ -40.360588439165333, -20.425762448530666 ], [ -40.360508040404646, -20.425713288138617 ], [ -40.36042764169364, -20.425664127706277 ], [ -40.360347243032422, -20.425614967233606 ], [ -40.360266844420885, -20.425565806720694 ], [ -40.360146246598447, -20.425492065880803 ], [ -40.359905051320496, -20.425344583868895 ], [ -40.359901713818758, -20.425342956916712 ], [ -40.359898103741735, -20.425341975014693 ], [ -40.359894359822682, -20.425341675896767 ], [ -40.359890625938291, -20.425342071057866 ], [ -40.35988704557964, -20.425343145312194 ], [ -40.359883756337915, -20.425344857376743 ], [ -40.35988088461685, -20.425347141457834 ], [ -40.3598785407751, -20.425349909779523 ], [ -40.359826390463986, -20.425425699244499 ], [ -40.359774240103143, -20.425501488696106 ], [ -40.359722089692561, -20.425577278134355 ], [ -40.359669939232255, -20.425653067559264 ], [ -40.359617788722211, -20.42572885697075 ], [ -40.359565638169059, -20.425804646359268 ], [ -40.359563912268399, -20.42580779253327 ], [ -40.359562870646009, -20.425811195658007 ], [ -40.359562553330889, -20.425814724953323 ], [ -40.359562972517338, -20.425818244790396 ], [ -40.359564112096308, -20.425821619903861 ], [ -40.359565928274449, -20.425824720589986 ], [ -40.359568351257096, -20.425827427691125 ], [ -40.359571287930379, -20.425829637174882 ], [ -40.35981248373777, -20.425977119570707 ], [ -40.359933081811853, -20.426050860627377 ], [ -40.360013480589096, -20.426100021283553 ], [ -40.36009387941602, -20.426149181899444 ], [ -40.360174278292682, -20.426198342475004 ], [ -40.360254677219054, -20.426247503010245 ], [ -40.360335076193209, -20.426296663504036 ], [ -40.360415475191104, -20.426345823954854 ], [ -40.360415475262066, -20.426345823998954 ], [ -40.360656672642023, -20.426493305115368 ], [ -40.360660010176254, -20.426494932050034 ], [ -40.360663620284122, -20.426495913933493 ], [ -40.360667364231162, -20.426496213032529 ], [ -40.360671098139541, -20.426495817852931 ], [ -40.360674678517206, -20.42649474358122 ], [ -40.360677967772212, -20.426493031501089 ], [ -40.360680839500311, -20.42649074740682 ], [ -40.360683183342587, -20.426487979074917 ], [ -40.360735333535892, -20.426412189375331 ], [ -40.360787483686089, -20.426336399652776 ], [ -40.360839633786526, -20.426260609916831 ] ] ], [ [ [ -40.360527840107906, -20.424173884064409 ], [ -40.360529568671282, -20.424170731491468 ], [ -40.360530610210638, -20.424167321223589 ], [ -40.360530924545365, -20.42416378482249 ], [ -40.360530499549078, -20.424160258715936 ], [ -40.36052935161738, -20.424156878934507 ], [ -40.360527525035373, -20.424153775863811 ], [ -40.360525090269185, -20.424151069214499 ], [ -40.36052214124755, -20.424148863404003 ], [ -40.360280495744306, -20.424002089203135 ], [ -40.360200122493794, -20.423952943658836 ], [ -40.360119724822134, -20.423903783017284 ], [ -40.360039362576408, -20.423854643966859 ], [ -40.359959232452837, -20.423805173210905 ], [ -40.359879084640831, -20.423755655115372 ], [ -40.359878966144223, -20.423755596720287 ], [ -40.359878861241725, -20.423755519170474 ], [ -40.359798110440195, -20.423707124655618 ], [ -40.359678112793148, -20.42363276642109 ], [ -40.359678034980305, -20.423632727956093 ], [ -40.359677966013386, -20.423632676369429 ], [ -40.359436297631973, -20.423485886014529 ], [ -40.359432961721545, -20.423484271168135 ], [ -40.359429356106844, -20.423483299559965 ], [ -40.359425618814498, -20.423483008384196 ], [ -40.359421892911911, -20.42348340878733 ], [ -40.359418321030446, -20.423484485441531 ], [ -40.359415039905421, -20.423486197131371 ], [ -40.359412175141678, -20.423488478331596 ], [ -40.359409836405355, -20.423491241715524 ], [ -40.359357686424246, -20.423567031033315 ], [ -40.359305536393421, -20.423642820337779 ], [ -40.359253386312851, -20.423718609628818 ], [ -40.35920123618255, -20.423794398906523 ], [ -40.359149086002546, -20.42387018817087 ], [ -40.359096935779412, -20.423945977412185 ], [ -40.359095207188041, -20.42394912997274 ], [ -40.359094165617662, -20.423952540234133 ], [ -40.359093851250158, -20.42395607663483 ], [ -40.359094276213305, -20.423959602747122 ], [ -40.359095424112859, -20.423962982540136 ], [ -40.359097250665023, -20.423966085627779 ], [ -40.359099685404864, -20.42396879229867 ], [ -40.359102634404664, -20.423970998134504 ], [ -40.359344229738163, -20.424117744169685 ], [ -40.359464276376258, -20.424192132835838 ], [ -40.359464406303609, -20.424192197062393 ], [ -40.359464521506339, -20.424192282226688 ], [ -40.359545247892555, -20.424240662019276 ], [ -40.359625022962682, -20.424290424384917 ], [ -40.3596251005076, -20.424290462983887 ], [ -40.359625169462376, -20.424290514864392 ], [ -40.359705567200209, -20.424339675729758 ], [ -40.359705616490196, -20.424339699757688 ], [ -40.359705659883318, -20.424339732046324 ], [ -40.359786264845809, -20.424388400772632 ], [ -40.359866270487068, -20.424437940521425 ], [ -40.359866319453687, -20.424437964708069 ], [ -40.359866362823077, -20.424437997338405 ], [ -40.359946760682107, -20.424487158079014 ], [ -40.359946786791589, -20.424487170806827 ], [ -40.359946809778521, -20.424487188000686 ], [ -40.360188480262345, -20.424633977458736 ], [ -40.360191816205173, -20.424635592287618 ], [ -40.360195421850612, -20.42463656387725 ], [ -40.360199159170826, -20.424636855034159 ], [ -40.360202885097301, -20.424636454612553 ], [ -40.36020645699768, -20.424635377940991 ], [ -40.360209738135921, -20.424633666235614 ], [ -40.360212602906635, -20.424631385022249 ], [ -40.360214941643463, -20.424628621628123 ], [ -40.360266614986571, -20.424553524603617 ], [ -40.360267091506316, -20.424552832075655 ], [ -40.360318764806841, -20.424477735028159 ], [ -40.360319241326046, -20.424477042500204 ], [ -40.360370914577331, -20.424401945439453 ], [ -40.360371391096436, -20.424401252910801 ], [ -40.360423064298146, -20.424326155837228 ], [ -40.360423540816512, -20.424325463308918 ], [ -40.360475213969117, -20.424250366221866 ], [ -40.360475690487114, -20.4242496736933 ], [ -40.360527840107906, -20.424173884064409 ] ] ], [ [ [ -40.360672012068363, -20.423964356766092 ], [ -40.360694241969206, -20.423932049674889 ], [ -40.360746391381696, -20.423856259989854 ], [ -40.360772154167208, -20.423818818435748 ], [ -40.360798540744398, -20.423780470291483 ], [ -40.360823530545893, -20.423744152089302 ], [ -40.360850690057411, -20.423704680579768 ], [ -40.360902839320694, -20.423628890854648 ], [ -40.360904565171829, -20.423625744669454 ], [ -40.360905606752539, -20.423622341538266 ], [ -40.360905924035507, -20.423618812241518 ], [ -40.360905504827777, -20.423615292408122 ], [ -40.360904365239307, -20.423611917303287 ], [ -40.360902549063887, -20.42360881663037 ], [ -40.360900126096141, -20.423606109546498 ], [ -40.360897189449368, -20.423603900083343 ], [ -40.360655996542128, -20.42345641901046 ], [ -40.360655995997163, -20.423456418744795 ], [ -40.360575598937601, -20.423407258579349 ], [ -40.36049520144995, -20.423358098097442 ], [ -40.360414804014447, -20.423308937576724 ], [ -40.360334406628645, -20.423259777015691 ], [ -40.360254009292554, -20.423210616414366 ], [ -40.360173612006214, -20.423161455772753 ], [ -40.360053016167534, -20.423087714737406 ], [ -40.35981182486892, -20.422940232341951 ], [ -40.359808487421532, -20.422938605384559 ], [ -40.359804877402063, -20.422937623477132 ], [ -40.359801133541538, -20.422937324353814 ], [ -40.359797399714424, -20.422937719509747 ], [ -40.359793819409589, -20.422938793759332 ], [ -40.359790530216152, -20.422940505819739 ], [ -40.359787658535986, -20.422942789897458 ], [ -40.359785314726167, -20.422945558216668 ], [ -40.359733165103087, -20.42302134763073 ], [ -40.359681015430283, -20.423097137031412 ], [ -40.359628865707741, -20.423172926418761 ], [ -40.359576715935489, -20.423248715792703 ], [ -40.35955002743512, -20.423287502213448 ], [ -40.359524566113514, -20.42332450515331 ], [ -40.359472416248401, -20.423400294490936 ], [ -40.35947068976941, -20.423403442083718 ], [ -40.359469648168727, -20.423406846794446 ], [ -40.359469331508905, -20.423410377669594 ], [ -40.359469751969527, -20.423413898903036 ], [ -40.359470893378671, -20.423417275059439 ], [ -40.359472711834989, -20.423420376283538 ], [ -40.359475137396203, -20.423423083294594 ], [ -40.359478076769264, -20.423425291974286 ], [ -40.359719374501857, -20.423572620849122 ], [ -40.359840023535867, -20.423646285150451 ], [ -40.359920456287327, -20.423695394634265 ], [ -40.360000889088468, -20.42374450407776 ], [ -40.36008132193929, -20.423793613480925 ], [ -40.360161754839808, -20.423842722843769 ], [ -40.36024218779005, -20.423891832166309 ], [ -40.360322567531071, -20.423940908931069 ], [ -40.360563920135249, -20.424088269082105 ], [ -40.360567257275619, -20.424089893327267 ], [ -40.360570866347359, -20.424090872923493 ], [ -40.360574608774954, -20.424091170257775 ], [ -40.360578340862467, -20.424090773913541 ], [ -40.360581919311002, -20.424089699109011 ], [ -40.360585206720856, -20.424087987112838 ], [ -40.360588076867195, -20.42408570365961 ], [ -40.360590419546618, -20.424082936425805 ], [ -40.360642092506922, -20.424007839346636 ], [ -40.360642569051357, -20.424007146777175 ], [ -40.360672012068363, -20.423964356766092 ] ] ], [ [ [ -40.360518458648585, -20.421714064464055 ], [ -40.360520184486418, -20.421710918283043 ], [ -40.360521226063412, -20.421707515154484 ], [ -40.360521543352412, -20.421703985858613 ], [ -40.36052112416025, -20.421700466024191 ], [ -40.36051998459628, -20.421697090916382 ], [ -40.360518168453304, -20.421693990238563 ], [ -40.360515745524658, -20.42169128314794 ], [ -40.36051280892206, -20.421689073676394 ], [ -40.360271619448817, -20.421541591849625 ], [ -40.360191223057178, -20.421492431160114 ], [ -40.360110826714852, -20.421443270430718 ], [ -40.36003043042232, -20.421394109661119 ], [ -40.359950034179533, -20.421344948851207 ], [ -40.359869637986442, -20.421295788001004 ], [ -40.359789241843082, -20.421246627110509 ], [ -40.359668647721833, -20.421172885698631 ], [ -40.359427459814754, -20.42102540260278 ], [ -40.35942412241365, -20.421023775636083 ], [ -40.359420512441915, -20.421022793718631 ], [ -40.359416768628712, -20.421022494584964 ], [ -40.359413034846625, -20.421022889730608 ], [ -40.35940945458276, -20.421023963970345 ], [ -40.359406165424616, -20.42102567602177 ], [ -40.359403293772672, -20.421027960091717 ], [ -40.359400949982884, -20.421030728404688 ], [ -40.35934878880024, -20.42110653506046 ], [ -40.359296639517488, -20.421182324336346 ], [ -40.359244490184977, -20.421258113598839 ], [ -40.359192340802792, -20.421333902847937 ], [ -40.359140191370869, -20.421409692083714 ], [ -40.359088041889216, -20.421485481306107 ], [ -40.359035892357852, -20.421561270515106 ], [ -40.359034166487888, -20.421564416683356 ], [ -40.359033124876269, -20.42156781980567 ], [ -40.359032807551586, -20.421571349101988 ], [ -40.359033226708505, -20.421574868943431 ], [ -40.359034366239094, -20.421578244064435 ], [ -40.359036182351879, -20.421581344761005 ], [ -40.359038605254696, -20.421584051875083 ], [ -40.359041541836746, -20.421586261373758 ], [ -40.35928273031837, -20.421733744966353 ], [ -40.359403324726344, -20.421807486626292 ], [ -40.359483721058979, -20.421856647685928 ], [ -40.359564117441657, -20.421905808704462 ], [ -40.359644513874095, -20.421954969682695 ], [ -40.359724910356235, -20.422004130620678 ], [ -40.359805306888141, -20.422053291518367 ], [ -40.359885703471804, -20.422102452373739 ], [ -40.360126893519663, -20.422249934697255 ], [ -40.36013023095326, -20.422251561647847 ], [ -40.360133840956266, -20.422252543548574 ], [ -40.360137584798331, -20.422252842665557 ], [ -40.36014131860577, -20.422252447503908 ], [ -40.36014489889051, -20.422251373249466 ], [ -40.360148188064301, -20.422249661185205 ], [ -40.360151059726078, -20.422247377104764 ], [ -40.36015340351959, -20.422244608784045 ], [ -40.360205552725596, -20.42216881931175 ], [ -40.360257701853634, -20.422093029769467 ], [ -40.360309850925816, -20.422017240222676 ], [ -40.360361999948267, -20.421941450662523 ], [ -40.360414148920995, -20.421865661089068 ], [ -40.360466297844027, -20.421789871502174 ], [ -40.360518458648585, -20.421714064464055 ] ] ], [ [ [ -40.359946915346271, -20.430818230970406 ], [ -40.359948113940838, -20.43081855102357 ], [ -40.359950467949957, -20.430819191259285 ], [ -40.359950530255432, -20.430819196236808 ], [ -40.359950590000565, -20.430819212190173 ], [ -40.359952045557577, -20.43081931729272 ], [ -40.359954212001789, -20.430819490367664 ], [ -40.359954305469905, -20.430819480475961 ], [ -40.359954398086849, -20.430819487163621 ], [ -40.359955920213665, -20.430819309587921 ], [ -40.359957946016628, -20.430819095197549 ], [ -40.359958065696233, -20.430819059289725 ], [ -40.359958188411476, -20.430819044973408 ], [ -40.35995966881913, -20.430818578300055 ], [ -40.359961526498353, -20.430818020935085 ], [ -40.359961664067413, -20.430817949331928 ], [ -40.359961810486006, -20.430817903175949 ], [ -40.359961810581105, -20.430817903135644 ], [ -40.359963378252424, -20.430817057117686 ], [ -40.359964815851008, -20.430816308863594 ], [ -40.359964923673616, -20.430816223107346 ], [ -40.359965047101582, -20.430816156497535 ], [ -40.359966428990667, -20.430815025859719 ], [ -40.359967687666597, -20.430814024777057 ], [ -40.359967766876963, -20.430813931224193 ], [ -40.359967863547652, -20.430813852129905 ], [ -40.359969002748933, -20.430812471574892 ], [ -40.35997003158284, -20.430811256451658 ], [ -40.360048259382964, -20.430697572119083 ], [ -40.360126487063532, -20.430583887767469 ], [ -40.360204714632175, -20.43047020338577 ], [ -40.36028294208888, -20.430356518973987 ], [ -40.360284668019368, -20.430353372792329 ], [ -40.36028570964983, -20.430349969664061 ], [ -40.36028602695103, -20.430346440369519 ], [ -40.360285607729317, -20.430342920537498 ], [ -40.360284468095188, -20.430339545433178 ], [ -40.360282651844187, -20.430336444759895 ], [ -40.360280228773853, -20.430333737674772 ], [ -40.360277292001413, -20.430331528209543 ], [ -40.359995888229115, -20.430159466703522 ], [ -40.359992550619523, -20.43015783976087 ], [ -40.359988940428067, -20.430156857868489 ], [ -40.359985196392344, -20.430156558759922 ], [ -40.359981462393492, -20.43015695392975 ], [ -40.359977881926945, -20.430158028191833 ], [ -40.359974592587989, -20.430159740262891 ], [ -40.359971720784046, -20.430162024349016 ], [ -40.359969376876933, -20.430164792674077 ], [ -40.359891149268741, -20.430278476954928 ], [ -40.359812921548624, -20.430392161205656 ], [ -40.359734693716561, -20.430505845426289 ], [ -40.359656465764964, -20.430619529627918 ], [ -40.35965473981868, -20.430622675804155 ], [ -40.359653698172643, -20.430626078929429 ], [ -40.35965338085677, -20.430629608223565 ], [ -40.359653800065388, -20.430633128057764 ], [ -40.359654939688582, -20.430636503166753 ], [ -40.359656755931312, -20.430639603846998 ], [ -40.359659178996431, -20.430642310941057 ], [ -40.359662115766888, -20.430644520416806 ], [ -40.359943520019904, -20.430816582462004 ], [ -40.359943564594403, -20.430816604103942 ], [ -40.359946857743005, -20.430818209366965 ], [ -40.359946887545732, -20.430818217472613 ], [ -40.359946915346271, -20.430818230970406 ] ] ], [ [ [ -40.359967031063555, -20.429987444570017 ], [ -40.359968453098595, -20.429987294075758 ], [ -40.35997057064305, -20.429987088220322 ], [ -40.359970670785437, -20.429987059377488 ], [ -40.359970765058868, -20.429987049400502 ], [ -40.359972194428991, -20.429986620540308 ], [ -40.35997411700636, -20.429986066802883 ], [ -40.359974230737755, -20.429986009577622 ], [ -40.359974345521984, -20.429985975138397 ], [ -40.359975690924969, -20.429985274867523 ], [ -40.359977388352881, -20.429984420787001 ], [ -40.359977506892832, -20.42998432967158 ], [ -40.359977634857628, -20.429984263066995 ], [ -40.359978824075434, -20.42998331722265 ], [ -40.359980262240292, -20.429982211780988 ], [ -40.359980375213652, -20.429982083524877 ], [ -40.359980506658417, -20.429981978980297 ], [ -40.359981482299609, -20.429980826675248 ], [ -40.359982631102646, -20.429979522465121 ], [ -40.359982725338746, -20.429979358553247 ], [ -40.359982850562631, -20.429979210654491 ], [ -40.360061077340319, -20.429865527206491 ], [ -40.360139304629172, -20.429751842862977 ], [ -40.360191456099983, -20.42967605327356 ], [ -40.360243607525668, -20.429600263664117 ], [ -40.360295758897024, -20.429524474047934 ], [ -40.360297484819036, -20.429521327866393 ], [ -40.360298526444765, -20.429517924738064 ], [ -40.360298843745177, -20.429514395443274 ], [ -40.36029842452664, -20.429510875610855 ], [ -40.360297284899524, -20.42950750050597 ], [ -40.36029546865911, -20.429504399831998 ], [ -40.360293045602525, -20.429501692746072 ], [ -40.360290108846463, -20.429499483279976 ], [ -40.360048906912915, -20.429352001950683 ], [ -40.359968506402794, -20.429302841421428 ], [ -40.359888105905227, -20.429253680853254 ], [ -40.359807705461016, -20.429204520247026 ], [ -40.359727305066556, -20.429155359600482 ], [ -40.359646904721835, -20.429106198913619 ], [ -40.359566504426851, -20.429057038186453 ], [ -40.35944590477947, -20.428983297453389 ], [ -40.359445904120143, -20.428983296957334 ], [ -40.359204703752496, -20.428835814359946 ], [ -40.359201366179718, -20.428834187399826 ], [ -40.35919775602369, -20.428833205488871 ], [ -40.35919401202063, -20.428832906361361 ], [ -40.359190278050434, -20.428833301512594 ], [ -40.359186697607434, -20.428834375757134 ], [ -40.359183408286, -20.4288360878124 ], [ -40.359180536492893, -20.428838371885067 ], [ -40.359178192589503, -20.428841140199545 ], [ -40.359126040854683, -20.428916929509754 ], [ -40.359073889069101, -20.428992718808079 ], [ -40.359021737232794, -20.429068508094492 ], [ -40.358969585348738, -20.429144297364584 ], [ -40.358917433413922, -20.429220086622763 ], [ -40.358865299479447, -20.429295849686056 ], [ -40.358865282044583, -20.429295874976798 ], [ -40.358864385489866, -20.4292975092727 ], [ -40.358863565859238, -20.429298997526004 ], [ -40.358863561782101, -20.429299010778596 ], [ -40.358863556094882, -20.429299021145614 ], [ -40.358863065762066, -20.429300623076717 ], [ -40.358862518198329, -20.429302402916015 ], [ -40.358862517021592, -20.429302415827195 ], [ -40.358862514438265, -20.429302424267007 ], [ -40.358862381431081, -20.429303903536869 ], [ -40.358862196227705, -20.429305935602589 ], [ -40.35886219764248, -20.429305947583742 ], [ -40.358862197105047, -20.429305953560931 ], [ -40.358862343905813, -20.429307186225927 ], [ -40.358862612346798, -20.429309459538796 ], [ -40.358862615893898, -20.429309470070784 ], [ -40.358862616290224, -20.429309473398636 ], [ -40.358862903042827, -20.42931032266852 ], [ -40.358863750530546, -20.429312839014692 ], [ -40.35886375560704, -20.429312847692138 ], [ -40.358863755884776, -20.429312848514723 ], [ -40.358863920988242, -20.429313130384536 ], [ -40.358865566946484, -20.429315943883608 ], [ -40.358867991642846, -20.429318654574217 ], [ -40.358870931242414, -20.429320866695399 ], [ -40.359112132099497, -20.429468349733657 ], [ -40.359232732699525, -20.429542091112136 ], [ -40.359313133160214, -20.429591251982551 ], [ -40.359393533670641, -20.429640412812681 ], [ -40.359473934230806, -20.429689573602484 ], [ -40.35955433484073, -20.429738734351989 ], [ -40.359634735496243, -20.429787895058656 ], [ -40.35971513617897, -20.429837055738876 ], [ -40.359956338609635, -20.429984537497997 ], [ -40.359959630270623, -20.429986147125071 ], [ -40.359959659866476, -20.429986155291655 ], [ -40.359959676843744, -20.429986163567371 ], [ -40.359960584021827, -20.429986410300309 ], [ -40.359963189134945, -20.429987129147349 ], [ -40.359963244590006, -20.429987133917614 ], [ -40.359963287031469, -20.429987145460775 ], [ -40.359964574356624, -20.42998724830468 ], [ -40.359966881998815, -20.429987446808987 ], [ -40.359966961882421, -20.429987439043167 ], [ -40.359967031063555, -20.429987444570017 ] ] ], [ [ [ -40.360088667576122, -20.427351980830057 ], [ -40.360140818343019, -20.427276191273329 ], [ -40.360192969060201, -20.42720040170315 ], [ -40.360245119727644, -20.427124612119623 ], [ -40.360246845627046, -20.427121465939198 ], [ -40.360247887241115, -20.427118062811118 ], [ -40.36024820454125, -20.427114533515699 ], [ -40.36024778533384, -20.427111013681774 ], [ -40.360246645728836, -20.427107638574601 ], [ -40.360244829520653, -20.427104537897613 ], [ -40.360242406505179, -20.427101830808077 ], [ -40.360239469797541, -20.427099621337916 ], [ -40.359998271796229, -20.426952139684339 ], [ -40.359998271251079, -20.426952139418596 ], [ -40.359917872493703, -20.426902979059683 ], [ -40.359837473308083, -20.42685381838421 ], [ -40.359757074174567, -20.426804657669891 ], [ -40.359676675090803, -20.426755496915266 ], [ -40.359596276056777, -20.426706336120354 ], [ -40.359515877072475, -20.426657175285143 ], [ -40.359395278686904, -20.426583433959433 ], [ -40.359154082294587, -20.426435950983119 ], [ -40.359150744775548, -20.426434324017624 ], [ -40.359147134676391, -20.426433342101319 ], [ -40.359143390731212, -20.426433042968693 ], [ -40.359139656817703, -20.426433438115232 ], [ -40.359136076428079, -20.426434512355712 ], [ -40.359132787154707, -20.426436224407638 ], [ -40.359129915402526, -20.426438508477844 ], [ -40.359127571531403, -20.426441276790776 ], [ -40.359075420504105, -20.426517066063209 ], [ -40.359023269427098, -20.426592855322259 ], [ -40.35897111830036, -20.42666864456794 ], [ -40.358918967123863, -20.426744433800227 ], [ -40.35886681589762, -20.426820223019178 ], [ -40.358814664628269, -20.426896012215114 ], [ -40.358812938701092, -20.426899158382838 ], [ -40.358811897056064, -20.426902561504015 ], [ -40.358811579723074, -20.426906090798632 ], [ -40.358811998897089, -20.426909610637889 ], [ -40.358813138469543, -20.426912985756328 ], [ -40.358814954647343, -20.426916086450031 ], [ -40.358817377635816, -20.426918793561072 ], [ -40.358820314320894, -20.42692100305667 ], [ -40.359061511246622, -20.427068486419397 ], [ -40.359182109879882, -20.427142227959479 ], [ -40.359262509029868, -20.427191388937946 ], [ -40.359342908229578, -20.427240549876096 ], [ -40.359423307478991, -20.427289710773934 ], [ -40.359503706778206, -20.427338871631498 ], [ -40.359584106125133, -20.427388032447535 ], [ -40.359664505495843, -20.427437193220651 ], [ -40.359664505566812, -20.427437193264751 ], [ -40.359905704065199, -20.427584675348054 ], [ -40.359909041616731, -20.427586302296035 ], [ -40.35991265174674, -20.427587284193784 ], [ -40.359916395719907, -20.427587583307517 ], [ -40.359920129657404, -20.427587188142471 ], [ -40.359923710066049, -20.427586113884622 ], [ -40.359926999352709, -20.4275844018171 ], [ -40.359929871111923, -20.427582117733728 ], [ -40.35993221498358, -20.427579349410575 ], [ -40.359984365893084, -20.427503559903531 ], [ -40.360036516759472, -20.427427770373491 ], [ -40.360088667576122, -20.427351980830057 ] ] ], [ [ [ -40.359995435081231, -20.424947629989752 ], [ -40.360047585160046, -20.424871840483885 ], [ -40.360099735189124, -20.424796050964673 ], [ -40.360151885168492, -20.424720261432064 ], [ -40.360153611046258, -20.424717115252829 ], [ -40.360154652649598, -20.424713712124873 ], [ -40.360154969950294, -20.424710182828491 ], [ -40.360154550754721, -20.424706662992623 ], [ -40.360153411172377, -20.424703287882579 ], [ -40.360151594996815, -20.424700187201982 ], [ -40.36014917202268, -20.424697480108225 ], [ -40.360146235363537, -20.424695270633404 ], [ -40.359905041268306, -20.42454778859733 ], [ -40.359824643359801, -20.424498627839942 ], [ -40.359744245502661, -20.424449467037796 ], [ -40.359663847694371, -20.424400306194791 ], [ -40.359583449935805, -20.42435114531154 ], [ -40.359503052226991, -20.424301984387984 ], [ -40.359422654567908, -20.424252823424144 ], [ -40.359302058174094, -20.424179081907877 ], [ -40.359060865753385, -20.424031598543277 ], [ -40.359057528288695, -20.424029971572569 ], [ -40.359053918247085, -20.424028989650861 ], [ -40.359050174360448, -20.424028690512838 ], [ -40.359046440504223, -20.424029085654226 ], [ -40.359042860168415, -20.424030159889952 ], [ -40.359039570943331, -20.42403187193775 ], [ -40.359036699232057, -20.424034156004574 ], [ -40.359034355392865, -20.424036924315029 ], [ -40.358982205053707, -20.42411271353658 ], [ -40.358930054664839, -20.424188502744745 ], [ -40.358877904226233, -20.424264291939515 ], [ -40.358825753737889, -20.424340081120967 ], [ -40.358773603199836, -20.424415870288968 ], [ -40.358721452618653, -20.424491659434043 ], [ -40.358719726113264, -20.424494807020267 ], [ -40.358718684489936, -20.424498211727133 ], [ -40.358718367812116, -20.424501742601279 ], [ -40.358718788260049, -20.424505263836622 ], [ -40.358719929662328, -20.424508639997814 ], [ -40.358721748117866, -20.424511741229406 ], [ -40.358724173684422, -20.424514448250388 ], [ -40.358727113068767, -20.424516656942078 ], [ -40.358968411900356, -20.424663986814011 ], [ -40.35908906148385, -20.424737651613881 ], [ -40.359169494601645, -20.424786761430063 ], [ -40.359249927769135, -20.424835871205921 ], [ -40.359330360986327, -20.424884980941457 ], [ -40.359410794253208, -20.424934090636668 ], [ -40.359491227569791, -20.42498320029156 ], [ -40.359571660936176, -20.425032309906193 ], [ -40.359812961380442, -20.42517963853679 ], [ -40.359816298538185, -20.425181262795792 ], [ -40.359819907632264, -20.425182242406741 ], [ -40.359823650086263, -20.425182539756069 ], [ -40.359827382203221, -20.425182143426618 ], [ -40.359830960683091, -20.425181068636025 ], [ -40.35983424812494, -20.425179356652443 ], [ -40.359837118302671, -20.425177073209976 ], [ -40.359839461011674, -20.425174305984712 ], [ -40.359891134774387, -20.425099208961363 ], [ -40.359891611232584, -20.425098516528482 ], [ -40.359943284952678, -20.425023419482244 ], [ -40.359995435081231, -20.424947629989752 ] ] ], [ [ [ -40.360090824577505, -20.422335556185285 ], [ -40.360092550432917, -20.422332410007559 ], [ -40.360093592024903, -20.422329006880215 ], [ -40.36009390932572, -20.422325477583552 ], [ -40.360093490141715, -20.422321957746437 ], [ -40.360092350581951, -20.422318582634258 ], [ -40.360090534439102, -20.422315481950655 ], [ -40.360088111506542, -20.422312774853129 ], [ -40.36008517489622, -20.422310565373902 ], [ -40.359843984786259, -20.422163082996704 ], [ -40.359843984687402, -20.422163083003834 ], [ -40.35984398424128, -20.422163082731036 ], [ -40.359763588114149, -20.422113922130844 ], [ -40.359683191558936, -20.422064761214198 ], [ -40.359602795055807, -20.4220156002587 ], [ -40.359602716673187, -20.422015562047942 ], [ -40.359602647655173, -20.422015511025439 ], [ -40.359521922386222, -20.421967131352886 ], [ -40.359442148727943, -20.42191736872654 ], [ -40.359442071167535, -20.421917330118891 ], [ -40.359442002198769, -20.421917278226843 ], [ -40.359361605844839, -20.421868117150535 ], [ -40.35924101140872, -20.421794375465527 ], [ -40.35899982290335, -20.421646891763405 ], [ -40.358996485492263, -20.421645264788157 ], [ -40.358992875507575, -20.421644282861752 ], [ -40.358989131678968, -20.421643983719065 ], [ -40.358985397879671, -20.421644378855994 ], [ -40.358981817597495, -20.421645453087653 ], [ -40.358978528420678, -20.421647165131919 ], [ -40.358975656750452, -20.421649449195897 ], [ -40.358973312943533, -20.421652217504281 ], [ -40.358921163302789, -20.421728006683868 ], [ -40.358869013612306, -20.421803795850163 ], [ -40.358816863872121, -20.421879585002984 ], [ -40.358764714082206, -20.421955374142499 ], [ -40.358712564242552, -20.422031163268588 ], [ -40.358660414359797, -20.422106952371735 ], [ -40.358658688476623, -20.422110098536763 ], [ -40.358657646853686, -20.422113501657208 ], [ -40.358657329520021, -20.422117030953064 ], [ -40.358657748670645, -20.422120550795501 ], [ -40.358658888197859, -20.422123925918939 ], [ -40.358660704310331, -20.422127026619268 ], [ -40.358663127215898, -20.422129733738295 ], [ -40.358666063803668, -20.422131943242949 ], [ -40.358907252837653, -20.42227942732848 ], [ -40.359027847526058, -20.422353169230643 ], [ -40.359108244045593, -20.422402330450183 ], [ -40.359188640614946, -20.422451491629459 ], [ -40.359269037233943, -20.422500652768456 ], [ -40.359349433902686, -20.422549813867125 ], [ -40.359429830619057, -20.422598974924249 ], [ -40.35951022743037, -20.422648135982708 ], [ -40.359751418037277, -20.422795618789543 ], [ -40.359754755480836, -20.42279724574729 ], [ -40.359758365496369, -20.422798227655147 ], [ -40.35976210935295, -20.422798526778941 ], [ -40.359765843176234, -20.422798131623509 ], [ -40.359769423477424, -20.422797057374481 ], [ -40.359772712667521, -20.422795345314618 ], [ -40.359775584344774, -20.422793061237481 ], [ -40.359777928152219, -20.422790292918879 ], [ -40.359830554266608, -20.422713810869389 ], [ -40.359882703746067, -20.422638021432089 ], [ -40.359934376585301, -20.422562924617019 ], [ -40.359986525946262, -20.422487135181495 ], [ -40.360038675296487, -20.422411345675918 ], [ -40.360090824577505, -20.422335556185285 ] ] ], [ [ [ -40.359574961466393, -20.431364892336486 ], [ -40.359578705531291, -20.43136519145223 ], [ -40.359582439560704, -20.431364796289394 ], [ -40.359586020057918, -20.431363722033861 ], [ -40.359589309426404, -20.431362009968687 ], [ -40.359592181257561, -20.431359725887596 ], [ -40.359594525188498, -20.431356957566582 ], [ -40.359646677426021, -20.431281168111234 ], [ -40.359698829620406, -20.431205378632971 ], [ -40.359750981765032, -20.431129589141278 ], [ -40.359803133859934, -20.431053799636182 ], [ -40.359855285840204, -20.430978010058084 ], [ -40.359907437779846, -20.430902220576506 ], [ -40.359909163722811, -20.430899074398074 ], [ -40.359910205363924, -20.430895671271845 ], [ -40.359910522673559, -20.430892141978021 ], [ -40.359910103457729, -20.430888622145375 ], [ -40.359908963826712, -20.43088524703904 ], [ -40.359907147575917, -20.430882146362428 ], [ -40.359904724502847, -20.430879439272744 ], [ -40.35990178772483, -20.430877229801894 ], [ -40.359620383389746, -20.430705167786016 ], [ -40.359617045771508, -20.430703540836703 ], [ -40.359613435568988, -20.43070255893717 ], [ -40.359609691520198, -20.430702259821253 ], [ -40.35960595750678, -20.430702654983786 ], [ -40.359602377024736, -20.430703729238935 ], [ -40.359599087669949, -20.430705441303683 ], [ -40.359596215850445, -20.430707725384348 ], [ -40.359593871928631, -20.430710493705032 ], [ -40.359541719865348, -20.430786283101408 ], [ -40.35948956771923, -20.430862072532573 ], [ -40.359437415523345, -20.430937861950344 ], [ -40.359385263277709, -20.431013651354728 ], [ -40.359333110982334, -20.431089440745737 ], [ -40.359280958643822, -20.431165230113745 ], [ -40.359279232684266, -20.431168376286841 ], [ -40.359278191026903, -20.431171779410327 ], [ -40.359277873702084, -20.431175308704127 ], [ -40.35927829290447, -20.431178828539398 ], [ -40.359279432524403, -20.431182203650891 ], [ -40.359281248766962, -20.431185304334939 ], [ -40.359283671834987, -20.431188011433953 ], [ -40.359286608611342, -20.431190220915614 ], [ -40.35956801361592, -20.431362283487651 ], [ -40.35957135124837, -20.431363910437007 ], [ -40.359574961466393, -20.431364892336486 ] ] ], [ [ [ -40.359560415183104, -20.430578584683509 ], [ -40.359560589836725, -20.430578596160547 ], [ -40.359562085557563, -20.43057840791224 ], [ -40.359563980628451, -20.430578207361929 ], [ -40.359564198569657, -20.430578141972934 ], [ -40.359564427316187, -20.430578113183365 ], [ -40.359565840735875, -20.430577649273051 ], [ -40.35956756110712, -20.430577133109256 ], [ -40.359567813326727, -20.430577001832461 ], [ -40.359568083553633, -20.430576913139014 ], [ -40.359569343878405, -20.430576205201557 ], [ -40.359570850459285, -20.430575421047109 ], [ -40.359571116294681, -20.430575209616979 ], [ -40.359571409381715, -20.430575044986952 ], [ -40.359572464567002, -20.430574137279024 ], [ -40.359573722277048, -20.430573136969045 ], [ -40.359573976672479, -20.430572836512049 ], [ -40.359574269113146, -20.430572584944169 ], [ -40.359575083469124, -20.430571529315632 ], [ -40.35957606619813, -20.430570368650862 ], [ -40.359628217609306, -20.430494580171274 ], [ -40.359680369578392, -20.430418790697317 ], [ -40.359732521491544, -20.43034300121894 ], [ -40.359810749257143, -20.43022931699214 ], [ -40.35988897690418, -20.430115632744887 ], [ -40.359889092010825, -20.43011542291908 ], [ -40.35988924074006, -20.430115238266687 ], [ -40.359890003962001, -20.430113760539861 ], [ -40.359890702840389, -20.430112486567126 ], [ -40.359890762328583, -20.430112292213796 ], [ -40.359890859089909, -20.430112104867487 ], [ -40.359891323272933, -20.430110459557639 ], [ -40.359891744478382, -20.430109083441153 ], [ -40.359891759899092, -20.430108911923888 ], [ -40.359891808976435, -20.430108737967846 ], [ -40.359891934321865, -20.43010697190077 ], [ -40.359892061788656, -20.430105554147175 ], [ -40.359892044969129, -20.430105412925034 ], [ -40.359892055694452, -20.430105261809523 ], [ -40.359891807998629, -20.430103423245104 ], [ -40.359891642577196, -20.430102034313943 ], [ -40.359891606473219, -20.430101927388424 ], [ -40.359891590070831, -20.430101805638859 ], [ -40.359890935318894, -20.430099939698046 ], [ -40.359890502954116, -20.430098659206642 ], [ -40.359890460667046, -20.430098587014296 ], [ -40.359890429417867, -20.430098497959044 ], [ -40.359889316157386, -20.430096633111415 ], [ -40.359888686714513, -20.430095558528699 ], [ -40.35988865052753, -20.430095518099861 ], [ -40.35988861688962, -20.430095461752245 ], [ -40.359886896407424, -20.430093558360884 ], [ -40.359886263655468, -20.43009285143739 ], [ -40.359886244156456, -20.430092836767308 ], [ -40.359886219877346, -20.430092809907023 ], [ -40.35988332750388, -20.430090641021078 ], [ -40.35879791963437, -20.429426969778813 ], [ -40.358794633758755, -20.429425362309225 ], [ -40.358794601074884, -20.429425353273999 ], [ -40.358794581414948, -20.429425343690387 ], [ -40.358793650361484, -20.429425090455972 ], [ -40.358791081350887, -20.429424380271072 ], [ -40.358791019535971, -20.429424374905686 ], [ -40.358790971246918, -20.429424361771694 ], [ -40.358789675353513, -20.429424258233805 ], [ -40.358787394929927, -20.429424060298352 ], [ -40.358787305529788, -20.42942406889215 ], [ -40.358787227229705, -20.429424062636212 ], [ -40.358785805759076, -20.429424213061175 ], [ -40.358783712014308, -20.429424414327347 ], [ -40.358783599658501, -20.429424446518375 ], [ -40.358783493243742, -20.429424457779557 ], [ -40.358782070860762, -20.429424884533837 ], [ -40.358780169991661, -20.42942542915134 ], [ -40.358780042132921, -20.429425493208342 ], [ -40.358779912783959, -20.429425532016605 ], [ -40.358778578727495, -20.429426226371792 ], [ -40.358776900993774, -20.429427066913298 ], [ -40.358776767477252, -20.42942716909873 ], [ -40.358776623445372, -20.429427244065025 ], [ -40.358775447934612, -20.429428178996361 ], [ -40.358774026967502, -20.429429266518078 ], [ -40.358773899454889, -20.429429410564982 ], [ -40.358773751635411, -20.429429528131802 ], [ -40.358772790011372, -20.429430663867663 ], [ -40.358771655125686, -20.429431945911521 ], [ -40.358771548741778, -20.429432129881736 ], [ -40.358771407716105, -20.429432296441529 ], [ -40.358719255594224, -20.429508085646077 ], [ -40.358667103419684, -20.429583874841427 ], [ -40.358614951195349, -20.429659664023472 ], [ -40.358562798923288, -20.429735453189231 ], [ -40.358510646600458, -20.429811242343092 ], [ -40.358458995307302, -20.429886303302759 ], [ -40.358458494881482, -20.429887030533681 ], [ -40.358458494724729, -20.429887030819426 ], [ -40.358458494511851, -20.429887031070866 ], [ -40.35845676805075, -20.429890178159081 ], [ -40.358455726509, -20.429893581230299 ], [ -40.358455409264224, -20.429897110451812 ], [ -40.358455828507466, -20.429900630203743 ], [ -40.358456968128209, -20.429904005230089 ], [ -40.358458784333486, -20.429907105836296 ], [ -40.358461207330706, -20.429909812873152 ], [ -40.358464144009652, -20.429912022315406 ], [ -40.358705345465935, -20.430059505887115 ], [ -40.358825946369976, -20.430133247528165 ], [ -40.358906347032175, -20.430182408572936 ], [ -40.358986747744552, -20.430231569577668 ], [ -40.359067148506682, -20.430280730542091 ], [ -40.359147549318536, -20.430329891466187 ], [ -40.359227950178145, -20.430379052348776 ], [ -40.359308351061586, -20.430428213188481 ], [ -40.359308351132533, -20.43042821323256 ], [ -40.359549554169121, -20.430575695515532 ], [ -40.359549905293044, -20.430575865421609 ], [ -40.359552892376776, -20.430577321503151 ], [ -40.359552942659185, -20.430577335178956 ], [ -40.359552998405391, -20.4305773621541 ], [ -40.359554291293094, -20.430577701980241 ], [ -40.35955650257462, -20.430578303404307 ], [ -40.35955661301287, -20.4305783122274 ], [ -40.359556727676924, -20.430578342366008 ], [ -40.359558207230336, -20.430578439592075 ], [ -40.359560246619004, -20.430578602522203 ], [ -40.359560415183104, -20.430578584683509 ] ] ], [ [ [ -40.359692320072526, -20.427927980958792 ], [ -40.359744471217454, -20.427852191503622 ], [ -40.359796622312643, -20.427776402035079 ], [ -40.359848773358088, -20.427700612553199 ], [ -40.359850499271481, -20.427697466376085 ], [ -40.359851540897502, -20.427694063249884 ], [ -40.359851858207072, -20.427690533954838 ], [ -40.359851439006221, -20.427687014119762 ], [ -40.359850299404648, -20.427683639009949 ], [ -40.35984848319665, -20.427680538328964 ], [ -40.3598460601781, -20.42767783123421 ], [ -40.359843123464238, -20.427675621757793 ], [ -40.359601924872642, -20.427528139593925 ], [ -40.359601924327563, -20.427528139328214 ], [ -40.359521525373353, -20.427478978799204 ], [ -40.35944112599099, -20.427429817953595 ], [ -40.359360726660718, -20.42738065706919 ], [ -40.359280327380219, -20.427331496144486 ], [ -40.359199928149437, -20.427282335179466 ], [ -40.359119528968407, -20.427233174174162 ], [ -40.358998930291669, -20.427159432595698 ], [ -40.358757733305183, -20.427011949106618 ], [ -40.358754395777012, -20.427010322134102 ], [ -40.358750785666167, -20.427009340210258 ], [ -40.35874704170719, -20.427009041069866 ], [ -40.358743307778319, -20.427009436208731 ], [ -40.358739727372345, -20.427010510441889 ], [ -40.358736438082268, -20.427012222487161 ], [ -40.35873356631366, -20.427014506551632 ], [ -40.358731222427032, -20.427017274859939 ], [ -40.35867907102179, -20.427093064030696 ], [ -40.358626919566746, -20.427168853188135 ], [ -40.358574768061963, -20.427244642332173 ], [ -40.358522616507493, -20.427320431462803 ], [ -40.358470464903228, -20.427396220580121 ], [ -40.358418313255868, -20.427472009674396 ], [ -40.3584165873147, -20.427475155838813 ], [ -40.358415545657735, -20.427478558958107 ], [ -40.358415228315302, -20.427482088252351 ], [ -40.358415647482765, -20.427485608092759 ], [ -40.358416787051773, -20.427488983213827 ], [ -40.358418603229381, -20.427492083911538 ], [ -40.358421026220938, -20.427494791027801 ], [ -40.358423962912234, -20.427497000529648 ], [ -40.358665160427471, -20.427644484402286 ], [ -40.358785759356493, -20.427718226197946 ], [ -40.35886615870325, -20.42776738734651 ], [ -40.358946558099696, -20.427816548454782 ], [ -40.3590269575459, -20.427865709522742 ], [ -40.359107357041829, -20.42791487055041 ], [ -40.359187756585492, -20.427964031536533 ], [ -40.359268156152972, -20.428013192479771 ], [ -40.359268156223933, -20.428013192523871 ], [ -40.359509355312611, -20.42816067511751 ], [ -40.359512692873281, -20.428162302072518 ], [ -40.359516303014971, -20.428163283977806 ], [ -40.359520047001929, -20.428163583099302 ], [ -40.359523780954795, -20.428163187941944 ], [ -40.35952736137979, -20.428162113691386 ], [ -40.359530650683155, -20.428160401630539 ], [ -40.359533522458797, -20.428158117552911 ], [ -40.359535866345958, -20.428155349234373 ], [ -40.35958801763347, -20.428079559828952 ], [ -40.359640168877867, -20.428003770400551 ], [ -40.359692320072526, -20.427927980958792 ] ] ], [ [ [ -40.359557372382255, -20.425584261233279 ], [ -40.359609522878806, -20.425508471839745 ], [ -40.359661673325647, -20.425432682432813 ], [ -40.359713823722721, -20.425356893012566 ], [ -40.3597659740701, -20.425281103578875 ], [ -40.359767699961367, -20.425277957403168 ], [ -40.359768741576339, -20.425274554277362 ], [ -40.359769058886357, -20.425271024981683 ], [ -40.359768639697442, -20.42526750514498 ], [ -40.359767500118835, -20.425264130032613 ], [ -40.359765683943941, -20.425261029348224 ], [ -40.359763260967362, -20.425258322249352 ], [ -40.359760324302734, -20.425256112768277 ], [ -40.359519129702527, -20.425108630231872 ], [ -40.359519129157327, -20.4251086299661 ], [ -40.359438731533686, -20.425059469312981 ], [ -40.359358333481772, -20.425010308343232 ], [ -40.359277935481934, -20.424961147334692 ], [ -40.359197537531863, -20.42491198628581 ], [ -40.359117139631536, -20.424862825196655 ], [ -40.359036741780869, -20.424813664067198 ], [ -40.358916145099748, -20.424739922302546 ], [ -40.358674952104451, -20.424592438441152 ], [ -40.358671614630872, -20.424590811463609 ], [ -40.358668004577893, -20.424589829534565 ], [ -40.358664260677827, -20.424589530388985 ], [ -40.358660526806645, -20.424589925522895 ], [ -40.358656946454921, -20.424590999751498 ], [ -40.358653657213566, -20.424592711792815 ], [ -40.358650785486304, -20.424594995854047 ], [ -40.35864844163202, -20.424597764160001 ], [ -40.358596290924879, -20.424673553282538 ], [ -40.358544140167986, -20.424749342391774 ], [ -40.358491989361376, -20.424825131487612 ], [ -40.358439838505028, -20.42490092057005 ], [ -40.358387687598949, -20.424976709639129 ], [ -40.358335536649761, -20.425052498685222 ], [ -40.35833381073072, -20.425055644848232 ], [ -40.358332769084811, -20.425059047967139 ], [ -40.35833245174193, -20.425062577262011 ], [ -40.358332870897456, -20.42506609710404 ], [ -40.358334010443507, -20.425069472227666 ], [ -40.358335826588025, -20.42507257292878 ], [ -40.35833824953761, -20.42507528004915 ], [ -40.358341186179679, -20.425077489555655 ], [ -40.358582379704352, -20.425224973801047 ], [ -40.358702976637495, -20.425298715782695 ], [ -40.35878337465337, -20.425347877055131 ], [ -40.358863772719367, -20.425397038287503 ], [ -40.358944170835123, -20.425446199479616 ], [ -40.359024569000567, -20.425495360631409 ], [ -40.359104967213824, -20.425544521741745 ], [ -40.359185365450799, -20.425593682809058 ], [ -40.359185365521732, -20.425593682853201 ], [ -40.359426560618935, -20.425741165819286 ], [ -40.359429898124993, -20.425742792779321 ], [ -40.359433508208824, -20.425743774689817 ], [ -40.359437252136878, -20.425744073816496 ], [ -40.359440986032048, -20.425743678664102 ], [ -40.359444566402786, -20.425742604418115 ], [ -40.359447855657422, -20.425740892361205 ], [ -40.359450727391717, -20.42573860828681 ], [ -40.359453071246534, -20.425735839970635 ], [ -40.359505221835967, -20.425660050613466 ], [ -40.359557372382255, -20.425584261233279 ] ] ], [ [ [ -40.359548469588852, -20.423123766111367 ], [ -40.359600619337272, -20.423047976746407 ], [ -40.359652769035939, -20.422972187368085 ], [ -40.359704918684919, -20.422896397976384 ], [ -40.35970664455396, -20.422893251801881 ], [ -40.35970768615757, -20.422889848676373 ], [ -40.359708003467574, -20.422886319380066 ], [ -40.359707584289957, -20.422882799541838 ], [ -40.359706444733533, -20.422879424427101 ], [ -40.359704628590862, -20.422876323739594 ], [ -40.35970220565531, -20.422873616636981 ], [ -40.359699269038927, -20.422871407151682 ], [ -40.359458078354351, -20.422723924277708 ], [ -40.359458078255514, -20.422723924284863 ], [ -40.359458077809187, -20.422723924011951 ], [ -40.359377681490734, -20.422674763246285 ], [ -40.359297284744038, -20.422625602164068 ], [ -40.359216888049374, -20.422576441042995 ], [ -40.359136491404463, -20.422527279881617 ], [ -40.35905609480929, -20.42247811867999 ], [ -40.358975698263819, -20.42242895743804 ], [ -40.358855103540421, -20.422355215504655 ], [ -40.358613914460548, -20.422207731305861 ], [ -40.358610577040579, -20.422206104323767 ], [ -40.358606967044516, -20.422205122390022 ], [ -40.358603223202486, -20.422204823239781 ], [ -40.358599489388233, -20.422205218369232 ], [ -40.358595909090141, -20.422206292593781 ], [ -40.35859261989706, -20.42220800463156 ], [ -40.358589748210854, -20.422210288689943 ], [ -40.358587404388842, -20.422213056993833 ], [ -40.358535254380158, -20.422288846074476 ], [ -40.358483104321714, -20.422364635141761 ], [ -40.358430954213581, -20.422440424195699 ], [ -40.358378804055697, -20.422516213236197 ], [ -40.358326653848081, -20.422592002263389 ], [ -40.358274980168062, -20.422667098676531 ], [ -40.358274503597407, -20.422667791267546 ], [ -40.358272777700591, -20.422670937429348 ], [ -40.358271736066023, -20.422674340547957 ], [ -40.35827141872317, -20.422677869843469 ], [ -40.358271837867399, -20.422681389687039 ], [ -40.358272977391266, -20.422684764813042 ], [ -40.358274793503554, -20.422687865517272 ], [ -40.358277216412127, -20.422690572641393 ], [ -40.358280153005957, -20.422692782152126 ], [ -40.358521342614466, -20.422840266734411 ], [ -40.358524680046905, -20.422841893716296 ], [ -40.358525704850656, -20.422842172466122 ], [ -40.358642244420302, -20.422913540498293 ], [ -40.358722605829527, -20.422962753186788 ], [ -40.358802967288533, -20.423011965835045 ], [ -40.35888332879729, -20.423061178443032 ], [ -40.3589636903558, -20.423110391010777 ], [ -40.359044051964077, -20.423159603538249 ], [ -40.359124413600568, -20.423208816012274 ], [ -40.359124413669463, -20.423208816054458 ], [ -40.359124413948223, -20.423208816225166 ], [ -40.359365498942118, -20.423356453274536 ], [ -40.35936883673179, -20.423358082935241 ], [ -40.359372447735765, -20.423359067144688 ], [ -40.359376193065884, -20.423359368047752 ], [ -40.359379928667494, -20.423358974070965 ], [ -40.359383510860091, -20.423357900367645 ], [ -40.3593868018637, -20.423356188235086 ], [ -40.359389675098186, -20.423353903526145 ], [ -40.359392020051864, -20.423351134116366 ], [ -40.35944416994284, -20.42327534480118 ], [ -40.359496319790715, -20.423199555462951 ], [ -40.359548469588852, -20.423123766111367 ] ] ], [ [ [ -40.358932854353348, -20.430973895815065 ], [ -40.358932854675508, -20.430973896067144 ], [ -40.358932854744431, -20.43097389610929 ], [ -40.359174058188202, -20.431121379096783 ], [ -40.359177395812111, -20.431123006058133 ], [ -40.359181006023825, -20.431123987969556 ], [ -40.359184750084736, -20.43112428709669 ], [ -40.359188484112437, -20.431123891944246 ], [ -40.359192064610127, -20.431122817697723 ], [ -40.359195353981072, -20.431121105639882 ], [ -40.359198225816414, -20.431118821564244 ], [ -40.359200569753, -20.431116053246697 ], [ -40.35925272211739, -20.431040263901057 ], [ -40.359304874438635, -20.430964474532455 ], [ -40.359357026710136, -20.43088868515046 ], [ -40.359409178931898, -20.430812895755082 ], [ -40.359461331103894, -20.430737106346321 ], [ -40.359513483226173, -20.430661316924187 ], [ -40.359515209175811, -20.430658170749179 ], [ -40.359516250825131, -20.430654767624567 ], [ -40.359516568144173, -20.430651238330512 ], [ -40.359516148938589, -20.430647718495816 ], [ -40.359515009318272, -20.430644343385744 ], [ -40.359513193078229, -20.43064124270386 ], [ -40.359510770015561, -20.430638535607628 ], [ -40.359507833247221, -20.430636326129193 ], [ -40.359266630148745, -20.430488843792155 ], [ -40.359266629603667, -20.430488843526454 ], [ -40.359186229147198, -20.430439682939699 ], [ -40.359105828262571, -20.43039052203639 ], [ -40.359025427430048, -20.43034136109425 ], [ -40.358945026647312, -20.430292200111765 ], [ -40.358864625914279, -20.430243039089021 ], [ -40.358784225231055, -20.430193878025978 ], [ -40.358663624365605, -20.430120136400387 ], [ -40.35866362429703, -20.430120136358457 ], [ -40.358422423430369, -20.429972651780805 ], [ -40.358419085835479, -20.429971024789065 ], [ -40.358415475648016, -20.429970042848765 ], [ -40.358411731606338, -20.429969743695562 ], [ -40.358407997592757, -20.429970138825823 ], [ -40.358404417104204, -20.429971213054809 ], [ -40.358401127737714, -20.429972925100266 ], [ -40.358398255902593, -20.42997520916882 ], [ -40.358395911962567, -20.429977977484466 ], [ -40.358343758941956, -20.430053767524541 ], [ -40.358291606331981, -20.430129556574364 ], [ -40.358239453722653, -20.430205345692301 ], [ -40.358187301102141, -20.43028113473936 ], [ -40.358135148424651, -20.430356923785439 ], [ -40.358082996351676, -20.430432711864633 ], [ -40.358081270374861, -20.430435858025 ], [ -40.358080228694384, -20.430439261140616 ], [ -40.358079911341441, -20.430442790431801 ], [ -40.358080330511754, -20.43044631027005 ], [ -40.358081470096927, -20.430449685390091 ], [ -40.358083286303419, -20.43045278608809 ], [ -40.358085709335533, -20.430455493206093 ], [ -40.358088646077633, -20.430457702711148 ], [ -40.358329848046573, -20.430605187024632 ], [ -40.358450449152805, -20.430678929017141 ], [ -40.358530849952466, -20.430728090295094 ], [ -40.358611250801879, -20.430777251532742 ], [ -40.358691651701058, -20.430826412730095 ], [ -40.358772052649989, -20.430875573887157 ], [ -40.358852453648652, -20.430924735003885 ], [ -40.358932853908954, -20.430973895598409 ], [ -40.358932854353348, -20.430973895815065 ] ] ], [ [ [ -40.359316830393695, -20.428473664678499 ], [ -40.359368981896772, -20.428397875319625 ], [ -40.359421133350089, -20.428322085947414 ], [ -40.359473284753662, -20.428246296561781 ], [ -40.359475010680313, -20.428243150387807 ], [ -40.359476052317639, -20.42823974726338 ], [ -40.359476369636148, -20.428236217968678 ], [ -40.359475950441514, -20.428232698132522 ], [ -40.359474810843203, -20.428229323020219 ], [ -40.359472994635375, -20.428226222335439 ], [ -40.359470571613905, -20.428223515235736 ], [ -40.359467634894152, -20.428221305753407 ], [ -40.359226435743345, -20.428073823106089 ], [ -40.359226435198629, -20.428073822840549 ], [ -40.359146036057673, -20.428024662150147 ], [ -40.359065636488886, -20.427975501143415 ], [ -40.358985236972245, -20.427926340097859 ], [ -40.358904837505349, -20.427877179012008 ], [ -40.358824438088206, -20.42782801788583 ], [ -40.358744038720737, -20.42777885671936 ], [ -40.358623439760478, -20.427705114896742 ], [ -40.358382242218816, -20.427557630926632 ], [ -40.358378904681999, -20.427556003947458 ], [ -40.358375294560091, -20.427555022016477 ], [ -40.358371550588053, -20.427554722868727 ], [ -40.35836781664463, -20.42755511800031 ], [ -40.358364236223167, -20.427556192226547 ], [ -40.358360946917259, -20.427557904265502 ], [ -40.358358075133097, -20.427560188324509 ], [ -40.358355731231768, -20.427562956628449 ], [ -40.358303579468355, -20.427638745702907 ], [ -40.358251427655212, -20.427714534764021 ], [ -40.358199275792337, -20.427790323811749 ], [ -40.358147123879682, -20.42786611284609 ], [ -40.358094971917311, -20.427941901867086 ], [ -40.358042819911816, -20.428017690865087 ], [ -40.358041093957389, -20.428020837026349 ], [ -40.358040052289105, -20.428024240143866 ], [ -40.358039734937748, -20.428027769437765 ], [ -40.35804015409898, -20.428031289279264 ], [ -40.358041293664733, -20.428034664402816 ], [ -40.358043109842164, -20.42803776510431 ], [ -40.358045532836634, -20.428040472225533 ], [ -40.358048469533834, -20.428042681733295 ], [ -40.35828966760819, -20.428190166089415 ], [ -40.358410266816861, -20.428263908126834 ], [ -40.358490666349901, -20.42831306943653 ], [ -40.358571065932793, -20.428362230705968 ], [ -40.358651465565352, -20.428411391935111 ], [ -40.358731865247684, -20.428460553123919 ], [ -40.358812264977765, -20.428509714271218 ], [ -40.358892664731634, -20.428558875375614 ], [ -40.358892664802575, -20.428558875419718 ], [ -40.359133864450456, -20.428706358496832 ], [ -40.359137202019767, -20.428707985458498 ], [ -40.359140812172534, -20.428708967370927 ], [ -40.359144556172559, -20.42870926649978 ], [ -40.35914829013997, -20.428708871349695 ], [ -40.359151870580462, -20.428707797106085 ], [ -40.359155159899657, -20.428706085051527 ], [ -40.359158031690846, -20.428703800979353 ], [ -40.359160375592708, -20.428701032665199 ], [ -40.359212527238356, -20.428625243356091 ], [ -40.359264678840916, -20.428549454023958 ], [ -40.359316830393695, -20.428473664678499 ] ] ], [ [ [ -40.359338339734443, -20.42590257643003 ], [ -40.359390490439871, -20.425826787092657 ], [ -40.359392216344396, -20.42582364092009 ], [ -40.359393257970673, -20.42582023779606 ], [ -40.359393575289637, -20.425816708500733 ], [ -40.359393156106933, -20.425813188662939 ], [ -40.359392016531586, -20.425809813548085 ], [ -40.359390200356863, -20.425806712859895 ], [ -40.359387777377364, -20.425804005756081 ], [ -40.359384840706852, -20.425801796269091 ], [ -40.359143645547526, -20.425654313249275 ], [ -40.359143645002341, -20.425654312983507 ], [ -40.359063247192331, -20.425605152169247 ], [ -40.358982848954021, -20.425555991038372 ], [ -40.358902450767843, -20.425506829868684 ], [ -40.35882205263141, -20.425457668658701 ], [ -40.35874165454468, -20.425408507408367 ], [ -40.358661256507681, -20.425359346117801 ], [ -40.358540659547025, -20.425285604111423 ], [ -40.358299465992651, -20.425138119766608 ], [ -40.358296128510425, -20.425136492782396 ], [ -40.358292518446376, -20.425135510846211 ], [ -40.35828877453325, -20.425135211693284 ], [ -40.358285040647516, -20.425135606819904 ], [ -40.358281460280303, -20.42513668104159 ], [ -40.358278171023123, -20.425138393076594 ], [ -40.358275299280308, -20.425140677132379 ], [ -40.35827295541133, -20.425143445433957 ], [ -40.358220804346118, -20.425219234460226 ], [ -40.358168653231147, -20.425295023473172 ], [ -40.358116502066466, -20.425370812472675 ], [ -40.358064350852032, -20.425446601458873 ], [ -40.35801219958789, -20.425522390431631 ], [ -40.357960048280603, -20.425598179381442 ], [ -40.35795832234831, -20.425601325541315 ], [ -40.357957280691082, -20.425604728658438 ], [ -40.357956963339277, -20.425608257952959 ], [ -40.357957382488578, -20.425611777796082 ], [ -40.357958522031375, -20.425615152922198 ], [ -40.357960338175708, -20.425618253627103 ], [ -40.357962761128206, -20.425620960752422 ], [ -40.357965697776173, -20.425623170264846 ], [ -40.358206891859226, -20.425770654993219 ], [ -40.358327489072586, -20.425844397217041 ], [ -40.358407887274808, -20.425893558650603 ], [ -40.358488285527173, -20.425942720044134 ], [ -40.35856868382929, -20.425991881397369 ], [ -40.358649082181131, -20.426041042710306 ], [ -40.358729480580685, -20.426090203981744 ], [ -40.35880987900407, -20.426139365210275 ], [ -40.358809879075032, -20.426139365254354 ], [ -40.35905107473134, -20.426286848703882 ], [ -40.359054412246053, -20.426288475670574 ], [ -40.359058022340953, -20.426289457588219 ], [ -40.359061766282061, -20.426289756722248 ], [ -40.35906550019179, -20.426289361577126 ], [ -40.359069080578024, -20.426288287338068 ], [ -40.359072369848484, -20.426286575287474 ], [ -40.35907524159834, -20.426284291218515 ], [ -40.359077585467837, -20.426281522906727 ], [ -40.359129736415348, -20.426205733645844 ], [ -40.359181887319707, -20.426129944361939 ], [ -40.359234038174357, -20.426054155064691 ], [ -40.359286188979262, -20.425978365754048 ], [ -40.359338339734443, -20.42590257643003 ] ] ], [ [ [ -40.359225140147124, -20.423593659843583 ], [ -40.359277290203856, -20.423517870561493 ], [ -40.359329440210843, -20.423442081266042 ], [ -40.359331166093128, -20.423438935094676 ], [ -40.359332207708057, -20.423435531970949 ], [ -40.359332525026986, -20.423432002674989 ], [ -40.359332105855593, -20.423428482835668 ], [ -40.35933096630243, -20.423425107718444 ], [ -40.35932915015993, -20.423422007027142 ], [ -40.35932672722145, -20.42341929991959 ], [ -40.359323790599177, -20.423417090428373 ], [ -40.35908259935556, -20.423269607071088 ], [ -40.359082598810716, -20.42326960680548 ], [ -40.359002202305589, -20.423220445878538 ], [ -40.358921805372532, -20.423171284635217 ], [ -40.35884140849155, -20.423122123353021 ], [ -40.358761011660306, -20.423072962030552 ], [ -40.358680614878786, -20.423023800667771 ], [ -40.358600218146996, -20.422974639264726 ], [ -40.358479623144099, -20.422900897089665 ], [ -40.358238433505235, -20.422753412407527 ], [ -40.358235096076619, -20.422751785418768 ], [ -40.358231486069492, -20.422750803477886 ], [ -40.35822774221441, -20.422750504320302 ], [ -40.358224008385598, -20.422750899442466 ], [ -40.358220428072023, -20.422751973660091 ], [ -40.358217138863118, -20.422753685691561 ], [ -40.358214267161358, -20.422755969744497 ], [ -40.35821192332466, -20.422758738044006 ], [ -40.358159772957933, -20.422834527028396 ], [ -40.358155668472818, -20.422840491982992 ], [ -40.358107622541482, -20.422910315999388 ], [ -40.358055472075314, -20.422986104957008 ], [ -40.358022987431632, -20.423033314027364 ], [ -40.358003321559401, -20.423061893901295 ], [ -40.35798704904721, -20.423085542288735 ], [ -40.357951170993765, -20.423137682832181 ], [ -40.357899020385027, -20.423213471740077 ], [ -40.357897294474974, -20.423216617898746 ], [ -40.3578962528291, -20.423220021015577 ], [ -40.357895935477323, -20.42322355031073 ], [ -40.357896354615328, -20.423227070155377 ], [ -40.357897494135948, -20.423230445283853 ], [ -40.357899310248058, -20.423233545991874 ], [ -40.357901733159544, -20.423236253120937 ], [ -40.357904669759264, -20.423238462637578 ], [ -40.358145859926744, -20.423385947703235 ], [ -40.358266455182303, -20.423459690095711 ], [ -40.358346852079322, -20.423508851641724 ], [ -40.358427249026484, -20.423558013147701 ], [ -40.358507646023369, -20.423607174613423 ], [ -40.358588043069972, -20.423656336038789 ], [ -40.358668440164301, -20.423705497422716 ], [ -40.358748837282398, -20.423754658763698 ], [ -40.358748837353346, -20.423754658807791 ], [ -40.358990029093889, -20.423902142594738 ], [ -40.358993366554976, -20.423903769565978 ], [ -40.358996976592948, -20.423904751488308 ], [ -40.359000720476018, -20.42390505062701 ], [ -40.359004454328812, -20.423904655486343 ], [ -40.3590080346614, -20.423903581251349 ], [ -40.359011323883593, -20.423901869204283 ], [ -40.35901419559238, -20.423899585138184 ], [ -40.359016539429611, -20.423896816828456 ], [ -40.359068689678637, -20.423821027609531 ], [ -40.35912083988454, -20.423745238367566 ], [ -40.359172990040683, -20.423669449112229 ], [ -40.359225140147124, -20.423593659843583 ] ] ], [ [ [ -40.35926839395097, -20.421057374523755 ], [ -40.359320543201093, -20.420981585268677 ], [ -40.359322269059291, -20.420978439098075 ], [ -40.359323310661274, -20.420975035974376 ], [ -40.359323627978917, -20.420971506677738 ], [ -40.359323208817926, -20.420967986837045 ], [ -40.359322069286478, -20.420964611717807 ], [ -40.359320253176151, -20.420961511023922 ], [ -40.359317830279082, -20.420958803913329 ], [ -40.35931489370585, -20.420956594418719 ], [ -40.359073706454097, -20.420809110792465 ], [ -40.359070367000612, -20.420807483044864 ], [ -40.359066754734272, -20.420806501133914 ], [ -40.35906300863553, -20.420806202838197 ], [ -40.359059272834017, -20.420806599634545 ], [ -40.359055691063148, -20.420807676256381 ], [ -40.359052401130107, -20.420809391281114 ], [ -40.359049529613735, -20.420811678723886 ], [ -40.359047186994481, -20.420814450576252 ], [ -40.358995112080223, -20.420890285268317 ], [ -40.358995089818137, -20.420890325937503 ], [ -40.358995059881124, -20.420890361704647 ], [ -40.358943420602401, -20.42096639782169 ], [ -40.358891296172047, -20.421042137269179 ], [ -40.358839140201383, -20.421117922460752 ], [ -40.358786984180995, -20.421193707638942 ], [ -40.358734828110876, -20.421269492803745 ], [ -40.358682671997663, -20.421345277945566 ], [ -40.358680945782226, -20.421348424148587 ], [ -40.358679903874396, -20.421351827378889 ], [ -40.358679586318225, -20.421355356838877 ], [ -40.358680005318526, -20.421358876879509 ], [ -40.358681144771744, -20.421362252213783 ], [ -40.358682960884906, -20.421365353116208 ], [ -40.358685383858692, -20.421368060408646 ], [ -40.35868832057006, -20.421370270040718 ], [ -40.358928987425884, -20.421517435596385 ], [ -40.358932324833376, -20.42151906257218 ], [ -40.358935934814433, -20.421520044499214 ], [ -40.358939678639459, -20.42152034364258 ], [ -40.358943412435323, -20.421519948506361 ], [ -40.358946992714294, -20.421518874275442 ], [ -40.358950281888205, -20.4215171622319 ], [ -40.358953153555944, -20.421514878168654 ], [ -40.358955497360903, -20.421512109860998 ], [ -40.359007646911543, -20.42143632068397 ], [ -40.359059796419054, -20.42136053148397 ], [ -40.359111945876847, -20.421284742270576 ], [ -40.359164095284939, -20.421208953043859 ], [ -40.359216244643321, -20.421133163803713 ], [ -40.35926839395097, -20.421057374523755 ] ] ], [ [ [ -40.358743695060973, -20.431775156759038 ], [ -40.358743275868498, -20.431771636922235 ], [ -40.358742136255231, -20.431768261807104 ], [ -40.358740320015933, -20.431765161117397 ], [ -40.358737896947659, -20.431762454010858 ], [ -40.358734960167567, -20.431760244520031 ], [ -40.358493757607704, -20.431612762183928 ], [ -40.358493757062718, -20.431612761918263 ], [ -40.358413356220169, -20.431563600998555 ], [ -40.358332954951464, -20.431514439763543 ], [ -40.358252553734808, -20.431465278489615 ], [ -40.358172152568009, -20.431416117175448 ], [ -40.358091751450857, -20.431366955820913 ], [ -40.358011350383514, -20.431317794426128 ], [ -40.357890748877324, -20.431244052263395 ], [ -40.357715444885791, -20.431136861756038 ], [ -40.357649546232075, -20.431096567605817 ], [ -40.357649476295165, -20.431096533513582 ], [ -40.357649414716676, -20.431096487906316 ], [ -40.35764941308279, -20.431096486925018 ], [ -40.357647679731002, -20.431095657739991 ], [ -40.357646208623329, -20.431094940617111 ], [ -40.357646143753804, -20.431094922973202 ], [ -40.357646079717284, -20.431094892339996 ], [ -40.357644123172967, -20.431094373394039 ], [ -40.357642598421066, -20.43109395867571 ], [ -40.357642542849746, -20.431093954235436 ], [ -40.357642481413535, -20.431093937940346 ], [ -40.357640341854641, -20.431093778370993 ], [ -40.357638854363344, -20.431093659517085 ], [ -40.357638810481916, -20.431093664160443 ], [ -40.357638755024468, -20.431093660024398 ], [ -40.357636471913537, -20.431093911618657 ], [ -40.357635120332169, -20.431094054637718 ], [ -40.357635089131634, -20.43109406399843 ], [ -40.35763504227441, -20.431094069162008 ], [ -40.35763264417735, -20.431094797527937 ], [ -40.35763153982429, -20.431095128853354 ], [ -40.357631520926454, -20.431095138689127 ], [ -40.357631484368959, -20.431095149792615 ], [ -40.357628960737124, -20.431096471192078 ], [ -40.357628250436612, -20.43109684088251 ], [ -40.357628242228714, -20.431096847410426 ], [ -40.35762821662459, -20.431096860817011 ], [ -40.357625401346496, -20.431099106824934 ], [ -40.357625378578476, -20.431099124932846 ], [ -40.357625378431663, -20.431099125106229 ], [ -40.357625363322192, -20.431099137160452 ], [ -40.357623032980356, -20.431101892247629 ], [ -40.35731011293462, -20.431556625452352 ], [ -40.357308407316005, -20.431559723568018 ], [ -40.357308396628142, -20.431559757929097 ], [ -40.357308388551495, -20.431559772651191 ], [ -40.357308171948695, -20.431560480265205 ], [ -40.357307365484573, -20.431563073017404 ], [ -40.357307359487905, -20.431563134472018 ], [ -40.357307346847918, -20.431563175765238 ], [ -40.357307245687771, -20.431564300709042 ], [ -40.357307026321656, -20.431566548798646 ], [ -40.357307035724133, -20.431566635593803 ], [ -40.35730702947761, -20.431566705057769 ], [ -40.357307181960941, -20.431567985518864 ], [ -40.357307402484899, -20.431570021195135 ], [ -40.357307437186961, -20.431570128749765 ], [ -40.357307448636995, -20.431570224900042 ], [ -40.357307889348895, -20.431571530167819 ], [ -40.357308479935888, -20.431573360616582 ], [ -40.357308548302264, -20.431573481806911 ], [ -40.357308588218039, -20.431573600026489 ], [ -40.357309313733694, -20.431574838656346 ], [ -40.35731021846405, -20.431576442435343 ], [ -40.357310326696741, -20.431576568028063 ], [ -40.357310404427345, -20.431576700732904 ], [ -40.357311389476656, -20.431577801273015 ], [ -40.357312553187327, -20.431579151637525 ], [ -40.357312704828345, -20.431579270841333 ], [ -40.357312827469016, -20.431579407860841 ], [ -40.357314031651228, -20.4315803138463 ], [ -40.35731539697354, -20.431581387115344 ], [ -40.357315398595595, -20.431581388157692 ], [ -40.357315590564006, -20.431581486718862 ], [ -40.357315764226946, -20.431581617376899 ], [ -40.357556967401713, -20.431729102418604 ], [ -40.357677569159527, -20.431802844798177 ], [ -40.357757970392619, -20.431852006336264 ], [ -40.357838371675399, -20.431901167834077 ], [ -40.357918773007945, -20.431950329291556 ], [ -40.357999174390258, -20.431999490708741 ], [ -40.358079575826892, -20.432048652088422 ], [ -40.358160361692221, -20.43209804842466 ], [ -40.358401180413239, -20.432245296165714 ], [ -40.358404518054407, -20.432246923137047 ], [ -40.358408128287479, -20.432247905060034 ], [ -40.358411872373189, -20.432248204199933 ], [ -40.358415606428373, -20.432247809060943 ], [ -40.358419186955338, -20.432246734828063 ], [ -40.358422476356388, -20.432245022783452 ], [ -40.358425348221672, -20.43224273872007 ], [ -40.358427692187021, -20.432239970413203 ], [ -40.358479845277699, -20.432164181289476 ], [ -40.358531998340027, -20.432088392121269 ], [ -40.358584151352602, -20.432012602939668 ], [ -40.358636304315411, -20.431936813744727 ], [ -40.358688457228496, -20.431861024536371 ], [ -40.358740610073497, -20.431785235341241 ], [ -40.358742336050518, -20.43178208917292 ], [ -40.3587433777233, -20.431778686052184 ], [ -40.358743695060973, -20.431775156759038 ] ] ], [ [ [ -40.358779666546923, -20.429251767817679 ], [ -40.358782538353672, -20.429249483750951 ], [ -40.358784882270214, -20.429246715441174 ], [ -40.358837034274039, -20.429170926228359 ], [ -40.358889186234741, -20.429095136992558 ], [ -40.358941338145684, -20.429019347743417 ], [ -40.358993490006895, -20.428943558480828 ], [ -40.359045641818362, -20.428867769204885 ], [ -40.359097793580062, -20.428791979915569 ], [ -40.35909951951998, -20.428788833744729 ], [ -40.359100561168617, -20.428785430622085 ], [ -40.359100878496065, -20.428781901327735 ], [ -40.359100459307655, -20.428778381490492 ], [ -40.359099319712605, -20.428775006375698 ], [ -40.359097503504948, -20.428771905687125 ], [ -40.359095080480564, -20.428769198582472 ], [ -40.359092143754907, -20.428766989094228 ], [ -40.358850944044903, -20.428619505963393 ], [ -40.358850943499931, -20.428619505697736 ], [ -40.358770544172835, -20.428570344846335 ], [ -40.3586901444177, -20.42852118367848 ], [ -40.358609744714634, -20.428472022471695 ], [ -40.35852934506137, -20.428422861224664 ], [ -40.358448945457766, -20.428373699937328 ], [ -40.358368545903971, -20.428324538609701 ], [ -40.358247946664136, -20.428250796545338 ], [ -40.358006748563355, -20.428103312091753 ], [ -40.35800341101789, -20.428101685105919 ], [ -40.357999800884912, -20.428100703167789 ], [ -40.357996056899808, -20.428100404012689 ], [ -40.357992322941833, -20.428100799136992 ], [ -40.35798874250488, -20.428101873356294 ], [ -40.35798545318314, -20.42810358538895 ], [ -40.357982581383425, -20.428105869442515 ], [ -40.357980237467402, -20.428108637742071 ], [ -40.357928085345847, -20.428184426720215 ], [ -40.357875933174533, -20.428260215685018 ], [ -40.357823780953503, -20.428336004636417 ], [ -40.357771628682734, -20.42841179357444 ], [ -40.357719476362206, -20.428487582499081 ], [ -40.357667323998555, -20.428563371400713 ], [ -40.35766559803087, -20.428566517558838 ], [ -40.357664556351274, -20.428569920674587 ], [ -40.357664238990964, -20.42857344996813 ], [ -40.357664658145978, -20.42857696981071 ], [ -40.357665797708471, -20.428580344936755 ], [ -40.357667613885738, -20.428583445642058 ], [ -40.357670036883121, -20.428586152768219 ], [ -40.357672973586212, -20.428588362281907 ], [ -40.357914172219715, -20.428735847121576 ], [ -40.358009638392943, -20.428794221289536 ], [ -40.358034771707871, -20.428809589400711 ], [ -40.358115171427386, -20.428858750871676 ], [ -40.358195571196624, -20.428907912302254 ], [ -40.358275971015594, -20.428957073692544 ], [ -40.358356370884316, -20.429006235042554 ], [ -40.358436770800793, -20.429055396351043 ], [ -40.358459835513763, -20.429069499484154 ], [ -40.358517170741031, -20.429104557616565 ], [ -40.358517170811972, -20.429104557660693 ], [ -40.35875837101905, -20.429252041221318 ], [ -40.358761708597015, -20.429253668189638 ], [ -40.358765318760852, -20.429254650109211 ], [ -40.358769062773938, -20.429254949245415 ], [ -40.358772796755915, -20.429254554102613 ], [ -40.358776377211896, -20.429253479865924 ], [ -40.358779666546923, -20.429251767817679 ] ] ], [ [ [ -40.358858551052307, -20.426599837694603 ], [ -40.358910702215304, -20.426524048480253 ], [ -40.358962853328585, -20.426448259252535 ], [ -40.359015004392127, -20.426372470011454 ], [ -40.359016730309897, -20.426369323842025 ], [ -40.359017771947492, -20.426365920719775 ], [ -40.359018089275388, -20.426362391424796 ], [ -40.359017670098915, -20.426358871585911 ], [ -40.359016530526816, -20.42635549646857 ], [ -40.35901471435227, -20.426352395776593 ], [ -40.359012291369858, -20.42634968866782 ], [ -40.359009354693434, -20.426347479174911 ], [ -40.358768158974975, -20.42619999567167 ], [ -40.358768158429747, -20.426199995405877 ], [ -40.358687760433391, -20.42615083443048 ], [ -40.358607362008726, -20.426101673138469 ], [ -40.358526963636194, -20.426052511807629 ], [ -40.358446565313379, -20.426003350436474 ], [ -40.358366167040295, -20.425954189025045 ], [ -40.358285768816963, -20.425905027573336 ], [ -40.358165171576772, -20.42583128532528 ], [ -40.357923977463336, -20.425683800496984 ], [ -40.357920639972455, -20.425682173506122 ], [ -40.357917029897344, -20.425681191562791 ], [ -40.357913285971151, -20.425680892402518 ], [ -40.357909552070858, -20.425681287521858 ], [ -40.357905971688155, -20.425682361736616 ], [ -40.357902682415158, -20.425684073765318 ], [ -40.357899810656775, -20.42568635781566 ], [ -40.357897466773125, -20.425689126112857 ], [ -40.357845315349842, -20.425764915042837 ], [ -40.357793163876771, -20.425840703959441 ], [ -40.357741012353991, -20.425916492862665 ], [ -40.357688860781465, -20.425992281752528 ], [ -40.357636709159237, -20.426068070628993 ], [ -40.357584557493844, -20.426143859482526 ], [ -40.357582831548292, -20.426147005639251 ], [ -40.357581789879745, -20.426150408754594 ], [ -40.357581472519001, -20.426153938048767 ], [ -40.357581891662086, -20.426157457892977 ], [ -40.357583031201621, -20.42616083302158 ], [ -40.357584847345784, -20.42616393373028 ], [ -40.357587270301202, -20.426166640860547 ], [ -40.357590206955059, -20.42616885037889 ], [ -40.357831401597146, -20.426316335590716 ], [ -40.357951999089593, -20.426390078055974 ], [ -40.358032397478652, -20.42643923965095 ], [ -40.358112795917357, -20.426488401205631 ], [ -40.358193194405807, -20.426537562719997 ], [ -40.35827359294403, -20.42658672419412 ], [ -40.358353991529945, -20.426635885626684 ], [ -40.358434390139692, -20.426685047016374 ], [ -40.358434390210647, -20.426685047060484 ], [ -40.358675586426081, -20.426832530993433 ], [ -40.358678923949441, -20.426834157966788 ], [ -40.358682534055404, -20.426835139891562 ], [ -40.358686278009579, -20.426835439032949 ], [ -40.358690011933859, -20.426835043895114 ], [ -40.358693592335584, -20.426833969662972 ], [ -40.358696881621874, -20.426832257618685 ], [ -40.358699753387285, -20.426829973555183 ], [ -40.358702097271475, -20.426827205247761 ], [ -40.358754248577092, -20.426751416083164 ], [ -40.358806399839573, -20.426675626895562 ], [ -40.358858551052307, -20.426599837694603 ] ] ], [ [ [ -40.358797507734621, -20.424215131309907 ], [ -40.358849658199134, -20.424139342137472 ], [ -40.358901808613886, -20.424063552951704 ], [ -40.358953958978915, -20.423987763752553 ], [ -40.358955684874452, -20.42398461758432 ], [ -40.358956726500693, -20.423981214462362 ], [ -40.358957043828568, -20.423977685166758 ], [ -40.358956624663385, -20.423974165326353 ], [ -40.358955485113476, -20.423970790206639 ], [ -40.358953668971154, -20.423967689511553 ], [ -40.358951246029761, -20.423964982399035 ], [ -40.358948309401597, -20.423962772901898 ], [ -40.358707117598946, -20.423815289061235 ], [ -40.358707117053903, -20.423815288795524 ], [ -40.358626720362615, -20.423766127707591 ], [ -40.358546323243196, -20.42371696630309 ], [ -40.358465926175882, -20.423667804859779 ], [ -40.358385529158298, -20.42361864337617 ], [ -40.358305132190445, -20.423569481852304 ], [ -40.358224735272323, -20.42352032028813 ], [ -40.35810413998599, -20.423446577868976 ], [ -40.3578629497921, -20.42329909270585 ], [ -40.357859612354837, -20.423297465710441 ], [ -40.357856002336646, -20.423296483762414 ], [ -40.35785225846849, -20.423296184597476 ], [ -40.357848524625133, -20.423296579712364 ], [ -40.357844944296069, -20.423297653923061 ], [ -40.357841655071347, -20.423299365948239 ], [ -40.357838783354026, -20.423301649995729 ], [ -40.357836439502648, -20.423304418290861 ], [ -40.3577842887779, -20.423380207178955 ], [ -40.357732138003399, -20.423455996053686 ], [ -40.357679987179189, -20.423531784915042 ], [ -40.357627836305234, -20.423607573763 ], [ -40.357575685381548, -20.423683362597597 ], [ -40.357523534414774, -20.423759151409222 ], [ -40.357521808491462, -20.423762297564735 ], [ -40.357520766834277, -20.423765700679787 ], [ -40.357520449473562, -20.423769229974599 ], [ -40.357520868605356, -20.423772749820337 ], [ -40.357522008122707, -20.423776124951299 ], [ -40.357523824234647, -20.423779225663111 ], [ -40.357526247149046, -20.423781932797116 ], [ -40.357529183754664, -20.423784142319686 ], [ -40.357770374481106, -20.423931627868729 ], [ -40.357890970015745, -20.424005370502634 ], [ -40.357971367099509, -20.424054532210054 ], [ -40.358051764232933, -20.424103693877118 ], [ -40.358132161416208, -20.424152855503944 ], [ -40.358212558649136, -20.424202017090497 ], [ -40.358292955929826, -20.424251178635515 ], [ -40.358373353234263, -20.424300340137641 ], [ -40.358373353305211, -20.424300340181745 ], [ -40.358614545604809, -20.424447824452063 ], [ -40.358617883074558, -20.424449451429957 ], [ -40.358621493123593, -20.424450433359429 ], [ -40.358625237019723, -20.42445073250548 ], [ -40.358628970887068, -20.424450337372093 ], [ -40.358632551235154, -20.424449263144016 ], [ -40.358635840473156, -20.42444755110326 ], [ -40.358638712197504, -20.424445267042611 ], [ -40.358641056049414, -20.424442498737264 ], [ -40.358693206656476, -20.42436670961461 ], [ -40.358745357220435, -20.424290920468938 ], [ -40.358797507734621, -20.424215131309907 ] ] ], [ [ [ -40.358789294811629, -20.421753629891061 ], [ -40.358840971387345, -20.421678532024092 ], [ -40.358893124457026, -20.421602741617676 ], [ -40.358894850404653, -20.421599595486889 ], [ -40.358895892099923, -20.421596192387099 ], [ -40.358896209511137, -20.421592663097524 ], [ -40.3588957904404, -20.421589143246791 ], [ -40.358894650992404, -20.421585768100798 ], [ -40.358892834955554, -20.421582667364472 ], [ -40.358890412119145, -20.421579960197359 ], [ -40.358887475591416, -20.421577750634341 ], [ -40.358646796971293, -20.421430570690042 ], [ -40.358643459786101, -20.421428943705735 ], [ -40.358639850032084, -20.421427961695411 ], [ -40.358636106415844, -20.42142766239331 ], [ -40.358632372787703, -20.421428057300272 ], [ -40.358628792614184, -20.421429131241801 ], [ -40.358625503465241, -20.421430842951153 ], [ -40.358622631728089, -20.421433126655064 ], [ -40.358620287750682, -20.421435894601039 ], [ -40.358568128117888, -20.421511680972944 ], [ -40.358516444987984, -20.421586774793848 ], [ -40.358464285259195, -20.421662561134646 ], [ -40.358412125488449, -20.421738347450834 ], [ -40.358359974390183, -20.421814121092105 ], [ -40.358359970025788, -20.421814127421833 ], [ -40.358359965667958, -20.421814133753582 ], [ -40.358307199204638, -20.421890661268247 ], [ -40.358305468968261, -20.421893808774769 ], [ -40.358304423970935, -20.421897214180692 ], [ -40.358304104441189, -20.421900746390609 ], [ -40.358304522679767, -20.421904269427625 ], [ -40.358305662586105, -20.42190764766795 ], [ -40.358307480278107, -20.421910751061933 ], [ -40.358309905781432, -20.421913460140473 ], [ -40.358312845723255, -20.421915670614126 ], [ -40.358553702475056, -20.422062813357275 ], [ -40.358557039625609, -20.422064438604174 ], [ -40.35856064893914, -20.422065419077875 ], [ -40.358564391791504, -20.422065717120987 ], [ -40.358568124429731, -20.422065321286485 ], [ -40.358571703493119, -20.42206424677731 ], [ -40.358574991519383, -20.422062534862508 ], [ -40.358577862224216, -20.422060251292159 ], [ -40.358580205351508, -20.422057483772111 ], [ -40.358632835187493, -20.421981000946012 ], [ -40.358684988445276, -20.421905210607697 ], [ -40.358737141653307, -20.421829420256078 ], [ -40.358789294811629, -20.421753629891061 ] ] ], [ [ [ -40.358317237877451, -20.429925671548403 ], [ -40.358318279547554, -20.429922268430413 ], [ -40.358318596892062, -20.429918739138145 ], [ -40.358318177715645, -20.429915219300195 ], [ -40.358317038127062, -20.429911844181859 ], [ -40.358315221920058, -20.429908743486902 ], [ -40.358312798890431, -20.429906036373186 ], [ -40.35830986215376, -20.429903826873449 ], [ -40.358068661336119, -20.429756342749798 ], [ -40.358068660790828, -20.429756342483987 ], [ -40.357988261074802, -20.429707181296209 ], [ -40.357907860931412, -20.429658019792413 ], [ -40.357827460840156, -20.429608858249793 ], [ -40.357747060798637, -20.429559696666836 ], [ -40.357666660806913, -20.429510535043637 ], [ -40.357586260864835, -20.429461373380086 ], [ -40.357465661046653, -20.429387630814276 ], [ -40.357224461777314, -20.429240145350537 ], [ -40.357221124213837, -20.429238518350822 ], [ -40.357217514057801, -20.429237536397803 ], [ -40.357213770045483, -20.429237237227383 ], [ -40.357210036057175, -20.429237632336513 ], [ -40.357206455587942, -20.429238706541369 ], [ -40.357203166233226, -20.429240418560873 ], [ -40.357200294401089, -20.429242702603077 ], [ -40.357197950454463, -20.429245470893516 ], [ -40.357145797586611, -20.429321259670882 ], [ -40.357093644669007, -20.429397048434911 ], [ -40.357041491681812, -20.429472837214416 ], [ -40.356989338684556, -20.429548625922806 ], [ -40.35693718562046, -20.42962441464266 ], [ -40.356885032522314, -20.429700203282479 ], [ -40.356883306526079, -20.429703349433741 ], [ -40.356882264821941, -20.429706752545638 ], [ -40.356881947442069, -20.429710281838492 ], [ -40.356882366583228, -20.429713801683565 ], [ -40.356883506138125, -20.429717176815149 ], [ -40.356885322314326, -20.429720277528858 ], [ -40.356887745317223, -20.429722984665936 ], [ -40.356890682032194, -20.429725194192624 ], [ -40.357131881818454, -20.429872680101102 ], [ -40.357252481892772, -20.429946422886491 ], [ -40.357332882000037, -20.429995584693057 ], [ -40.357413282157495, -20.430044746459615 ], [ -40.357493682364677, -20.430093908185793 ], [ -40.357574082621603, -20.430143069871715 ], [ -40.357654482926286, -20.430192231516102 ], [ -40.357734883254786, -20.430241393117594 ], [ -40.357734883328114, -20.430241393163151 ], [ -40.357976084654673, -20.430388877655599 ], [ -40.35797942225048, -20.43039050463717 ], [ -40.357983032437048, -20.430391486571128 ], [ -40.357986776476928, -20.430391785722314 ], [ -40.357990510488754, -20.430391390594497 ], [ -40.357994090976518, -20.43039031637224 ], [ -40.357997380344095, -20.430388604337303 ], [ -40.35800025218294, -20.430386320282242 ], [ -40.3580025961299, -20.430383551981986 ], [ -40.358054748860205, -20.430307763006081 ], [ -40.358106901624346, -20.430231974022419 ], [ -40.358159054290041, -20.430156184961724 ], [ -40.358211206897593, -20.43008039589991 ], [ -40.358263359455378, -20.430004606824713 ], [ -40.358315511912458, -20.429928817712291 ], [ -40.358317237877451, -20.429925671548403 ] ] ], [ [ [ -40.358534551886123, -20.429610503426627 ], [ -40.358586704135348, -20.429534714268407 ], [ -40.358638856334814, -20.429458925096835 ], [ -40.358691008484563, -20.429383135911831 ], [ -40.358692734438833, -20.429379989744394 ], [ -40.358693776099734, -20.429376586623675 ], [ -40.358694093436867, -20.429373057329713 ], [ -40.358693674255186, -20.429369537491272 ], [ -40.358692534663668, -20.429366162373793 ], [ -40.358690718456202, -20.429363061681101 ], [ -40.358688295428657, -20.429360354571088 ], [ -40.358685358696611, -20.429358145076421 ], [ -40.358444158380806, -20.429210661421806 ], [ -40.35844415783567, -20.429210661156059 ], [ -40.358363758306815, -20.429161500130132 ], [ -40.35828335834973, -20.429112338787643 ], [ -40.358202958444757, -20.429063177406274 ], [ -40.358122558589542, -20.429014015984627 ], [ -40.35804215878408, -20.428964854522683 ], [ -40.357961759028349, -20.428915693020443 ], [ -40.357841159485638, -20.428841950694181 ], [ -40.357599960736806, -20.428694465770139 ], [ -40.357596623182097, -20.428692838778058 ], [ -40.35759301303748, -20.428691856833023 ], [ -40.357589269038755, -20.428691557670604 ], [ -40.357585535065645, -20.428691952787439 ], [ -40.357581954612584, -20.428693026999433 ], [ -40.357578665274353, -20.428694739025225 ], [ -40.357575793458338, -20.428697023072647 ], [ -40.357573449526818, -20.42869979136707 ], [ -40.357521297055641, -20.428775580185111 ], [ -40.357469144496349, -20.42885136904556 ], [ -40.35741699186746, -20.428927157921446 ], [ -40.357364839228509, -20.429002946726271 ], [ -40.357312686519968, -20.429078735546572 ], [ -40.357260533761696, -20.429154524353461 ], [ -40.357258807779615, -20.429157670508275 ], [ -40.357257766087756, -20.42916107362219 ], [ -40.35725744871781, -20.429164602915453 ], [ -40.357257867866167, -20.429168122759311 ], [ -40.357259007425235, -20.42917149788811 ], [ -40.357260823602452, -20.429174598597548 ], [ -40.357263246603161, -20.42917730572907 ], [ -40.357266183312817, -20.429179515249114 ], [ -40.35750738255863, -20.429327000602999 ], [ -40.35762798234898, -20.429400743143663 ], [ -40.357708382270417, -20.42944990478918 ], [ -40.35778878224157, -20.429499066394399 ], [ -40.357869182262441, -20.429548227959291 ], [ -40.357949582333077, -20.429597389483927 ], [ -40.358029982453459, -20.429646550968215 ], [ -40.358110382593644, -20.429695712407188 ], [ -40.358110382664591, -20.429695712451274 ], [ -40.358351583477443, -20.429843196535739 ], [ -40.35835492106478, -20.429844823511285 ], [ -40.358358531240604, -20.429845805438593 ], [ -40.358362275267851, -20.429846104582762 ], [ -40.358366009265595, -20.42984570944785 ], [ -40.358369589738359, -20.429844635218672 ], [ -40.358372879090531, -20.429842923177258 ], [ -40.358375750914142, -20.429840639116428 ], [ -40.358378094846607, -20.429837870811394 ], [ -40.358430247238452, -20.429762081702926 ], [ -40.35848239958716, -20.429686292571471 ], [ -40.358534551886123, -20.429610503426627 ] ] ], [ [ [ -40.358245931250934, -20.427487599974292 ], [ -40.358246248597212, -20.427484070680041 ], [ -40.358245829433514, -20.427480550838919 ], [ -40.358244689868116, -20.427477175716461 ], [ -40.358242873693925, -20.427474075016676 ], [ -40.358240450705516, -20.427471367897741 ], [ -40.358237514016984, -20.427469158392668 ], [ -40.357996317149272, -20.427321673895676 ], [ -40.357996316604158, -20.427321673629944 ], [ -40.357915918224606, -20.427272512323189 ], [ -40.357835519416852, -20.427223350699933 ], [ -40.357755120661238, -20.427174189037817 ], [ -40.357674721955348, -20.427125027335414 ], [ -40.357594323299203, -20.42707586559273 ], [ -40.357513924692789, -20.427026703809716 ], [ -40.357393326874046, -20.426952961062348 ], [ -40.357152131615464, -20.426805475242674 ], [ -40.357148794106813, -20.426803848238123 ], [ -40.357145184008949, -20.426802866280109 ], [ -40.357141440055905, -20.426802567104719 ], [ -40.357137706125691, -20.426802962209095 ], [ -40.357134125711156, -20.426804036409617 ], [ -40.357130836405616, -20.426805748425352 ], [ -40.357127964615259, -20.426808032464493 ], [ -40.35712562070141, -20.426810800752698 ], [ -40.357073468541984, -20.426886589484717 ], [ -40.357021316332805, -20.426962378203307 ], [ -40.356969164073917, -20.427038166908542 ], [ -40.35691701176524, -20.427113955600436 ], [ -40.356864859406848, -20.427189744278902 ], [ -40.356812707005318, -20.427265532934388 ], [ -40.356810981032517, -20.427268679084662 ], [ -40.356809939340714, -20.427272082196353 ], [ -40.356809621961588, -20.427275611489797 ], [ -40.35681004109189, -20.427279131336253 ], [ -40.356811180624724, -20.427282506469975 ], [ -40.356812996768525, -20.427285607186466 ], [ -40.356815419729934, -20.427288314326908 ], [ -40.356818356395912, -20.427290523857415 ], [ -40.357059552187145, -20.42743801006311 ], [ -40.357180150254628, -20.427511753025556 ], [ -40.35726054902625, -20.427560914951524 ], [ -40.357340947848066, -20.427610076837521 ], [ -40.357421346719612, -20.427659238683184 ], [ -40.357501745640874, -20.427708400488559 ], [ -40.357582144609871, -20.427757562252392 ], [ -40.357662543602693, -20.427806723973344 ], [ -40.357662543673641, -20.427806724017458 ], [ -40.357903741038356, -20.427954208944261 ], [ -40.357907078579494, -20.4279558359313 ], [ -40.357910688708209, -20.427956817870768 ], [ -40.357914432689242, -20.427957117027269 ], [ -40.357918166643444, -20.427956721904387 ], [ -40.357921747077008, -20.427955647686478 ], [ -40.357925036395834, -20.427953935655172 ], [ -40.357927908193226, -20.427951651602864 ], [ -40.357930252107614, -20.427948883304438 ], [ -40.357982404149347, -20.427873094337787 ], [ -40.35803455614797, -20.427797305348172 ], [ -40.35808670809687, -20.427721516345162 ], [ -40.358138859996004, -20.427645727328787 ], [ -40.358191011845406, -20.427569938299005 ], [ -40.358243163645056, -20.427494149255867 ], [ -40.35824488959009, -20.427491003092882 ], [ -40.358245931250934, -20.427487599974292 ] ] ], [ [ [ -40.358462200571516, -20.42717583517258 ], [ -40.358514352112529, -20.427100046059902 ], [ -40.358566503603797, -20.427024256933834 ], [ -40.358618655045341, -20.426948467794379 ], [ -40.358620380977108, -20.42694532162826 ], [ -40.358621422626641, -20.42694191850789 ], [ -40.358621739963979, -20.426938389213284 ], [ -40.358621320794057, -20.426934869373248 ], [ -40.358620181225405, -20.426931494253278 ], [ -40.358618365051043, -20.42692839355729 ], [ -40.358615942065555, -20.426925686443305 ], [ -40.358613005382907, -20.426923476944154 ], [ -40.358371809074285, -20.426775992930637 ], [ -40.358371808529164, -20.426775992664894 ], [ -40.358291410335994, -20.426726831519332 ], [ -40.358211011714602, -20.426677670057192 ], [ -40.358130613145356, -20.426628508556266 ], [ -40.358050214625806, -20.426579347014997 ], [ -40.357969816156015, -20.426530185433474 ], [ -40.357889417735954, -20.426481023811629 ], [ -40.357768820200718, -20.426407281308403 ], [ -40.357527625497198, -20.42625979596982 ], [ -40.357524287997201, -20.42625816897193 ], [ -40.357520677910401, -20.426257187021054 ], [ -40.357516933970423, -20.426256887853018 ], [ -40.357513200054768, -20.426257282964674 ], [ -40.357509619655723, -20.426258357172124 ], [ -40.357506330366007, -20.426260069194157 ], [ -40.357503458591211, -20.426262353238748 ], [ -40.357501114692049, -20.426265121531333 ], [ -40.357448962890722, -20.426340910359663 ], [ -40.357396811039678, -20.426416699174585 ], [ -40.357344659138896, -20.426492487976166 ], [ -40.357292507188376, -20.426568276764357 ], [ -40.357240355188111, -20.426644065539151 ], [ -40.357188203144723, -20.426719854290987 ], [ -40.357186477185181, -20.426723000444404 ], [ -40.35718543550469, -20.426726403557875 ], [ -40.35718511813451, -20.426729932851668 ], [ -40.357185537271022, -20.426733452697029 ], [ -40.357186676807117, -20.426736827828265 ], [ -40.357188492951103, -20.426739928540965 ], [ -40.357190915909591, -20.426742635676462 ], [ -40.357193852569679, -20.42674484520105 ], [ -40.357435047802539, -20.426892330923629 ], [ -40.3575556455894, -20.426966073643673 ], [ -40.357636044175102, -20.427015235408756 ], [ -40.357716442810514, -20.427064397133535 ], [ -40.357796841495734, -20.427113558818039 ], [ -40.357877240230643, -20.427162720462253 ], [ -40.357957639013286, -20.427211882064924 ], [ -40.358038037819739, -20.427261043624721 ], [ -40.358038037890701, -20.427261043668846 ], [ -40.358279234696305, -20.427408528112103 ], [ -40.358282572228795, -20.427410155092488 ], [ -40.35828618234644, -20.427411137024801 ], [ -40.358289926314406, -20.427411436173951 ], [ -40.358293660254049, -20.427411041043793 ], [ -40.358297240672123, -20.427409966818971 ], [ -40.358300529975118, -20.427408254781341 ], [ -40.358303401756949, -20.42740597072358 ], [ -40.358305745656651, -20.427403202420784 ], [ -40.358357897340269, -20.427327413357855 ], [ -40.358410048980765, -20.427251624271911 ], [ -40.358462200571516, -20.42717583517258 ] ] ], [ [ [ -40.358411592678237, -20.424775970692377 ], [ -40.358463743510733, -20.424700181618913 ], [ -40.358515894293504, -20.424624392532095 ], [ -40.358568045026544, -20.424548603431884 ], [ -40.358569770935702, -20.424545457266888 ], [ -40.358570812573568, -20.424542054146752 ], [ -40.358571129910629, -20.42453852485151 ], [ -40.358570710751835, -20.424535005009975 ], [ -40.35856957120528, -20.42453162988771 ], [ -40.358567755063135, -20.424528529188716 ], [ -40.358565332118744, -20.424525822071125 ], [ -40.358562395484512, -20.42452361256791 ], [ -40.358321203107288, -20.424376128230424 ], [ -40.358321202562202, -20.424376127964702 ], [ -40.358240805679465, -20.424326966711167 ], [ -40.358160408368519, -20.42427780514107 ], [ -40.358080011109692, -20.424228643532167 ], [ -40.357999613900596, -20.424179481882955 ], [ -40.357919216741244, -20.424130320193484 ], [ -40.357838819631603, -20.424081158463704 ], [ -40.357718224061955, -20.424007415798545 ], [ -40.357477033289612, -20.423859930136214 ], [ -40.357473695843467, -20.423858303133958 ], [ -40.357470085813901, -20.423857321178591 ], [ -40.35746634193233, -20.423857022006093 ], [ -40.357462608074016, -20.42385741711351 ], [ -40.357459027729035, -20.42385849131708 ], [ -40.357455738488042, -20.423860203335771 ], [ -40.357452866754748, -20.423862487377662 ], [ -40.357450522888264, -20.423865255668296 ], [ -40.357398371795512, -20.423941044457422 ], [ -40.357346220653021, -20.424016833233146 ], [ -40.357294069460828, -20.424092621995488 ], [ -40.357241918218854, -20.424168410744517 ], [ -40.357189766927156, -20.424244199480135 ], [ -40.357137615592372, -20.424319988192746 ], [ -40.357135889655432, -20.424323134345048 ], [ -40.357134847986622, -20.424326537458271 ], [ -40.357134530616712, -20.424330066752706 ], [ -40.357134949742118, -20.424333586599559 ], [ -40.357136089256123, -20.424336961733086 ], [ -40.357137905367885, -20.424340062448795 ], [ -40.357140328285283, -20.424342769587895 ], [ -40.357143264896955, -20.424344979116544 ], [ -40.357384456197885, -20.424492465162448 ], [ -40.357505052020223, -20.424566208045025 ], [ -40.357585449295044, -20.424615369917777 ], [ -40.357665846620051, -20.424664531750523 ], [ -40.357746243994768, -20.424713693542952 ], [ -40.357826641419173, -20.424762855295075 ], [ -40.357907038891433, -20.424812017005724 ], [ -40.357987436387361, -20.424861178673453 ], [ -40.357987436458323, -20.424861178717567 ], [ -40.358228629332451, -20.425008663484725 ], [ -40.358231966811083, -20.425010290469473 ], [ -40.3582355768715, -20.425011272406287 ], [ -40.358239320781053, -20.425011571559892 ], [ -40.358243054663362, -20.425011176433983 ], [ -40.358246635027363, -20.425010102213029 ], [ -40.358249924281637, -20.425008390178753 ], [ -40.358252796021965, -20.425006106123703 ], [ -40.358255139888982, -20.425003337822854 ], [ -40.358307290864062, -20.424927548799133 ], [ -40.358359441796019, -20.424851759752432 ], [ -40.358411592678237, -20.424775970692377 ] ] ], [ [ [ -40.358350558909819, -20.422391263291654 ], [ -40.358402709043851, -20.422315474260124 ], [ -40.358454859128166, -20.422239685215175 ], [ -40.358507009161762, -20.422163896130439 ], [ -40.358508735047977, -20.422160749966718 ], [ -40.358509776673884, -20.422157346847108 ], [ -40.358510094010448, -20.422153817551575 ], [ -40.358509674862638, -20.422150297708939 ], [ -40.358508535338125, -20.422146922584737 ], [ -40.358506719228224, -20.422143821883054 ], [ -40.358504296325016, -20.422141114762073 ], [ -40.358501359739321, -20.422138905254894 ], [ -40.358260636621871, -20.42199170513484 ], [ -40.358257299389365, -20.421990078213753 ], [ -40.35825368960078, -20.421989096271869 ], [ -40.358249945964054, -20.421988797040804 ], [ -40.358246212330286, -20.421989192018668 ], [ -40.358242632166217, -20.421990266028232 ], [ -40.358239343041454, -20.421991977800143 ], [ -40.358236471342252, -20.421994261558719 ], [ -40.358234127415145, -20.421997029549395 ], [ -40.358181970807181, -20.422072814588098 ], [ -40.358129814160222, -20.422148599597751 ], [ -40.358077657463568, -20.422224384594042 ], [ -40.358025500717162, -20.42230016957695 ], [ -40.357973343921067, -20.422375954546471 ], [ -40.357921187081807, -20.422451739493038 ], [ -40.357919460839497, -20.422454885689703 ], [ -40.357918418908717, -20.422458288916385 ], [ -40.35791810133442, -20.422461818375666 ], [ -40.357918520322116, -20.422465338418515 ], [ -40.357919659768719, -20.42246871375783 ], [ -40.357921475881533, -20.422471814667951 ], [ -40.357923898861223, -20.422474521970422 ], [ -40.357926835584536, -20.422476731614484 ], [ -40.358167598060213, -20.422623955927421 ], [ -40.358170935485234, -20.422625582916709 ], [ -40.35817454548873, -20.422626564858223 ], [ -40.358178289340245, -20.42262686401649 ], [ -40.358182023165618, -20.422626468895029 ], [ -40.358185603475988, -20.422625394678146 ], [ -40.35818889268198, -20.422623682647401 ], [ -40.358191764381253, -20.422621398595194 ], [ -40.358194108215997, -20.422618630296409 ], [ -40.358246258492585, -20.42254284131463 ], [ -40.358298408726071, -20.422467052309809 ], [ -40.358350558909819, -20.422391263291654 ] ] ], [ [ [ -40.357789459713317, -20.428153376491043 ], [ -40.357867693039061, -20.428039691245065 ], [ -40.357869419071577, -20.428036545121405 ], [ -40.357870460824024, -20.428033142026425 ], [ -40.357870778262502, -20.428029612739177 ], [ -40.357870359188063, -20.428026092888185 ], [ -40.357869219705556, -20.428022717739335 ], [ -40.357867403604693, -20.428019616997702 ], [ -40.357864980677235, -20.428016909823011 ], [ -40.357862044034931, -20.428014700250454 ], [ -40.357620842669967, -20.427867205677458 ], [ -40.357540442364609, -20.427818040680819 ], [ -40.357460042047308, -20.427768875692436 ], [ -40.357379641792633, -20.427719710671685 ], [ -40.35729924158769, -20.427670545610599 ], [ -40.357218841432541, -20.427621380509279 ], [ -40.357138441327052, -20.427572215367551 ], [ -40.357017841171775, -20.427498467568203 ], [ -40.35677664140546, -20.427350971774846 ], [ -40.35677330392673, -20.427349344695006 ], [ -40.356769693841457, -20.427348362655305 ], [ -40.35676594988314, -20.427348063394959 ], [ -40.356762215929933, -20.427348458414354 ], [ -40.356758635475508, -20.42734953253315 ], [ -40.356755346114646, -20.42735124447357 ], [ -40.356752474255622, -20.427353528446744 ], [ -40.356750130262334, -20.427356296680887 ], [ -40.356671896396975, -20.42746998146011 ], [ -40.356593662404123, -20.42758366623184 ], [ -40.356515428314893, -20.427697350950794 ], [ -40.356437194106107, -20.427811035650748 ], [ -40.356435468045781, -20.427814181761789 ], [ -40.356434426262375, -20.427817584849958 ], [ -40.356434108791085, -20.427821114136499 ], [ -40.356434527832214, -20.427824633992905 ], [ -40.356435667282277, -20.427828009153075 ], [ -40.356437483352884, -20.427831109911462 ], [ -40.356439906253506, -20.427833817107647 ], [ -40.35644284287342, -20.427836026705581 ], [ -40.356684043170489, -20.427983522979062 ], [ -40.35680464350564, -20.428057270969155 ], [ -40.356885043790847, -20.42810643624524 ], [ -40.356965444122238, -20.428155601481595 ], [ -40.357045844491935, -20.428204766688189 ], [ -40.357126244912266, -20.428253931852225 ], [ -40.357206645372067, -20.428303096969699 ], [ -40.357287045865014, -20.428352262105268 ], [ -40.357528247737598, -20.428499757114565 ], [ -40.357531585249006, -20.428501384178233 ], [ -40.357535195365614, -20.428502366200522 ], [ -40.357538939352651, -20.428502665442863 ], [ -40.357542673330727, -20.428502270405545 ], [ -40.357546253805118, -20.428501196269639 ], [ -40.357549543180156, -20.428499484313583 ], [ -40.357552415046989, -20.428497200326934 ], [ -40.357554759041378, -20.428494432082022 ], [ -40.357632992710514, -20.428380746915291 ], [ -40.357711226260108, -20.428267061729535 ], [ -40.357789459713317, -20.428153376491043 ] ] ], [ [ [ -40.357712766846859, -20.425791542864289 ], [ -40.357764918345794, -20.425715753970081 ], [ -40.35781706979499, -20.425639965062455 ], [ -40.357818795730665, -20.42563681890373 ], [ -40.357819837391169, -20.425633415787161 ], [ -40.357820154746094, -20.425629886492619 ], [ -40.357819735599733, -20.425626366648906 ], [ -40.357818596059694, -20.425622991521667 ], [ -40.357816779917904, -20.425619890815081 ], [ -40.35781435696768, -20.425617183687585 ], [ -40.35781142032166, -20.425614974172539 ], [ -40.357570226826361, -20.425467488868222 ], [ -40.357570226727518, -20.425467488875324 ], [ -40.357570226281588, -20.425467488602646 ], [ -40.357489829025866, -20.425418327026659 ], [ -40.357409431342262, -20.42536916513432 ], [ -40.357329033710762, -20.425320003203108 ], [ -40.357248636129, -20.425270841231605 ], [ -40.357168238596984, -20.425221679219838 ], [ -40.357087841114691, -20.425172517167788 ], [ -40.356967244982123, -20.425098774016792 ], [ -40.356726053095812, -20.424951287390009 ], [ -40.356722715632372, -20.424949660374438 ], [ -40.356719105580673, -20.424948678404785 ], [ -40.356715361672983, -20.424948379217593 ], [ -40.356711627785558, -20.42494877431044 ], [ -40.356708047409604, -20.424949848500159 ], [ -40.356704758136964, -20.424951560506226 ], [ -40.356701886372555, -20.424953844537232 ], [ -40.356699542476704, -20.424956612819106 ], [ -40.356647390667781, -20.425032401415585 ], [ -40.356595238809142, -20.425108189998699 ], [ -40.356543086900764, -20.425183978568441 ], [ -40.356490934942649, -20.425259767124771 ], [ -40.356438782934795, -20.425335555667768 ], [ -40.356386630883819, -20.425411344187754 ], [ -40.356384904920382, -20.425414490333772 ], [ -40.356383863228935, -20.425417893443431 ], [ -40.356383545841155, -20.42542142273718 ], [ -40.356383964954119, -20.425424942586208 ], [ -40.356385104461609, -20.425428317724716 ], [ -40.356386920573016, -20.425431418448003 ], [ -40.356389343496232, -20.425434125597004 ], [ -40.356392280119699, -20.425436335137483 ], [ -40.35663347253923, -20.425583822150717 ], [ -40.3567540689194, -20.425657565516069 ], [ -40.356834466567321, -20.425706727711397 ], [ -40.356914864264944, -20.425755889866387 ], [ -40.35699526201234, -20.425805051981147 ], [ -40.357075659809475, -20.425854214055569 ], [ -40.357156057656326, -20.425903376089718 ], [ -40.357236455522958, -20.42595253807853 ], [ -40.357236455593913, -20.42595253812264 ], [ -40.357477649586102, -20.426100023856698 ], [ -40.35748098708202, -20.426101650854758 ], [ -40.357484597164571, -20.426102632805858 ], [ -40.35748834110025, -20.426102931974164 ], [ -40.357492075011663, -20.426102536862814 ], [ -40.357495655406638, -20.426101462655716 ], [ -40.357498944692573, -20.426099750634062 ], [ -40.357501816464016, -20.426097466589908 ], [ -40.357504160360406, -20.42609469829781 ], [ -40.357556312051656, -20.426018909466713 ], [ -40.357608463699798, -20.425943120612626 ], [ -40.357660615298165, -20.425867331745167 ], [ -40.357712766846859, -20.425791542864289 ] ] ], [ [ [ -40.358036105197009, -20.425321651516334 ], [ -40.358088256387553, -20.425245862539175 ], [ -40.35814040752841, -20.425170073548617 ], [ -40.358192558619514, -20.425094284544731 ], [ -40.358194284541931, -20.425091138382864 ], [ -40.358195326191115, -20.425087735264519 ], [ -40.358195643537101, -20.425084205969622 ], [ -40.358195224384531, -20.425080686127004 ], [ -40.35819408484123, -20.425077311002248 ], [ -40.358192268699256, -20.425074210299467 ], [ -40.358189845751951, -20.425071503176916 ], [ -40.358186909111829, -20.425069293667786 ], [ -40.357945716175571, -20.424921808846886 ], [ -40.357945715630592, -20.424921808581217 ], [ -40.357865318561423, -20.424872647166488 ], [ -40.357784921064152, -20.424823485435287 ], [ -40.357704523619006, -20.424774323665225 ], [ -40.357624126223534, -20.424725161854884 ], [ -40.35754372887785, -20.424676000004258 ], [ -40.357463331581883, -20.424626838113348 ], [ -40.357342735732757, -20.424553095206477 ], [ -40.357101544401466, -20.424405609060706 ], [ -40.357098206946667, -20.424403982051796 ], [ -40.35709459690603, -20.424403000089285 ], [ -40.3570908530114, -20.424402700909447 ], [ -40.357087119138534, -20.424403096009573 ], [ -40.357083538778063, -20.424404170206223 ], [ -40.357080249521246, -20.424405882218608 ], [ -40.357077377772399, -20.424408166255052 ], [ -40.357075033891228, -20.424410934541314 ], [ -40.357022882440418, -20.424486723234129 ], [ -40.356970730939842, -20.424562511913532 ], [ -40.356918579389571, -20.424638300579595 ], [ -40.356866427789527, -20.424714089232282 ], [ -40.356814276139765, -20.424789877871586 ], [ -40.356762124446881, -20.424865666487936 ], [ -40.356760398496696, -20.424868812637087 ], [ -40.356759356816568, -20.424872215748533 ], [ -40.356759039437733, -20.42487574504263 ], [ -40.356759458556915, -20.424879264890578 ], [ -40.356760598067666, -20.424882640026588 ], [ -40.356762414179244, -20.424885740746081 ], [ -40.356764837099554, -20.42488844789014 ], [ -40.356767773717124, -20.42489065742469 ], [ -40.35700896557703, -20.42503814395398 ], [ -40.357129561678398, -20.425111887078039 ], [ -40.357209959139972, -20.425161049112209 ], [ -40.357290356651298, -20.425210211106076 ], [ -40.357370754212361, -20.425259373059671 ], [ -40.357451151823149, -20.425308534972952 ], [ -40.357531549481692, -20.425357696844735 ], [ -40.357611947163967, -20.425406858673583 ], [ -40.357611947234936, -20.42540685871769 ], [ -40.357853140668077, -20.425554343968308 ], [ -40.357856478155355, -20.425555970959707 ], [ -40.357860088226836, -20.425556952903662 ], [ -40.357863832149455, -20.425557252064621 ], [ -40.357867566046316, -20.425556856945995 ], [ -40.357871146425801, -20.425555782731969 ], [ -40.357874435695905, -20.425554070704006 ], [ -40.357877307451794, -20.425551786654403 ], [ -40.357879651333498, -20.425549018357923 ], [ -40.357931802666663, -20.425473229430484 ], [ -40.35798395395669, -20.425397440480118 ], [ -40.358036105197009, -20.425321651516334 ] ] ], [ [ [ -40.357756043902945, -20.423255257105243 ], [ -40.35775776981567, -20.4232521109478 ], [ -40.357758811464215, -20.423248707831739 ], [ -40.357759128818643, -20.423245178536913 ], [ -40.357758709683274, -20.423241658692103 ], [ -40.357757570165269, -20.42323828356292 ], [ -40.357755754055717, -20.423235182853656 ], [ -40.357753331146689, -20.423232475722777 ], [ -40.357750394549193, -20.423230266203767 ], [ -40.357509577137172, -20.423083008140551 ], [ -40.357506239887378, -20.423081381206153 ], [ -40.357502630076674, -20.423080399249983 ], [ -40.357498886413822, -20.42308010000421 ], [ -40.357495152750964, -20.423080494967518 ], [ -40.357491572555929, -20.423081568963219 ], [ -40.357488283399512, -20.423083280722519 ], [ -40.357485411669209, -20.423085564470206 ], [ -40.357483067712714, -20.423088332452124 ], [ -40.357430910388608, -20.423164117298199 ], [ -40.35737875302555, -20.423239902115238 ], [ -40.357326595612761, -20.423315686918901 ], [ -40.35727443815022, -20.42339147170917 ], [ -40.35722228063797, -20.423467256486067 ], [ -40.357170123082611, -20.423543041239952 ], [ -40.357168396813783, -20.423546187430343 ], [ -40.357167354860373, -20.423549590653472 ], [ -40.357167037268205, -20.423553120112047 ], [ -40.357167456243452, -20.423556640157074 ], [ -40.35716859568354, -20.423560015501369 ], [ -40.357170411795998, -20.423563116419068 ], [ -40.357172834781515, -20.423565823731444 ], [ -40.357175771516616, -20.42356803338734 ], [ -40.357416628287247, -20.4237153156438 ], [ -40.357419965729555, -20.423716942646404 ], [ -40.357423575755185, -20.423717924602201 ], [ -40.357427319632819, -20.423718223775168 ], [ -40.357431053487304, -20.42371782866827 ], [ -40.357434633828639, -20.423716754465229 ], [ -40.357437923066286, -20.4237150424471 ], [ -40.357440794796666, -20.423712758405795 ], [ -40.357443138660784, -20.423709990115753 ], [ -40.357495289653436, -20.423634201326514 ], [ -40.357547440602993, -20.423558412514328 ], [ -40.357599591502805, -20.423482623688741 ], [ -40.357651742352914, -20.423406834849775 ], [ -40.357703893153271, -20.423331045997411 ], [ -40.357756043902945, -20.423255257105243 ] ] ], [ [ [ -40.357799061973104, -20.423172245114888 ], [ -40.357802805837672, -20.423172544280515 ], [ -40.357806539677604, -20.423172149166334 ], [ -40.357810120003457, -20.423171074956375 ], [ -40.35781340922528, -20.423169362931933 ], [ -40.357816280940106, -20.423167078885179 ], [ -40.357818624789537, -20.423164310590767 ], [ -40.357870775424153, -20.423088521705225 ], [ -40.357922926015654, -20.423012732796746 ], [ -40.357975076557437, -20.422936943874831 ], [ -40.358027227049476, -20.422861154939639 ], [ -40.358079377491833, -20.422785365990979 ], [ -40.358131527883458, -20.422709577002482 ], [ -40.358133253782924, -20.422706430841899 ], [ -40.35813429542015, -20.422703027724076 ], [ -40.358134612765646, -20.422699498428901 ], [ -40.358134193624053, -20.422695978585168 ], [ -40.358133054102801, -20.422692603458479 ], [ -40.358131237993071, -20.422689502753006 ], [ -40.35812881508695, -20.422686795627076 ], [ -40.35812587849535, -20.422684586113984 ], [ -40.357885108168531, -20.422537356984435 ], [ -40.357881770927378, -20.422535730056691 ], [ -40.357878161127736, -20.422534748107665 ], [ -40.357874417477944, -20.42253444886925 ], [ -40.357870683829631, -20.422534843839831 ], [ -40.357867103650079, -20.42253591784247 ], [ -40.357863814509493, -20.422537629608065 ], [ -40.357860942794744, -20.422539913361202 ], [ -40.357858598852935, -20.422542681347501 ], [ -40.357806441886915, -20.422618466289865 ], [ -40.357754284881914, -20.422694251203218 ], [ -40.357702127827189, -20.42277003610322 ], [ -40.357649970722733, -20.422845820989803 ], [ -40.35759781356856, -20.422921605863024 ], [ -40.357545656371251, -20.422997390713228 ], [ -40.357543930115682, -20.423000536906756 ], [ -40.35754288817359, -20.423003940131665 ], [ -40.357542570590354, -20.423007469590583 ], [ -40.357542989571826, -20.423010989634516 ], [ -40.357544129015182, -20.423014364976332 ], [ -40.357545945127804, -20.423017465890236 ], [ -40.357548368110415, -20.423020173197663 ], [ -40.357551304839625, -20.423022382847645 ], [ -40.357792114524869, -20.423169636170289 ], [ -40.357795451958545, -20.423171263166239 ], [ -40.357799061973104, -20.423172245114888 ] ] ], [ [ [ -40.357372636444047, -20.434612040862394 ], [ -40.357372632091824, -20.434612001658689 ], [ -40.35737259437181, -20.434611688327379 ], [ -40.3573725892944, -20.434611649201248 ], [ -40.357372545778887, -20.434611336538442 ], [ -40.357372539977831, -20.434611297501799 ], [ -40.357372490679943, -20.434610985601868 ], [ -40.357372484157018, -20.434610946666602 ], [ -40.357372429092031, -20.434610635626118 ], [ -40.35737242184922, -20.434610596804088 ], [ -40.357372361033619, -20.434610286716186 ], [ -40.357372353073124, -20.434610248019222 ], [ -40.357372286525589, -20.434609938979143 ], [ -40.357372277849834, -20.434609900419026 ], [ -40.35737220559048, -20.434609592520278 ], [ -40.357372196202121, -20.434609554108768 ], [ -40.357372118253224, -20.434609247446257 ], [ -40.357372108155104, -20.434609209195042 ], [ -40.357372024540297, -20.434608903861633 ], [ -40.357372013735493, -20.434608865782362 ], [ -40.357371924480262, -20.434608561871137 ], [ -40.357371912972077, -20.434608523975417 ], [ -40.357371818103573, -20.434608221578795 ], [ -40.357371805895511, -20.434608183878165 ], [ -40.357371705442382, -20.434607883087569 ], [ -40.357371692538159, -20.434607845593511 ], [ -40.357371586531308, -20.434607546501457 ], [ -40.357371572934845, -20.434607509225408 ], [ -40.357371461406622, -20.434607211923169 ], [ -40.357371447122077, -20.434607174876469 ], [ -40.357371330106389, -20.434606879454353 ], [ -40.357371315138096, -20.434606842648286 ], [ -40.357371192670527, -20.434606549196179 ], [ -40.357371177023069, -20.434606512641956 ], [ -40.357371049140674, -20.434606221248664 ], [ -40.357371032818797, -20.434606184957421 ], [ -40.3573708995606, -20.434605895711933 ], [ -40.357370882569278, -20.434605859694738 ], [ -40.357370743977043, -20.434605572687584 ], [ -40.357370726321456, -20.434605536955388 ], [ -40.357370582435664, -20.434605252270362 ], [ -40.357370564121197, -20.434605216834058 ], [ -40.357370414986228, -20.434604934559111 ], [ -40.357370396018453, -20.434604899429502 ], [ -40.357370241680115, -20.434604619651331 ], [ -40.357370222064809, -20.434604584839107 ], [ -40.35737006256997, -20.434604307642616 ], [ -40.357370042313107, -20.434604273158385 ], [ -40.357369877711193, -20.434603998629413 ], [ -40.357369856818949, -20.434603964483674 ], [ -40.35736968715743, -20.434603692701458 ], [ -40.357369665636156, -20.434603658904624 ], [ -40.357369490970115, -20.434603389957442 ], [ -40.357369468826377, -20.434603356519798 ], [ -40.357369289207426, -20.434603090486942 ], [ -40.357369266447975, -20.43460305741867 ], [ -40.357369081929043, -20.434602794378726 ], [ -40.357369058560799, -20.434602761689913 ], [ -40.35736886920116, -20.43460250172738 ], [ -40.357368845231242, -20.434602469427983 ], [ -40.357368651087306, -20.434602212620216 ], [ -40.357368626523019, -20.434602180720056 ], [ -40.357368427653718, -20.434601927145017 ], [ -40.357368402502559, -20.43460189565382 ], [ -40.357368198969056, -20.434601645389495 ], [ -40.357368173238669, -20.434601614316851 ], [ -40.357367965101147, -20.434601367437281 ], [ -40.357367938799378, -20.434601336792667 ], [ -40.357367726123961, -20.434601093376315 ], [ -40.357367699258809, -20.434601063169051 ], [ -40.357367482109588, -20.434600823289124 ], [ -40.357367454689253, -20.434600793528418 ], [ -40.35736723312835, -20.434600557253727 ], [ -40.357367205161175, -20.434600527948646 ], [ -40.357366979264491, -20.434600295360042 ], [ -40.357366950758994, -20.434600266519496 ], [ -40.357366720585247, -20.434600037677409 ], [ -40.357366691550112, -20.434600009310213 ], [ -40.357366457178642, -20.434599784293596 ], [ -40.357366427622715, -20.434599756408367 ], [ -40.357366189118501, -20.434599535279514 ], [ -40.357366159050784, -20.434599507884762 ], [ -40.357365916489272, -20.434599290713692 ], [ -40.357365885918924, -20.434599263817756 ], [ -40.357365639374393, -20.434599050670908 ], [ -40.357365608310729, -20.434599024281972 ], [ -40.357365357855315, -20.434598815221772 ], [ -40.357365326307793, -20.434598789347884 ], [ -40.357365072021203, -20.434598584440877 ], [ -40.357365039999436, -20.43459855908992 ], [ -40.357364781959816, -20.434598358398947 ], [ -40.357364749473554, -20.434598333578627 ], [ -40.357364487752029, -20.434598137159142 ], [ -40.357364454811176, -20.434598112877044 ], [ -40.357364189496202, -20.434597920795508 ], [ -40.357364156110791, -20.434597897059014 ], [ -40.357363887281892, -20.434597709372802 ], [ -40.357363853462083, -20.434597686189136 ], [ -40.357363581196168, -20.434597502951966 ], [ -40.357363546952264, -20.434597480328204 ], [ -40.357363271334499, -20.434597301597531 ], [ -40.357363236676946, -20.434597279540558 ], [ -40.357362957792752, -20.43459710537179 ], [ -40.357362922732086, -20.434597083888335 ], [ -40.357362640667532, -20.434596914335099 ], [ -40.357362605214448, -20.434596893431689 ], [ -40.357362320053255, -20.434596728544292 ], [ -40.357362284218546, -20.434596708227296 ], [ -40.357361996046691, -20.434596548055485 ], [ -40.357361959841271, -20.43459652833111 ], [ -40.357361668748794, -20.43459637292494 ], [ -40.357361632183704, -20.434596353799179 ], [ -40.357361338257384, -20.434596203204979 ], [ -40.357361301343744, -20.434596184683649 ], [ -40.357361004673763, -20.434596038947664 ], [ -40.357360967422828, -20.434596021036423 ], [ -40.357360668099751, -20.434595880203126 ], [ -40.357360630522862, -20.434595862907432 ], [ -40.357360328637014, -20.434595727019367 ], [ -40.357360290745632, -20.434595710344489 ], [ -40.357359986391067, -20.434595579443975 ], [ -40.357359948196709, -20.434595563394986 ], [ -40.357359641467724, -20.434595437522447 ], [ -40.357359602982051, -20.434595422104223 ], [ -40.357359293966127, -20.434595301295602 ], [ -40.357359255200848, -20.434595286512838 ], [ -40.357358943991905, -20.434595170805007 ], [ -40.357358904958822, -20.434595156662244 ], [ -40.357358591662418, -20.434595046094326 ], [ -40.357358552373434, -20.43459503259583 ], [ -40.357358237073171, -20.434594927197281 ], [ -40.357358197540243, -20.434594914347183 ], [ -40.35735788033795, -20.434594814152092 ], [ -40.35735784057313, -20.434594801954315 ], [ -40.357357521559628, -20.434594706991472 ], [ -40.357357481575029, -20.434594695449722 ], [ -40.357357160859983, -20.434594605751663 ], [ -40.357357120667771, -20.434594594869445 ], [ -40.357356798334401, -20.434594510459412 ], [ -40.357356757946832, -20.434594500240046 ], [ -40.357356434101256, -20.434594421145956 ], [ -40.35735639353063, -20.434594411592567 ], [ -40.357356068271095, -20.434594337838327 ], [ -40.357356027529768, -20.434594328953818 ], [ -40.357355700950933, -20.434594260560974 ], [ -40.357355660051319, -20.434594252348052 ], [ -40.357355332263303, -20.434594189339535 ], [ -40.35735529121785, -20.434594181800694 ], [ -40.357354962303411, -20.434594124192493 ], [ -40.357354921124639, -20.43459411733005 ], [ -40.357354591201876, -20.434594065142878 ], [ -40.357354549902311, -20.434594058958901 ], [ -40.357354219061769, -20.434594012206919 ], [ -40.357354177653995, -20.434594006703296 ], [ -40.357353845993948, -20.434593965400559 ], [ -40.357353804490586, -20.434593960578972 ], [ -40.357353472117438, -20.434593924738799 ], [ -40.357353430531127, -20.434593920600719 ], [ -40.357353097551325, -20.43459389023441 ], [ -40.357353055894734, -20.434593886781087 ], [ -40.357352722398446, -20.434593861896815 ], [ -40.357352680684258, -20.434593859129311 ], [ -40.357352346777944, -20.434593839735157 ], [ -40.357352305018871, -20.434593837654315 ], [ -40.357351970800742, -20.434593823756078 ], [ -40.357351929009504, -20.434593822362533 ], [ -40.357351594594135, -20.434593813964831 ], [ -40.357351552783463, -20.434593813259003 ], [ -40.357351218256831, -20.434593810363939 ], [ -40.357351176439451, -20.43459381034604 ], [ -40.357350841912023, -20.434593812954692 ], [ -40.357350800100683, -20.434593813624726 ], [ -40.357350465670656, -20.434593821736325 ], [ -40.357350423878088, -20.434593823094101 ], [ -40.357350089655881, -20.434593836705854 ], [ -40.357350047894819, -20.434593838750938 ], [ -40.357349713966371, -20.434593857859394 ], [ -40.357349672249534, -20.434593860591178 ], [ -40.357349338729321, -20.43459388518994 ], [ -40.357349297069412, -20.434593888607601 ], [ -40.357348964055532, -20.434593918689327 ], [ -40.357348922465249, -20.434593922791805 ], [ -40.357348590063992, -20.434593958346781 ], [ -40.357348548556004, -20.434593963132826 ], [ -40.357348216857396, -20.434594004151442 ], [ -40.357348175444343, -20.434594009619612 ], [ -40.35734784455461, -20.43459405608893 ], [ -40.357347803249098, -20.434594062237551 ], [ -40.357347473274402, -20.434594114142573 ], [ -40.357347432089028, -20.434594120969773 ], [ -40.357347103127388, -20.434594178294937 ], [ -40.357347062074687, -20.434594185798627 ], [ -40.357346734216385, -20.434594248528352 ], [ -40.35734669330887, -20.434594256706262 ], [ -40.357346366671607, -20.434594324818008 ], [ -40.357346325921732, -20.434594333667629 ], [ -40.357346000587995, -20.434594407144104 ], [ -40.357345960008182, -20.434594416662758 ], [ -40.357345636087658, -20.43459449547932 ], [ -40.357345595690262, -20.434594505664091 ], [ -40.357345273277218, -20.434594589797722 ], [ -40.357345233074547, -20.434594600645529 ], [ -40.357344912266818, -20.434594690070792 ], [ -40.357344872271106, -20.434594701578312 ], [ -40.357344553174293, -20.434594796265646 ], [ -40.357344513397734, -20.43459480842937 ], [ -40.357344196094637, -20.434594908354217 ], [ -40.357344156549345, -20.434594921170461 ], [ -40.357343841149039, -20.434595026298599 ], [ -40.357343801847065, -20.434595039763458 ], [ -40.357343488439852, -20.434595150064684 ], [ -40.357343449393163, -20.434595164174038 ], [ -40.357343138080267, -20.434595279612662 ], [ -40.357343099300756, -20.434595294362211 ], [ -40.357342790165248, -20.434595414907509 ], [ -40.357342751664731, -20.434595430292788 ], [ -40.357342444811479, -20.434595555903975 ], [ -40.357342406601681, -20.434595571920266 ], [ -40.357342102123923, -20.434595702559008 ], [ -40.357342064216482, -20.43459571920145 ], [ -40.357341762201074, -20.434595854830441 ], [ -40.357341724607537, -20.434595872093954 ], [ -40.35734142514805, -20.434596012671328 ], [ -40.357341387879877, -20.434596030550665 ], [ -40.357341091069593, -20.43459617603262 ], [ -40.357341054138125, -20.434596194522335 ], [ -40.35734076006662, -20.434596344864939 ], [ -40.357340723483112, -20.434596363959393 ], [ -40.357340432240179, -20.434596519116756 ], [ -40.357340396015772, -20.43459653881014 ], [ -40.357340107690753, -20.434596698734616 ], [ -40.357340071836482, -20.434596719020917 ], [ -40.357339786515318, -20.434596883664838 ], [ -40.357339751042105, -20.434596904537898 ], [ -40.357339468813969, -20.434597073849805 ], [ -40.357339433732612, -20.434597095303243 ], [ -40.35733915468257, -20.434597269232061 ], [ -40.357339120003772, -20.434597291259347 ], [ -40.357338844214674, -20.434597469753474 ], [ -40.357338809948992, -20.434597492347908 ], [ -40.357338537505939, -20.434597675352371 ], [ -40.357338503663811, -20.434597698507073 ], [ -40.357338234651237, -20.434597885965143 ], [ -40.357338201242968, -20.434597909673055 ], [ -40.357337935745029, -20.434598101525964 ], [ -40.357337902780806, -20.43459812577985 ], [ -40.357337640873453, -20.434598321972675 ], [ -40.357337608363295, -20.434598346765167 ], [ -40.357337350125043, -20.434598547239315 ], [ -40.357337318078862, -20.434598572562855 ], [ -40.357337063596987, -20.434598777250486 ], [ -40.357337032024553, -20.434598803097352 ], [ -40.357336781369177, -20.434599011941906 ], [ -40.357336750280105, -20.434599038304238 ], [ -40.357336503528288, -20.434599251241671 ], [ -40.35733647293204, -20.434599278111431 ], [ -40.357336230162296, -20.434599495073961 ], [ -40.357336200068204, -20.434599522442966 ], [ -40.357335961351559, -20.434599743367052 ], [ -40.35733593176878, -20.43459977122696 ], [ -40.357335697178343, -20.434599996045026 ], [ -40.357335668115887, -20.434600024387358 ], [ -40.357335437725872, -20.434600253028194 ], [ -40.357335409192601, -20.434600281844311 ], [ -40.357335183066873, -20.434600514244636 ], [ -40.357335155071475, -20.434600543525772 ], [ -40.357334933287987, -20.434600779605404 ], [ -40.357334905838982, -20.434600809342616 ], [ -40.357334688455381, -20.434601049040214 ], [ -40.35733466156114, -20.434601079224468 ], [ -40.357334448651891, -20.434601322458004 ], [ -40.357334422320598, -20.434601353080094 ], [ -40.357334213946615, -20.4346015997798 ], [ -40.3573341881863, -20.434601630830397 ], [ -40.357333984410367, -20.434601880922074 ], [ -40.357333959228875, -20.434601912391734 ], [ -40.357333760115743, -20.434602165795912 ], [ -40.35733373552074, -20.434602197675027 ], [ -40.357333541129272, -20.434602454316732 ], [ -40.357333517128254, -20.434602486595601 ], [ -40.357333327518248, -20.434602746395889 ], [ -40.357333304118519, -20.434602779064683 ], [ -40.357333119347516, -20.434603041944701 ], [ -40.357333096556211, -20.434603074993468 ], [ -40.357332916679283, -20.434603340874979 ], [ -40.357332894503337, -20.434603374293658 ], [ -40.357332719578245, -20.434603643091251 ], [ -40.357332698024422, -20.434603676869653 ], [ -40.35733252810271, -20.434603948503945 ], [ -40.357332507177574, -20.434603982631774 ], [ -40.357332342309455, -20.43460425702267 ], [ -40.357332322019374, -20.434604291489556 ], [ -40.357332162258388, -20.434604568547915 ], [ -40.35733214260955, -20.434604603343331 ], [ -40.357331988001746, -20.434604882989206 ], [ -40.357331969000128, -20.434604918102561 ], [ -40.357331819593448, -20.434605200249354 ], [ -40.35733180124484, -20.434605235669952 ], [ -40.357331657084636, -20.434605520232029 ], [ -40.357331639394637, -20.434605555949094 ], [ -40.357331500525177, -20.434605842839062 ], [ -40.357331483499166, -20.434605878841705 ], [ -40.35733134996331, -20.434606167970919 ], [ -40.357331333606474, -20.434606204248162 ], [ -40.357331205443202, -20.434606495532229 ], [ -40.357331189760529, -20.43460653207304 ], [ -40.357331067010023, -20.434606825420779 ], [ -40.35733105200628, -20.434606862214022 ], [ -40.357330934705999, -20.434607157535854 ], [ -40.357330920385763, -20.434607194570312 ], [ -40.357330808571184, -20.434607491776855 ], [ -40.357330794938818, -20.434607529041259 ], [ -40.357330688643962, -20.434607828042083 ], [ -40.357330675703615, -20.43460786552507 ], [ -40.357330574960791, -20.434608166229371 ], [ -40.357330562716406, -20.434608203919538 ], [ -40.357330467556359, -20.434608506235534 ], [ -40.357330456011667, -20.434608544121392 ], [ -40.357330366463664, -20.434608847956095 ], [ -40.357330355622182, -20.434608886026098 ], [ -40.357330271713266, -20.43460919128767 ], [ -40.357330261578291, -20.434609229530231 ], [ -40.357330183333985, -20.434609536125826 ], [ -40.357330173908622, -20.434609574529286 ], [ -40.35733010135278, -20.434609882365436 ], [ -40.357330092639877, -20.434609920918106 ], [ -40.357330025794504, -20.434610229901597 ], [ -40.357330017796727, -20.434610268591733 ], [ -40.35732995668242, -20.434610578627336 ], [ -40.3573299494022, -20.434610617443141 ], [ -40.357329894037441, -20.434610928437028 ], [ -40.357329887477007, -20.434610967366702 ], [ -40.35732983787878, -20.434611279223358 ], [ -40.357329832040115, -20.434611318255016 ], [ -40.357329788223289, -20.434611630881065 ], [ -40.357329783108185, -20.434611670002834 ], [ -40.357329745086339, -20.434611983301473 ], [ -40.357329740696343, -20.43461202250143 ], [ -40.357329708480925, -20.434612336378105 ], [ -40.357329704817381, -20.434612375644313 ], [ -40.357329678418253, -20.434612690003199 ], [ -40.357329675482276, -20.434612729323696 ], [ -40.357329654907481, -20.434613044068989 ], [ -40.35732965269996, -20.434613083431806 ], [ -40.357329637955758, -20.434613398467523 ], [ -40.357329636477374, -20.434613437860648 ], [ -40.357329627568269, -20.434613753090741 ], [ -40.357329626819464, -20.434613792502184 ], [ -40.357329623748143, -20.434614107831273 ], [ -40.357329623729143, -20.434614147249043 ], [ -40.357329626496558, -20.434614462580242 ], [ -40.357329627207378, -20.434614501992318 ], [ -40.357329635812697, -20.434614817230351 ], [ -40.357329637253116, -20.434614856624723 ], [ -40.357329651693689, -20.434615171672736 ], [ -40.357329653863275, -20.434615211037425 ], [ -40.357329674134718, -20.434615525800091 ], [ -40.357329677032808, -20.434615565123096 ], [ -40.357329703128954, -20.434615879504449 ], [ -40.357329706754655, -20.434615918773783 ], [ -40.357329738667559, -20.434616232677957 ], [ -40.357329743019775, -20.434616271881652 ], [ -40.357329780739704, -20.434616585212982 ], [ -40.3573297858171, -20.434616624339114 ], [ -40.357329829332528, -20.434616937001934 ], [ -40.357329835133577, -20.434616976038583 ], [ -40.357329884431373, -20.434617287938529 ], [ -40.357329890954297, -20.434617326873799 ], [ -40.357329946019206, -20.434617637914297 ], [ -40.35732995326201, -20.434617676736327 ], [ -40.357330014077519, -20.43461798682425 ], [ -40.357330022038006, -20.434618025521218 ], [ -40.357330088585464, -20.434618334561321 ], [ -40.357330097261205, -20.434618373121438 ], [ -40.35733016952048, -20.434618681020208 ], [ -40.357330178908839, -20.434618719431725 ], [ -40.357330256857658, -20.434619026094257 ], [ -40.357330266955763, -20.434619064345465 ], [ -40.357330350570507, -20.434619369678902 ], [ -40.357330361375297, -20.434619407758181 ], [ -40.357330450630457, -20.434619711669431 ], [ -40.357330462138627, -20.434619749565158 ], [ -40.35733055700706, -20.434620051961801 ], [ -40.357330569215115, -20.434620089662438 ], [ -40.357330669668173, -20.434620390453063 ], [ -40.357330682572389, -20.434620427947117 ], [ -40.357330788579176, -20.434620727039196 ], [ -40.357330802175625, -20.434620764315259 ], [ -40.357330913703777, -20.43462106161752 ], [ -40.357330927988322, -20.43462109866422 ], [ -40.357331045003953, -20.434621394086371 ], [ -40.357331059972232, -20.434621430892445 ], [ -40.357331182439736, -20.434621724344581 ], [ -40.357331198087195, -20.434621760898811 ], [ -40.357331325969533, -20.434622052292138 ], [ -40.357331342291396, -20.434622088583378 ], [ -40.35733147554955, -20.434622377828898 ], [ -40.357331492540851, -20.4346224138461 ], [ -40.357331631133036, -20.434622700853289 ], [ -40.357331648788609, -20.434622736585482 ], [ -40.357331792674358, -20.434623021270554 ], [ -40.357331810988818, -20.434623056706855 ], [ -40.357331960123737, -20.43462333898184 ], [ -40.357331979091505, -20.434623374111453 ], [ -40.357332133429793, -20.434623653889666 ], [ -40.3573321530451, -20.434623688701894 ], [ -40.357332312539896, -20.434623965898417 ], [ -40.357332332796751, -20.434624000382652 ], [ -40.357332497398616, -20.434624274911663 ], [ -40.35733251829086, -20.434624309057401 ], [ -40.357332687952351, -20.434624580839664 ], [ -40.357332709473617, -20.434624614636498 ], [ -40.357332884139623, -20.434624883583727 ], [ -40.357332906283354, -20.434624917021377 ], [ -40.357333085902276, -20.434625183054258 ], [ -40.357333108661727, -20.434625216122537 ], [ -40.357333293180623, -20.434625479162516 ], [ -40.357333316548861, -20.43462551185134 ], [ -40.357333505908478, -20.434625771813909 ], [ -40.357333529878382, -20.434625804113324 ], [ -40.357333724022304, -20.434626060921126 ], [ -40.357333748586584, -20.43462609282129 ], [ -40.357333947455864, -20.434626346396367 ], [ -40.35733397260703, -20.434626377887575 ], [ -40.357334176140505, -20.434626628151939 ], [ -40.357334201870891, -20.434626659224588 ], [ -40.357334410008399, -20.434626906104192 ], [ -40.357334436310168, -20.43462693674882 ], [ -40.357334648985578, -20.434627180165212 ], [ -40.357334675850723, -20.434627210372476 ], [ -40.35733489299993, -20.434627450252442 ], [ -40.357334920420271, -20.434627480013159 ], [ -40.357335141981167, -20.434627716287896 ], [ -40.357335169948342, -20.434627745592977 ], [ -40.35733539584502, -20.434627978181624 ], [ -40.357335424350524, -20.434628007022166 ], [ -40.357335654524263, -20.434628235864295 ], [ -40.357335683559405, -20.434628264231499 ], [ -40.357335917930875, -20.434628489248155 ], [ -40.357335947486803, -20.43462851713339 ], [ -40.357336185991031, -20.434628738262287 ], [ -40.357336216058748, -20.434628765657045 ], [ -40.357336458620267, -20.434628982828155 ], [ -40.357336489190615, -20.434629009724098 ], [ -40.35733673573516, -20.434629222870985 ], [ -40.357336766798824, -20.43462924925992 ], [ -40.357337017254252, -20.434629458320163 ], [ -40.357337048801774, -20.434629484194055 ], [ -40.357337303088386, -20.434629689101101 ], [ -40.357337335110159, -20.434629714452065 ], [ -40.357337593149801, -20.434629915143077 ], [ -40.357337625636056, -20.434629939963401 ], [ -40.357337887357616, -20.434630136382925 ], [ -40.35733792029847, -20.43463016066503 ], [ -40.357338185613472, -20.434630352746602 ], [ -40.357338218998891, -20.434630376483099 ], [ -40.357338487827818, -20.434630564169346 ], [ -40.357338521647634, -20.43463058735302 ], [ -40.357338793913584, -20.434630770590228 ], [ -40.357338828157481, -20.434630793213998 ], [ -40.357339103775288, -20.434630971944706 ], [ -40.357339138432849, -20.434630994001679 ], [ -40.357339417317078, -20.43463116817048 ], [ -40.357339452377744, -20.434631189653953 ], [ -40.357339734442348, -20.434631359207213 ], [ -40.357339769895439, -20.434631380110631 ], [ -40.357340055056675, -20.434631544998055 ], [ -40.357340090891384, -20.434631565315055 ], [ -40.357340379063288, -20.434631725486902 ], [ -40.357340415268716, -20.434631745211284 ], [ -40.357340706361242, -20.434631900617486 ], [ -40.35734074292634, -20.434631919743257 ], [ -40.357341036852709, -20.434632070337486 ], [ -40.357341073766356, -20.434632088858809 ], [ -40.357341370436394, -20.434632234594833 ], [ -40.357341407687336, -20.43463225250607 ], [ -40.35734170701047, -20.434632393339395 ], [ -40.357341744587366, -20.434632410635103 ], [ -40.357342046473271, -20.434632546523186 ], [ -40.357342084364667, -20.434632563198079 ], [ -40.357342388719289, -20.434632694098617 ], [ -40.357342426913647, -20.434632710147611 ], [ -40.357342733642703, -20.434632836020175 ], [ -40.357342772128391, -20.434632851438405 ], [ -40.357343081144371, -20.434632972247062 ], [ -40.357343119909665, -20.434632987029811 ], [ -40.357343431118672, -20.434633102737667 ], [ -40.357343470151761, -20.434633116880441 ], [ -40.357343783448236, -20.434633227448376 ], [ -40.357343822737235, -20.434633240946873 ], [ -40.357344138037561, -20.43463334634545 ], [ -40.357344177570496, -20.434633359195544 ], [ -40.357344494772875, -20.434633459390657 ], [ -40.357344534537695, -20.434633471588441 ], [ -40.357344853551268, -20.434633566551302 ], [ -40.357344893535888, -20.434633578093056 ], [ -40.357345214251005, -20.434633667791132 ], [ -40.357345254443224, -20.434633678673354 ], [ -40.357345576776673, -20.434633763083404 ], [ -40.357345617164249, -20.434633773302764 ], [ -40.35734594100991, -20.434633852396878 ], [ -40.357345981580544, -20.434633861950264 ], [ -40.357346306840164, -20.434633935704518 ], [ -40.357346347581498, -20.434633944589031 ], [ -40.357346674160411, -20.434634012981888 ], [ -40.357346715060039, -20.434634021194807 ], [ -40.357347042848147, -20.434634084203342 ], [ -40.357347083893607, -20.434634091742183 ], [ -40.357347412808117, -20.434634149350394 ], [ -40.357347453986911, -20.434634156212841 ], [ -40.357347783909752, -20.434634208400023 ], [ -40.357347825209331, -20.434634214583998 ], [ -40.357348156049966, -20.434634261335983 ], [ -40.357348197457739, -20.434634266839605 ], [ -40.357348529117886, -20.43463430814235 ], [ -40.357348570621255, -20.434634312963937 ], [ -40.357348902994488, -20.434634348804117 ], [ -40.357348944580806, -20.43463435294219 ], [ -40.357349277560694, -20.434634383308516 ], [ -40.357349319217306, -20.434634386761832 ], [ -40.35734965271368, -20.434634411646108 ], [ -40.357349694427874, -20.434634414413612 ], [ -40.357350028334274, -20.434634433807762 ], [ -40.357350070093361, -20.434634435888601 ], [ -40.357350404311575, -20.434634449786845 ], [ -40.357350446102828, -20.434634451180383 ], [ -40.357350780518281, -20.434634459578078 ], [ -40.357350822328975, -20.434634460283913 ], [ -40.357351156855685, -20.43463446317897 ], [ -40.357351198673072, -20.434634463196872 ], [ -40.357351533200593, -20.434634460588214 ], [ -40.35735157501194, -20.434634459918172 ], [ -40.357351909442059, -20.434634451806573 ], [ -40.357351951234641, -20.434634450448794 ], [ -40.357352285456926, -20.43463443683704 ], [ -40.357352327218003, -20.434634434791953 ], [ -40.357352661146543, -20.434634415683483 ], [ -40.357352702863381, -20.434634412951695 ], [ -40.357353036383685, -20.434634388352926 ], [ -40.357353078043602, -20.434634384935265 ], [ -40.357353411057581, -20.434634354853522 ], [ -40.357353452647864, -20.434634350751036 ], [ -40.357353785049206, -20.434634315196057 ], [ -40.357353826557208, -20.434634310410011 ], [ -40.357354158255895, -20.434634269391371 ], [ -40.357354199668961, -20.434634263923201 ], [ -40.35735453055878, -20.434634217453873 ], [ -40.357354571864292, -20.434634211305248 ], [ -40.357354901839074, -20.434634159400197 ], [ -40.357354943024454, -20.434634152573 ], [ -40.357355271986179, -20.434634095247819 ], [ -40.357355313038887, -20.434634087744126 ], [ -40.357355640897275, -20.434634025014379 ], [ -40.357355681804798, -20.434634016836462 ], [ -40.357356008442139, -20.434633948724706 ], [ -40.35735604919202, -20.434633939875077 ], [ -40.357356374525835, -20.434633866398581 ], [ -40.357356415105663, -20.43463385687993 ], [ -40.357356739026258, -20.43463377806334 ], [ -40.357356779423661, -20.434633767878569 ], [ -40.357357101836769, -20.434633683744899 ], [ -40.357357142039454, -20.434633672897096 ], [ -40.357357462847261, -20.434633583471808 ], [ -40.357357502842973, -20.43463357196428 ], [ -40.357357821939857, -20.434633477276925 ], [ -40.35735786171643, -20.434633465113194 ], [ -40.357358179019592, -20.434633365188319 ], [ -40.35735821856489, -20.434633352372074 ], [ -40.357358533965268, -20.434633247243898 ], [ -40.357358573267248, -20.434633233779046 ], [ -40.357358886674518, -20.434633123477791 ], [ -40.357358925721215, -20.434633109368431 ], [ -40.357359237034174, -20.434632993929768 ], [ -40.357359275813693, -20.434632979180211 ], [ -40.357359584949258, -20.434632858634885 ], [ -40.357359623449774, -20.434632843249613 ], [ -40.35735993030309, -20.434632717638387 ], [ -40.357359968512895, -20.434632701622082 ], [ -40.357360272990704, -20.434632570983315 ], [ -40.357360310898152, -20.434632554340872 ], [ -40.357360612913617, -20.434632418711843 ], [ -40.357360650507161, -20.434632401448319 ], [ -40.357360949966697, -20.43463226087092 ], [ -40.357360987234877, -20.434632242991572 ], [ -40.357361284045197, -20.434632097509581 ], [ -40.357361320976672, -20.43463207901986 ], [ -40.35736161504822, -20.43463192867722 ], [ -40.357361651631734, -20.434631909582762 ], [ -40.357361942874711, -20.434631754425364 ], [ -40.357361979099124, -20.434631734731973 ], [ -40.357362267424186, -20.434631574807462 ], [ -40.357362303278457, -20.434631554521154 ], [ -40.357362588599656, -20.434631389877193 ], [ -40.35736262407287, -20.434631369004133 ], [ -40.357362906301049, -20.434631199692184 ], [ -40.357362941382398, -20.434631178238742 ], [ -40.357363220432475, -20.434631004309885 ], [ -40.357363255111274, -20.434630982282592 ], [ -40.3573635309004, -20.434630803788426 ], [ -40.357363565166089, -20.434630781193992 ], [ -40.357363837609157, -20.434630598189486 ], [ -40.357363871451298, -20.434630575034781 ], [ -40.357364140463886, -20.434630387576664 ], [ -40.357364173872156, -20.434630363868749 ], [ -40.357364439370109, -20.434630172015801 ], [ -40.357364472334346, -20.434630147761911 ], [ -40.357364734241706, -20.43462995156904 ], [ -40.357364766751871, -20.434629926776545 ], [ -40.357365024990138, -20.434629726302358 ], [ -40.357365057036311, -20.434629700978807 ], [ -40.357365311518194, -20.434629496291137 ], [ -40.357365343090635, -20.434629470444261 ], [ -40.35736559374601, -20.434629261599671 ], [ -40.357365624835083, -20.434629235237331 ], [ -40.357365871586907, -20.434629022299863 ], [ -40.357365902183155, -20.434628995430092 ], [ -40.357366144952898, -20.434628778467527 ], [ -40.357366175046991, -20.434628751098519 ], [ -40.357366413763636, -20.434628530174386 ], [ -40.357366443346407, -20.434628502314471 ], [ -40.357366677936838, -20.434628277496373 ], [ -40.357366706999294, -20.434628249154041 ], [ -40.357366937389294, -20.434628020513149 ], [ -40.357366965922566, -20.434627991697031 ], [ -40.357367192048279, -20.434627759296667 ], [ -40.357367220043685, -20.434627730015521 ], [ -40.357367441827151, -20.43462749393586 ], [ -40.357367469276156, -20.434627464198641 ], [ -40.357367686659735, -20.434627224501003 ], [ -40.357367713553984, -20.434627194316739 ], [ -40.357367926463205, -20.434626951083168 ], [ -40.357367952794498, -20.434626920461078 ], [ -40.357368161168452, -20.434626673761329 ], [ -40.357368186928767, -20.434626642710718 ], [ -40.357368390704671, -20.434626392619005 ], [ -40.357368415886157, -20.434626361149345 ], [ -40.357368614999253, -20.434626107745135 ], [ -40.357368639594256, -20.43462607586601 ], [ -40.357368833985696, -20.434625819224276 ], [ -40.357368857986707, -20.434625786945393 ], [ -40.357369047596684, -20.434625527145077 ], [ -40.357369070996405, -20.434625494476268 ], [ -40.357369255767367, -20.434625231596218 ], [ -40.357369278558664, -20.434625198547451 ], [ -40.357369458435549, -20.434624932665894 ], [ -40.357369480611489, -20.434624899247215 ], [ -40.357369655536537, -20.434624630449591 ], [ -40.357369677090354, -20.434624596671185 ], [ -40.357369847012023, -20.434624325036857 ], [ -40.357369867937152, -20.434624290909028 ], [ -40.357370032805221, -20.434624016518097 ], [ -40.357370053095295, -20.434623982051214 ], [ -40.357370212856225, -20.43462370499282 ], [ -40.357370232505055, -20.434623670197396 ], [ -40.357370387112809, -20.434623390551497 ], [ -40.35737040611442, -20.434623355438134 ], [ -40.357370555521044, -20.434623073291313 ], [ -40.357370573869645, -20.434623037870708 ], [ -40.357370718029784, -20.434622753308602 ], [ -40.357370735719783, -20.434622717591537 ], [ -40.357370874589172, -20.434622430701541 ], [ -40.357370891615176, -20.434622394698895 ], [ -40.357371025150975, -20.434622105569648 ], [ -40.357371041507797, -20.434622069292406 ], [ -40.357371169671005, -20.43462177800831 ], [ -40.357371185353678, -20.434621741467499 ], [ -40.357371308104113, -20.434621448119731 ], [ -40.357371323107834, -20.434621411326489 ], [ -40.357371440408059, -20.434621116004639 ], [ -40.35737145472828, -20.434621078970174 ], [ -40.357371566542788, -20.434620781763609 ], [ -40.357371580175148, -20.43462074449921 ], [ -40.357371686469925, -20.434620445498357 ], [ -40.357371699410258, -20.434620408015366 ], [ -40.357371800153018, -20.434620107311051 ], [ -40.357371812397389, -20.434620069620884 ], [ -40.357371907557365, -20.434619767304874 ], [ -40.357371919102043, -20.434619729419008 ], [ -40.357372008649968, -20.434619425584284 ], [ -40.357372019491436, -20.434619387514282 ], [ -40.35737210340028, -20.434619082252695 ], [ -40.357372113535234, -20.434619044010134 ], [ -40.357372191779461, -20.434618737414521 ], [ -40.357372201204825, -20.434618699011061 ], [ -40.357372273760575, -20.43461839117489 ], [ -40.35737228247347, -20.434618352622227 ], [ -40.357372349318759, -20.434618043638718 ], [ -40.357372357316535, -20.434618004948589 ], [ -40.357372418430757, -20.434617694912976 ], [ -40.357372425710956, -20.434617656097153 ], [ -40.357372481075636, -20.434617345103266 ], [ -40.357372487636063, -20.4346173061736 ], [ -40.357372537234198, -20.434616994316936 ], [ -40.357372543072856, -20.434616955285275 ], [ -40.357372586889589, -20.434616642659226 ], [ -40.357372592004687, -20.434616603537446 ], [ -40.357372630026454, -20.434616290238811 ], [ -40.357372634416436, -20.434616251038847 ], [ -40.357372666631754, -20.434615937162167 ], [ -40.357372670295298, -20.434615897895963 ], [ -40.357372696694334, -20.434615583537077 ], [ -40.357372699630304, -20.434615544216573 ], [ -40.357372720205014, -20.434615229471284 ], [ -40.357372722412521, -20.43461519010847 ], [ -40.357372737156631, -20.43461487507275 ], [ -40.357372738635007, -20.434614835679625 ], [ -40.357372747544026, -20.434614520449532 ], [ -40.357372748292818, -20.434614481038089 ], [ -40.357372751364053, -20.434614165709004 ], [ -40.357372751383032, -20.43461412629124 ], [ -40.357372748615532, -20.434613810960048 ], [ -40.357372747904698, -20.434613771547969 ], [ -40.357372739299301, -20.434613456309943 ], [ -40.357372737858867, -20.434613416915575 ], [ -40.357372723418209, -20.434613101867566 ], [ -40.357372721248616, -20.43461306250288 ], [ -40.357372700977081, -20.434612747740232 ], [ -40.357372698078983, -20.43461270841723 ], [ -40.357372671982752, -20.434612394035881 ], [ -40.35737266835703, -20.43461235476655 ], [ -40.357372636444047, -20.434612040862394 ] ] ], [ [ [ -40.357085391929409, -20.429176644827102 ], [ -40.357087117915412, -20.429173498674025 ], [ -40.357088159611322, -20.429170095561133 ], [ -40.357088476985396, -20.429166566268151 ], [ -40.357088057841189, -20.429163046423813 ], [ -40.357086918286207, -20.429159671293736 ], [ -40.357085102112954, -20.429156570582247 ], [ -40.357082679115962, -20.429153863447922 ], [ -40.35707974240966, -20.429151653924389 ], [ -40.356838545509234, -20.42900416893233 ], [ -40.356838544964262, -20.429004168666662 ], [ -40.35675814600819, -20.428955006861642 ], [ -40.356677746625969, -20.428905844741323 ], [ -40.356597347295775, -20.428856682582111 ], [ -40.356516948015411, -20.428807520382634 ], [ -40.356436548784757, -20.428758358142851 ], [ -40.356356149603876, -20.428709195862805 ], [ -40.356235550923401, -20.428635452369772 ], [ -40.356060251048966, -20.428528259934694 ], [ -40.355994353941412, -20.42848796505892 ], [ -40.355994284006051, -20.428487930965922 ], [ -40.355994222429096, -20.428487885357974 ], [ -40.355994220795246, -20.428487884376654 ], [ -40.355992487481409, -20.428487055172749 ], [ -40.355991016406108, -20.428486338033835 ], [ -40.355990951537841, -20.428486320389236 ], [ -40.35599088750272, -20.42848628975533 ], [ -40.355988930996332, -20.428485770788438 ], [ -40.355987406274117, -20.428485356053791 ], [ -40.355987350703757, -20.428485351612927 ], [ -40.355987289268739, -20.428485335317173 ], [ -40.355985149746509, -20.428485175725299 ], [ -40.355983662280806, -20.42848505685571 ], [ -40.355983618400039, -20.428485061498623 ], [ -40.355983562943543, -20.428485057361989 ], [ -40.355981279866775, -20.428485308932586 ], [ -40.355979928305715, -20.428485451937643 ], [ -40.35597989710557, -20.428485461298038 ], [ -40.355979850249042, -20.428485466461126 ], [ -40.355977452182408, -20.428486194802609 ], [ -40.355976347843409, -20.428486526116782 ], [ -40.355976328945765, -20.428486535952352 ], [ -40.355976292388739, -20.428486547055467 ], [ -40.355973768782384, -20.428487868429709 ], [ -40.35597305848907, -20.428488238113051 ], [ -40.355973050281229, -20.428488244640882 ], [ -40.355973024677368, -20.42848825804721 ], [ -40.355970209418615, -20.428490504027696 ], [ -40.355970186650737, -20.428490522135377 ], [ -40.355970186503932, -20.428490522308767 ], [ -40.355970171394567, -20.42849053436283 ], [ -40.355967841058195, -20.428493289428101 ], [ -40.355654920747327, -20.42894801976589 ], [ -40.355653215119972, -20.428951117866493 ], [ -40.355653204431874, -20.428951152227491 ], [ -40.355653196355192, -20.42895116694951 ], [ -40.355652979747575, -20.428951874561893 ], [ -40.355652173266044, -20.428954467307978 ], [ -40.355652167268744, -20.428954528762578 ], [ -40.355652154628487, -20.428954570055705 ], [ -40.355652053456737, -20.428955694999456 ], [ -40.355651834067721, -20.428957943088772 ], [ -40.355651843469026, -20.428958029884107 ], [ -40.355651837221785, -20.428958099348069 ], [ -40.355651989687559, -20.428959379811911 ], [ -40.355652210183955, -20.42896141549231 ], [ -40.355652244884197, -20.428961523047402 ], [ -40.355652256332903, -20.428961619197882 ], [ -40.355652697022272, -20.428962924471442 ], [ -40.3556532875781, -20.428964754928021 ], [ -40.355653355941946, -20.428964876119171 ], [ -40.355653395855683, -20.428964994339275 ], [ -40.355654121344948, -20.428966232977835 ], [ -40.35565502604171, -20.428967836767729 ], [ -40.35565513427116, -20.428967962361696 ], [ -40.355655211998936, -20.428968095067468 ], [ -40.355656197019272, -20.428969195618873 ], [ -40.355657360695112, -20.428970545996766 ], [ -40.355657512332257, -20.428970665202261 ], [ -40.355657634969326, -20.428970802223176 ], [ -40.355658839121276, -20.428971708222047 ], [ -40.355660204408757, -20.428972781506335 ], [ -40.35566020603077, -20.428972782548694 ], [ -40.355660397994896, -20.428972881111967 ], [ -40.355660571653466, -20.428973011771944 ], [ -40.355901769168767, -20.429120499469313 ], [ -40.356022368096866, -20.429194243176774 ], [ -40.35610276744341, -20.42924340560009 ], [ -40.356183166839678, -20.429292567983165 ], [ -40.356263566285705, -20.42934173032592 ], [ -40.356343965781477, -20.429390892628373 ], [ -40.356424365327015, -20.429440054890559 ], [ -40.35650514930137, -20.429489452119117 ], [ -40.356745962371789, -20.429636702511889 ], [ -40.356749299939516, -20.429638329519602 ], [ -40.356752910102308, -20.429639311481242 ], [ -40.356756654123608, -20.429639610660583 ], [ -40.356760388122716, -20.429639215560325 ], [ -40.356763968604092, -20.429638141363938 ], [ -40.356767257971804, -20.429636429352215 ], [ -40.356770129817285, -20.429634145316836 ], [ -40.356772473777106, -20.42963137703202 ], [ -40.356824626912072, -20.429555588386137 ], [ -40.356876780018695, -20.42947979969577 ], [ -40.356928933075551, -20.429404010992052 ], [ -40.356981086082691, -20.429328222274922 ], [ -40.357033239040085, -20.429252433544395 ], [ -40.357085391929409, -20.429176644827102 ] ] ], [ [ [ -40.357200128122791, -20.429009909584579 ], [ -40.357252282314384, -20.428934122108849 ], [ -40.357252282405412, -20.42893412194293 ], [ -40.357252282529025, -20.428934121796935 ], [ -40.357304435224052, -20.428858332994611 ], [ -40.357356587869326, -20.428782544178866 ], [ -40.357356587959529, -20.428782544014421 ], [ -40.357356588082041, -20.42878254386973 ], [ -40.357408738818087, -20.428706754357503 ], [ -40.357408739031285, -20.428706754047663 ], [ -40.357460891348225, -20.428630965545366 ], [ -40.357462617321048, -20.42862781938895 ], [ -40.357463659005646, -20.428624416274047 ], [ -40.357463976370688, -20.428620886980486 ], [ -40.357463557220065, -20.428617367137026 ], [ -40.357462417661559, -20.428613992009282 ], [ -40.357460601487801, -20.428610891301521 ], [ -40.357458178493346, -20.428608184172159 ], [ -40.357455241792536, -20.428605974654655 ], [ -40.357214045260598, -20.428458490061097 ], [ -40.357133646016003, -20.428409328145793 ], [ -40.357053246822389, -20.428360166188188 ], [ -40.356972847680574, -20.428311004191553 ], [ -40.356852249078841, -20.428237261111381 ], [ -40.356731650600359, -20.428163517964876 ], [ -40.356611052151472, -20.428089774677066 ], [ -40.356369855659018, -20.42794228793597 ], [ -40.356366518132553, -20.427940660919141 ], [ -40.356362908012208, -20.427939678947585 ], [ -40.356359164032803, -20.427939379757913 ], [ -40.356355430073307, -20.427939774847815 ], [ -40.3563518496276, -20.427940849034204 ], [ -40.356348560290144, -20.427942561036744 ], [ -40.356345688468274, -20.427944845064161 ], [ -40.356343344524475, -20.427947613342596 ], [ -40.35626511516503, -20.428061296109046 ], [ -40.356186885678106, -20.428174978867965 ], [ -40.356108656094833, -20.428288661574175 ], [ -40.356030426391975, -20.428402344261347 ], [ -40.35602870039142, -20.428405490405382 ], [ -40.356027658676041, -20.428408893513712 ], [ -40.356027341278434, -20.428412422806772 ], [ -40.35602776039606, -20.428415942655789 ], [ -40.356028899922507, -20.428419317794919 ], [ -40.356030716066442, -20.428422418519439 ], [ -40.356033139034494, -20.428425125670177 ], [ -40.356036075713348, -20.428427335212838 ], [ -40.356277272682618, -20.428574822386537 ], [ -40.3563978713238, -20.428648565926721 ], [ -40.356518470093533, -20.428722309287124 ], [ -40.356639068968278, -20.42879605253539 ], [ -40.356719468268118, -20.4288452146906 ], [ -40.356799867630365, -20.428894376793266 ], [ -40.356880267040857, -20.428943538852018 ], [ -40.357121464049094, -20.429091023860018 ], [ -40.357124801608158, -20.429092650860934 ], [ -40.357128411759838, -20.429093632815324 ], [ -40.357132155767999, -20.429093931987222 ], [ -40.357135889752463, -20.42909353687962 ], [ -40.357139470218257, -20.42909246267627 ], [ -40.357142759570053, -20.429090750658247 ], [ -40.357145631399888, -20.429088466617454 ], [ -40.357147975344965, -20.429085698328308 ], [ -40.357200127908627, -20.42900990989579 ], [ -40.357200128014853, -20.429009909741435 ], [ -40.357200128122791, -20.429009909584579 ] ] ], [ [ [ -40.357045223340208, -20.426761639371041 ], [ -40.357046949303133, -20.426758493218763 ], [ -40.357047990986892, -20.426755090105846 ], [ -40.357048308360199, -20.426751560812033 ], [ -40.357047889226621, -20.426748040966082 ], [ -40.357046749693282, -20.426744665833724 ], [ -40.357044933551848, -20.426741565119357 ], [ -40.357042510595633, -20.426738857981675 ], [ -40.357039573937499, -20.426736648454458 ], [ -40.356798379293153, -20.426589162156336 ], [ -40.356798379194295, -20.426589162163474 ], [ -40.356798378748117, -20.426589161890636 ], [ -40.356717981109618, -20.426539999983532 ], [ -40.356637583042996, -20.426490837759882 ], [ -40.356557185028493, -20.426441675497429 ], [ -40.35647678706372, -20.426392513194671 ], [ -40.356396389148706, -20.426343350851624 ], [ -40.356315991283424, -20.426294188468312 ], [ -40.356195394580311, -20.426220444822835 ], [ -40.35595420154111, -20.426072957199796 ], [ -40.355950864059906, -20.426071330170537 ], [ -40.355947253985455, -20.426070348186208 ], [ -40.355943510050913, -20.426070048983895 ], [ -40.355939776133575, -20.426070444061779 ], [ -40.355936195725782, -20.426071518237258 ], [ -40.355932906420612, -20.426073230230354 ], [ -40.355930034624222, -20.426075514250154 ], [ -40.355927690698174, -20.426078282523036 ], [ -40.355875538153157, -20.426154070921491 ], [ -40.355823385558395, -20.426229859306599 ], [ -40.355771232913888, -20.426305647678298 ], [ -40.35571908021965, -20.42638143603665 ], [ -40.355666927475667, -20.426457224381579 ], [ -40.355614774688569, -20.426533012703555 ], [ -40.355613048697876, -20.42653615884312 ], [ -40.355612006983172, -20.426539561949124 ], [ -40.355611689577017, -20.426543091242138 ], [ -40.3556121086772, -20.426546611093407 ], [ -40.355613248177981, -20.426549986237024 ], [ -40.355615064289026, -20.426553086968109 ], [ -40.35561748721824, -20.426555794127282 ], [ -40.355620423853821, -20.426558003679933 ], [ -40.355861617421574, -20.426705491686565 ], [ -40.355982214376887, -20.426779235549262 ], [ -40.35606261240784, -20.42682839807587 ], [ -40.356143010488466, -20.426877560562151 ], [ -40.356223408618874, -20.42692672300819 ], [ -40.356303806798984, -20.426975885413924 ], [ -40.356384205028853, -20.427025047779363 ], [ -40.356464603278503, -20.427074210099462 ], [ -40.356464603349458, -20.427074210143569 ], [ -40.356705798490708, -20.427221696871463 ], [ -40.356709136004412, -20.427223323883211 ], [ -40.356712746109707, -20.427224305848995 ], [ -40.356716490072237, -20.427224605032418 ], [ -40.356720224013571, -20.427224209936035 ], [ -40.356723804440385, -20.427223135743173 ], [ -40.356727093758849, -20.427221423734494 ], [ -40.356729965562273, -20.427219139701535 ], [ -40.356732309488862, -20.427216371418421 ], [ -40.356784461916249, -20.427140582785306 ], [ -40.356836614300512, -20.42706479412924 ], [ -40.356888766635059, -20.426989005459752 ], [ -40.356940918919832, -20.426913216776899 ], [ -40.356993071154896, -20.426837428080656 ], [ -40.357045223340208, -20.426761639371041 ] ] ], [ [ [ -40.357264261886392, -20.426443326688531 ], [ -40.357316413813066, -20.426367537909364 ], [ -40.357368565689974, -20.426291749116803 ], [ -40.357420717517194, -20.42621596031082 ], [ -40.357422443466866, -20.426212814155413 ], [ -40.3574234851393, -20.426209411040716 ], [ -40.357423802503668, -20.426205881746547 ], [ -40.357423383363873, -20.426202361901684 ], [ -40.357422243827273, -20.426198986771812 ], [ -40.357420427685661, -20.42619588606123 ], [ -40.357418004732367, -20.426193178928514 ], [ -40.357415068080122, -20.426190969407216 ], [ -40.357173873994761, -20.426043483592593 ], [ -40.357173873449611, -20.42604348332684 ], [ -40.35709347599758, -20.425994321580937 ], [ -40.357013078117284, -20.42594515951847 ], [ -40.356932680289098, -20.425895997417154 ], [ -40.356852282510658, -20.425846835275571 ], [ -40.356771884781971, -20.425797673093715 ], [ -40.356691487102992, -20.425748510871536 ], [ -40.356570890675421, -20.42567476746536 ], [ -40.356329698199112, -20.425527280328261 ], [ -40.356326360726548, -20.425525653305666 ], [ -40.356322750663168, -20.425524671328471 ], [ -40.356319006741693, -20.425524372133509 ], [ -40.356315272838906, -20.425524767218675 ], [ -40.356311692446603, -20.425525841401086 ], [ -40.356308403157264, -20.425527553400496 ], [ -40.356305531376428, -20.425529837425735 ], [ -40.356303187465066, -20.425532605702994 ], [ -40.356251035278163, -20.425608394197788 ], [ -40.356198883041515, -20.425684182679241 ], [ -40.356146730755142, -20.425759971147304 ], [ -40.356094578419032, -20.425835759601945 ], [ -40.356042426033163, -20.425911548043263 ], [ -40.355990273604178, -20.425987336461557 ], [ -40.355988547626737, -20.425990482604266 ], [ -40.355987505923345, -20.425993885712053 ], [ -40.355987188526129, -20.425997415005419 ], [ -40.355987607632528, -20.426000934855598 ], [ -40.355988747136571, -20.426004309996731 ], [ -40.355990563247801, -20.426007410724022 ], [ -40.355992986174094, -20.426010117878249 ], [ -40.355995922803778, -20.426012327424978 ], [ -40.356237115813308, -20.426159814948512 ], [ -40.356357712488517, -20.42623355856907 ], [ -40.356438110333073, -20.42628272093447 ], [ -40.356518508227396, -20.426331883259614 ], [ -40.35659890617147, -20.426381045544474 ], [ -40.356679304165276, -20.426430207789036 ], [ -40.356759702206809, -20.426479369992091 ], [ -40.356840100272123, -20.426528532152219 ], [ -40.356840100343078, -20.426528532196304 ], [ -40.357081294925329, -20.426676018440705 ], [ -40.357084632430386, -20.426677645445796 ], [ -40.357088242524611, -20.426678627404439 ], [ -40.357091986474082, -20.426678926580504 ], [ -40.357095720400856, -20.426678531476846 ], [ -40.35709930081218, -20.426677457277055 ], [ -40.357102590114813, -20.42667574526206 ], [ -40.357105461902684, -20.42667346122365 ], [ -40.357107805814579, -20.426670692936174 ], [ -40.357159957883852, -20.426594904206773 ], [ -40.357212109909966, -20.426519115454358 ], [ -40.357264261886392, -20.426443326688531 ] ] ], [ [ [ -40.356994637946791, -20.424361772980848 ], [ -40.356996363886395, -20.424358626829772 ], [ -40.356997405557877, -20.424355223717335 ], [ -40.35699772293043, -20.424351694423216 ], [ -40.35699730380766, -20.424348174576181 ], [ -40.35699616429627, -20.424344799441965 ], [ -40.356994348187072, -20.424341698725012 ], [ -40.356991925272126, -20.424338991584097 ], [ -40.356988988662685, -20.424336782053089 ], [ -40.356748075742395, -20.424189465300319 ], [ -40.356744738475072, -20.424187838352413 ], [ -40.356741128641929, -20.424186856381759 ], [ -40.356737384952602, -20.424186557121082 ], [ -40.356733651260228, -20.424186952069629 ], [ -40.356730071033795, -20.42418802605129 ], [ -40.356726781845296, -20.424189737797789 ], [ -40.356723910083453, -20.424192021534427 ], [ -40.356721566097178, -20.424194789507467 ], [ -40.356669408046962, -20.424270574158175 ], [ -40.35661724995775, -20.424346358779896 ], [ -40.356565091818837, -20.424422143388188 ], [ -40.356512933630178, -20.424497927983111 ], [ -40.356460775391774, -20.424573712564655 ], [ -40.356408617110255, -20.424649497123173 ], [ -40.35640689081454, -20.424652643307191 ], [ -40.356405848838186, -20.424656046526714 ], [ -40.356405531227885, -20.424659575984567 ], [ -40.356405950190521, -20.424663096031807 ], [ -40.356407089624, -20.424666471381144 ], [ -40.356408905736089, -20.424669572306541 ], [ -40.356411328727518, -20.424672279628957 ], [ -40.356414265474569, -20.424674489296848 ], [ -40.356655217740318, -20.424821830234993 ], [ -40.356658555199786, -20.424823457250962 ], [ -40.356662165247442, -20.42482443922124 ], [ -40.356665909151147, -20.424824738409271 ], [ -40.35666964303477, -20.424824343317432 ], [ -40.356673223407235, -20.424823269128883 ], [ -40.356676512676827, -20.424821557124094 ], [ -40.356679384438777, -20.424819273094435 ], [ -40.356681728332887, -20.424816504813922 ], [ -40.35673388006515, -20.424740716228236 ], [ -40.356786031742551, -20.424664927608788 ], [ -40.356838183368453, -20.424589138978483 ], [ -40.356890334944623, -20.424513350334827 ], [ -40.356942486471063, -20.424437561677774 ], [ -40.356994637946791, -20.424361772980848 ] ] ], [ [ [ -40.357037656654903, -20.424278761116309 ], [ -40.357041400545967, -20.424279060296836 ], [ -40.357045134415394, -20.424278665197416 ], [ -40.357048714772652, -20.424277591001502 ], [ -40.357052004026571, -20.424275878989853 ], [ -40.357054875772931, -20.424273594954151 ], [ -40.357057219652148, -20.424270826668611 ], [ -40.357109371012825, -20.424195037978375 ], [ -40.357161522330365, -20.424119249265139 ], [ -40.357213673598203, -20.424043460538545 ], [ -40.357265824816309, -20.423967671798543 ], [ -40.357317975984664, -20.423891883045151 ], [ -40.357370127102328, -20.423816094251961 ], [ -40.357371853028681, -20.423812948097744 ], [ -40.357372894688851, -20.423809544983516 ], [ -40.357373212052465, -20.423806015689046 ], [ -40.357372792923478, -20.423802495843116 ], [ -40.357371653408826, -20.423799120711372 ], [ -40.357369837299451, -20.423796019998218 ], [ -40.357367414387426, -20.423793312862248 ], [ -40.357364477783875, -20.423791103337159 ], [ -40.357123612001722, -20.423643815550555 ], [ -40.357120274743039, -20.423642188609314 ], [ -40.357116664920959, -20.423641206645801 ], [ -40.357112921244692, -20.423640907392478 ], [ -40.357109187566863, -20.423641302348301 ], [ -40.357105607355919, -20.423642376336886 ], [ -40.357102318183244, -20.423644088089702 ], [ -40.357099446436955, -20.423646371831786 ], [ -40.357097102465374, -20.423649139809207 ], [ -40.357044944773264, -20.423724924556261 ], [ -40.356992787042145, -20.42380070927431 ], [ -40.356940629261324, -20.423876493978952 ], [ -40.356888471430793, -20.423952278670196 ], [ -40.356836313550474, -20.424028063348072 ], [ -40.356784155627054, -20.424103848002986 ], [ -40.356782429344612, -20.424106994190147 ], [ -40.356781387379563, -20.424110397411447 ], [ -40.356781069778208, -20.424113926869648 ], [ -40.35678148874706, -20.424117446915801 ], [ -40.356782628183808, -20.424120822262651 ], [ -40.356784444296075, -20.424123923184254 ], [ -40.35678686728459, -20.424126630501714 ], [ -40.356789804025745, -20.424128840163696 ], [ -40.357030709166708, -20.424276152143722 ], [ -40.357034046617905, -20.424277779153176 ], [ -40.357037656654903, -20.424278761116309 ] ] ], [ [ [ -40.35670117777952, -20.42972015705595 ], [ -40.356700038227949, -20.429716781923304 ], [ -40.356698222054938, -20.429713681207904 ], [ -40.356695799055032, -20.429710974068477 ], [ -40.356692862342754, -20.429708764538837 ], [ -40.356451664874584, -20.429561279048016 ], [ -40.356451664329612, -20.429561278782348 ], [ -40.356371265184301, -20.429512116811082 ], [ -40.356290865612827, -20.429462954524514 ], [ -40.356210466093387, -20.429413792199039 ], [ -40.356130066623791, -20.429364629833309 ], [ -40.356049667203898, -20.429315467427276 ], [ -40.355969267833778, -20.42926630498097 ], [ -40.355848668873406, -20.429192561240981 ], [ -40.355673368582423, -20.429085368440976 ], [ -40.355607471319779, -20.429045073428938 ], [ -40.355607401384233, -20.429045039335797 ], [ -40.35560733980715, -20.429044993727722 ], [ -40.355607338173293, -20.429044992746398 ], [ -40.355605604854858, -20.429044163538929 ], [ -40.355604133775678, -20.429043446396989 ], [ -40.355604068907212, -20.429043428752255 ], [ -40.355604004871921, -20.429043398118214 ], [ -40.355602048359387, -20.429042879147328 ], [ -40.355600523632418, -20.429042464409569 ], [ -40.355600468061844, -20.429042459968599 ], [ -40.355600406626635, -20.429042443672721 ], [ -40.355598267096767, -20.429042284076505 ], [ -40.355596779625763, -20.42904216520391 ], [ -40.355596735744818, -20.429042169846731 ], [ -40.35559668028813, -20.429042165709991 ], [ -40.355594397202239, -20.429042417275998 ], [ -40.355593045635793, -20.429042560278326 ], [ -40.355593014435506, -20.429042569638661 ], [ -40.355592967578801, -20.429042574801656 ], [ -40.355590569501537, -20.429043303138361 ], [ -40.355589465157649, -20.42904363445032 ], [ -40.355589446259913, -20.429043644285862 ], [ -40.355589409702716, -20.429043655388902 ], [ -40.35558688608392, -20.429044976758149 ], [ -40.355586175787103, -20.429045346440081 ], [ -40.355586167579219, -20.429045352967901 ], [ -40.355586141975223, -20.429045366374176 ], [ -40.355583326700831, -20.429047612349159 ], [ -40.355583303932832, -20.429047630456793 ], [ -40.35558330378602, -20.429047630630173 ], [ -40.355583288676577, -20.429047642684221 ], [ -40.355580958325213, -20.429050397744994 ], [ -40.355268035809466, -20.429505127486738 ], [ -40.355266330168682, -20.42950822558414 ], [ -40.355266319480471, -20.429508259945123 ], [ -40.355266311403717, -20.429508274667128 ], [ -40.355266094793691, -20.429508982279131 ], [ -40.355265288303244, -20.429511575023792 ], [ -40.355265282305787, -20.429511636478388 ], [ -40.355265269665381, -20.42951167777149 ], [ -40.355265168490696, -20.429512802715131 ], [ -40.355264949095748, -20.429515050804177 ], [ -40.355264958496889, -20.429515137599537 ], [ -40.355264952249478, -20.429515207063492 ], [ -40.355265104712906, -20.429516487527742 ], [ -40.355265325205501, -20.429518523208746 ], [ -40.35526535990563, -20.429518630763916 ], [ -40.355265371354164, -20.429518726914424 ], [ -40.355265812042212, -20.429520032188982 ], [ -40.355266402596094, -20.429521862646901 ], [ -40.355266470959911, -20.429521983838193 ], [ -40.355266510873527, -20.429522102058385 ], [ -40.3552672363627, -20.429523340698509 ], [ -40.355268141059206, -20.429524944490364 ], [ -40.35526824928877, -20.429525070084555 ], [ -40.355268327016532, -20.42952520279049 ], [ -40.355269312038054, -20.429526303343977 ], [ -40.35527047571518, -20.429527653724325 ], [ -40.355270627352631, -20.429527772930143 ], [ -40.355270749989842, -20.429527909951315 ], [ -40.355271954144243, -20.429528815952683 ], [ -40.355273319434389, -20.429529889239813 ], [ -40.355273321056409, -20.429529890282183 ], [ -40.355273513021032, -20.429529988845847 ], [ -40.355273686679965, -20.429530119506186 ], [ -40.355514884762933, -20.429677607702335 ], [ -40.355635483974844, -20.429751351659164 ], [ -40.355715883510655, -20.429800514248772 ], [ -40.355796283096161, -20.42984967679811 ], [ -40.35587668273142, -20.429898839307125 ], [ -40.355957082416445, -20.429948001775845 ], [ -40.356037482155791, -20.429997164207084 ], [ -40.356118266315718, -20.430046561599902 ], [ -40.356359079952981, -20.43019381249065 ], [ -40.356362417529496, -20.430195439505233 ], [ -40.356366027703579, -20.430196421474246 ], [ -40.356369771738215, -20.430196720661172 ], [ -40.356373505752195, -20.430196325568421 ], [ -40.356377086249417, -20.430195251379178 ], [ -40.356380375633336, -20.43019353937397 ], [ -40.356383247494755, -20.430191255344205 ], [ -40.356385591469646, -20.430188487063898 ], [ -40.356437744972105, -20.430112698517348 ], [ -40.35648989844622, -20.430036909926311 ], [ -40.356542051870584, -20.429961121321874 ], [ -40.35659420524518, -20.429885332704114 ], [ -40.35664635857006, -20.429809544072906 ], [ -40.356698511826863, -20.429733755454937 ], [ -40.356700237826473, -20.429730609305093 ], [ -40.356701279534022, -20.429727206194041 ], [ -40.356701596917304, -20.429723676901421 ], [ -40.35670117777952, -20.42972015705595 ] ] ], [ [ [ -40.355553079446288, -20.428906300090446 ], [ -40.355554766143243, -20.428906777078168 ], [ -40.355554865207246, -20.428906785833092 ], [ -40.355554945843949, -20.428906807766992 ], [ -40.355556696233371, -20.428906947652873 ], [ -40.355558538045905, -20.4289071104259 ], [ -40.355558625197133, -20.428907101809873 ], [ -40.355558689837778, -20.42890710697575 ], [ -40.35556035490373, -20.428906930805901 ], [ -40.355562305824357, -20.428906737932042 ], [ -40.355562377715316, -20.428906716785285 ], [ -40.355562423815925, -20.428906711907683 ], [ -40.355563906608516, -20.428906267060725 ], [ -40.355565922285123, -20.428905674148581 ], [ -40.355565977053736, -20.428905645914302 ], [ -40.355566004284327, -20.428905637744958 ], [ -40.355567192418128, -20.428905019370379 ], [ -40.355569246146196, -20.428903960633697 ], [ -40.355569283579811, -20.428903931007056 ], [ -40.355569293648188, -20.428903925766885 ], [ -40.355570000065427, -20.428903363948365 ], [ -40.355572147556337, -20.428901664328194 ], [ -40.355574513168008, -20.428898874940447 ], [ -40.355626662919057, -20.428823085873894 ], [ -40.355678816476868, -20.428747297988448 ], [ -40.355730970187182, -20.428671509795699 ], [ -40.35578312384775, -20.428595721589563 ], [ -40.355835277325831, -20.428519933562942 ], [ -40.355835277458574, -20.428519933370033 ], [ -40.35588743297491, -20.428444145651305 ], [ -40.355889159082274, -20.42844099948914 ], [ -40.355890200885952, -20.428437596340078 ], [ -40.35589051834863, -20.428434066989833 ], [ -40.355890099270049, -20.428430547074136 ], [ -40.355888959755745, -20.428427171866101 ], [ -40.35588714359821, -20.428424071077622 ], [ -40.355884720593821, -20.428421363874435 ], [ -40.355881783860575, -20.42841915429646 ], [ -40.355881782299896, -20.428419153342144 ], [ -40.355881782235386, -20.428419153302688 ], [ -40.355640587576666, -20.428271666558821 ], [ -40.355640587488253, -20.428271666504752 ], [ -40.355560188819972, -20.428222503841017 ], [ -40.355479790179899, -20.428173341123784 ], [ -40.355399391589579, -20.4281241783663 ], [ -40.355318993049032, -20.428075015568545 ], [ -40.35523859455818, -20.428025852730428 ], [ -40.355158196117209, -20.42797668985196 ], [ -40.355037598548705, -20.427902945458936 ], [ -40.354796403747798, -20.427755456400796 ], [ -40.354793066240056, -20.427753829351985 ], [ -40.354789456131847, -20.427752847346444 ], [ -40.354785712157565, -20.427752548122101 ], [ -40.354781978195994, -20.427752943177961 ], [ -40.354778397741129, -20.427754017332255 ], [ -40.354775108387805, -20.427755729305861 ], [ -40.354772236544001, -20.427758013308619 ], [ -40.354769892573067, -20.427760781567592 ], [ -40.354717401426804, -20.427837060108747 ], [ -40.354665247727283, -20.42791284819657 ], [ -40.354613093978031, -20.427988636271014 ], [ -40.354560940179049, -20.428064424332049 ], [ -40.354508786330328, -20.428140212379695 ], [ -40.354456969969959, -20.428215509916832 ], [ -40.354455244363443, -20.428218655040986 ], [ -40.354454202606355, -20.428222057018079 ], [ -40.354453884708512, -20.428225585191601 ], [ -40.354454302879184, -20.428229104058293 ], [ -40.354455441058121, -20.428232478472339 ], [ -40.354457255532395, -20.428235578835768 ], [ -40.354459676615221, -20.428238286075818 ], [ -40.354462611322333, -20.428240496218031 ], [ -40.354703693277358, -20.428388071236483 ], [ -40.354703705577002, -20.428388077239632 ], [ -40.354703716399648, -20.428388085368184 ], [ -40.35482439863685, -20.428461726799295 ], [ -40.354904632058471, -20.428511072626694 ], [ -40.35490465046756, -20.428511081655554 ], [ -40.35490466671309, -20.428511093890052 ], [ -40.354985038476293, -20.428560292040835 ], [ -40.354985069243995, -20.428560307056618 ], [ -40.354985096339313, -20.428560327321399 ], [ -40.355065600337987, -20.428609219357156 ], [ -40.355145729009337, -20.428658655561438 ], [ -40.355145798554979, -20.428658689782853 ], [ -40.355145860055799, -20.428658735694761 ], [ -40.355226438510236, -20.428707569814115 ], [ -40.355306804506569, -20.428756712545407 ], [ -40.355547998180832, -20.428904198751155 ], [ -40.355549647709331, -20.428905002887166 ], [ -40.355551137470961, -20.428905750911532 ], [ -40.35555124384021, -20.428905780992114 ], [ -40.3555513357134, -20.428905825779783 ], [ -40.355553079446288, -20.428906300090446 ] ] ], [ [ [ -40.355594702376095, -20.426671903023575 ], [ -40.355591092289544, -20.426670921033416 ], [ -40.355587348341118, -20.426670621824886 ], [ -40.355583614408623, -20.426671016896396 ], [ -40.355580033984936, -20.426672091065594 ], [ -40.355576744663693, -20.426673803052768 ], [ -40.35557387285165, -20.426676087067225 ], [ -40.355571528910914, -20.426678855335602 ], [ -40.354893537285569, -20.42766410217023 ], [ -40.354891811268551, -20.42766724830388 ], [ -40.354890769531671, -20.427670651406558 ], [ -40.354890452108329, -20.427674180698972 ], [ -40.354890871196986, -20.427677700552376 ], [ -40.354892010692339, -20.427681075700768 ], [ -40.354893826804272, -20.42768417643909 ], [ -40.354896249740641, -20.427686883607674 ], [ -40.354899186389353, -20.42768909317153 ], [ -40.355944367013223, -20.428328209193605 ], [ -40.355947704544455, -20.428329836218854 ], [ -40.355951314672204, -20.428330818199129 ], [ -40.355955058661216, -20.428331117397466 ], [ -40.355958792632066, -20.428330722315845 ], [ -40.355962373090286, -20.428329648137044 ], [ -40.355965662440845, -20.428327936141152 ], [ -40.355968534275824, -20.428325652119245 ], [ -40.355970878232206, -20.42832288384502 ], [ -40.356648865349612, -20.42733763311065 ], [ -40.356650591326535, -20.427334486961687 ], [ -40.356651633022231, -20.427331083850657 ], [ -40.356651950404967, -20.427327554557209 ], [ -40.356651531277961, -20.427324034710111 ], [ -40.356650391748069, -20.42732065957512 ], [ -40.356648575606819, -20.427317558856753 ], [ -40.356646152647528, -20.427314851713845 ], [ -40.356643215983162, -20.427312642180386 ], [ -40.355598039867239, -20.426673530058054 ], [ -40.355594702376095, -20.426671903023575 ] ] ], [ [ [ -40.355847318087257, -20.4260290857063 ], [ -40.35584904406808, -20.426025939564745 ], [ -40.35585008577474, -20.426022536457513 ], [ -40.355850403175083, -20.426019007164133 ], [ -40.355849984071632, -20.426015487313357 ], [ -40.355848844570353, -20.426012112171097 ], [ -40.355847028461667, -20.42600901144213 ], [ -40.355844605537662, -20.426006304285732 ], [ -40.355841668909932, -20.426004094736371 ], [ -40.355600575708586, -20.42585666730934 ], [ -40.355597238235596, -20.425855040273756 ], [ -40.355593628168421, -20.425854058282482 ], [ -40.355589884239869, -20.425853759072858 ], [ -40.355586150326978, -20.425854154143341 ], [ -40.35558256992185, -20.425855228311615 ], [ -40.355579280617434, -20.425856940298001 ], [ -40.355576408819822, -20.425859224311857 ], [ -40.355574064890583, -20.425861992579819 ], [ -40.355521912238281, -20.425937780870111 ], [ -40.355469759536184, -20.42601356914707 ], [ -40.355417606784371, -20.426089357410603 ], [ -40.355365453982813, -20.426165145660796 ], [ -40.355313301272865, -20.426240933692188 ], [ -40.355261145814744, -20.426316719900768 ], [ -40.355259419672883, -20.426319866053525 ], [ -40.355258377827326, -20.426323269204961 ], [ -40.355258060317404, -20.426326798568155 ], [ -40.355258479345437, -20.42633031850573 ], [ -40.355259618807757, -20.42633369374251 ], [ -40.355261434913579, -20.426336794564339 ], [ -40.355263857867939, -20.426339501803131 ], [ -40.355266794553998, -20.426341711416644 ], [ -40.355507891027948, -20.4264891409703 ], [ -40.35551122851421, -20.426490768006758 ], [ -40.355514838596086, -20.42649174999886 ], [ -40.355518582540121, -20.426492049209205 ], [ -40.35552231646858, -20.426491654139316 ], [ -40.355525896888636, -20.4264905799715 ], [ -40.355529186206738, -20.426488867985441 ], [ -40.355532058016195, -20.426486583971826 ], [ -40.355534401954976, -20.426483815704046 ], [ -40.355586554767932, -20.42640802740447 ], [ -40.355638707531256, -20.426332239091632 ], [ -40.35569086024487, -20.426256450765383 ], [ -40.355743012908725, -20.426180662425722 ], [ -40.355795165522856, -20.426104874072731 ], [ -40.355847318087257, -20.4260290857063 ] ] ], [ [ [ -40.35589031385279, -20.425946108794538 ], [ -40.355894057783757, -20.425946407997525 ], [ -40.355897791697664, -20.425946012920353 ], [ -40.355901372102245, -20.425944938745602 ], [ -40.355904661404516, -20.42594322675324 ], [ -40.355907533198412, -20.425940942734179 ], [ -40.3559098771225, -20.425938174462015 ], [ -40.355962029577356, -20.425862386066058 ], [ -40.356014181989082, -20.425786597647182 ], [ -40.356066334351091, -20.425710809214895 ], [ -40.356118486663348, -20.425635020769192 ], [ -40.356170638925875, -20.425559232310164 ], [ -40.356222791137675, -20.425483443811274 ], [ -40.356224517104522, -20.425480297666645 ], [ -40.35622555879926, -20.425476894557857 ], [ -40.356225876190187, -20.425473365264462 ], [ -40.356225457080207, -20.425469845415201 ], [ -40.356224317575517, -20.425466470275861 ], [ -40.356222501466682, -20.42546336955111 ], [ -40.356220078545739, -20.425460662400024 ], [ -40.356217141924191, -20.425458452856851 ], [ -40.355976132000997, -20.425311076496271 ], [ -40.35597279471591, -20.425309449534673 ], [ -40.355969184860022, -20.425308467549343 ], [ -40.355965441143852, -20.425308168273546 ], [ -40.355961707421564, -20.425308563207125 ], [ -40.355958127163305, -20.425309637174543 ], [ -40.355954837942271, -20.425311348908071 ], [ -40.355951966148453, -20.425313632633507 ], [ -40.355949622131988, -20.425316400597541 ], [ -40.355897463345627, -20.42539218505021 ], [ -40.355845304520294, -20.425467969473829 ], [ -40.355793145645222, -20.425543753884078 ], [ -40.355740986720406, -20.42561953828092 ], [ -40.355688827745858, -20.425695322664392 ], [ -40.355636668728181, -20.425771107024886 ], [ -40.355634942405224, -20.425774253202448 ], [ -40.3556339004056, -20.425777656418308 ], [ -40.355633582776917, -20.425781185875429 ], [ -40.35563400172677, -20.425784705924901 ], [ -40.355635141153542, -20.425788081279354 ], [ -40.355636957265268, -20.425791182212539 ], [ -40.35563938026268, -20.42579388954514 ], [ -40.355642317021847, -20.425796099225202 ], [ -40.355883366304354, -20.425943499779777 ], [ -40.355886703781977, -20.425945126809577 ], [ -40.35589031385279, -20.425946108794538 ] ] ], [ [ [ -40.356286671395374, -20.425370116713651 ], [ -40.35629041531255, -20.42537041590889 ], [ -40.356294149211095, -20.425370020824026 ], [ -40.356297729599326, -20.425368946641971 ], [ -40.356301018884885, -20.425367234642938 ], [ -40.356303890662367, -20.425364950618128 ], [ -40.356306234570951, -20.425362182341352 ], [ -40.356358386647806, -20.425286393843738 ], [ -40.356410538681523, -20.425210605323176 ], [ -40.356462690665531, -20.425134816789178 ], [ -40.356514842599793, -20.425059028241812 ], [ -40.356566994484311, -20.424983239681112 ], [ -40.356619146318131, -20.424907451080522 ], [ -40.356620872270994, -20.424904304932582 ], [ -40.356621913953788, -20.424900901821907 ], [ -40.356622231335272, -20.42489737252815 ], [ -40.356621812218734, -20.424893852680036 ], [ -40.356620672710598, -20.424890477543322 ], [ -40.356618856601571, -20.424887376822578 ], [ -40.356616433683719, -20.424884669676704 ], [ -40.356613497068381, -20.424882460139784 ], [ -40.356372536904722, -20.424735114356398 ], [ -40.356369199628759, -20.424733487401838 ], [ -40.356365589784545, -20.424732505424046 ], [ -40.356361846082166, -20.424732206156012 ], [ -40.35635811237524, -20.424732601097272 ], [ -40.356354532133324, -20.424733675072005 ], [ -40.356351242929001, -20.424735386812202 ], [ -40.356348371151597, -20.424737670543383 ], [ -40.356346027150636, -20.424740438512046 ], [ -40.356293868742291, -20.424816223066426 ], [ -40.356241710294988, -20.424892007591755 ], [ -40.356189551797939, -20.424967792103715 ], [ -40.356137393251167, -20.425043576602274 ], [ -40.35608523465465, -20.425119361087436 ], [ -40.356033076015002, -20.425195145549669 ], [ -40.356031349706043, -20.425198291730549 ], [ -40.356030307718363, -20.425201694948285 ], [ -40.356029990099124, -20.42520522440579 ], [ -40.356030409055535, -20.42520874445411 ], [ -40.356031548485753, -20.425212119805934 ], [ -40.356033364597664, -20.425215220735122 ], [ -40.356035787592006, -20.425217928062484 ], [ -40.356038724344955, -20.425220137736307 ], [ -40.35627972386775, -20.425367507713471 ], [ -40.356283061336242, -20.425369134736236 ], [ -40.356286671395374, -20.425370116713651 ] ] ], [ [ [ -40.353866649262656, -20.433023296739592 ], [ -40.353866644911385, -20.433023257535741 ], [ -40.353866607199016, -20.433022944203191 ], [ -40.353866602122565, -20.433022905076896 ], [ -40.35386655861474, -20.43302259241274 ], [ -40.353866552814651, -20.433022553375917 ], [ -40.353866503524479, -20.433022241474507 ], [ -40.353866497002514, -20.433022202539053 ], [ -40.353866441945286, -20.433021891496967 ], [ -40.353866434703441, -20.433021852674738 ], [ -40.353866373895627, -20.43302154258512 ], [ -40.353866365936099, -20.433021503887936 ], [ -40.353866299396373, -20.433021194846024 ], [ -40.353866290721598, -20.433021156285676 ], [ -40.353866218470081, -20.433020848384977 ], [ -40.353866209082689, -20.433020809973215 ], [ -40.35386613114165, -20.433020503308651 ], [ -40.353866121044518, -20.433020465057172 ], [ -40.353866037437584, -20.433020159721579 ], [ -40.353866026633767, -20.433020121642027 ], [ -40.353865937386423, -20.433019817728511 ], [ -40.353865925879234, -20.433019779832502 ], [ -40.353865831018631, -20.433019477433469 ], [ -40.353865818811556, -20.433019439732533 ], [ -40.353865718366357, -20.433019138939414 ], [ -40.353865705463122, -20.433019101445037 ], [ -40.3538655994642, -20.43301880235035 ], [ -40.353865585868732, -20.43301876507396 ], [ -40.353865474348453, -20.433018467768992 ], [ -40.353865460064895, -20.43301843072193 ], [ -40.353865343057144, -20.433018135296962 ], [ -40.353865328089853, -20.433018098490528 ], [ -40.353865205630235, -20.433017805035451 ], [ -40.353865189983757, -20.433017768480859 ], [ -40.353865062109314, -20.433017477084487 ], [ -40.353865045788432, -20.433017440792856 ], [ -40.353864912538171, -20.433017151544181 ], [ -40.353864895547851, -20.433017115526582 ], [ -40.35386475696356, -20.433016828516145 ], [ -40.353864739308968, -20.433016792783533 ], [ -40.353864595431105, -20.433016508095097 ], [ -40.353864577117626, -20.43301647265837 ], [ -40.353864427990594, -20.433016190379913 ], [ -40.353864409023807, -20.433016155249867 ], [ -40.353864254693391, -20.433015875468083 ], [ -40.353864235079065, -20.433015840655404 ], [ -40.353864075592121, -20.433015563455207 ], [ -40.353864055336246, -20.433015528970508 ], [ -40.353863890742225, -20.433015254437716 ], [ -40.353863869850962, -20.433015220291502 ], [ -40.353863700197302, -20.433014948505367 ], [ -40.353863678677016, -20.433014914708043 ], [ -40.353863504018818, -20.433014645756849 ], [ -40.353863481876068, -20.433014612318694 ], [ -40.353863302264934, -20.43301434628173 ], [ -40.353863279506456, -20.43301431321294 ], [ -40.353863094995326, -20.433014050168794 ], [ -40.353863071628055, -20.433014017479447 ], [ -40.353862882276175, -20.433013757512608 ], [ -40.353862858307231, -20.433013725212657 ], [ -40.353862664171032, -20.433013468400503 ], [ -40.353862639607712, -20.433013436499785 ], [ -40.353862440746113, -20.433013182920249 ], [ -40.353862415595913, -20.43301315142849 ], [ -40.353862212070084, -20.433012901159579 ], [ -40.353862186340649, -20.433012870086358 ], [ -40.353861978210759, -20.433012623202117 ], [ -40.353861951909934, -20.433012592556913 ], [ -40.353861739242113, -20.433012349135794 ], [ -40.35386171237792, -20.433012318927929 ], [ -40.353861495236245, -20.433012079043159 ], [ -40.353861467816841, -20.433012049281832 ], [ -40.353861246263449, -20.433011813002206 ], [ -40.353861218297205, -20.433011783696507 ], [ -40.353860992407988, -20.433011551102883 ], [ -40.353860963903415, -20.433011522261708 ], [ -40.353860733737072, -20.433011293414509 ], [ -40.353860704702868, -20.433011265046677 ], [ -40.353860470338752, -20.433011040024873 ], [ -40.353860440783741, -20.433011012138994 ], [ -40.353860202286825, -20.433010791004868 ], [ -40.353860172220024, -20.433010763609456 ], [ -40.353859929665759, -20.433010546433042 ], [ -40.353859899096314, -20.433010519536428 ], [ -40.353859652558974, -20.433010306384158 ], [ -40.353859621496206, -20.433010279994544 ], [ -40.353859371047918, -20.433010070928844 ], [ -40.353859339501291, -20.433010045054274 ], [ -40.353859085221764, -20.4330098401417 ], [ -40.353859053200871, -20.433009814790029 ], [ -40.353858795168257, -20.433009614093422 ], [ -40.353858762682876, -20.433009589272395 ], [ -40.353858500968279, -20.433009392847197 ], [ -40.353858468028285, -20.433009368564377 ], [ -40.353858202720183, -20.433009176477064 ], [ -40.353858169335624, -20.433009152739853 ], [ -40.353857900513518, -20.43300896504779 ], [ -40.353857866694561, -20.433008941863388 ], [ -40.353857594435361, -20.433008758620307 ], [ -40.353857560192296, -20.433008735995806 ], [ -40.353857284581188, -20.433008557259157 ], [ -40.353857249924459, -20.433008535201438 ], [ -40.353856971046831, -20.433008361026634 ], [ -40.353856935986983, -20.433008339542422 ], [ -40.353856653928922, -20.433008169983086 ], [ -40.353856618476648, -20.433008149078915 ], [ -40.353856333321865, -20.43300798418537 ], [ -40.353856297487958, -20.433007963867606 ], [ -40.353856009322421, -20.433007803689584 ], [ -40.353855973117795, -20.43300778396442 ], [ -40.353855682031558, -20.433007628552001 ], [ -40.353855645467242, -20.433007609425445 ], [ -40.353855351547082, -20.433007458824939 ], [ -40.353855314634217, -20.43300744030282 ], [ -40.35385501797029, -20.433007294560475 ], [ -40.353854980720108, -20.433007276648432 ], [ -40.353854681403007, -20.43300713580873 ], [ -40.353854643826864, -20.433007118512229 ], [ -40.353854341946914, -20.433006982617716 ], [ -40.353854304056249, -20.433006965942017 ], [ -40.353853999707475, -20.433006835035009 ], [ -40.353853961513842, -20.433006818985195 ], [ -40.353853654790555, -20.433006693106126 ], [ -40.353853616305578, -20.433006677687082 ], [ -40.35385330729526, -20.433006556871863 ], [ -40.353853268530663, -20.433006542088293 ], [ -40.353852957327227, -20.433006426373833 ], [ -40.353852918294827, -20.433006412230242 ], [ -40.353852605003816, -20.433006301655674 ], [ -40.353852565715499, -20.433006288156349 ], [ -40.35385225042053, -20.433006182751104 ], [ -40.35385221088827, -20.433006169900167 ], [ -40.353851893691164, -20.433006069698362 ], [ -40.353851853926983, -20.433006057499728 ], [ -40.353851534918569, -20.433005962530146 ], [ -40.353851494934595, -20.433005950987553 ], [ -40.35385117422453, -20.433005861282709 ], [ -40.353851134032929, -20.433005850399642 ], [ -40.353850811704433, -20.433005765982806 ], [ -40.353850771317461, -20.433005755762593 ], [ -40.353850447476646, -20.433005676661669 ], [ -40.353850406906609, -20.43300566710743 ], [ -40.353850081651721, -20.433005593346344 ], [ -40.35385004091097, -20.433005584460982 ], [ -40.353849714336668, -20.433005516061261 ], [ -40.353849673437608, -20.433005507847486 ], [ -40.353849345654005, -20.43300544483208 ], [ -40.353849304609099, -20.433005437292373 ], [ -40.353848975698973, -20.433005379677269 ], [ -40.353848934520727, -20.433005372813962 ], [ -40.353848604602149, -20.433005320619873 ], [ -40.353848563303096, -20.433005314435036 ], [ -40.353848232466625, -20.43300526767613 ], [ -40.353848191059356, -20.43300526217164 ], [ -40.353847859403245, -20.433005220861972 ], [ -40.353847817900373, -20.433005216039515 ], [ -40.353847485531055, -20.433005180192392 ], [ -40.35384744394522, -20.433005176053456 ], [ -40.35384711096912, -20.433005145680195 ], [ -40.353847069312977, -20.433005142226001 ], [ -40.353846735820269, -20.433005117334783 ], [ -40.353846694106522, -20.433005114566413 ], [ -40.353846360203669, -20.43300509516531 ], [ -40.353846318445022, -20.433005093083601 ], [ -40.353845984230219, -20.433005079178411 ], [ -40.353845942439392, -20.433005077783999 ], [ -40.353845608027228, -20.433005069379359 ], [ -40.353845566216947, -20.43300506867266 ], [ -40.353845231693384, -20.433005065770658 ], [ -40.353845189876388, -20.433005065751892 ], [ -40.353844855351916, -20.433005068353612 ], [ -40.353844813540931, -20.433005069022787 ], [ -40.353844479113718, -20.433005077127465 ], [ -40.353844437321506, -20.433005078484371 ], [ -40.353844103101977, -20.433005092089211 ], [ -40.353844061341249, -20.433005094133438 ], [ -40.353843727415359, -20.433005113234998 ], [ -40.353843685698834, -20.43300511596593 ], [ -40.353843352181038, -20.433005140557807 ], [ -40.353843310521434, -20.433005143974597 ], [ -40.353842977509842, -20.433005174049477 ], [ -40.353842935919836, -20.433005178151106 ], [ -40.353842603520746, -20.433005213699239 ], [ -40.353842562013014, -20.433005218484425 ], [ -40.353842230316445, -20.433005259496234 ], [ -40.353842188903627, -20.433005264963551 ], [ -40.353841858015784, -20.433005311426076 ], [ -40.353841816710506, -20.433005317573851 ], [ -40.353841486737565, -20.43300536947212 ], [ -40.353841445552405, -20.433005376298475 ], [ -40.353841116592385, -20.433005433616895 ], [ -40.353841075539883, -20.433005441119743 ], [ -40.353840747683066, -20.433005503842772 ], [ -40.353840706775728, -20.433005512019843 ], [ -40.353840380139808, -20.433005580124913 ], [ -40.353840339390104, -20.433005588973707 ], [ -40.353840014057567, -20.433005662443545 ], [ -40.353839973477896, -20.433005671961368 ], [ -40.353839649558459, -20.433005750771326 ], [ -40.353839609161184, -20.433005760955282 ], [ -40.353839286749086, -20.433005845082356 ], [ -40.353839246546521, -20.433005855929341 ], [ -40.353838925739588, -20.433005945348086 ], [ -40.353838885743968, -20.433005956854799 ], [ -40.353838566647816, -20.433006051535649 ], [ -40.353838526871336, -20.433006063698574 ], [ -40.353838209568757, -20.43300616361698 ], [ -40.353838170023522, -20.433006176432428 ], [ -40.353837854623599, -20.433006281554185 ], [ -40.353837815321668, -20.433006295018238 ], [ -40.353837501914704, -20.433006405313137 ], [ -40.353837462868036, -20.433006419421698 ], [ -40.353837151555247, -20.433006534854041 ], [ -40.353837112775743, -20.433006549602808 ], [ -40.353836803640206, -20.433006670141875 ], [ -40.353836765139675, -20.433006685526369 ], [ -40.353836458286253, -20.433006811131381 ], [ -40.353836420076419, -20.433006827146915 ], [ -40.353836115598362, -20.433006957779529 ], [ -40.353836077690872, -20.433006974421208 ], [ -40.353835775675016, -20.433007110044141 ], [ -40.353835738081415, -20.433007127306904 ], [ -40.353835438621338, -20.433007267878267 ], [ -40.353835401353081, -20.433007285756858 ], [ -40.353835104542078, -20.433007431232873 ], [ -40.353835067610518, -20.433007449721856 ], [ -40.353834773538146, -20.433007600058577 ], [ -40.353834736954525, -20.433007619152303 ], [ -40.353834445710589, -20.433007774303857 ], [ -40.353834409486048, -20.433007793996513 ], [ -40.353834121159892, -20.433007953915244 ], [ -40.353834085305472, -20.433007974200834 ], [ -40.353833799983029, -20.433008138839089 ], [ -40.353833764509652, -20.433008159711431 ], [ -40.353833482280102, -20.433008329017738 ], [ -40.353833447198561, -20.433008350470484 ], [ -40.353833168146977, -20.43300852439377 ], [ -40.353833133467973, -20.433008546420371 ], [ -40.353832857677197, -20.43300872490904 ], [ -40.353832823411288, -20.433008747502797 ], [ -40.353832550966423, -20.433008930501881 ], [ -40.353832517124054, -20.433008953655911 ], [ -40.353832248109534, -20.433009141108688 ], [ -40.353832214701015, -20.433009164815939 ], [ -40.353831949200988, -20.433009356663622 ], [ -40.353831916236487, -20.433009380916857 ], [ -40.353831654326918, -20.433009577104549 ], [ -40.353831621816475, -20.433009601896398 ], [ -40.353831363575871, -20.433009802365479 ], [ -40.353831331529392, -20.433009827688398 ], [ -40.353831077045022, -20.433010032371048 ], [ -40.353831045472269, -20.433010058217299 ], [ -40.353830794814286, -20.433010267056968 ], [ -40.353830763724872, -20.433010293418686 ], [ -40.353830516970312, -20.433010506351316 ], [ -40.35383048637371, -20.433010533220486 ], [ -40.353830243601088, -20.433010750178301 ], [ -40.353830213506626, -20.433010777546716 ], [ -40.353829974786976, -20.433010998466177 ], [ -40.353829945203813, -20.433011026325513 ], [ -40.353829710610242, -20.433011251139042 ], [ -40.353829681547388, -20.433011279480816 ], [ -40.353829451154112, -20.433011508117211 ], [ -40.353829422620421, -20.433011536932778 ], [ -40.353829196491311, -20.433011769328754 ], [ -40.35382916849548, -20.433011798609353 ], [ -40.353828946708482, -20.433012034684729 ], [ -40.353828919259037, -20.433012064421415 ], [ -40.353828701871791, -20.433012304114854 ], [ -40.353828674977088, -20.433012334298599 ], [ -40.353828462064079, -20.433012577528068 ], [ -40.353828435732311, -20.433012608149657 ], [ -40.353828227354441, -20.433012854845412 ], [ -40.353828201593636, -20.433012885895526 ], [ -40.353827997813703, -20.433013135983337 ], [ -40.353827972631706, -20.433013167452511 ], [ -40.353827773514453, -20.433013420852934 ], [ -40.353827748918931, -20.433013452731586 ], [ -40.353827554523228, -20.433013709369636 ], [ -40.35382753052167, -20.433013741648061 ], [ -40.353827340907301, -20.433014001444793 ], [ -40.353827317507026, -20.433014034113153 ], [ -40.35382713273156, -20.433014296989725 ], [ -40.353827109939687, -20.433014330038063 ], [ -40.353826930058176, -20.433014595916234 ], [ -40.353826907881647, -20.433014629334501 ], [ -40.353826732951859, -20.433014898128871 ], [ -40.353826711397438, -20.433014931906865 ], [ -40.353826541470923, -20.43301520353803 ], [ -40.353826520545176, -20.433015237665479 ], [ -40.35382635567214, -20.433015512053352 ], [ -40.353826335381434, -20.433015546519854 ], [ -40.353826175615424, -20.433015823575325 ], [ -40.353826155965955, -20.433015858370378 ], [ -40.353826001353021, -20.433016138013457 ], [ -40.353825982350749, -20.433016173126468 ], [ -40.353825832938831, -20.433016455270575 ], [ -40.35382581458957, -20.433016490690843 ], [ -40.353825670424023, -20.433016775250351 ], [ -40.353825652733349, -20.4330168109671 ], [ -40.353825513858446, -20.433017097854609 ], [ -40.353825496831753, -20.433017133856954 ], [ -40.353825363290348, -20.43301742298382 ], [ -40.353825346932815, -20.433017459260778 ], [ -40.353825218763902, -20.433017750542614 ], [ -40.353825203080511, -20.433017787083148 ], [ -40.353825080324263, -20.433018080428777 ], [ -40.353825065319803, -20.433018117221756 ], [ -40.353824948013688, -20.433018412541589 ], [ -40.353824933692721, -20.433018449575805 ], [ -40.353824821872216, -20.433018746780462 ], [ -40.353824808239096, -20.433018784044638 ], [ -40.353824701938223, -20.433019083043693 ], [ -40.353824688997122, -20.433019120526463 ], [ -40.35382458824818, -20.433019421229115 ], [ -40.353824576003035, -20.43301945891908 ], [ -40.353824480836785, -20.433019761233545 ], [ -40.353824469291318, -20.433019799119219 ], [ -40.353824379737027, -20.433020102952515 ], [ -40.353824368894763, -20.433020141022347 ], [ -40.353824284979474, -20.433020446282619 ], [ -40.353824274843703, -20.433020484525027 ], [ -40.353824196592953, -20.433020791119453 ], [ -40.353824187166772, -20.433020829522771 ], [ -40.353824114604407, -20.433021137357862 ], [ -40.353824105890681, -20.433021175910405 ], [ -40.353824039038706, -20.433021484892969 ], [ -40.353824031040091, -20.433021523582998 ], [ -40.353823969919098, -20.433021833617779 ], [ -40.353823962638046, -20.433021872433493 ], [ -40.353823907266531, -20.433022183426687 ], [ -40.353823900705244, -20.433022222356271 ], [ -40.353823851100195, -20.433022534212355 ], [ -40.353823845260671, -20.433022573243953 ], [ -40.353823801436953, -20.433022885869548 ], [ -40.353823796320967, -20.433022924991263 ], [ -40.353823758292151, -20.433023238289575 ], [ -40.353823753901281, -20.433023277489497 ], [ -40.353823721678843, -20.433023591365956 ], [ -40.353823718014411, -20.43302363063215 ], [ -40.353823691608191, -20.433023944990946 ], [ -40.353823688671319, -20.433023984311443 ], [ -40.353823668089362, -20.433024299056772 ], [ -40.353823665880945, -20.433024338419585 ], [ -40.353823651129531, -20.433024653455462 ], [ -40.353823649650238, -20.433024692848612 ], [ -40.353823640733857, -20.433025008078985 ], [ -40.353823639984135, -20.433025047490467 ], [ -40.353823636905489, -20.433025362819954 ], [ -40.353823636885579, -20.433025402237778 ], [ -40.353823639645611, -20.433025717569492 ], [ -40.353823640355515, -20.433025756981646 ], [ -40.353823648953394, -20.433026072220315 ], [ -40.353823650392883, -20.433026111614776 ], [ -40.353823664825974, -20.433026426663549 ], [ -40.353823666994614, -20.433026466028334 ], [ -40.35382368725854, -20.433026780791877 ], [ -40.353823690155686, -20.433026820114996 ], [ -40.353823716244257, -20.433027134497355 ], [ -40.35382371986902, -20.433027173766817 ], [ -40.353823751774314, -20.433027487672106 ], [ -40.353823756125571, -20.433027526875957 ], [ -40.353823793837847, -20.433027840208517 ], [ -40.353823798914291, -20.433027879334819 ], [ -40.353823842422038, -20.433028191998996 ], [ -40.353823848222113, -20.433028231035813 ], [ -40.3538238975122, -20.43302854293724 ], [ -40.353823904034151, -20.433028581872705 ], [ -40.353823959091308, -20.433028892914795 ], [ -40.353823966333145, -20.433028931737034 ], [ -40.353824027140874, -20.433029241826663 ], [ -40.353824035100388, -20.433029280523854 ], [ -40.353824101640036, -20.433029589565788 ], [ -40.353824110314797, -20.433029628126143 ], [ -40.353824182566242, -20.433029936026863 ], [ -40.35382419195362, -20.433029974438625 ], [ -40.353824269894581, -20.433030281103211 ], [ -40.353824279991713, -20.433030319354692 ], [ -40.353824363598569, -20.433030624690314 ], [ -40.353824374402372, -20.433030662769866 ], [ -40.353824463649644, -20.433030966683411 ], [ -40.353824475156834, -20.433031004579426 ], [ -40.353824570017359, -20.433031306978474 ], [ -40.353824582224426, -20.433031344679417 ], [ -40.353824682669561, -20.433031645472568 ], [ -40.353824695572783, -20.433031682966938 ], [ -40.353824801571641, -20.43303198206166 ], [ -40.353824815167094, -20.433032019338057 ], [ -40.353824926687309, -20.433032316643061 ], [ -40.35382494097086, -20.433032353690113 ], [ -40.353825057978547, -20.433032649115113 ], [ -40.353825072945838, -20.433032685921553 ], [ -40.353825195405392, -20.433032979376662 ], [ -40.353825211051856, -20.433033015931262 ], [ -40.353825338926249, -20.433033307327666 ], [ -40.353825355247125, -20.433033343619297 ], [ -40.353825488497321, -20.433033632868007 ], [ -40.353825505487634, -20.43303366888561 ], [ -40.353825644071875, -20.433033955896082 ], [ -40.353825661726461, -20.433033991628697 ], [ -40.353825805604274, -20.433034276317166 ], [ -40.353825823917738, -20.433034311753897 ], [ -40.353825973044728, -20.433034594032382 ], [ -40.353825992011515, -20.433034629162446 ], [ -40.353826146341881, -20.433034908944265 ], [ -40.353826165956193, -20.433034943756944 ], [ -40.353826325443102, -20.433035220957176 ], [ -40.35382634569897, -20.433035255441883 ], [ -40.353826510292947, -20.433035529974706 ], [ -40.353826531184204, -20.433035564120932 ], [ -40.353826700837828, -20.433035835907106 ], [ -40.353826722358114, -20.433035869704437 ], [ -40.353826897016269, -20.433036138655666 ], [ -40.353826919159026, -20.433036172093828 ], [ -40.353827098770125, -20.433036438130824 ], [ -40.353827121528596, -20.433036471199618 ], [ -40.353827306039697, -20.433036734243807 ], [ -40.353827329406968, -20.43303676693316 ], [ -40.353827518758813, -20.433037026900038 ], [ -40.353827542727757, -20.433037059199997 ], [ -40.353827736863934, -20.433037316012193 ], [ -40.353827761427247, -20.433037347912915 ], [ -40.353827960288825, -20.433037601492483 ], [ -40.353827985439025, -20.433037632984256 ], [ -40.35382818896484, -20.43303788325321 ], [ -40.353828214694268, -20.433037914326427 ], [ -40.353828422824144, -20.433038161210707 ], [ -40.353828449124961, -20.433038191855918 ], [ -40.353828661792768, -20.433038435277076 ], [ -40.353828688656975, -20.433038465484945 ], [ -40.353828905798636, -20.433038705369761 ], [ -40.35382893321804, -20.433038735131092 ], [ -40.353829154771425, -20.433038971410767 ], [ -40.353829182737663, -20.433039000716466 ], [ -40.353829408626886, -20.433039233310129 ], [ -40.353829437131459, -20.433039262151311 ], [ -40.353829667297795, -20.433039490998549 ], [ -40.353829696332006, -20.433039519366389 ], [ -40.353829930696122, -20.433039744388235 ], [ -40.353829960251133, -20.433039772274117 ], [ -40.353830198748057, -20.433039993408279 ], [ -40.353830228814864, -20.433040020803706 ], [ -40.353830471369136, -20.433040237980155 ], [ -40.353830501938582, -20.433040264876773 ], [ -40.353830748475936, -20.433040478029085 ], [ -40.353830779538704, -20.433040504418699 ], [ -40.353831029987006, -20.433040713484438 ], [ -40.35383106153364, -20.433040739359019 ], [ -40.353831315813188, -20.433040944271632 ], [ -40.353831347834074, -20.433040969623299 ], [ -40.353831605866709, -20.433041170319953 ], [ -40.353831638352098, -20.433041195140984 ], [ -40.353831900066723, -20.433041391566221 ], [ -40.353831933006717, -20.433041415849043 ], [ -40.353832198314848, -20.433041607936392 ], [ -40.353832231699407, -20.433041631673618 ], [ -40.353832500521548, -20.433041819365712 ], [ -40.353832534340512, -20.433041842550121 ], [ -40.35383280659974, -20.433042025793238 ], [ -40.353832840842806, -20.43304204841775 ], [ -40.353833116453956, -20.433042227154431 ], [ -40.353833151110692, -20.433042249212161 ], [ -40.353833429988356, -20.433042423386997 ], [ -40.353833465048197, -20.433042444871209 ], [ -40.353833747106307, -20.433042614430573 ], [ -40.353833782558588, -20.433042635334758 ], [ -40.353834067713414, -20.433042800228336 ], [ -40.353834103547335, -20.433042820546103 ], [ -40.353834391712915, -20.433042980724156 ], [ -40.353834427917548, -20.43304300044932 ], [ -40.353834719003828, -20.433043155861775 ], [ -40.353834755568151, -20.433043174988338 ], [ -40.35383504948836, -20.43304332558888 ], [ -40.353835086401247, -20.433043344110992 ], [ -40.353835383065217, -20.433043489853379 ], [ -40.353835420315413, -20.433043507765415 ], [ -40.353835719632571, -20.433043648605153 ], [ -40.353835757208721, -20.43304366590165 ], [ -40.353836059088735, -20.433043801796202 ], [ -40.3538360969794, -20.433043818471898 ], [ -40.353836401328238, -20.433043949378931 ], [ -40.353836439521878, -20.433043965428752 ], [ -40.353836746245229, -20.433044091307849 ], [ -40.353836784730213, -20.433044106726896 ], [ -40.353837093740601, -20.433044227542137 ], [ -40.353837132505198, -20.433044242325714 ], [ -40.353837443708713, -20.433044358040188 ], [ -40.353837482741113, -20.433044372183794 ], [ -40.353837796032195, -20.433044482758387 ], [ -40.353837835320519, -20.433044496257711 ], [ -40.353838150615559, -20.433044601662978 ], [ -40.353838190147833, -20.433044614513914 ], [ -40.353838507345017, -20.433044714715741 ], [ -40.353838547109198, -20.433044726914371 ], [ -40.353838866117691, -20.433044821883978 ], [ -40.353838906101672, -20.433044833426571 ], [ -40.353839226811814, -20.433044923131433 ], [ -40.353839267003423, -20.433044934014504 ], [ -40.353839589331997, -20.433045018431358 ], [ -40.353839629718983, -20.433045028651573 ], [ -40.353839953559877, -20.433045107752509 ], [ -40.353839994129928, -20.433045117306758 ], [ -40.353840319384894, -20.433045191067851 ], [ -40.353840360125652, -20.433045199953224 ], [ -40.353840686700039, -20.433045268352952 ], [ -40.353840727599106, -20.433045276566727 ], [ -40.353841055382787, -20.433045339582147 ], [ -40.353841096427708, -20.433045347121851 ], [ -40.353841425337919, -20.433045404736969 ], [ -40.35384146651618, -20.433045411600279 ], [ -40.353841796434835, -20.433045463794368 ], [ -40.353841837733896, -20.433045469979209 ], [ -40.353842168570466, -20.43304551673813 ], [ -40.353842209977742, -20.433045522242615 ], [ -40.353842541633931, -20.433045563552295 ], [ -40.353842583136817, -20.433045568374741 ], [ -40.353842915506227, -20.433045604221867 ], [ -40.35384295709207, -20.433045608360814 ], [ -40.353843290068262, -20.433045638734075 ], [ -40.353843331724413, -20.433045642188265 ], [ -40.353843665217205, -20.433045667079487 ], [ -40.353843706930959, -20.433045669847861 ], [ -40.353844040833906, -20.433045689248964 ], [ -40.353844082592566, -20.433045691330669 ], [ -40.353844416807455, -20.433045705235859 ], [ -40.353844458598296, -20.433045706630271 ], [ -40.353844793010545, -20.433045715034904 ], [ -40.353844834820841, -20.43304571574161 ], [ -40.353845169344481, -20.433045718643601 ], [ -40.353845211161492, -20.433045718662367 ], [ -40.353845545686056, -20.433045716060647 ], [ -40.353845587497048, -20.433045715391472 ], [ -40.353845921924346, -20.433045707286784 ], [ -40.353845963716573, -20.433045705929874 ], [ -40.35384629793618, -20.433045692325027 ], [ -40.353846339696929, -20.433045690280803 ], [ -40.353846673622911, -20.433045671179226 ], [ -40.353846715339444, -20.433045668448305 ], [ -40.353847048857318, -20.433045643856406 ], [ -40.353847090516936, -20.433045640439612 ], [ -40.353847423528613, -20.433045610364722 ], [ -40.353847465118626, -20.433045606263097 ], [ -40.353847797517808, -20.433045570714949 ], [ -40.353847839025548, -20.433045565929756 ], [ -40.353848170722202, -20.433045524917933 ], [ -40.353848212135027, -20.433045519450616 ], [ -40.353848543022956, -20.43304547298807 ], [ -40.35384858432824, -20.433045466840301 ], [ -40.353848914301267, -20.433045414942011 ], [ -40.353848955486434, -20.433045408115653 ], [ -40.353849284446532, -20.433045350797212 ], [ -40.353849325499048, -20.43304534329436 ], [ -40.353849653355951, -20.433045280571317 ], [ -40.353849694263296, -20.433045272394239 ], [ -40.353850020899287, -20.433045204289144 ], [ -40.353850061649005, -20.433045195440357 ], [ -40.353850386981613, -20.433045121970494 ], [ -40.353850427561298, -20.433045112452664 ], [ -40.353850751480806, -20.433045033642681 ], [ -40.353850791878088, -20.433045023458725 ], [ -40.353851114290265, -20.433044939331626 ], [ -40.353851154492837, -20.433044928484637 ], [ -40.353851475299841, -20.433044839065872 ], [ -40.353851515295467, -20.433044827559154 ], [ -40.353851834391691, -20.433044732878272 ], [ -40.353851874168186, -20.433044720715351 ], [ -40.353852191470821, -20.433044620796906 ], [ -40.353852231016063, -20.433044607981451 ], [ -40.353852546416057, -20.433044502859673 ], [ -40.353852585717995, -20.433044489395613 ], [ -40.353852899125023, -20.433044379100682 ], [ -40.353852938171698, -20.433044364992121 ], [ -40.353853249484551, -20.433044249559742 ], [ -40.353853288264062, -20.433044234810968 ], [ -40.353853597399656, -20.433044114271876 ], [ -40.353853635900194, -20.433044098887375 ], [ -40.353853942753673, -20.433043973282331 ], [ -40.353853980963507, -20.433043957266793 ], [ -40.353854285441628, -20.433043826634144 ], [ -40.353854323349118, -20.433043809992462 ], [ -40.353854625365031, -20.4330436743695 ], [ -40.353854662958632, -20.433043657106726 ], [ -40.353854962418758, -20.433043516535324 ], [ -40.353854999687016, -20.43304349865673 ], [ -40.353855296498068, -20.433043353180672 ], [ -40.353855333429642, -20.4330433346917 ], [ -40.35385562750205, -20.433043184354933 ], [ -40.353855664085678, -20.433043165261207 ], [ -40.353855955329649, -20.433043010109614 ], [ -40.353855991554198, -20.433042990416951 ], [ -40.353856279880397, -20.433042830498181 ], [ -40.353856315734824, -20.433042810212587 ], [ -40.353856601057302, -20.433042645574297 ], [ -40.353856636530679, -20.433042624701947 ], [ -40.353856918760265, -20.433042455395597 ], [ -40.353856953841806, -20.433042433942848 ], [ -40.353857232893418, -20.433042260019526 ], [ -40.353857267572423, -20.433042237992911 ], [ -40.353857543363233, -20.433042059504213 ], [ -40.353857577629142, -20.43304203691045 ], [ -40.353857850074029, -20.433041853911327 ], [ -40.353857883916405, -20.43304183075729 ], [ -40.353858152930947, -20.433041643304477 ], [ -40.353858186339473, -20.433041619597216 ], [ -40.353858451839507, -20.433041427749494 ], [ -40.353858484804014, -20.433041403496247 ], [ -40.353858746713598, -20.433041207308523 ], [ -40.353858779224041, -20.433041182516671 ], [ -40.353859037464666, -20.43304098204754 ], [ -40.353859069511145, -20.433040956724618 ], [ -40.353859323995515, -20.433040752041929 ], [ -40.353859355568268, -20.433040726195671 ], [ -40.353859606226258, -20.433040517355966 ], [ -40.353859637315672, -20.433040490994241 ], [ -40.353859884070246, -20.433040278061565 ], [ -40.353859914666842, -20.433040251192399 ], [ -40.353860157439456, -20.433040034234537 ], [ -40.353860187533925, -20.433040006866118 ], [ -40.353860426253569, -20.433039785946619 ], [ -40.353860455836731, -20.433039758087276 ], [ -40.353860690430295, -20.433039533273707 ], [ -40.353860719493149, -20.433039504931926 ], [ -40.35386094988641, -20.433039276295485 ], [ -40.353860978420101, -20.433039247479918 ], [ -40.353861204549204, -20.433039015083903 ], [ -40.353861232545036, -20.4330389858033 ], [ -40.353861454332019, -20.433038749727885 ], [ -40.353861481781465, -20.433038719991192 ], [ -40.353861699168689, -20.433038480297714 ], [ -40.353861726063386, -20.433038450113962 ], [ -40.353861938976372, -20.433038206884451 ], [ -40.353861965308141, -20.433038176262858 ], [ -40.353862173685975, -20.433037929567067 ], [ -40.353862199446773, -20.43303789851695 ], [ -40.353862403226685, -20.433037648429099 ], [ -40.353862428408682, -20.433037616959918 ], [ -40.353862627525899, -20.43303736355946 ], [ -40.353862652121421, -20.433037331680801 ], [ -40.353862846517089, -20.433037075042716 ], [ -40.353862870518647, -20.43303704276429 ], [ -40.35386306013298, -20.43303678296752 ], [ -40.353863083533248, -20.433036750299159 ], [ -40.353863268308679, -20.433036487422545 ], [ -40.353863291100545, -20.433036454374207 ], [ -40.35386347098202, -20.433036188495997 ], [ -40.353863493158528, -20.433036155077723 ], [ -40.35386366808828, -20.433035886283328 ], [ -40.353863689642694, -20.433035852505324 ], [ -40.353863859569167, -20.43303558087413 ], [ -40.353863880494906, -20.433035546746673 ], [ -40.353864045367892, -20.433035272358769 ], [ -40.353864065658584, -20.433035237892259 ], [ -40.353864225424545, -20.433034960836768 ], [ -40.353864245074007, -20.433034926041699 ], [ -40.353864399686891, -20.433034646398596 ], [ -40.353864418689149, -20.433034611285578 ], [ -40.353864568101017, -20.433034329141442 ], [ -40.353864586450271, -20.433034293721164 ], [ -40.353864730615761, -20.433034009161631 ], [ -40.353864748306421, -20.433033973444882 ], [ -40.35386488718126, -20.433033686557344 ], [ -40.353864904207953, -20.433033650555 ], [ -40.353865037749287, -20.433033361428109 ], [ -40.353865054106819, -20.433033325151147 ], [ -40.353865182275669, -20.433033033869286 ], [ -40.353865197959045, -20.433032997328741 ], [ -40.353865320715222, -20.433032703983098 ], [ -40.353865335719675, -20.433032667190108 ], [ -40.353865453025719, -20.433032371870262 ], [ -40.353865467346679, -20.433032334836032 ], [ -40.35386557916712, -20.433032037631357 ], [ -40.353865592800219, -20.433032000367177 ], [ -40.353865699101021, -20.433031701368105 ], [ -40.353865712042108, -20.433031663885327 ], [ -40.353865812790978, -20.433031363182657 ], [ -40.353865825036117, -20.433031325492692 ], [ -40.353865920202281, -20.433031023178206 ], [ -40.353865931747748, -20.433030985292532 ], [ -40.353866021301954, -20.433030681459222 ], [ -40.353866032144218, -20.433030643389383 ], [ -40.353866116059422, -20.433030338129097 ], [ -40.353866126195186, -20.433030299886692 ], [ -40.353866204445858, -20.433029993292244 ], [ -40.353866213872024, -20.433029954888926 ], [ -40.353866286434311, -20.433029647053818 ], [ -40.353866295148023, -20.433029608501275 ], [ -40.35386636199992, -20.433029299518704 ], [ -40.353866369998521, -20.433029260828679 ], [ -40.353866431119428, -20.433028950793886 ], [ -40.353866438400473, -20.433028911978166 ], [ -40.353866493771903, -20.433028600984969 ], [ -40.353866500333183, -20.433028562055377 ], [ -40.353866549938139, -20.433028250199293 ], [ -40.353866555777657, -20.433028211167692 ], [ -40.353866599601297, -20.433027898542093 ], [ -40.353866604717254, -20.43302785942037 ], [ -40.353866642745984, -20.433027546122059 ], [ -40.353866647136847, -20.433027506922134 ], [ -40.3538666793592, -20.433027193045668 ], [ -40.353866683023618, -20.433027153779477 ], [ -40.353866709429752, -20.433026839420677 ], [ -40.353866712366617, -20.433026800100183 ], [ -40.353866732948482, -20.433026485354862 ], [ -40.353866735156885, -20.433026445992034 ], [ -40.353866749908214, -20.433026130956165 ], [ -40.3538667513875, -20.433026091563011 ], [ -40.353866760303788, -20.433025776332649 ], [ -40.353866761053496, -20.433025736921163 ], [ -40.353866764132057, -20.43302542159168 ], [ -40.35386676415196, -20.433025382173856 ], [ -40.353866761391835, -20.433025066842148 ], [ -40.353866760681932, -20.433025027430002 ], [ -40.35386675208396, -20.433024712191333 ], [ -40.353866750644457, -20.433024672796879 ], [ -40.35386673621128, -20.43302435774811 ], [ -40.353866734042626, -20.433024318383328 ], [ -40.353866713778615, -20.433024003619785 ], [ -40.353866710881469, -20.433023964296673 ], [ -40.353866684792798, -20.433023649914333 ], [ -40.353866681168029, -20.433023610644867 ], [ -40.353866649262656, -20.433023296739592 ] ] ], [ [ [ -40.353282482967074, -20.432678714807956 ], [ -40.353282478615959, -20.432678675604084 ], [ -40.353282440904906, -20.432678362271325 ], [ -40.353282435828611, -20.432678323145002 ], [ -40.3532823923221, -20.432678010480615 ], [ -40.353282386522174, -20.432677971443759 ], [ -40.353282337233324, -20.432677659542104 ], [ -40.353282330711529, -20.432677620606611 ], [ -40.353282275655623, -20.432677309564262 ], [ -40.353282268413949, -20.432677270741998 ], [ -40.353282207607471, -20.432676960652092 ], [ -40.353282199648113, -20.432676921954865 ], [ -40.353282133109737, -20.432676612912644 ], [ -40.353282124435125, -20.432676574352254 ], [ -40.353282052184959, -20.432676266451228 ], [ -40.353282042797744, -20.432676228039426 ], [ -40.353281964858063, -20.432675921374518 ], [ -40.353281954761094, -20.432675883122986 ], [ -40.353281871155524, -20.432675577787023 ], [ -40.353281860351885, -20.432675539707425 ], [ -40.353281771105912, -20.432675235793518 ], [ -40.353281759598893, -20.432675197897456 ], [ -40.353281664739669, -20.432674895498025 ], [ -40.353281652532772, -20.432674857797039 ], [ -40.353281552088944, -20.432674557003494 ], [ -40.353281539185879, -20.432674519509067 ], [ -40.35328143318835, -20.432674220413929 ], [ -40.353281419593053, -20.43267418313749 ], [ -40.353281308074159, -20.432673885832049 ], [ -40.353281293790779, -20.432673848784933 ], [ -40.353281176784421, -20.432673553359482 ], [ -40.3532811618173, -20.432673516552992 ], [ -40.353281039359075, -20.43267322309741 ], [ -40.353281023712782, -20.43267318654275 ], [ -40.353280895839731, -20.432672895145863 ], [ -40.353280879519026, -20.432672858854165 ], [ -40.353280746270173, -20.432672569604954 ], [ -40.35328072928003, -20.43267253358729 ], [ -40.353280590697139, -20.432672246576292 ], [ -40.353280573042724, -20.432672210843609 ], [ -40.353280429166269, -20.432671926154612 ], [ -40.353280410852967, -20.432671890717806 ], [ -40.353280261727335, -20.432671608438763 ], [ -40.353280242760725, -20.432671573308635 ], [ -40.353280088431717, -20.432671293526244 ], [ -40.353280068817575, -20.432671258713491 ], [ -40.353279909332038, -20.432670981512665 ], [ -40.35327988907634, -20.432670947027891 ], [ -40.35327972448372, -20.43267067249446 ], [ -40.353279703592634, -20.432670638348156 ], [ -40.353279533940388, -20.432670366561368 ], [ -40.353279512420272, -20.432670332763955 ], [ -40.353279337763482, -20.432670063812086 ], [ -40.353279315620902, -20.432670030373846 ], [ -40.353279136011167, -20.432669764336197 ], [ -40.353279113252867, -20.432669731267321 ], [ -40.353278928743144, -20.432669468222461 ], [ -40.353278905376044, -20.432669435533022 ], [ -40.353278716025571, -20.432669175565458 ], [ -40.353278692056804, -20.432669143265418 ], [ -40.353278497921998, -20.432668886452522 ], [ -40.353278473358856, -20.432668854551711 ], [ -40.353278274498656, -20.432668600971425 ], [ -40.353278249348627, -20.43266856947956 ], [ -40.353278045824183, -20.432668319209881 ], [ -40.353278020094926, -20.432668288136565 ], [ -40.353277811966421, -20.432668041251539 ], [ -40.353277785665775, -20.432668010606228 ], [ -40.353277572999339, -20.432667767184313 ], [ -40.353277546135303, -20.432667736976349 ], [ -40.353277328995013, -20.432667497090762 ], [ -40.353277301575787, -20.432667467329335 ], [ -40.353277080023766, -20.432667231048868 ], [ -40.353277052057692, -20.432667201743065 ], [ -40.353276826169839, -20.432666969148599 ], [ -40.353276797665444, -20.432666940307314 ], [ -40.353276567500458, -20.432666711459262 ], [ -40.353276538466417, -20.432666683091316 ], [ -40.353276304103659, -20.432666458068642 ], [ -40.353276274548818, -20.432666430182653 ], [ -40.353276036053252, -20.432666209047639 ], [ -40.353276005986615, -20.432666181652117 ], [ -40.353275763433686, -20.432665964474804 ], [ -40.353275732864411, -20.432665937578083 ], [ -40.3532754863284, -20.432665724424897 ], [ -40.353275455265802, -20.432665698035166 ], [ -40.353275204818843, -20.432665488968549 ], [ -40.35327517327238, -20.432665463093851 ], [ -40.35327491899416, -20.432665258180347 ], [ -40.353274886973445, -20.432665232828562 ], [ -40.353274628942138, -20.432665032131002 ], [ -40.353274596456913, -20.432665007309858 ], [ -40.35327433474361, -20.432664810883693 ], [ -40.353274301803786, -20.432664786600757 ], [ -40.353274036496963, -20.432664594512474 ], [ -40.353274003112567, -20.432664570775128 ], [ -40.35327373429174, -20.432664383082095 ], [ -40.353273700472933, -20.432664359897569 ], [ -40.353273428215012, -20.432664176653489 ], [ -40.353273393972103, -20.432664154028856 ], [ -40.353273118362246, -20.432663975291209 ], [ -40.353273083705673, -20.432663953233362 ], [ -40.353272804829295, -20.432663779057545 ], [ -40.35327276976961, -20.432663757573195 ], [ -40.353272487712772, -20.432663588012851 ], [ -40.353272452260647, -20.432663567108545 ], [ -40.353272167107086, -20.432663402213965 ], [ -40.353272131273329, -20.43266338189607 ], [ -40.353271843109006, -20.432663221717004 ], [ -40.353271806904523, -20.432663201991712 ], [ -40.353271515819493, -20.432663046578242 ], [ -40.353271479255319, -20.432663027451554 ], [ -40.353271185336347, -20.432662876849982 ], [ -40.353271148423616, -20.432662858327731 ], [ -40.353270851760861, -20.432662712584314 ], [ -40.353270814510829, -20.432662694672143 ], [ -40.353270515194886, -20.43266255383136 ], [ -40.353270477618885, -20.432662536534725 ], [ -40.353270175740072, -20.432662400639121 ], [ -40.353270137849556, -20.432662383963287 ], [ -40.353269833501905, -20.432662253055192 ], [ -40.353269795308414, -20.432662237005243 ], [ -40.353269488586236, -20.432662111125069 ], [ -40.353269450101394, -20.432662095705883 ], [ -40.353269141092177, -20.432661974889566 ], [ -40.353269102327722, -20.43266196010585 ], [ -40.353268791125359, -20.432661844390289 ], [ -40.353268752093093, -20.432661830246548 ], [ -40.353268438803148, -20.432661719670861 ], [ -40.353268399514967, -20.432661706171395 ], [ -40.35326808422105, -20.43266160076503 ], [ -40.35326804468891, -20.432661587913959 ], [ -40.353267727492835, -20.432661487711016 ], [ -40.353267687728781, -20.432661475512248 ], [ -40.35326736872139, -20.432661380541521 ], [ -40.353267328737537, -20.432661368998783 ], [ -40.353267008028467, -20.432661279292805 ], [ -40.353266967837001, -20.432661268409593 ], [ -40.353266645509478, -20.432661183991609 ], [ -40.353266605122627, -20.432661173771262 ], [ -40.353266281282778, -20.432661094669189 ], [ -40.353266240712856, -20.432661085114805 ], [ -40.353265915458913, -20.432661011352561 ], [ -40.353265874718282, -20.432661002467057 ], [ -40.353265548144904, -20.432660934066188 ], [ -40.353265507245958, -20.432660925852264 ], [ -40.353265179463271, -20.4326608628357 ], [ -40.353265138418472, -20.432660855295854 ], [ -40.353264809509234, -20.432660797679588 ], [ -40.353264768331094, -20.432660790816133 ], [ -40.35326443841339, -20.432660738620889 ], [ -40.353264397114451, -20.432660732435899 ], [ -40.353264066278825, -20.432660685675831 ], [ -40.353264024871663, -20.4326606801712 ], [ -40.353263693216384, -20.432660638860359 ], [ -40.353263651713611, -20.432660634037767 ], [ -40.353263319345103, -20.432660598189475 ], [ -40.353263277759368, -20.432660594050393 ], [ -40.353262944784056, -20.432660563675956 ], [ -40.353262903128012, -20.432660560221624 ], [ -40.35326256963608, -20.432660535329234 ], [ -40.353262527922425, -20.432660532560718 ], [ -40.353262194020317, -20.432660513158453 ], [ -40.353262152261756, -20.432660511076595 ], [ -40.353261818047692, -20.432660497170239 ], [ -40.35326177625695, -20.432660495775679 ], [ -40.35326144184549, -20.432660487369873 ], [ -40.353261400035301, -20.432660486663028 ], [ -40.353261065512427, -20.432660483759857 ], [ -40.353261023695509, -20.43266048374095 ], [ -40.353260689171698, -20.432660486341501 ], [ -40.353260647360806, -20.432660487010534 ], [ -40.353260312934232, -20.43266049511405 ], [ -40.353260271142091, -20.432660496470813 ], [ -40.353259936923195, -20.432660510074488 ], [ -40.353259895162537, -20.43266051211857 ], [ -40.353259561237238, -20.432660531218978 ], [ -40.35325951952079, -20.432660533949758 ], [ -40.353259186003577, -20.432660558540483 ], [ -40.353259144344037, -20.432660561957142 ], [ -40.353258811332999, -20.43266059203086 ], [ -40.353258769743064, -20.432660596132337 ], [ -40.3532584373445, -20.432660631679322 ], [ -40.353258395836839, -20.432660636464377 ], [ -40.353258064140768, -20.432660677475035 ], [ -40.353258022728021, -20.43266068294221 ], [ -40.35325769184066, -20.432660729403597 ], [ -40.353257650535447, -20.432660735551224 ], [ -40.353257320562967, -20.432660787448356 ], [ -40.353257279377864, -20.432660794274565 ], [ -40.353256950418277, -20.432660851591859 ], [ -40.353256909365825, -20.432660859094572 ], [ -40.35325658150942, -20.432660921816467 ], [ -40.353256540602139, -20.4326609299934 ], [ -40.353256213966617, -20.432660998097351 ], [ -40.353256173216948, -20.432661006946006 ], [ -40.353255847884789, -20.432661080414725 ], [ -40.35325580730516, -20.432661089932409 ], [ -40.353255483386064, -20.432661168741266 ], [ -40.353255442988832, -20.432661178925073 ], [ -40.353255120577053, -20.432661263051052 ], [ -40.353255080374524, -20.432661273897896 ], [ -40.353254759567889, -20.432661363315546 ], [ -40.353254719572305, -20.432661374822125 ], [ -40.353254400476423, -20.432661469501884 ], [ -40.353254360699978, -20.43266148166467 ], [ -40.353254043397648, -20.432661581582011 ], [ -40.353254003852449, -20.43266159439732 ], [ -40.353253688452746, -20.432661699518004 ], [ -40.353253649150837, -20.432661712981918 ], [ -40.353253335744078, -20.432661823275748 ], [ -40.353253296697432, -20.432661837384185 ], [ -40.353252985384813, -20.432661952815476 ], [ -40.35325294660533, -20.432661967564115 ], [ -40.35325263746995, -20.432662088102131 ], [ -40.353252598969434, -20.432662103486496 ], [ -40.353252292116139, -20.432662229090472 ], [ -40.353252253906319, -20.43266224510587 ], [ -40.353251949428362, -20.432662375737465 ], [ -40.353251911520879, -20.432662392379008 ], [ -40.353251609505101, -20.432662528000925 ], [ -40.353251571911514, -20.432662545263565 ], [ -40.353251272451487, -20.432662685833918 ], [ -40.353251235183237, -20.432662703712388 ], [ -40.353250938372263, -20.432662849187409 ], [ -40.353250901440703, -20.432662867676257 ], [ -40.353250607368338, -20.432663018011997 ], [ -40.353250570784716, -20.432663037105605 ], [ -40.353250279540752, -20.432663192256175 ], [ -40.353250243316211, -20.432663211948718 ], [ -40.353249954990005, -20.432663371866482 ], [ -40.353249919135578, -20.432663392151959 ], [ -40.353249633813071, -20.432663556789251 ], [ -40.35324959833968, -20.432663577661483 ], [ -40.353249316110031, -20.432663746966853 ], [ -40.353249281028489, -20.432663768419474 ], [ -40.353249001976778, -20.432663942341833 ], [ -40.353248967297766, -20.43266396436832 ], [ -40.353248691506835, -20.432664142856073 ], [ -40.353248657240918, -20.432664165449715 ], [ -40.353248384795876, -20.432664348447897 ], [ -40.353248350953486, -20.432664371601817 ], [ -40.353248081938773, -20.432664559053698 ], [ -40.353248048530226, -20.43266458276084 ], [ -40.353247783029985, -20.432664774607645 ], [ -40.353247750065449, -20.432664798860777 ], [ -40.353247488155645, -20.432664995047599 ], [ -40.353247455645175, -20.432665019839341 ], [ -40.353247197404301, -20.432665220307584 ], [ -40.353247165357779, -20.432665245630393 ], [ -40.353246910873132, -20.432665450312207 ], [ -40.353246879300343, -20.432665476158355 ], [ -40.35324662864204, -20.4326656849972 ], [ -40.353246597552591, -20.432665711358823 ], [ -40.353246350797683, -20.432665924290646 ], [ -40.353246320201045, -20.432665951159709 ], [ -40.353246077428061, -20.432666168116736 ], [ -40.353246047333549, -20.432666195485051 ], [ -40.353245808613522, -20.432666416403741 ], [ -40.353245779030303, -20.432666444262978 ], [ -40.353245544436326, -20.432666669075747 ], [ -40.353245515373423, -20.432666697417428 ], [ -40.353245284979714, -20.432666926053081 ], [ -40.353245256445973, -20.432666954868552 ], [ -40.353245030316401, -20.432667187263803 ], [ -40.353245002320506, -20.432667216544306 ], [ -40.353244780533032, -20.432667452618968 ], [ -40.353244753083523, -20.432667482355566 ], [ -40.353244535695779, -20.432667722048318 ], [ -40.353244508801012, -20.432667752231975 ], [ -40.353244295887478, -20.432667995460765 ], [ -40.353244269555645, -20.432668026082268 ], [ -40.353244061177236, -20.432668272777352 ], [ -40.35324403541636, -20.432668303827384 ], [ -40.353243831635858, -20.432668553914553 ], [ -40.353243806453783, -20.432668585383656 ], [ -40.353243607335941, -20.432668838783439 ], [ -40.35324358274034, -20.432668870662017 ], [ -40.353243388344026, -20.432669127299455 ], [ -40.35324336434239, -20.432669159577799 ], [ -40.353243174727389, -20.432669419373934 ], [ -40.353243151327028, -20.432669452042227 ], [ -40.353242966550894, -20.432669714918216 ], [ -40.353242943758943, -20.432669747966493 ], [ -40.35324276387675, -20.432670013844103 ], [ -40.353242741700143, -20.432670047262302 ], [ -40.353242566769651, -20.432670316056118 ], [ -40.353242545215139, -20.432670349834055 ], [ -40.353242375287898, -20.432670621464695 ], [ -40.353242354362067, -20.432670655592077 ], [ -40.353242189488284, -20.432670929979448 ], [ -40.353242169197493, -20.432670964445894 ], [ -40.353242009430716, -20.432671241500874 ], [ -40.353241989781139, -20.432671276295864 ], [ -40.353241835167424, -20.432671555938473 ], [ -40.35324181616506, -20.432671591051431 ], [ -40.353241666752339, -20.432671873195083 ], [ -40.353241648402964, -20.432671908615305 ], [ -40.3532415042366, -20.432672193174376 ], [ -40.353241486545819, -20.432672228891075 ], [ -40.353241347670078, -20.432672515778169 ], [ -40.353241330643272, -20.43267255178046 ], [ -40.353241197101006, -20.432672840906935 ], [ -40.35324118074336, -20.432672877183851 ], [ -40.353241052573566, -20.432673168465303 ], [ -40.353241036890061, -20.432673205005802 ], [ -40.353240914132918, -20.432673498351072 ], [ -40.353240899128338, -20.432673535144009 ], [ -40.353240781821306, -20.432673830463507 ], [ -40.353240767500218, -20.432673867497684 ], [ -40.353240655678775, -20.432674164702032 ], [ -40.353240642045542, -20.432674201966165 ], [ -40.353240535743709, -20.432674500964922 ], [ -40.353240522802487, -20.43267453844766 ], [ -40.353240422052572, -20.432674839150039 ], [ -40.353240409807299, -20.432674876839965 ], [ -40.353240314640061, -20.432675179154177 ], [ -40.353240303094466, -20.432675217039819 ], [ -40.353240213539166, -20.432675520872877 ], [ -40.353240202696774, -20.432675558942687 ], [ -40.353240118780455, -20.432675864202743 ], [ -40.353240108644556, -20.432675902445123 ], [ -40.353240030392762, -20.432676209039354 ], [ -40.353240020966446, -20.432676247442647 ], [ -40.353239948403022, -20.43267655527757 ], [ -40.353239939689168, -20.432676593830092 ], [ -40.353239872836106, -20.432676902812492 ], [ -40.353239864837363, -20.432676941502503 ], [ -40.353239803715283, -20.43267725153715 ], [ -40.353239796434082, -20.432677290352853 ], [ -40.353239741061465, -20.432677601345926 ], [ -40.353239734500029, -20.432677640275504 ], [ -40.353239684893865, -20.432677952131488 ], [ -40.353239679054198, -20.432677991163079 ], [ -40.353239635229343, -20.432678303788599 ], [ -40.353239630113222, -20.432678342910311 ], [ -40.353239592083256, -20.432678656208562 ], [ -40.353239587692237, -20.43267869540848 ], [ -40.353239555468633, -20.432679009284914 ], [ -40.353239551804059, -20.432679048551098 ], [ -40.35323952539666, -20.43267936290988 ], [ -40.353239522459631, -20.432679402230377 ], [ -40.353239501876487, -20.432679716975713 ], [ -40.353239499667929, -20.432679756338537 ], [ -40.353239484915306, -20.432680071374435 ], [ -40.353239483435857, -20.432680110767592 ], [ -40.353239474518261, -20.432680425998008 ], [ -40.35323947376839, -20.432680465409501 ], [ -40.353239470688514, -20.432680780739052 ], [ -40.353239470668441, -20.432680820156889 ], [ -40.353239473427237, -20.4326811354887 ], [ -40.353239474136977, -20.432681174900857 ], [ -40.353239482733606, -20.432681490139636 ], [ -40.353239484172946, -20.432681529534108 ], [ -40.353239498604765, -20.432681844583016 ], [ -40.353239500773249, -20.432681883947819 ], [ -40.353239521035903, -20.432682198711518 ], [ -40.353239523932878, -20.432682238034648 ], [ -40.353239550020177, -20.432682552417177 ], [ -40.353239553644769, -20.43268259168666 ], [ -40.353239585548764, -20.432682905592145 ], [ -40.353239589899864, -20.432682944796017 ], [ -40.353239627610847, -20.432683258128794 ], [ -40.353239632687128, -20.43268329725511 ], [ -40.353239676193553, -20.432683609919518 ], [ -40.353239681993472, -20.432683648956377 ], [ -40.353239731282237, -20.432683960858043 ], [ -40.353239737804017, -20.432683999793539 ], [ -40.353239792859839, -20.432684310835903 ], [ -40.353239800101512, -20.432684349658178 ], [ -40.353239860907905, -20.432684659748102 ], [ -40.353239868867249, -20.432684698445328 ], [ -40.353239935405554, -20.432685007487571 ], [ -40.353239944080151, -20.432685046047961 ], [ -40.35324001633024, -20.432685353949008 ], [ -40.353240025717447, -20.432685392360817 ], [ -40.35324010365705, -20.432685699025754 ], [ -40.353240113754012, -20.432685737277282 ], [ -40.353240197359511, -20.432686042613266 ], [ -40.353240208163143, -20.432686080692864 ], [ -40.35324029740903, -20.432686384606793 ], [ -40.35324030891605, -20.432686422502858 ], [ -40.353240403775196, -20.432686724902318 ], [ -40.3532404159821, -20.432686762603314 ], [ -40.353240516425842, -20.432687063396887 ], [ -40.3532405293289, -20.432687100891314 ], [ -40.353240635326372, -20.432687399986481 ], [ -40.353240648921656, -20.432687437262924 ], [ -40.353240760440478, -20.43268773456839 ], [ -40.353240774723851, -20.432687771615512 ], [ -40.353240891730145, -20.432688067040996 ], [ -40.353240906697259, -20.432688103847493 ], [ -40.35324102915542, -20.432688397303099 ], [ -40.353241044801713, -20.432688433857766 ], [ -40.3532411726747, -20.432688725254685 ], [ -40.353241188995405, -20.432688761546387 ], [ -40.353241322244195, -20.432689050795631 ], [ -40.353241339234337, -20.432689086813305 ], [ -40.353241477817171, -20.432689373824328 ], [ -40.353241495471579, -20.432689409557018 ], [ -40.353241639347985, -20.432689694246054 ], [ -40.353241657661279, -20.43268972968286 ], [ -40.353241806786862, -20.432690011961938 ], [ -40.353241825753472, -20.432690047092073 ], [ -40.35324198008243, -20.4326903268745 ], [ -40.353241999696564, -20.432690361687261 ], [ -40.353242159182066, -20.432690638888118 ], [ -40.353242179437757, -20.432690673372903 ], [ -40.353242344030328, -20.432690947906369 ], [ -40.353242364921414, -20.432690982052669 ], [ -40.353242534573624, -20.432691253839504 ], [ -40.353242556093733, -20.432691287636914 ], [ -40.353242730750488, -20.432691556588836 ], [ -40.353242752893067, -20.432691590027073 ], [ -40.353242932502759, -20.432691856064764 ], [ -40.353242955261059, -20.432691889133647 ], [ -40.353243139770754, -20.432692152178547 ], [ -40.353243163137847, -20.432692184867982 ], [ -40.353243352488299, -20.432692444835585 ], [ -40.353243376457065, -20.432692477135635 ], [ -40.353243570591843, -20.432692733948574 ], [ -40.353243595154979, -20.432692765849385 ], [ -40.353243794015164, -20.432693019429713 ], [ -40.353243819165193, -20.432693050921582 ], [ -40.353244022689609, -20.432693301191296 ], [ -40.353244048418865, -20.432693332264627 ], [ -40.353244256547356, -20.432693579149692 ], [ -40.353244282848003, -20.432693609794999 ], [ -40.353244495514431, -20.432693853216961 ], [ -40.353244522378461, -20.432693883424928 ], [ -40.353244739518743, -20.432694123310558 ], [ -40.353244766937969, -20.432694153071996 ], [ -40.35324498848999, -20.432694389352491 ], [ -40.353245016456057, -20.432694418658304 ], [ -40.35324524234391, -20.432694651252817 ], [ -40.353245270848312, -20.432694680094102 ], [ -40.353245501013291, -20.432694908942199 ], [ -40.353245530047332, -20.432694937310146 ], [ -40.353245764410097, -20.432695162332863 ], [ -40.353245793964938, -20.432695190218862 ], [ -40.353246032460504, -20.432695411353905 ], [ -40.353246062527148, -20.432695438749437 ], [ -40.353246305080084, -20.432695655926793 ], [ -40.353246335649359, -20.432695682823525 ], [ -40.353246582185385, -20.432695895976742 ], [ -40.353246613247983, -20.432695922366481 ], [ -40.353246863694963, -20.432696131433143 ], [ -40.353246895241433, -20.432696157307838 ], [ -40.35324714951966, -20.432696362221389 ], [ -40.353247181540382, -20.43269638757317 ], [ -40.35324743957171, -20.432696588270769 ], [ -40.353247472056943, -20.432696613091927 ], [ -40.35324773377026, -20.43269680951812 ], [ -40.353247766710098, -20.432696833801067 ], [ -40.353248032016943, -20.432697025889386 ], [ -40.353248065401345, -20.432697049626729 ], [ -40.353248334222201, -20.432697237319815 ], [ -40.353248368041008, -20.432697260504344 ], [ -40.353248640298965, -20.432697443748456 ], [ -40.353248674541881, -20.432697466373092 ], [ -40.353248950151773, -20.432697645110782 ], [ -40.353248984808353, -20.432697667168632 ], [ -40.353249263684773, -20.432697841344481 ], [ -40.353249298744466, -20.432697862828828 ], [ -40.353249580801339, -20.432698032389212 ], [ -40.353249616253464, -20.432698053293521 ], [ -40.353249901407068, -20.432698218188136 ], [ -40.353249937240832, -20.432698238506035 ], [ -40.353250225405205, -20.432698398685137 ], [ -40.353250261609688, -20.432698418410432 ], [ -40.353250552694774, -20.432698573823938 ], [ -40.353250589258955, -20.432698592950626 ], [ -40.353250883177978, -20.43269874355223 ], [ -40.353250920090716, -20.432698762074484 ], [ -40.35325121675352, -20.432698907817933 ], [ -40.353251254003567, -20.432698925730111 ], [ -40.353251553319566, -20.432699066570919 ], [ -40.353251590895574, -20.432699083867558 ], [ -40.353251892774452, -20.432699219763194 ], [ -40.353251930664975, -20.432699236439021 ], [ -40.353252235012683, -20.432699367347151 ], [ -40.353252273206188, -20.432699383397104 ], [ -40.35325257992843, -20.432699509277302 ], [ -40.353252618413272, -20.432699524696492 ], [ -40.353252927422567, -20.432699645512834 ], [ -40.353252966187021, -20.432699660296556 ], [ -40.353253277389456, -20.432699776012146 ], [ -40.353253316421721, -20.432699790155883 ], [ -40.353253629711737, -20.432699900731592 ], [ -40.353253668999926, -20.432699914231058 ], [ -40.353253984293922, -20.432700019637451 ], [ -40.353254023826068, -20.432700032488526 ], [ -40.353254341022215, -20.43270013269149 ], [ -40.353254380786275, -20.432700144890262 ], [ -40.353254699793744, -20.432700239861003 ], [ -40.353254739777604, -20.432700251403741 ], [ -40.353255060486752, -20.432700341109737 ], [ -40.353255100678233, -20.432700351992946 ], [ -40.353255423005834, -20.432700436410947 ], [ -40.353255463392685, -20.432700446631305 ], [ -40.353255787232627, -20.432700525733388 ], [ -40.353255827802549, -20.432700535287783 ], [ -40.353256153056577, -20.43270060905003 ], [ -40.353256193797222, -20.432700617935541 ], [ -40.353256520370671, -20.432700686336425 ], [ -40.353256561269632, -20.432700694550348 ], [ -40.353256889052403, -20.432700757566923 ], [ -40.35325693009721, -20.432700765106773 ], [ -40.35325725900654, -20.432700822723046 ], [ -40.35325730018468, -20.432700829586505 ], [ -40.353257630102476, -20.432700881781756 ], [ -40.353257671401423, -20.432700887966742 ], [ -40.353258002237141, -20.432700934726817 ], [ -40.35325804364431, -20.432700940231459 ], [ -40.353258375299681, -20.432700981542297 ], [ -40.353258416802461, -20.432700986364893 ], [ -40.353258749171054, -20.432701022213188 ], [ -40.353258790756804, -20.432701026352277 ], [ -40.353259123732201, -20.43270105672671 ], [ -40.353259165388252, -20.432701060181042 ], [ -40.353259498880277, -20.432701085073429 ], [ -40.353259540593939, -20.432701087841949 ], [ -40.353259874496132, -20.432701107244217 ], [ -40.3532599162547, -20.432701109326075 ], [ -40.353260250468857, -20.432701123232437 ], [ -40.353260292259613, -20.432701124626988 ], [ -40.353260626671158, -20.432701133032797 ], [ -40.353260668481369, -20.432701133739641 ], [ -40.35326100300432, -20.432701136642802 ], [ -40.353261044821245, -20.432701136661713 ], [ -40.353261379345149, -20.432701134061155 ], [ -40.353261421156056, -20.432701133392126 ], [ -40.353261755582714, -20.432701125288599 ], [ -40.353261797374863, -20.432701123931842 ], [ -40.353262131593851, -20.432701110328146 ], [ -40.353262173354516, -20.432701108284071 ], [ -40.353262507279901, -20.432701089183656 ], [ -40.353262548996362, -20.432701086452862 ], [ -40.353262882513661, -20.432701061862129 ], [ -40.353262924173208, -20.432701058445478 ], [ -40.353263257184338, -20.432701028371739 ], [ -40.35326329877428, -20.432701024270262 ], [ -40.353263631172929, -20.432700988723262 ], [ -40.353263672680605, -20.432700983938215 ], [ -40.353264004376754, -20.432700942927532 ], [ -40.353264045789516, -20.432700937460357 ], [ -40.353264376676954, -20.432700890998959 ], [ -40.353264417982182, -20.432700884851322 ], [ -40.353264747954746, -20.432700832954172 ], [ -40.353264789139857, -20.432700826127963 ], [ -40.353265118099522, -20.432700768810648 ], [ -40.353265159151981, -20.432700761307938 ], [ -40.353265487008464, -20.432700698586018 ], [ -40.353265527915759, -20.432700690409082 ], [ -40.35326585455136, -20.432700622305109 ], [ -40.353265895301035, -20.432700613456454 ], [ -40.353266220633266, -20.432700539987714 ], [ -40.353266261212909, -20.432700530470022 ], [ -40.353266585132083, -20.432700451661145 ], [ -40.353266625529322, -20.432700441477323 ], [ -40.353266947941172, -20.43270035735133 ], [ -40.353266988143709, -20.432700346504479 ], [ -40.353267308950421, -20.4327002570868 ], [ -40.353267348946005, -20.432700245580225 ], [ -40.353267668041958, -20.432700150900434 ], [ -40.353267707818418, -20.432700138737641 ], [ -40.353268025120812, -20.432700038820279 ], [ -40.353268064666025, -20.432700026004962 ], [ -40.353268380065785, -20.432699920884254 ], [ -40.353268419367701, -20.432699907420325 ], [ -40.353268732774531, -20.432699797126464 ], [ -40.353268771821185, -20.432699783018034 ], [ -40.353269083133853, -20.432699667586707 ], [ -40.35326912191335, -20.432699652838068 ], [ -40.353269431048794, -20.43269953230002 ], [ -40.353269469549311, -20.432699516915651 ], [ -40.353269776402669, -20.43269939131164 ], [ -40.353269814612489, -20.432699375296234 ], [ -40.35327011909051, -20.432699244664615 ], [ -40.353270156997986, -20.432699228023058 ], [ -40.353270459013821, -20.432699092401116 ], [ -40.353270496607422, -20.432699075138473 ], [ -40.353270796067491, -20.43269893456808 ], [ -40.353270833335749, -20.432698916689603 ], [ -40.353271130146766, -20.432698771214554 ], [ -40.353271167078333, -20.432698752725688 ], [ -40.35327146115074, -20.432698602389916 ], [ -40.353271497734369, -20.432698583296304 ], [ -40.353271788978368, -20.432698428145692 ], [ -40.353271825202917, -20.432698408453149 ], [ -40.353272113529165, -20.432698248535349 ], [ -40.353272149383592, -20.432698228249869 ], [ -40.353272434706135, -20.432698063612534 ], [ -40.353272470179533, -20.432698042740299 ], [ -40.353272752409211, -20.43269787343489 ], [ -40.353272787490759, -20.432697851982262 ], [ -40.353273066542499, -20.43269767805986 ], [ -40.353273101221518, -20.432697656033369 ], [ -40.353273377012478, -20.432697477545581 ], [ -40.353273411278394, -20.432697454951931 ], [ -40.353273683723458, -20.432697271953707 ], [ -40.353273717565848, -20.432697248799784 ], [ -40.353273986580589, -20.432697061347863 ], [ -40.353274019989144, -20.432697037640715 ], [ -40.353274285489391, -20.432696845793867 ], [ -40.353274318453927, -20.432696821540731 ], [ -40.353274580363745, -20.432696625353866 ], [ -40.35327461287423, -20.432696600562124 ], [ -40.353274871115111, -20.432696400093842 ], [ -40.353274903161626, -20.432696374771027 ], [ -40.353275157646287, -20.432696170089173 ], [ -40.353275189219083, -20.432696144243017 ], [ -40.353275439877386, -20.432695935404134 ], [ -40.353275470966835, -20.432695909042508 ], [ -40.353275717721743, -20.432695696110638 ], [ -40.353275748318381, -20.432695669241568 ], [ -40.353275991091365, -20.432695452284506 ], [ -40.353276021185877, -20.432695424916179 ], [ -40.353276259905904, -20.432695203997451 ], [ -40.353276289489116, -20.432695176138203 ], [ -40.353276524083086, -20.432694951325399 ], [ -40.353276553145996, -20.432694922983718 ], [ -40.353276783539691, -20.432694694348022 ], [ -40.353276812073439, -20.432694665532544 ], [ -40.353277038202997, -20.432694433137257 ], [ -40.353277066198885, -20.432694403856743 ], [ -40.353277287986344, -20.432694167782039 ], [ -40.353277315435847, -20.432694138045438 ], [ -40.353277532823569, -20.432693898352653 ], [ -40.353277559718336, -20.432693868168993 ], [ -40.353277772631849, -20.432693624940161 ], [ -40.353277798963681, -20.43269359431865 ], [ -40.353278007342062, -20.432693347623527 ], [ -40.353278033102939, -20.432693316573491 ], [ -40.353278236883412, -20.432693066486284 ], [ -40.353278262065487, -20.432693035017177 ], [ -40.353278461183294, -20.432692781617355 ], [ -40.353278485778887, -20.43269274973877 ], [ -40.353278680175173, -20.4326924931013 ], [ -40.353278704176809, -20.432692460822949 ], [ -40.353278893791774, -20.432692201026775 ], [ -40.353278917192128, -20.432692168358482 ], [ -40.353279101968212, -20.432691905482457 ], [ -40.353279124760164, -20.432691872434173 ], [ -40.353279304642314, -20.432691606556535 ], [ -40.353279326818921, -20.432691573138335 ], [ -40.35327950174937, -20.432691304344473 ], [ -40.353279523303868, -20.432691270566533 ], [ -40.353279693231066, -20.432690998935861 ], [ -40.353279714156891, -20.432690964808479 ], [ -40.353279879030616, -20.432690690421076 ], [ -40.353279899321414, -20.432690655954623 ], [ -40.353280059088128, -20.432690378899615 ], [ -40.353280078737697, -20.432690344104618 ], [ -40.353280233351363, -20.43269006446198 ], [ -40.35328025235372, -20.432690029349018 ], [ -40.353280401766391, -20.432689747205334 ], [ -40.353280420115752, -20.432689711785113 ], [ -40.353280564282052, -20.432689427226009 ], [ -40.353280581972825, -20.43268939150931 ], [ -40.35328072084851, -20.432689104622185 ], [ -40.353280737875309, -20.43268906861989 ], [ -40.353280871417518, -20.432688779493386 ], [ -40.353280887775142, -20.432688743216474 ], [ -40.35328101594488, -20.43268845193499 ], [ -40.35328103162837, -20.432688415394491 ], [ -40.353281154385449, -20.432688122049196 ], [ -40.353281169390016, -20.432688085256256 ], [ -40.353281286696976, -20.43268778993674 ], [ -40.353281301018058, -20.432687752902556 ], [ -40.353281412839429, -20.432687455698197 ], [ -40.353281426472655, -20.432687418434053 ], [ -40.353281532774417, -20.432687119435268 ], [ -40.353281545715625, -20.432687081952533 ], [ -40.353281646465469, -20.43268678125014 ], [ -40.353281658710728, -20.432686743560204 ], [ -40.353281753877894, -20.432686441245977 ], [ -40.353281765423482, -20.432686403360332 ], [ -40.353281854978697, -20.43268609952726 ], [ -40.353281865821081, -20.432686061457446 ], [ -40.353281949737315, -20.432685756197376 ], [ -40.353281959873208, -20.432685717954989 ], [ -40.353282038124924, -20.432685411360751 ], [ -40.353282047551232, -20.432685372957451 ], [ -40.353282120114571, -20.432685065122527 ], [ -40.353282128828418, -20.432685026569995 ], [ -40.353282195681388, -20.432684717587581 ], [ -40.353282203680124, -20.432684678897569 ], [ -40.353282264802125, -20.432684368862915 ], [ -40.353282272083305, -20.432684330047209 ], [ -40.353282327455851, -20.432684019054133 ], [ -40.353282334017265, -20.432683980124551 ], [ -40.353282383623352, -20.432683668268556 ], [ -40.353282389463004, -20.432683629236966 ], [ -40.353282433287774, -20.432683316611442 ], [ -40.35328243840388, -20.432683277489726 ], [ -40.353282476433762, -20.432682964191471 ], [ -40.353282480824767, -20.432682924991553 ], [ -40.353282513048285, -20.432682611115123 ], [ -40.353282516712852, -20.432682571848932 ], [ -40.353282543120166, -20.432682257490143 ], [ -40.353282546057173, -20.432682218169653 ], [ -40.353282566640232, -20.432681903424321 ], [ -40.35328256884879, -20.432681864061497 ], [ -40.35328258360132, -20.432681549025595 ], [ -40.353282585080755, -20.432681509632438 ], [ -40.353282593998266, -20.432681194402022 ], [ -40.353282594748123, -20.432681154990529 ], [ -40.353282597827913, -20.432680839660982 ], [ -40.353282597847972, -20.432680800243148 ], [ -40.353282595089091, -20.432680484911351 ], [ -40.353282594379337, -20.432680445499187 ], [ -40.353282585782615, -20.432680130260415 ], [ -40.353282584343276, -20.43268009086594 ], [ -40.353282569911364, -20.432679775817046 ], [ -40.353282567742866, -20.432679736452251 ], [ -40.353282547480134, -20.432679421688558 ], [ -40.353282544583138, -20.432679382365421 ], [ -40.35328251849576, -20.432679067982907 ], [ -40.353282514871154, -20.432679028713427 ], [ -40.353282482967074, -20.432678714807956 ] ] ], [ [ [ -40.354773530829, -20.430047674225865 ], [ -40.354773595470114, -20.430047679392015 ], [ -40.354775260549637, -20.430047503228959 ], [ -40.354777211486095, -20.430047310363062 ], [ -40.354777283377707, -20.430047289216589 ], [ -40.354777329478686, -20.430047284339178 ], [ -40.354778812284685, -20.430046839498221 ], [ -40.354780827979482, -20.430046246594241 ], [ -40.354780882748635, -20.430046218360179 ], [ -40.354780909979475, -20.430046210190937 ], [ -40.354782098125227, -20.430045591821134 ], [ -40.354784151873901, -20.43004453309268 ], [ -40.354784189307942, -20.430044503466199 ], [ -40.354784199376418, -20.430044498226064 ], [ -40.354784905801672, -20.430043936410353 ], [ -40.354787053316862, -20.430042236798705 ], [ -40.354789418959506, -20.430039447420199 ], [ -40.354841569465542, -20.429963658546136 ], [ -40.354893723765983, -20.429887870871184 ], [ -40.354945878225109, -20.429812082879934 ], [ -40.354998032634484, -20.429736294875298 ], [ -40.355050186861355, -20.429660507050158 ], [ -40.355102343259254, -20.429584719340021 ], [ -40.355104069394343, -20.429581573184429 ], [ -40.355105111221683, -20.42957817003909 ], [ -40.355105428703062, -20.429574640689587 ], [ -40.355105009637477, -20.429571120771605 ], [ -40.355103870130002, -20.429567745558362 ], [ -40.355102053972843, -20.429564644761957 ], [ -40.355099630962371, -20.429561937548417 ], [ -40.355096694216805, -20.429559727958068 ], [ -40.355096692591601, -20.429559726964296 ], [ -40.354855496745166, -20.42941223919739 ], [ -40.354855496676279, -20.429412239155262 ], [ -40.354775097618607, -20.429363076154488 ], [ -40.354694698589171, -20.429313913100223 ], [ -40.354614299609437, -20.429264750005693 ], [ -40.354533900679513, -20.429215586870907 ], [ -40.354453501799291, -20.429166423695751 ], [ -40.35437310296895, -20.42911726048024 ], [ -40.354252504816394, -20.429043515581661 ], [ -40.354011308847426, -20.42889602551239 ], [ -40.354007971321614, -20.428894398449664 ], [ -40.354004361190277, -20.428893416429187 ], [ -40.354000617188696, -20.428893117189457 ], [ -40.353996883196693, -20.428893512230093 ], [ -40.353993302709455, -20.4288945863699 ], [ -40.353990013323042, -20.428896298330304 ], [ -40.353987141446716, -20.428898582321665 ], [ -40.353984797445058, -20.428901350571486 ], [ -40.353932305545165, -20.428977628909816 ], [ -40.35388015109686, -20.429053416796116 ], [ -40.353827996598802, -20.429129204669039 ], [ -40.353775842051022, -20.429204992528536 ], [ -40.353723687453488, -20.42928078037464 ], [ -40.353671870349153, -20.429356077711557 ], [ -40.353670144714926, -20.429359222829149 ], [ -40.353669102934177, -20.429362624802515 ], [ -40.353668785017646, -20.429366152975295 ], [ -40.353669203175301, -20.42936967184426 ], [ -40.353670341347403, -20.429373046263503 ], [ -40.353672155821286, -20.429376146634851 ], [ -40.353674576910187, -20.429378853885254 ], [ -40.353677511629598, -20.429381064039827 ], [ -40.353918594751413, -20.429528640068991 ], [ -40.353918607051121, -20.429528646072196 ], [ -40.353918617873816, -20.429528654200798 ], [ -40.354039300696179, -20.429602296137809 ], [ -40.354119534505053, -20.429651642301618 ], [ -40.354119552914241, -20.429651651330555 ], [ -40.354119569159842, -20.429651663565117 ], [ -40.354199941312046, -20.429700862052854 ], [ -40.354199972079918, -20.429700877068758 ], [ -40.35419999917535, -20.42970089733365 ], [ -40.354280503565455, -20.429749789706857 ], [ -40.354360632622843, -20.429799226247123 ], [ -40.354360702168869, -20.429799260468833 ], [ -40.354360763669945, -20.429799306380996 ], [ -40.354441342516665, -20.429848140838093 ], [ -40.354521708905921, -20.429897283908556 ], [ -40.354762903744664, -20.430044771123182 ], [ -40.354764553282081, -20.430045575266075 ], [ -40.35476604305169, -20.430046323296651 ], [ -40.354766149421614, -20.43004635337768 ], [ -40.354766241295302, -20.430046398165732 ], [ -40.354767985039359, -20.430046872483619 ], [ -40.354769671747043, -20.430047349478311 ], [ -40.354769770811757, -20.430047358233658 ], [ -40.354769851448978, -20.430047380167878 ], [ -40.354771601851169, -20.43004752006096 ], [ -40.354773443677061, -20.430047682841536 ], [ -40.354773530829, -20.430047674225865 ] ] ], [ [ [ -40.355163394372653, -20.429469654785219 ], [ -40.355165144768385, -20.429469794674702 ], [ -40.355166986587506, -20.429469957451499 ], [ -40.355167073739082, -20.429469948835642 ], [ -40.355167138379954, -20.429469954001657 ], [ -40.355168803452621, -20.429469777835202 ], [ -40.355170754381064, -20.429469584965318 ], [ -40.355170826272342, -20.429469563818703 ], [ -40.355170872373144, -20.4294695589412 ], [ -40.355172355172357, -20.429469114097227 ], [ -40.355174370857959, -20.429468521189165 ], [ -40.355174425626835, -20.429468492954996 ], [ -40.355174452857547, -20.429468484785698 ], [ -40.355175640997267, -20.429467866413507 ], [ -40.355177694735538, -20.429466807680935 ], [ -40.355177732169373, -20.429466778054373 ], [ -40.355177742237792, -20.429466772814216 ], [ -40.355178448658997, -20.429466210997102 ], [ -40.355180596161944, -20.429464511381187 ], [ -40.355182961788977, -20.429461721998052 ], [ -40.355235111917814, -20.429385933023045 ], [ -40.355287265841056, -20.429310145247147 ], [ -40.355339419922984, -20.429234357154947 ], [ -40.355391573955174, -20.42915856904937 ], [ -40.355443727804854, -20.429082781123288 ], [ -40.355443727937597, -20.42908278093039 ], [ -40.355495883825547, -20.429006993312207 ], [ -40.355497609946674, -20.429003847153322 ], [ -40.355498651762119, -20.429000444006117 ], [ -40.355498969234127, -20.428996914656242 ], [ -40.355498550162046, -20.4289933947394 ], [ -40.355497410651203, -20.428990019528758 ], [ -40.355495594493931, -20.428986918736317 ], [ -40.355493171486614, -20.428984211527958 ], [ -40.355490234747336, -20.428982001943808 ], [ -40.355490233186657, -20.428982000989496 ], [ -40.355490233122147, -20.428982000950036 ], [ -40.355249037890523, -20.428834513701286 ], [ -40.35524903780211, -20.428834513647217 ], [ -40.355168638942864, -20.42878535081519 ], [ -40.355088240111826, -20.428736187929662 ], [ -40.355007841330533, -20.428687025003875 ], [ -40.354927442599028, -20.428637862037831 ], [ -40.354847043917225, -20.428588699031415 ], [ -40.354766645285295, -20.428539535984644 ], [ -40.354646047430364, -20.428465791339182 ], [ -40.354404852056611, -20.428318301776144 ], [ -40.354401514539994, -20.428316674720389 ], [ -40.354397904420388, -20.428315692707379 ], [ -40.354394160432633, -20.428315393475366 ], [ -40.354390426456028, -20.428315788523619 ], [ -40.354386845985154, -20.428316862670687 ], [ -40.35438355661546, -20.4283185746377 ], [ -40.35438068475554, -20.42832085863477 ], [ -40.354378340769365, -20.428323626889171 ], [ -40.354325849249093, -20.428399905329115 ], [ -40.35427369517798, -20.428475693316379 ], [ -40.354221541057115, -20.428551481290253 ], [ -40.354169386886525, -20.428627269250722 ], [ -40.354117232666191, -20.428703057197787 ], [ -40.354065415936617, -20.428778354635014 ], [ -40.354063690316337, -20.428781499755893 ], [ -40.354062648547483, -20.428784901731127 ], [ -40.354062330640318, -20.428788429904284 ], [ -40.354062748804473, -20.428791948772115 ], [ -40.354063886979951, -20.428795323188762 ], [ -40.354065701453955, -20.428798423556138 ], [ -40.354068122539708, -20.428801130801354 ], [ -40.354071057252838, -20.428803340949749 ], [ -40.35431213978007, -20.428950916472882 ], [ -40.354312152079757, -20.428950922476066 ], [ -40.354312162902417, -20.428950930604636 ], [ -40.354432845426601, -20.429024572288366 ], [ -40.354513079038128, -20.429073918283741 ], [ -40.354513097447267, -20.429073927312647 ], [ -40.354513113692832, -20.42907393954718 ], [ -40.354593485646809, -20.42912313786621 ], [ -40.354593516414596, -20.429123152882052 ], [ -40.354593543509964, -20.429123173146888 ], [ -40.35467404770062, -20.429172065351157 ], [ -40.354754176561279, -20.429221501723205 ], [ -40.354754246107099, -20.42922153594477 ], [ -40.354754307608047, -20.429221581856794 ], [ -40.354834886254892, -20.429270416144803 ], [ -40.354915252445799, -20.429319559046593 ], [ -40.355156446689271, -20.429467045754983 ], [ -40.355158096222155, -20.429467849894426 ], [ -40.355159585987707, -20.429468597921897 ], [ -40.355159692357283, -20.429468628002699 ], [ -40.355159784230715, -20.429468672790552 ], [ -40.355161527969109, -20.429469147104825 ], [ -40.355163214671343, -20.429469624096029 ], [ -40.355163313735694, -20.429469632851166 ], [ -40.355163394372653, -20.429469654785219 ] ] ], [ [ [ -40.354480880198246, -20.428014771207334 ], [ -40.35448088163605, -20.428014769117965 ], [ -40.354480883068028, -20.428014767035826 ], [ -40.354533034029444, -20.427938983158967 ], [ -40.354585187804211, -20.427863195106866 ], [ -40.354637341498851, -20.427787407085557 ], [ -40.354689495368532, -20.42771161910326 ], [ -40.354691221399889, -20.427708472970298 ], [ -40.354692263149651, -20.427705069865453 ], [ -40.354692580583894, -20.427701540568513 ], [ -40.35469216150382, -20.427698020708782 ], [ -40.354691022014521, -20.427694645552876 ], [ -40.354689205906105, -20.427691544806503 ], [ -40.35468678297083, -20.42768883762993 ], [ -40.354683846321002, -20.427686628058726 ], [ -40.354442643938533, -20.42753913343061 ], [ -40.354439306582883, -20.427537506428568 ], [ -40.354435696642419, -20.42753652441429 ], [ -40.354431952833714, -20.427536225122928 ], [ -40.354428219017358, -20.427536620055136 ], [ -40.354424638670004, -20.427537694035127 ], [ -40.354421349371052, -20.427539405793869 ], [ -40.354418477516013, -20.427541689554868 ], [ -40.354416133459608, -20.427544457561673 ], [ -40.354363974484571, -20.427620242399609 ], [ -40.354311815477004, -20.427696027198891 ], [ -40.354259656413163, -20.427771811994404 ], [ -40.354207497299512, -20.427847596776672 ], [ -40.35415537174304, -20.427923332716247 ], [ -40.354155332260206, -20.427923379345572 ], [ -40.354103178254796, -20.427999167271793 ], [ -40.35410145221789, -20.428002313398604 ], [ -40.35410041046152, -20.428005716497537 ], [ -40.354100093019845, -20.428009245789422 ], [ -40.354100512092025, -20.428012765645562 ], [ -40.354101651573394, -20.428016140799855 ], [ -40.354103467674356, -20.42801924154697 ], [ -40.354105890603201, -20.428021948726943 ], [ -40.35410882724814, -20.428024158304336 ], [ -40.354350061150356, -20.428171672332812 ], [ -40.354353398663285, -20.428173299389805 ], [ -40.354357008779274, -20.428174281403944 ], [ -40.354360752763576, -20.428174580636973 ], [ -40.35436448673692, -20.428174185589537 ], [ -40.354368067204739, -20.428173111443094 ], [ -40.354371356571647, -20.428171399476501 ], [ -40.354374228429073, -20.428169115479704 ], [ -40.354376572413166, -20.428166347225424 ], [ -40.354428726330589, -20.428090559223069 ], [ -40.35448041567976, -20.428015446635282 ], [ -40.354480880198246, -20.428014771207334 ] ] ], [ [ [ -40.354753377537008, -20.427598292298473 ], [ -40.354757121507063, -20.427598591523903 ], [ -40.354760855464633, -20.42759819646912 ], [ -40.354764435915797, -20.427597122315834 ], [ -40.354767725265837, -20.427595410343184 ], [ -40.354770597106878, -20.427593126341307 ], [ -40.354772941075694, -20.42759035808313 ], [ -40.354825106275882, -20.427514553064778 ], [ -40.354877259767321, -20.427438764944377 ], [ -40.35492941321364, -20.427362976803813 ], [ -40.354981566610242, -20.42728718864991 ], [ -40.355033719957127, -20.427211400482552 ], [ -40.355085873235844, -20.427135612300674 ], [ -40.35513802647484, -20.427059824118761 ], [ -40.355190179665854, -20.426984035920899 ], [ -40.355242332807123, -20.426908247709669 ], [ -40.355294485898639, -20.426832459485059 ], [ -40.355346638940425, -20.426756671247027 ], [ -40.355398791932458, -20.426680882995676 ], [ -40.355450944874761, -20.426605094730874 ], [ -40.355452670869582, -20.426601948592623 ], [ -40.355453712588179, -20.42659854548727 ], [ -40.355454029997951, -20.426595016194263 ], [ -40.355453610901066, -20.426591496342336 ], [ -40.355452471403218, -20.426588121197451 ], [ -40.355450655294717, -20.426585020464486 ], [ -40.355448232367628, -20.426582313302866 ], [ -40.355445295733674, -20.426580103747252 ], [ -40.355204143596474, -20.426432640132024 ], [ -40.355200806114361, -20.42643101308942 ], [ -40.355197196035505, -20.426430031090611 ], [ -40.355193452093168, -20.426429731873228 ], [ -40.355189718164901, -20.426430126936033 ], [ -40.355186137743438, -20.426431201096992 ], [ -40.355182848422317, -20.426432913076727 ], [ -40.355179976608291, -20.426435197084828 ], [ -40.355177632663541, -20.42643796534816 ], [ -40.35512547963328, -20.426513753536856 ], [ -40.355073326553288, -20.426589541712108 ], [ -40.355021173423538, -20.426665329874016 ], [ -40.354969020244049, -20.426741118022552 ], [ -40.354916867014815, -20.426816906157672 ], [ -40.354864713735843, -20.426892694279427 ], [ -40.354812560827028, -20.426968481777621 ], [ -40.354760401393868, -20.427044265302627 ], [ -40.354708241484119, -20.427120049434453 ], [ -40.354656081524617, -20.42719583355284 ], [ -40.354603921776018, -20.427271617279196 ], [ -40.35455175841188, -20.427347398999061 ], [ -40.35455175802818, -20.427347399698242 ], [ -40.354551757507153, -20.427347400313543 ], [ -40.354499589283101, -20.427423203404196 ], [ -40.354497863103752, -20.427426349551755 ], [ -40.354496821226213, -20.427429752702999 ], [ -40.354496503691195, -20.427433282070584 ], [ -40.354496922702005, -20.427436802016523 ], [ -40.354498062155585, -20.427440177264906 ], [ -40.35449987826135, -20.427443278100711 ], [ -40.354502301224116, -20.427445985354929 ], [ -40.354505237926425, -20.427448194984414 ], [ -40.354746429929776, -20.427595683242064 ], [ -40.354749767433162, -20.427597310291869 ], [ -40.354753377537008, -20.427598292298473 ] ] ], [ [ [ -40.355207782204793, -20.426338782736451 ], [ -40.355207777853472, -20.426338743532618 ], [ -40.355207740140905, -20.426338430200186 ], [ -40.35520773506444, -20.426338391073912 ], [ -40.355207691556664, -20.426338078409898 ], [ -40.355207685756589, -20.4263380393731 ], [ -40.35520763646673, -20.426337727471868 ], [ -40.355207629944822, -20.426337688536439 ], [ -40.355207574888148, -20.426337377494569 ], [ -40.355207567646389, -20.426337338672361 ], [ -40.355207506839399, -20.426337028582992 ], [ -40.355207498879992, -20.426336989885836 ], [ -40.355207432341338, -20.426336680844194 ], [ -40.355207423666712, -20.426336642283879 ], [ -40.355207351416531, -20.426336334383485 ], [ -40.355207342029324, -20.426336295971762 ], [ -40.35520726408987, -20.426335989307528 ], [ -40.355207253992951, -20.426335951056096 ], [ -40.355207170387857, -20.426335645720862 ], [ -40.355207159584296, -20.426335607641359 ], [ -40.355207070339048, -20.426335303728234 ], [ -40.355207058832136, -20.426335265832272 ], [ -40.355206963973892, -20.426334963433668 ], [ -40.355206951767123, -20.426334925732789 ], [ -40.355206851324525, -20.426334624940118 ], [ -40.35520683842163, -20.426334587445808 ], [ -40.355206732425572, -20.426334288351594 ], [ -40.35520671883048, -20.426334251075271 ], [ -40.355206607313306, -20.426333953770808 ], [ -40.355206593030161, -20.426333916723816 ], [ -40.355206476025771, -20.426333621299392 ], [ -40.355206461058913, -20.426333584493022 ], [ -40.355206338602905, -20.426333291038517 ], [ -40.355206322956903, -20.426333254483993 ], [ -40.355206195086318, -20.426332963088221 ], [ -40.355206178765926, -20.426332926796672 ], [ -40.355206045519786, -20.426332637548619 ], [ -40.355206028529992, -20.426332601531104 ], [ -40.355205889950057, -20.426332314521318 ], [ -40.355205872296025, -20.426332278788792 ], [ -40.35520572842276, -20.426331994101048 ], [ -40.355205710109878, -20.426331958664399 ], [ -40.355205560987685, -20.42633167638667 ], [ -40.355205542021515, -20.426331641256702 ], [ -40.355205387696188, -20.426331361475661 ], [ -40.355205368082522, -20.426331326663085 ], [ -40.3552052086009, -20.426331049463649 ], [ -40.355205188345707, -20.426331014979048 ], [ -40.35520502375725, -20.426330740447057 ], [ -40.355205002866697, -20.426330706300938 ], [ -40.355204833218842, -20.426330434515631 ], [ -40.355204811699295, -20.42633040071841 ], [ -40.355204637047137, -20.426330131768065 ], [ -40.355204614905155, -20.42633009833002 ], [ -40.355204435300294, -20.426329832293938 ], [ -40.355204412542619, -20.426329799225261 ], [ -40.355204228037991, -20.42632953618201 ], [ -40.355204204671551, -20.426329503492781 ], [ -40.355204015326407, -20.426329243526876 ], [ -40.355203991358323, -20.426329211227049 ], [ -40.35520379722908, -20.42632895441584 ], [ -40.355203772666648, -20.42632892251525 ], [ -40.35520357381224, -20.426328668936694 ], [ -40.355203548662949, -20.42632863744506 ], [ -40.355203345144531, -20.426328387177154 ], [ -40.355203319416042, -20.426328356104062 ], [ -40.355203111293783, -20.426328109220862 ], [ -40.355203084993931, -20.426328078575786 ], [ -40.355202872333955, -20.426327835155728 ], [ -40.35520284547075, -20.426327804947999 ], [ -40.355202628337153, -20.426327565064305 ], [ -40.355202600918773, -20.42632753530312 ], [ -40.355202379373658, -20.426327299024592 ], [ -40.355202351408465, -20.426327269719035 ], [ -40.35520212552774, -20.426327037126541 ], [ -40.355202097024247, -20.426327008285508 ], [ -40.355201866866615, -20.426326779439464 ], [ -40.355201837833498, -20.426326751071773 ], [ -40.355201603478292, -20.426326526051152 ], [ -40.355201573924418, -20.426326498165423 ], [ -40.355201335436611, -20.426326277032498 ], [ -40.355201305370962, -20.426326249637228 ], [ -40.355201062826005, -20.42632603246204 ], [ -40.355201032257739, -20.426326005565578 ], [ -40.355200785729913, -20.426325792414566 ], [ -40.355200754668346, -20.426325766025101 ], [ -40.355200504229771, -20.426325556960673 ], [ -40.355200472684366, -20.426325531086253 ], [ -40.355200218414737, -20.426325326174961 ], [ -40.355200186395102, -20.426325300823468 ], [ -40.355199928372571, -20.42632510012816 ], [ -40.355199895888461, -20.426325075307297 ], [ -40.355199634184139, -20.426324878883431 ], [ -40.355199601245445, -20.426324854600775 ], [ -40.355199335947795, -20.426324662514819 ], [ -40.35519930256455, -20.426324638777764 ], [ -40.355199033753088, -20.426324451087073 ], [ -40.355198999935467, -20.426324427902848 ], [ -40.355198727687089, -20.426324244661149 ], [ -40.355198693445388, -20.426324222036822 ], [ -40.355198417845259, -20.426324043301584 ], [ -40.355198383189908, -20.426324021244032 ], [ -40.355198104323449, -20.426323847070655 ], [ -40.355198069265008, -20.426323825586625 ], [ -40.355197787218266, -20.426323656028742 ], [ -40.35519775176742, -20.426323635124749 ], [ -40.355197466624126, -20.426323470232663 ], [ -40.355197430791662, -20.426323449915085 ], [ -40.35519714263777, -20.426323289738541 ], [ -40.355197106434609, -20.426323270013565 ], [ -40.355196815360181, -20.426323114602628 ], [ -40.355196778797342, -20.426323095476267 ], [ -40.355196484889134, -20.426322944877267 ], [ -40.355196447977768, -20.426322926355343 ], [ -40.355196151325956, -20.426322780614512 ], [ -40.355196114077295, -20.426322762702672 ], [ -40.355195814772443, -20.426322621864507 ], [ -40.355195777197842, -20.426322604568206 ], [ -40.35519547533027, -20.426322468675234 ], [ -40.355195437441168, -20.426322451999738 ], [ -40.355195133104921, -20.426322321094304 ], [ -40.355195094912865, -20.426322305044692 ], [ -40.355194788202233, -20.426322179167201 ], [ -40.355194749718848, -20.426322163748353 ], [ -40.35519444072132, -20.426322042934736 ], [ -40.355194401958336, -20.426322028151365 ], [ -40.355194090767817, -20.426321912438514 ], [ -40.35519405173703, -20.426321898295122 ], [ -40.355193738459064, -20.426321787722181 ], [ -40.355193699172389, -20.426321774223055 ], [ -40.355193383890573, -20.426321668819444 ], [ -40.355193344359954, -20.426321655968721 ], [ -40.355193027176128, -20.426321555768549 ], [ -40.355192987413609, -20.426321543570133 ], [ -40.355192668418574, -20.426321448602202 ], [ -40.355192628436285, -20.426321437059816 ], [ -40.355192307739699, -20.426321347356645 ], [ -40.355192267549803, -20.426321336473791 ], [ -40.355191945234886, -20.426321252058621 ], [ -40.355191904849626, -20.426321241838625 ], [ -40.355191581022488, -20.426321162739381 ], [ -40.355191540454172, -20.426321153185349 ], [ -40.355191215213068, -20.426321079425961 ], [ -40.355191174474044, -20.426321070540805 ], [ -40.355190847913612, -20.426321002142789 ], [ -40.355190807016292, -20.426320993929235 ], [ -40.355190479246637, -20.426320930915534 ], [ -40.355190438203486, -20.426320923376046 ], [ -40.355190109307394, -20.426320865762662 ], [ -40.355190068130902, -20.426320858899565 ], [ -40.355189738226443, -20.42632080670721 ], [ -40.355189696929159, -20.426320800522582 ], [ -40.35518936610687, -20.42632075376541 ], [ -40.355189324701378, -20.426320748261134 ], [ -40.355188993059521, -20.426320706953206 ], [ -40.355188951558425, -20.426320702130969 ], [ -40.355188619203425, -20.426320666285587 ], [ -40.35518857761938, -20.426320662146868 ], [ -40.355188244657654, -20.426320631775351 ], [ -40.355188203003316, -20.426320628321378 ], [ -40.355187869525039, -20.426320603431908 ], [ -40.355187827813104, -20.426320600663754 ], [ -40.355187493924724, -20.426320581264406 ], [ -40.35518745216789, -20.426320579182914 ], [ -40.355187117967617, -20.426320565279489 ], [ -40.355187076178609, -20.426320563885294 ], [ -40.355186741781004, -20.426320555482413 ], [ -40.355186699972549, -20.426320554775934 ], [ -40.355186365463602, -20.426320551875694 ], [ -40.355186323648432, -20.426320551857149 ], [ -40.35518598913859, -20.426320554460634 ], [ -40.355185947329439, -20.426320555130026 ], [ -40.355185612916898, -20.426320563236469 ], [ -40.355185571126505, -20.426320564593595 ], [ -40.355185236921677, -20.426320578200201 ], [ -40.355185195162782, -20.426320580244646 ], [ -40.355184861251601, -20.426320599347974 ], [ -40.355184819536916, -20.426320602079123 ], [ -40.355184486033856, -20.426320626672766 ], [ -40.355184444376079, -20.42632063008978 ], [ -40.355184111379224, -20.426320660166422 ], [ -40.355184069791065, -20.426320664268264 ], [ -40.355183737406712, -20.426320699818156 ], [ -40.35518369590082, -20.426320704603572 ], [ -40.355183364218995, -20.426320745617137 ], [ -40.355183322808024, -20.426320751084674 ], [ -40.355182991934917, -20.42632079754895 ], [ -40.35518295063148, -20.426320803696942 ], [ -40.355182620673268, -20.426320855596966 ], [ -40.355182579489956, -20.426320862423534 ], [ -40.355182250544651, -20.426320919743709 ], [ -40.355182209493989, -20.426320927246778 ], [ -40.355181881651866, -20.426320989971543 ], [ -40.355181840746368, -20.426320998148835 ], [ -40.355181514125135, -20.42632106625565 ], [ -40.355181473377257, -20.426321075104649 ], [ -40.355181148059387, -20.426321148576225 ], [ -40.355181107481549, -20.426321158094268 ], [ -40.355180783576728, -20.426321236905949 ], [ -40.355180743181286, -20.426321247090119 ], [ -40.355180420783775, -20.426321331218922 ], [ -40.355180380583029, -20.426321342066121 ], [ -40.355180059790648, -20.426321431486574 ], [ -40.355180019796848, -20.426321442993501 ], [ -40.355179700715205, -20.426321537676053 ], [ -40.355179660940529, -20.426321549839191 ], [ -40.355179343652416, -20.426321649759299 ], [ -40.355179304108994, -20.42632166257496 ], [ -40.355178988723473, -20.426321767698401 ], [ -40.35517894942334, -20.426321781162663 ], [ -40.355178636030729, -20.426321891459239 ], [ -40.355178596985851, -20.426321905568017 ], [ -40.355178285687359, -20.426322021002029 ], [ -40.355178246909631, -20.42632203575101 ], [ -40.355177937788326, -20.426322156291729 ], [ -40.355177899289565, -20.426322171676436 ], [ -40.355177592450303, -20.426322297283097 ], [ -40.355177554242239, -20.426322313298829 ], [ -40.355177249778258, -20.426322443933081 ], [ -40.355177211872522, -20.426322460574966 ], [ -40.355176909870671, -20.426322596199515 ], [ -40.355176872278818, -20.426322613462489 ], [ -40.355176572832676, -20.426322754035468 ], [ -40.355176535566144, -20.426322771914265 ], [ -40.355176238768983, -20.426322917391879 ], [ -40.355176201839136, -20.426322935881057 ], [ -40.35517590778052, -20.426323086219369 ], [ -40.355175871198611, -20.426323105313291 ], [ -40.355175579968325, -20.426323260466422 ], [ -40.355175543745489, -20.426323280159274 ], [ -40.355175255432876, -20.426323440079567 ], [ -40.35517521958014, -20.426323460365353 ], [ -40.355174934271147, -20.426323625005146 ], [ -40.355174898799447, -20.426323645877691 ], [ -40.355174616583234, -20.426323815185519 ], [ -40.355174581503363, -20.426323836638456 ], [ -40.355174302465002, -20.426324010563256 ], [ -40.355174267787653, -20.426324032590045 ], [ -40.355173992009981, -20.426324211080214 ], [ -40.355173957745706, -20.426324233674158 ], [ -40.355173685313829, -20.426324416674728 ], [ -40.355173651473081, -20.426324439828935 ], [ -40.355173382471435, -20.426324627283179 ], [ -40.355173349064508, -20.426324650990612 ], [ -40.355173083577228, -20.426324842839744 ], [ -40.355173050614312, -20.426324867093165 ], [ -40.355172788717354, -20.426325063282274 ], [ -40.355172756208482, -20.426325088074304 ], [ -40.355172497980348, -20.42632528854481 ], [ -40.355172465935418, -20.426325313867899 ], [ -40.35517221146339, -20.426325518551941 ], [ -40.355172179892172, -20.426325544398363 ], [ -40.355171929246382, -20.426325753239404 ], [ -40.355171898158488, -20.426325779601296 ], [ -40.355171651415965, -20.426325992535286 ], [ -40.355171620820869, -20.42632601940462 ], [ -40.355171378060142, -20.426326236363764 ], [ -40.355171347967158, -20.426326263732346 ], [ -40.355171109259253, -20.426326484653124 ], [ -40.355171079677547, -20.426326512512627 ], [ -40.355170845095564, -20.426326737327447 ], [ -40.355170816034153, -20.42632676566938 ], [ -40.355170585652303, -20.426326994307043 ], [ -40.355170557120026, -20.426327023122766 ], [ -40.355170331002178, -20.426327255519997 ], [ -40.355170303007746, -20.426327284800749 ], [ -40.355170081231847, -20.426327520877354 ], [ -40.355170053783766, -20.426327550614197 ], [ -40.355169836407448, -20.426327790308843 ], [ -40.355169809514102, -20.426327820492741 ], [ -40.355169596611837, -20.426328063723393 ], [ -40.355169570281411, -20.426328094345131 ], [ -40.355169361914115, -20.426328341042044 ], [ -40.355169336154617, -20.426328372092293 ], [ -40.355169132385079, -20.426328622181249 ], [ -40.355169107204361, -20.426328653650568 ], [ -40.355168908097319, -20.426328907052103 ], [ -40.355168883503055, -20.426328938930894 ], [ -40.35516868911737, -20.426329195570034 ], [ -40.355168665117056, -20.426329227848587 ], [ -40.355168475512514, -20.426329487646388 ], [ -40.355168452113453, -20.42632952031488 ], [ -40.355168267347622, -20.426329783192493 ], [ -40.355168244556936, -20.426329816240958 ], [ -40.355168064684868, -20.426330082120149 ], [ -40.355168042509511, -20.426330115538544 ], [ -40.35516786758896, -20.426330384333891 ], [ -40.355167846035684, -20.426330418112016 ], [ -40.355167676118207, -20.426330689744148 ], [ -40.355167655193576, -20.426330723871711 ], [ -40.355167490329372, -20.426330998260525 ], [ -40.355167470039767, -20.426331032727152 ], [ -40.355167310282376, -20.426331309783524 ], [ -40.355167290633965, -20.426331344578692 ], [ -40.355167136029451, -20.426331624222655 ], [ -40.355167117028223, -20.42633165933578 ], [ -40.355166967624506, -20.426331941480743 ], [ -40.355166949276253, -20.426331976901128 ], [ -40.355166805118699, -20.426332261461461 ], [ -40.355166787429006, -20.426332297178313 ], [ -40.355166648561884, -20.426332584066625 ], [ -40.355166631536136, -20.426332620069061 ], [ -40.355166498002284, -20.426332909196717 ], [ -40.355166481645689, -20.426332945473767 ], [ -40.355166353484101, -20.426333236756353 ], [ -40.355166337801613, -20.426333273296979 ], [ -40.355166215052478, -20.426333566643326 ], [ -40.355166200048892, -20.426333603436394 ], [ -40.355166082749655, -20.426333898756916 ], [ -40.355166068429533, -20.426333935791224 ], [ -40.355165956615672, -20.426334232996545 ], [ -40.355165942983376, -20.426334270260803 ], [ -40.355165836688919, -20.426334569260494 ], [ -40.355165823748607, -20.426334606743346 ], [ -40.355165723005854, -20.426334907446606 ], [ -40.355165710761462, -20.426334945136645 ], [ -40.355165615601173, -20.426335247451693 ], [ -40.355165604056431, -20.426335285337434 ], [ -40.35516551450786, -20.42633558917127 ], [ -40.355165503666285, -20.426335627241176 ], [ -40.355165419756482, -20.426335932501964 ], [ -40.355165409621378, -20.426335970744436 ], [ -40.355165331375865, -20.426336277339356 ], [ -40.355165321950324, -20.426336315742734 ], [ -40.355165249392954, -20.426336623578287 ], [ -40.355165240679845, -20.426336662130886 ], [ -40.35516517383261, -20.426336971113876 ], [ -40.355165165834585, -20.426337009803955 ], [ -40.355165104718104, -20.426337319839142 ], [ -40.355165097437599, -20.426337358654912 ], [ -40.35516504207034, -20.426337669648472 ], [ -40.355165035509572, -20.426337708578103 ], [ -40.355164985908537, -20.426338020434521 ], [ -40.355164980069503, -20.426338059466161 ], [ -40.355164936249551, -20.426338372092076 ], [ -40.355164931134034, -20.426338411213827 ], [ -40.355164893108736, -20.426338724512416 ], [ -40.355164888718285, -20.426338763712369 ], [ -40.355164856499115, -20.426339077589088 ], [ -40.355164852835081, -20.426339116855303 ], [ -40.355164826431874, -20.426339431214323 ], [ -40.355164823495365, -20.426339470534845 ], [ -40.355164802916178, -20.426339785280362 ], [ -40.355164800708089, -20.4263398246432 ], [ -40.35516478595919, -20.426340139679226 ], [ -40.355164784480195, -20.426340179072401 ], [ -40.355164775566074, -20.426340494302895 ], [ -40.355164774816622, -20.426340533714399 ], [ -40.355164771739972, -20.426340849043982 ], [ -40.355164771720297, -20.426340888461816 ], [ -40.355164774482084, -20.426341203793594 ], [ -40.355164775192179, -20.426341243205751 ], [ -40.355164783791558, -20.426341558444459 ], [ -40.355164785231217, -20.42634159783892 ], [ -40.355164799665545, -20.426341912887697 ], [ -40.355164801834334, -20.426341952252479 ], [ -40.355164822099226, -20.426342267016008 ], [ -40.355164824996479, -20.426342306339112 ], [ -40.355164851085789, -20.42634262072141 ], [ -40.355164854710615, -20.426342659990869 ], [ -40.355164886616372, -20.426342973896073 ], [ -40.355164890967679, -20.426343013099913 ], [ -40.355164928680161, -20.42634332643236 ], [ -40.355164933756619, -20.426343365558633 ], [ -40.355164977264316, -20.426343678222661 ], [ -40.35516498306437, -20.426343717259467 ], [ -40.355165032354151, -20.426344029160713 ], [ -40.355165038876045, -20.426344068096146 ], [ -40.355165093932641, -20.426344379138033 ], [ -40.355165101174393, -20.426344417960241 ], [ -40.355165161981304, -20.426344728049632 ], [ -40.355165169940697, -20.426344766746791 ], [ -40.355165236479273, -20.426345075788454 ], [ -40.355165245153884, -20.426345114348766 ], [ -40.355165317403994, -20.426345422249181 ], [ -40.355165326791195, -20.426345460660908 ], [ -40.355165404730563, -20.426345767325163 ], [ -40.355165414827475, -20.426345805576602 ], [ -40.355165498432498, -20.426346110911865 ], [ -40.355165509236052, -20.426346148991367 ], [ -40.355165598481221, -20.426346452904518 ], [ -40.355165609988134, -20.426346490800487 ], [ -40.355165704846307, -20.426346793199109 ], [ -40.355165717053055, -20.426346830899998 ], [ -40.355165817495582, -20.426347131692694 ], [ -40.355165830398469, -20.426347169187007 ], [ -40.355165936394464, -20.426347468281246 ], [ -40.355165949989548, -20.426347505557576 ], [ -40.355166061506658, -20.426347802862068 ], [ -40.355166075789796, -20.426347839909067 ], [ -40.355166192794123, -20.426348135333527 ], [ -40.355166207760973, -20.426348172139889 ], [ -40.355166330216917, -20.426348465594426 ], [ -40.355166345862912, -20.426348502148951 ], [ -40.355166473733448, -20.426348793544761 ], [ -40.355166490053819, -20.426348829836314 ], [ -40.355166623299908, -20.426349119084392 ], [ -40.355166640289696, -20.426349155101921 ], [ -40.355166778869574, -20.426349442111732 ], [ -40.355166796523605, -20.426349477844269 ], [ -40.355166940396813, -20.426349762532048 ], [ -40.355166958709695, -20.426349797968697 ], [ -40.355167107831839, -20.426350080246472 ], [ -40.355167126798001, -20.426350115376437 ], [ -40.355167281123279, -20.426350395157513 ], [ -40.355167300736952, -20.4263504299701 ], [ -40.355167460218524, -20.426350707169572 ], [ -40.35516748047371, -20.426350741654172 ], [ -40.355167645062124, -20.426351016186203 ], [ -40.355167665952678, -20.426351050332325 ], [ -40.355167835600483, -20.426351322117668 ], [ -40.35516785712003, -20.426351355914896 ], [ -40.355168031772152, -20.426351624865276 ], [ -40.355168053914134, -20.426351658303325 ], [ -40.35516823351896, -20.42635192433945 ], [ -40.355168256276635, -20.426351957408134 ], [ -40.355168440781235, -20.426352220451417 ], [ -40.355168464147667, -20.42635225314066 ], [ -40.35516865349279, -20.426352513106604 ], [ -40.355168677460867, -20.426352545406445 ], [ -40.355168871590088, -20.426352802217682 ], [ -40.355168896152513, -20.42635283411828 ], [ -40.355169095006907, -20.426353087696878 ], [ -40.355169120156191, -20.426353119188523 ], [ -40.355169323674588, -20.426353369456457 ], [ -40.355169349403084, -20.426353400529557 ], [ -40.355169557525322, -20.426353647412803 ], [ -40.35516958382518, -20.426353678057882 ], [ -40.355169796485129, -20.426353921477986 ], [ -40.355169823348334, -20.426353951685719 ], [ -40.35517004048193, -20.426354191569445 ], [ -40.35517006790031, -20.426354221330641 ], [ -40.355170289445418, -20.426354457609207 ], [ -40.355170317410611, -20.426354486914768 ], [ -40.355170543291337, -20.426354719507305 ], [ -40.355170571794829, -20.426354748348341 ], [ -40.355170801952461, -20.426354977194428 ], [ -40.355170830985578, -20.426355005562119 ], [ -40.355171065340777, -20.426355230582786 ], [ -40.355171094894665, -20.426355258468522 ], [ -40.355171333382472, -20.426355479601494 ], [ -40.355171363448129, -20.42635550699676 ], [ -40.355171605993085, -20.426355724171987 ], [ -40.355171636561359, -20.426355751068453 ], [ -40.355171883089199, -20.426355964219514 ], [ -40.355171914150766, -20.426355990608979 ], [ -40.355172164589355, -20.426356199673453 ], [ -40.355172196134767, -20.42635622554787 ], [ -40.35517245040441, -20.426356430459197 ], [ -40.355172482424052, -20.426356455810701 ], [ -40.355172740446598, -20.426356656506048 ], [ -40.355172772930715, -20.426356681326915 ], [ -40.355173034635065, -20.42635687775082 ], [ -40.355173067573759, -20.426356902033472 ], [ -40.355173332871431, -20.426357094119478 ], [ -40.355173366254682, -20.426357117856526 ], [ -40.355173635066173, -20.42635730554726 ], [ -40.355173668883801, -20.426357328731491 ], [ -40.355173941132207, -20.426357511973222 ], [ -40.355173975373916, -20.42635753459756 ], [ -40.355174250974081, -20.426357713332834 ], [ -40.355174285629438, -20.426357735390386 ], [ -40.355174564495933, -20.426357909563794 ], [ -40.355174599554381, -20.426357931047843 ], [ -40.355174881601165, -20.426358100605757 ], [ -40.355174917052025, -20.426358121509754 ], [ -40.355175202195362, -20.426358286401875 ], [ -40.355175238027833, -20.426358306719454 ], [ -40.35517552618176, -20.426358466896033 ], [ -40.355175562384936, -20.426358486621012 ], [ -40.355175853459414, -20.426358642031978 ], [ -40.355175890022259, -20.426358661158343 ], [ -40.35517618393051, -20.426358811757375 ], [ -40.355176220841891, -20.426358830279309 ], [ -40.35517651749376, -20.426358976020161 ], [ -40.355176554742428, -20.426358993932013 ], [ -40.355176854047336, -20.426359134770205 ], [ -40.355176891621944, -20.426359152066514 ], [ -40.355177193489574, -20.426359287959507 ], [ -40.355177231378683, -20.42635930463501 ], [ -40.355177535714994, -20.426359435540466 ], [ -40.355177573907056, -20.426359451590091 ], [ -40.355177880617752, -20.426359577467601 ], [ -40.355177919101145, -20.426359592886453 ], [ -40.355178228098737, -20.426359713700098 ], [ -40.355178266861728, -20.426359728483476 ], [ -40.355178578052325, -20.426359844196345 ], [ -40.355178617083112, -20.426359858339737 ], [ -40.355178930361149, -20.426359968912713 ], [ -40.355178969647838, -20.426359982411835 ], [ -40.355179284929719, -20.426360087815468 ], [ -40.355179324460345, -20.426360100666194 ], [ -40.355179641644256, -20.426360200866384 ], [ -40.355179681406774, -20.426360213064804 ], [ -40.355180000401887, -20.426360308032752 ], [ -40.355180040384184, -20.426360319575149 ], [ -40.355180361080841, -20.426360409278328 ], [ -40.355180401270751, -20.426360420161195 ], [ -40.355180723585747, -20.426360504576373 ], [ -40.35518076397102, -20.426360514796375 ], [ -40.355181087798229, -20.42636059389563 ], [ -40.35518112836656, -20.426360603449666 ], [ -40.355181453607749, -20.426360677209072 ], [ -40.35518149434678, -20.426360686094224 ], [ -40.355181820907298, -20.426360754492254 ], [ -40.355181861804631, -20.426360762705816 ], [ -40.355182189574357, -20.42636082571952 ], [ -40.355182230617523, -20.426360833259007 ], [ -40.355182559513707, -20.426360890872413 ], [ -40.355182600690206, -20.426360897735503 ], [ -40.355182930594751, -20.426360949927872 ], [ -40.355182971892042, -20.426360956112497 ], [ -40.355183302714423, -20.42636100286968 ], [ -40.355183344119922, -20.426361008373952 ], [ -40.355183675761864, -20.426361049681898 ], [ -40.35518371726296, -20.426361054504127 ], [ -40.355184049618053, -20.426361090349509 ], [ -40.355184091202105, -20.426361094488236 ], [ -40.355184424163923, -20.42636112485976 ], [ -40.355184465818269, -20.426361128313726 ], [ -40.35518479929663, -20.426361153203199 ], [ -40.355184841008587, -20.426361155971346 ], [ -40.355185174897052, -20.426361175370694 ], [ -40.355185216653901, -20.426361177452183 ], [ -40.355185550854259, -20.426361191355614 ], [ -40.355185592643281, -20.426361192749805 ], [ -40.355185927040964, -20.426361201152687 ], [ -40.35518596884944, -20.426361201859169 ], [ -40.355186303358472, -20.426361204759402 ], [ -40.355186345173657, -20.42636120477794 ], [ -40.355186679683584, -20.426361202174455 ], [ -40.355186721492743, -20.42636120150506 ], [ -40.355187055905375, -20.426361193398613 ], [ -40.355187097695776, -20.426361192041483 ], [ -40.355187431900688, -20.42636117843487 ], [ -40.355187473659591, -20.426361176390429 ], [ -40.355187807570864, -20.426361157287086 ], [ -40.355187849285556, -20.426361154555934 ], [ -40.355188182788709, -20.426361129962277 ], [ -40.355188224446493, -20.42636112654526 ], [ -40.355188557443434, -20.426361096468618 ], [ -40.355188599031607, -20.426361092366768 ], [ -40.355188931416045, -20.426361056816862 ], [ -40.355188972921937, -20.426361052031446 ], [ -40.355189304603861, -20.426361011017864 ], [ -40.355189346014832, -20.42636100555033 ], [ -40.355189676888017, -20.426360959086026 ], [ -40.355189718191468, -20.426360952938033 ], [ -40.355190048149758, -20.426360901037995 ], [ -40.355190089333085, -20.42636089421142 ], [ -40.355190418278468, -20.426360836891231 ], [ -40.355190459329144, -20.426360829388166 ], [ -40.355190787171338, -20.426360766663368 ], [ -40.35519082807685, -20.426360758486073 ], [ -40.355191154698161, -20.426360690379248 ], [ -40.355191195446046, -20.426360681530237 ], [ -40.355191520764002, -20.426360608058641 ], [ -40.355191561341847, -20.426360598540604 ], [ -40.35519188524674, -20.426360519728888 ], [ -40.355191925642195, -20.426360509544715 ], [ -40.355192248039771, -20.426360425415897 ], [ -40.355192288240524, -20.426360414568691 ], [ -40.355192609032983, -20.42636032514821 ], [ -40.35519264902679, -20.426360313641275 ], [ -40.355192968108504, -20.426360218958699 ], [ -40.355193007883187, -20.426360206795565 ], [ -40.355193325171363, -20.426360106875421 ], [ -40.3551933647148, -20.426360094059756 ], [ -40.355193680100385, -20.426359988936284 ], [ -40.355193719400525, -20.426359975472014 ], [ -40.3551940327932, -20.42635986517541 ], [ -40.355194071838085, -20.426359851066632 ], [ -40.355194383136642, -20.426359735632587 ], [ -40.355194421914369, -20.426359720883603 ], [ -40.355194731035738, -20.426359600342852 ], [ -40.355194769534499, -20.426359584958142 ], [ -40.355195076373825, -20.426359459351449 ], [ -40.355195114581889, -20.426359443335709 ], [ -40.355195419045927, -20.426359312701425 ], [ -40.355195456951662, -20.426359296059534 ], [ -40.35519575895357, -20.426359160434945 ], [ -40.355195796545431, -20.426359143171975 ], [ -40.35519609599163, -20.426359002598957 ], [ -40.355196133258154, -20.42635898472016 ], [ -40.355196430055372, -20.426358839242507 ], [ -40.355196466985213, -20.426358820753325 ], [ -40.355196761043885, -20.426358670414977 ], [ -40.355196797625794, -20.426358651321042 ], [ -40.355197088856123, -20.426358496167886 ], [ -40.355197125078966, -20.426358476475023 ], [ -40.355197413391615, -20.426358316554698 ], [ -40.355197449244351, -20.426358296268905 ], [ -40.355197734553379, -20.426358131629069 ], [ -40.355197770025086, -20.426358110756524 ], [ -40.355198052241334, -20.42635794144865 ], [ -40.355198087321206, -20.426357919995713 ], [ -40.355198366359595, -20.426357746070874 ], [ -40.355198401036951, -20.426357724044074 ], [ -40.355198676814652, -20.42635754555387 ], [ -40.35519871107892, -20.426357522959918 ], [ -40.355198983510824, -20.426357339959313 ], [ -40.35519901735158, -20.426357316805092 ], [ -40.355199286353255, -20.426357129350816 ], [ -40.355199319760175, -20.426357105643376 ], [ -40.355199585247469, -20.426356913794201 ], [ -40.355199618210392, -20.426356889540784 ], [ -40.355199880107364, -20.426356693351625 ], [ -40.355199912616236, -20.426356668559592 ], [ -40.355200170844384, -20.426356468089054 ], [ -40.355200202889314, -20.426356442765954 ], [ -40.355200457361342, -20.426356238081873 ], [ -40.355200488932567, -20.42635621223544 ], [ -40.355200739578365, -20.426356003394361 ], [ -40.355200770666258, -20.426355977032461 ], [ -40.355201017408781, -20.426355764098439 ], [ -40.355201048003885, -20.426355737229095 ], [ -40.355201290764604, -20.426355520269912 ], [ -40.355201320857589, -20.426355492901315 ], [ -40.355201559565486, -20.426355271980501 ], [ -40.3552015891472, -20.426355244121002 ], [ -40.355201823729168, -20.426355019306133 ], [ -40.355201852790586, -20.426354990964196 ], [ -40.355202083172429, -20.426354762326483 ], [ -40.355202111704692, -20.42635473351076 ], [ -40.355202337822533, -20.426354501113487 ], [ -40.355202365816965, -20.426354471832731 ], [ -40.355202587592856, -20.426354235756083 ], [ -40.355202615040923, -20.426354206019244 ], [ -40.35520283241722, -20.426353966324555 ], [ -40.355202859310573, -20.426353936140654 ], [ -40.355203072212802, -20.42635369290997 ], [ -40.355203098543235, -20.426353662288221 ], [ -40.355203306910511, -20.426353415591272 ], [ -40.355203332670001, -20.426353384541017 ], [ -40.355203536439511, -20.426353134452018 ], [ -40.355203561620222, -20.426353102982695 ], [ -40.355203760727242, -20.426352849581132 ], [ -40.3552037853215, -20.426352817702334 ], [ -40.355203979707149, -20.426352561063151 ], [ -40.355204003707456, -20.426352528784587 ], [ -40.355204193311955, -20.426352268986758 ], [ -40.355204216711016, -20.426352236318262 ], [ -40.355204401476811, -20.426351973440614 ], [ -40.355204424267484, -20.426351940392138 ], [ -40.355204604139516, -20.426351674512915 ], [ -40.355204626314865, -20.42635164109452 ], [ -40.355204801235374, -20.426351372299131 ], [ -40.355204822788643, -20.426351338521005 ], [ -40.355204992706078, -20.426351066888842 ], [ -40.355205013630702, -20.426351032761268 ], [ -40.355205178494849, -20.426350758372426 ], [ -40.355205198784454, -20.426350723905802 ], [ -40.355205358541788, -20.426350446849387 ], [ -40.355205378190192, -20.426350412054219 ], [ -40.355205532794656, -20.426350132410224 ], [ -40.355205551795876, -20.426350097297099 ], [ -40.355205701199537, -20.426349815152108 ], [ -40.355205719547783, -20.426349779731726 ], [ -40.35520586370528, -20.426349495171358 ], [ -40.355205881394966, -20.426349459454514 ], [ -40.355206020262024, -20.426349172566162 ], [ -40.355206037287765, -20.426349136563715 ], [ -40.355206170821546, -20.426348847436046 ], [ -40.355206187178148, -20.426348811158988 ], [ -40.355206315339657, -20.426348519876381 ], [ -40.355206331022138, -20.426348483335744 ], [ -40.35520645377121, -20.426348189989373 ], [ -40.355206468774789, -20.426348153196301 ], [ -40.355206586073955, -20.426347857875751 ], [ -40.355206600394077, -20.42634782084145 ], [ -40.355206712207853, -20.4263475236361 ], [ -40.355206725840141, -20.426347486371846 ], [ -40.35520683213452, -20.42634718737213 ], [ -40.355206845074832, -20.426347149889274 ], [ -40.355206945817507, -20.426346849185997 ], [ -40.355206958061892, -20.426346811495961 ], [ -40.355207053222102, -20.426346509180899 ], [ -40.355207064766837, -20.426346471295147 ], [ -40.35520715431533, -20.426346167461293 ], [ -40.355207165156891, -20.426346129391387 ], [ -40.355207249066616, -20.426345824130582 ], [ -40.355207259201705, -20.42634578588811 ], [ -40.355207337447148, -20.426345479293182 ], [ -40.355207346872675, -20.426345440889797 ], [ -40.355207419429959, -20.42634513305423 ], [ -40.355207428143068, -20.426345094501627 ], [ -40.355207494990211, -20.426344785518626 ], [ -40.355207502988229, -20.426344746828548 ], [ -40.355207564104624, -20.426344436793354 ], [ -40.355207571385122, -20.426344397977584 ], [ -40.355207626752289, -20.426344086984013 ], [ -40.35520763331305, -20.426344048054382 ], [ -40.355207682913992, -20.42634373619795 ], [ -40.355207688753019, -20.426343697166313 ], [ -40.355207732572886, -20.426343384540399 ], [ -40.355207737688396, -20.426343345418644 ], [ -40.355207775713602, -20.426343032120048 ], [ -40.355207780104045, -20.426342992920091 ], [ -40.355207812323123, -20.426342679043373 ], [ -40.35520781598715, -20.426342639777154 ], [ -40.355207842390271, -20.42634232541814 ], [ -40.355207845326767, -20.426342286097618 ], [ -40.355207865905868, -20.426341971352102 ], [ -40.355207868113951, -20.426341931989256 ], [ -40.355207882862757, -20.426341616953234 ], [ -40.355207884341745, -20.426341577560056 ], [ -40.355207893255773, -20.426341262329561 ], [ -40.355207894005211, -20.426341222918062 ], [ -40.355207897081769, -20.426340907588489 ], [ -40.355207897101437, -20.426340868170655 ], [ -40.355207894339564, -20.42634055283888 ], [ -40.355207893629455, -20.426340513426723 ], [ -40.355207885029998, -20.426340198188022 ], [ -40.355207883590325, -20.426340158793561 ], [ -40.355207869155912, -20.426339843744795 ], [ -40.355207866987115, -20.42633980438001 ], [ -40.355207846722124, -20.426339489616495 ], [ -40.355207843824864, -20.426339450293391 ], [ -40.355207817735476, -20.4263391359111 ], [ -40.355207814110635, -20.426339096641652 ], [ -40.355207782204793, -20.426338782736451 ] ] ] ] } }
]
}
