{
"type": "FeatureCollection",
"name": "lotes_web_4326",
"crs": { "type": "name", "properties": { "name": "urn:ogc:def:crs:OGC:1.3:CRS84" } },
"features": [
{ "type": "Feature", "properties": { "fid": 1 }, "geometry": { "type": "Polygon", "coordinates": [ [ [ -40.355188730193113, -20.426340859671203 ], [ -40.355188729483011, -20.42634082025905 ], [ -40.355188728043345, -20.426340780864589 ], [ -40.355188725874548, -20.4263407414998 ], [ -40.355188722977303, -20.426340702176695 ], [ -40.355188719352462, -20.42634066290724 ], [ -40.355188715001148, -20.426340623703403 ], [ -40.35518870992469, -20.426340584577122 ], [ -40.355188704124622, -20.42634054554032 ], [ -40.355188697602721, -20.426340506604891 ], [ -40.355188690360968, -20.426340467782676 ], [ -40.355188682401561, -20.426340429085528 ], [ -40.355188673726943, -20.426340390525208 ], [ -40.355188664339742, -20.426340352113485 ], [ -40.355188654242831, -20.426340313862049 ], [ -40.35518864343927, -20.42634027578254 ], [ -40.35518863193235, -20.426340237886578 ], [ -40.355188619725588, -20.426340200185692 ], [ -40.355188606822701, -20.426340162691375 ], [ -40.355188593227616, -20.426340125415042 ], [ -40.355188578944471, -20.426340088368054 ], [ -40.355188563977613, -20.426340051561695 ], [ -40.355188548331611, -20.426340015007167 ], [ -40.355188532011233, -20.42633997871561 ], [ -40.355188515021439, -20.426339942698096 ], [ -40.355188497367415, -20.426339906965559 ], [ -40.355188479054533, -20.426339871528914 ], [ -40.355188460088364, -20.426339836398956 ], [ -40.355188440474699, -20.426339801586369 ], [ -40.355188420219505, -20.426339767101766 ], [ -40.355188399328952, -20.426339732955647 ], [ -40.355188377809412, -20.426339699158422 ], [ -40.355188355667423, -20.426339665720374 ], [ -40.355188332909748, -20.426339632651693 ], [ -40.355188309543308, -20.426339599962461 ], [ -40.355188285575224, -20.426339567662627 ], [ -40.355188261012792, -20.426339535762029 ], [ -40.355188235863508, -20.426339504270388 ], [ -40.355188210135012, -20.426339473197292 ], [ -40.35518818383516, -20.426339442552212 ], [ -40.355188156971955, -20.426339412344479 ], [ -40.355188129553582, -20.426339382583294 ], [ -40.355188101588382, -20.426339353277729 ], [ -40.355188073084889, -20.4263393244367 ], [ -40.355188044051779, -20.426339296069006 ], [ -40.355188014497898, -20.426339268183273 ], [ -40.355187984432241, -20.426339240788007 ], [ -40.355187953863975, -20.426339213891545 ], [ -40.355187922802408, -20.426339187502087 ], [ -40.355187891257003, -20.426339161627666 ], [ -40.355187859237368, -20.426339136276166 ], [ -40.355187826753244, -20.426339111455299 ], [ -40.355187793814551, -20.426339087172646 ], [ -40.355187760431313, -20.426339063435591 ], [ -40.355187726613678, -20.426339040251367 ], [ -40.355187692371985, -20.426339017627029 ], [ -40.355187657716627, -20.426338995569484 ], [ -40.355187622658185, -20.426338974085446 ], [ -40.355187587207332, -20.42633895318145 ], [ -40.355187551374861, -20.426338932863874 ], [ -40.3551875151717, -20.426338913138888 ], [ -40.355187478608855, -20.426338894012524 ], [ -40.355187441697481, -20.4263388754906 ], [ -40.35518740444882, -20.426338857578752 ], [ -40.355187366874212, -20.42633884028244 ], [ -40.355187328985103, -20.42633882360694 ], [ -40.35518729079304, -20.426338807557325 ], [ -40.355187252309662, -20.426338792138477 ], [ -40.355187213546678, -20.426338777355102 ], [ -40.355187174515898, -20.426338763211703 ], [ -40.355187135229208, -20.426338749712574 ], [ -40.355187095698589, -20.426338736861855 ], [ -40.355187055936071, -20.426338724663434 ], [ -40.355187015953774, -20.426338713121044 ], [ -40.355186975763864, -20.426338702238176 ], [ -40.355186935378597, -20.426338692018181 ], [ -40.355186894810274, -20.426338682464152 ], [ -40.355186854071242, -20.426338673578996 ], [ -40.355186813173923, -20.426338665365435 ], [ -40.355186772130757, -20.426338657825944 ], [ -40.355186730954266, -20.426338650962851 ], [ -40.355186689656982, -20.426338644778223 ], [ -40.35518664825149, -20.426338639273958 ], [ -40.355186606750387, -20.426338634451721 ], [ -40.355186565166342, -20.426338630313005 ], [ -40.355186523511996, -20.426338626859032 ], [ -40.355186481800054, -20.426338624090874 ], [ -40.355186440043212, -20.426338622009386 ], [ -40.355186398254197, -20.426338620615201 ], [ -40.355186356445735, -20.426338619908709 ], [ -40.355186314630558, -20.426338619890171 ], [ -40.355186272821406, -20.426338620559559 ], [ -40.35518623103102, -20.426338621916692 ], [ -40.355186189272118, -20.426338623961133 ], [ -40.355186147557433, -20.426338626692282 ], [ -40.355186105899662, -20.426338630109303 ], [ -40.355186064311496, -20.426338634211149 ], [ -40.355186022805604, -20.426338638996558 ], [ -40.355185981394634, -20.426338644464096 ], [ -40.355185940091189, -20.426338650612092 ], [ -40.35518589890787, -20.426338657438659 ], [ -40.355185857857201, -20.426338664941724 ], [ -40.355185816951696, -20.42633867311902 ], [ -40.355185776203811, -20.426338681968026 ], [ -40.355185735625966, -20.42633869148607 ], [ -40.355185695230517, -20.426338701670243 ], [ -40.355185655029771, -20.426338712517438 ], [ -40.355185615035957, -20.426338724024369 ], [ -40.355185575261288, -20.426338736187507 ], [ -40.355185535717858, -20.426338749003165 ], [ -40.355185496417711, -20.426338762467431 ], [ -40.355185457372833, -20.426338776576205 ], [ -40.355185418595106, -20.42633879132519 ], [ -40.355185380096351, -20.426338806709889 ], [ -40.35518534188828, -20.426338822725629 ], [ -40.355185303982545, -20.426338839367517 ], [ -40.355185266390691, -20.426338856630483 ], [ -40.355185229124167, -20.42633887450928 ], [ -40.35518519219432, -20.426338892998455 ], [ -40.355185155612403, -20.426338912092383 ], [ -40.355185119389567, -20.426338931785242 ], [ -40.355185083536824, -20.426338952071024 ], [ -40.355185048065124, -20.426338972943569 ], [ -40.355185012985245, -20.426338994396506 ], [ -40.355184978307896, -20.426339016423299 ], [ -40.355184944043629, -20.426339039017243 ], [ -40.355184910202873, -20.426339062171465 ], [ -40.355184876795953, -20.426339085878901 ], [ -40.355184843833023, -20.426339110132325 ], [ -40.35518481132415, -20.426339134924351 ], [ -40.35518477927922, -20.426339160247448 ], [ -40.355184747708002, -20.426339186093873 ], [ -40.355184716620109, -20.426339212455769 ], [ -40.355184686024998, -20.426339239325106 ], [ -40.355184655932014, -20.426339266693692 ], [ -40.355184626350308, -20.426339294553198 ], [ -40.355184597288897, -20.426339322895128 ], [ -40.35518456875662, -20.426339351710851 ], [ -40.355184540762188, -20.426339380991603 ], [ -40.355184513314114, -20.426339410728453 ], [ -40.355184486420768, -20.42633944091234 ], [ -40.355184460090328, -20.426339471534078 ], [ -40.35518443433083, -20.426339502584337 ], [ -40.35518440915012, -20.426339534053657 ], [ -40.355184384555862, -20.426339565932455 ], [ -40.355184360555548, -20.426339598211012 ], [ -40.355184337156487, -20.426339630879507 ], [ -40.355184314365808, -20.426339663927983 ], [ -40.355184292190458, -20.426339697346375 ], [ -40.355184270637181, -20.426339731124504 ], [ -40.355184249712558, -20.42633976525207 ], [ -40.355184229422946, -20.426339799718694 ], [ -40.355184209774542, -20.426339834513865 ], [ -40.355184190773322, -20.42633986962699 ], [ -40.355184172425069, -20.426339905047371 ], [ -40.355184154735383, -20.426339940764226 ], [ -40.355184137709642, -20.426339976766666 ], [ -40.355184121353048, -20.42634001304372 ], [ -40.35518410567056, -20.426340049584354 ], [ -40.355184090666974, -20.426340086377422 ], [ -40.355184076346852, -20.426340123411727 ], [ -40.355184062714564, -20.426340160675981 ], [ -40.355184049774245, -20.426340198158837 ], [ -40.35518403752986, -20.426340235848876 ], [ -40.355184025985125, -20.42634027373462 ], [ -40.355184015143557, -20.426340311804523 ], [ -40.355184005008454, -20.426340350046996 ], [ -40.355183995582919, -20.426340388450374 ], [ -40.355183986869811, -20.426340427002977 ], [ -40.355183978871793, -20.426340465693052 ], [ -40.355183971591281, -20.426340504508818 ], [ -40.35518396503052, -20.426340543438453 ], [ -40.355183959191486, -20.426340582470086 ], [ -40.355183954075969, -20.426340621591848 ], [ -40.355183949685525, -20.426340660791805 ], [ -40.355183946021498, -20.426340700058027 ], [ -40.355183943084988, -20.426340739378553 ], [ -40.355183940876906, -20.426340778741395 ], [ -40.355183939397911, -20.42634081813457 ], [ -40.355183938648466, -20.426340857546069 ], [ -40.355183938628791, -20.4263408969639 ], [ -40.355183939338893, -20.426340936376057 ], [ -40.355183940778566, -20.426340975770525 ], [ -40.355183942947356, -20.426341015135304 ], [ -40.355183945844608, -20.426341054458415 ], [ -40.355183949469442, -20.426341093727871 ], [ -40.355183953820749, -20.426341132931707 ], [ -40.355183958897207, -20.426341172057974 ], [ -40.355183964697275, -20.426341211094783 ], [ -40.355183971219176, -20.426341250030219 ], [ -40.355183978460936, -20.426341288852424 ], [ -40.355183986420329, -20.426341327549586 ], [ -40.355183995094947, -20.426341366109899 ], [ -40.355184004482147, -20.426341404521622 ], [ -40.355184014579066, -20.426341442773062 ], [ -40.355184025382627, -20.426341480852564 ], [ -40.35518403688954, -20.426341518748533 ], [ -40.355184049096302, -20.426341556449415 ], [ -40.355184061999189, -20.426341593943736 ], [ -40.355184075594281, -20.426341631220062 ], [ -40.355184089877419, -20.426341668267057 ], [ -40.355184104844277, -20.426341705073423 ], [ -40.355184120490271, -20.426341741627947 ], [ -40.355184136810657, -20.4263417779195 ], [ -40.355184153800444, -20.426341813937025 ], [ -40.355184171454468, -20.426341849669548 ], [ -40.355184189767357, -20.426341885106197 ], [ -40.355184208733519, -20.426341920236162 ], [ -40.355184228347184, -20.426341955048748 ], [ -40.355184248602377, -20.426341989533356 ], [ -40.355184269492923, -20.426342023679471 ], [ -40.355184291012471, -20.426342057476699 ], [ -40.355184313154453, -20.426342090914748 ], [ -40.355184335912128, -20.426342123983424 ], [ -40.355184359278574, -20.426342156672664 ], [ -40.355184383246652, -20.426342188972495 ], [ -40.355184407809077, -20.426342220873092 ], [ -40.355184432958374, -20.426342252364737 ], [ -40.355184458686857, -20.426342283437833 ], [ -40.355184484986715, -20.426342314082909 ], [ -40.35518451184992, -20.426342344290646 ], [ -40.355184539268301, -20.426342374051831 ], [ -40.355184567233493, -20.426342403357395 ], [ -40.355184595736986, -20.426342432198421 ], [ -40.355184624770096, -20.426342460566119 ], [ -40.355184654323978, -20.426342488451851 ], [ -40.355184684389627, -20.426342515847121 ], [ -40.3551847149579, -20.42634254274358 ], [ -40.355184746019468, -20.426342569133048 ], [ -40.35518477756488, -20.426342595007466 ], [ -40.355184809584514, -20.426342620358966 ], [ -40.355184842068631, -20.42634264517983 ], [ -40.355184875007325, -20.426342669462478 ], [ -40.355184908390569, -20.426342693199533 ], [ -40.355184942208197, -20.426342716383765 ], [ -40.355184976449898, -20.426342739008103 ], [ -40.355185011105256, -20.426342761065641 ], [ -40.35518504616369, -20.426342782549685 ], [ -40.35518508161455, -20.426342803453679 ], [ -40.355185117447014, -20.426342823771272 ], [ -40.35518515365019, -20.42634284349624 ], [ -40.355185190213021, -20.426342862622612 ], [ -40.355185227124402, -20.426342881144542 ], [ -40.355185264373063, -20.426342899056387 ], [ -40.355185301947671, -20.426342916352695 ], [ -40.35518533983678, -20.426342933028192 ], [ -40.355185378028843, -20.426342949077817 ], [ -40.355185416512235, -20.426342964496659 ], [ -40.355185455275219, -20.42634297928004 ], [ -40.355185494305999, -20.426342993423432 ], [ -40.355185533592682, -20.426343006922558 ], [ -40.3551855731233, -20.426343019773284 ], [ -40.355185612885819, -20.426343031971705 ], [ -40.355185652868123, -20.426343043514102 ], [ -40.355185693058026, -20.426343054396956 ], [ -40.355185733443292, -20.426343064616958 ], [ -40.355185774011623, -20.426343074170987 ], [ -40.355185814750655, -20.426343083056139 ], [ -40.355185855647974, -20.426343091269711 ], [ -40.35518589669114, -20.426343098809195 ], [ -40.355185937867638, -20.426343105672281 ], [ -40.355185979164915, -20.426343111856916 ], [ -40.355186020570414, -20.426343117361181 ], [ -40.355186062071517, -20.426343122183415 ], [ -40.355186103655562, -20.426343126322138 ], [ -40.355186145309908, -20.426343129776111 ], [ -40.35518618702185, -20.426343132544265 ], [ -40.355186228778692, -20.426343134625753 ], [ -40.355186270567714, -20.426343136019941 ], [ -40.355186312376176, -20.426343136726427 ], [ -40.355186354191353, -20.426343136744972 ], [ -40.355186396000505, -20.426343136075577 ], [ -40.355186437790898, -20.426343134718447 ], [ -40.355186479549801, -20.426343132673999 ], [ -40.355186521264493, -20.426343129942858 ], [ -40.355186562922263, -20.426343126525836 ], [ -40.355186604510429, -20.426343122423997 ], [ -40.355186646016314, -20.426343117638581 ], [ -40.355186687427292, -20.426343112171043 ], [ -40.355186728730729, -20.426343106023054 ], [ -40.355186769914063, -20.426343099196476 ], [ -40.355186810964732, -20.426343091693411 ], [ -40.355186851870229, -20.426343083516116 ], [ -40.355186892618114, -20.426343074667109 ], [ -40.355186933195967, -20.426343065149069 ], [ -40.355186973591415, -20.426343054964892 ], [ -40.355187013792168, -20.426343044117694 ], [ -40.355187053785968, -20.426343032610767 ], [ -40.355187093560644, -20.426343020447625 ], [ -40.355187133104081, -20.426343007631967 ], [ -40.355187172404221, -20.426342994167705 ], [ -40.355187211449099, -20.426342980058923 ], [ -40.355187250226827, -20.426342965309949 ], [ -40.355187288725588, -20.426342949925235 ], [ -40.355187326933653, -20.426342933909506 ], [ -40.355187364839388, -20.426342917267618 ], [ -40.355187402431248, -20.426342900004649 ], [ -40.355187439697779, -20.426342882125851 ], [ -40.35518747662762, -20.42634286363667 ], [ -40.355187513209536, -20.426342844542749 ], [ -40.35518754943238, -20.42634282484989 ], [ -40.355187585285115, -20.426342804564104 ], [ -40.355187620756816, -20.426342783691556 ], [ -40.355187655836694, -20.426342762238626 ], [ -40.35518769051405, -20.42634274021183 ], [ -40.355187724778325, -20.426342717617885 ], [ -40.355187758619074, -20.426342694463656 ], [ -40.355187792026001, -20.426342670756227 ], [ -40.355187824988917, -20.4263426465028 ], [ -40.355187857497796, -20.426342621710766 ], [ -40.355187889542727, -20.426342596387677 ], [ -40.355187921113945, -20.426342570541255 ], [ -40.355187952201845, -20.426342544179356 ], [ -40.355187982796949, -20.426342517310019 ], [ -40.355188012889933, -20.426342489941433 ], [ -40.355188042471639, -20.426342462081926 ], [ -40.355188071533057, -20.42634243374 ], [ -40.35518810006532, -20.426342404924274 ], [ -40.355188128059758, -20.426342375643515 ], [ -40.355188155507825, -20.426342345906669 ], [ -40.355188182401179, -20.426342315722774 ], [ -40.355188208731612, -20.42634228510104 ], [ -40.355188234491109, -20.42634225405078 ], [ -40.35518825967182, -20.426342222581454 ], [ -40.355188284266085, -20.426342190702666 ], [ -40.355188308266399, -20.426342158424099 ], [ -40.35518833166546, -20.426342125755607 ], [ -40.355188354456139, -20.426342092707138 ], [ -40.355188376631482, -20.426342059288743 ], [ -40.355188398184758, -20.426342025510611 ], [ -40.355188419109382, -20.426341991383044 ], [ -40.355188439398987, -20.426341956916421 ], [ -40.355188459047397, -20.426341922121246 ], [ -40.355188478048618, -20.426341887008121 ], [ -40.35518849639687, -20.42634185158774 ], [ -40.355188514086556, -20.426341815870888 ], [ -40.35518853111229, -20.426341779868448 ], [ -40.355188547468892, -20.42634174359139 ], [ -40.355188563151373, -20.42634170705076 ], [ -40.355188578154959, -20.426341670257688 ], [ -40.355188592475074, -20.426341633223377 ], [ -40.355188606107369, -20.426341595959123 ], [ -40.355188619047681, -20.42634155847627 ], [ -40.355188631292066, -20.426341520786234 ], [ -40.355188642836808, -20.42634148290049 ], [ -40.355188653678368, -20.42634144483058 ], [ -40.355188663813465, -20.426341406588115 ], [ -40.355188673239006, -20.426341368184733 ], [ -40.355188681952107, -20.426341329632134 ], [ -40.355188689950133, -20.426341290942055 ], [ -40.355188697230638, -20.426341252126285 ], [ -40.355188703791406, -20.426341213196654 ], [ -40.355188709630433, -20.426341174165017 ], [ -40.35518871474595, -20.426341135043252 ], [ -40.355188719136386, -20.426341095843295 ], [ -40.355188722800413, -20.426341056577076 ], [ -40.355188725736923, -20.426341017256558 ], [ -40.355188727945006, -20.426340977893712 ], [ -40.355188729424, -20.426340938500537 ], [ -40.355188730173445, -20.426340899089038 ], [ -40.355188730193113, -20.426340859671203 ] ] ] } },
{ "type": "Feature", "properties": { "fid": 2 }, "geometry": { "type": "Polygon", "coordinates": [ [ [ -40.360663425611513, -20.429189359694426 ], [ -40.360611274525304, -20.429265149413656 ], [ -40.360892677228158, -20.429437209995218 ], [ -40.36094482822373, -20.429361420197644 ], [ -40.360663425611513, -20.429189359694426 ] ] ] } },
{ "type": "Feature", "properties": { "fid": 3 }, "geometry": { "type": "Polygon", "coordinates": [ [ [ -40.360882459665596, -20.428871042756956 ], [ -40.360830308794931, -20.428946832522737 ], [ -40.36111171111714, -20.429118892775254 ], [ -40.361163861897168, -20.429043102931139 ], [ -40.360882459665596, -20.428871042756956 ] ] ] } },
{ "type": "Feature", "properties": { "fid": 4 }, "geometry": { "type": "Polygon", "coordinates": [ [ [ -40.361038911992381, -20.428643673360146 ], [ -40.360986761270944, -20.428719463166029 ], [ -40.36126816331462, -20.428891523193151 ], [ -40.361320313952064, -20.428815733299331 ], [ -40.361038911992381, -20.428643673360146 ] ] ] } },
{ "type": "Feature", "properties": { "fid": 5 }, "geometry": { "type": "Polygon", "coordinates": [ [ [ -40.361654286804594, -20.427749352504563 ], [ -40.361602136663436, -20.427825142477843 ], [ -40.361883537644268, -20.427997201570989 ], [ -40.361961762718195, -20.427883516492034 ], [ -40.361680361873333, -20.427711457516363 ], [ -40.361654286804594, -20.427749352504563 ] ] ] } },
{ "type": "Feature", "properties": { "fid": 6 }, "geometry": { "type": "Polygon", "coordinates": [ [ [ -40.362186215379474, -20.426976294020481 ], [ -40.362134065745629, -20.427052084130089 ], [ -40.362415465801966, -20.427224142424283 ], [ -40.362467615345174, -20.427148352236326 ], [ -40.362186215379474, -20.426976294020481 ] ] ] } },
{ "type": "Feature", "properties": { "fid": 7 }, "geometry": { "type": "Polygon", "coordinates": [ [ [ -40.363656814800279, -20.424839007585057 ], [ -40.363604666562203, -20.424914798081165 ], [ -40.363886063426385, -20.42508685377781 ], [ -40.363938211249142, -20.425011063018527 ], [ -40.363656814800279, -20.424839007585057 ] ] ] } },
{ "type": "Feature", "properties": { "fid": 8 }, "geometry": { "type": "Polygon", "coordinates": [ [ [ -40.356424696161376, -20.424659331128169 ], [ -40.356665648411614, -20.424806672052892 ], [ -40.356717800149056, -20.424730883471682 ], [ -40.356476854437723, -20.424583546565167 ], [ -40.356424696161376, -20.424659331128169 ] ] ] } },
{ "type": "Feature", "properties": { "fid": 9 }, "geometry": { "type": "Polygon", "coordinates": [ [ [ -40.361697486049728, -20.425213087117069 ], [ -40.361645336706395, -20.425288877075001 ], [ -40.361886533455895, -20.425436356558521 ], [ -40.361938682683743, -20.425360566535421 ], [ -40.361697486049728, -20.425213087117069 ] ] ] } },
{ "type": "Feature", "properties": { "fid": 10 }, "geometry": { "type": "Polygon", "coordinates": [ [ [ -40.361424377697745, -20.425378754183445 ], [ -40.361480628858551, -20.425295843210009 ], [ -40.361239432705752, -20.425148363154314 ], [ -40.361239362621497, -20.425148465009006 ], [ -40.361181899735158, -20.425232093576376 ], [ -40.361424377697745, -20.425378754183445 ] ] ] } },
{ "type": "Feature", "properties": { "fid": 11 }, "geometry": { "type": "Polygon", "coordinates": [ [ [ -40.363648552410929, -20.424618604151544 ], [ -40.363700700522863, -20.424542813665887 ], [ -40.363459503669851, -20.424395336727361 ], [ -40.363407355473591, -20.424471127155478 ], [ -40.363648552410929, -20.424618604151544 ] ] ] } },
{ "type": "Feature", "properties": { "fid": 12 }, "geometry": { "type": "Polygon", "coordinates": [ [ [ -40.357353583464288, -20.434614118088099 ], [ -40.357353582753461, -20.434614078676027 ], [ -40.357353581313035, -20.434614039281655 ], [ -40.357353579143442, -20.434613999916976 ], [ -40.357353576245352, -20.434613960593978 ], [ -40.357353572619651, -20.434613921324651 ], [ -40.35735356826742, -20.434613882120939 ], [ -40.357353563190017, -20.434613842994814 ], [ -40.357353557388961, -20.434613803958165 ], [ -40.357353550866037, -20.434613765022902 ], [ -40.357353543623226, -20.434613726200869 ], [ -40.357353535662732, -20.434613687503905 ], [ -40.357353526986984, -20.434613648943788 ], [ -40.357353517598625, -20.434613610532278 ], [ -40.357353507500505, -20.434613572281059 ], [ -40.357353496695708, -20.434613534201791 ], [ -40.357353485187538, -20.434613496306071 ], [ -40.357353472979476, -20.434613458605437 ], [ -40.357353460075252, -20.434613421111379 ], [ -40.357353446478797, -20.434613383835323 ], [ -40.357353432194252, -20.434613346788616 ], [ -40.357353417225973, -20.434613309982549 ], [ -40.357353401578507, -20.434613273428329 ], [ -40.357353385256637, -20.434613237137086 ], [ -40.357353368265322, -20.434613201119891 ], [ -40.357353350609742, -20.434613165387699 ], [ -40.357353332295276, -20.434613129951398 ], [ -40.357353313327501, -20.434613094821785 ], [ -40.357353293712194, -20.434613060009557 ], [ -40.357353273455338, -20.434613025525337 ], [ -40.357353252563087, -20.434612991379591 ], [ -40.35735323104182, -20.434612957582761 ], [ -40.35735320889809, -20.43461292414511 ], [ -40.357353186138639, -20.434612891076839 ], [ -40.357353162770394, -20.434612858388025 ], [ -40.357353138800491, -20.434612826088618 ], [ -40.357353114236211, -20.43461279418845 ], [ -40.357353089085045, -20.434612762697252 ], [ -40.357353063354658, -20.434612731624611 ], [ -40.357353037052881, -20.43461270097999 ], [ -40.357353010187737, -20.434612670772722 ], [ -40.357352982767395, -20.434612641012009 ], [ -40.35735295480022, -20.434612611706928 ], [ -40.357352926294723, -20.434612582866393 ], [ -40.357352897259588, -20.434612554499193 ], [ -40.357352867703661, -20.434612526613964 ], [ -40.357352837635943, -20.434612499219213 ], [ -40.357352807065602, -20.43461247232327 ], [ -40.357352776001939, -20.434612445934331 ], [ -40.357352744454417, -20.434612420060446 ], [ -40.35735271243265, -20.434612394709482 ], [ -40.357352679946395, -20.434612369889162 ], [ -40.357352647005534, -20.434612345607057 ], [ -40.357352613620115, -20.434612321870567 ], [ -40.357352579800306, -20.434612298686901 ], [ -40.357352545556402, -20.434612276063135 ], [ -40.357352510898849, -20.434612254006169 ], [ -40.357352475838184, -20.434612232522703 ], [ -40.357352440385093, -20.434612211619289 ], [ -40.357352404550383, -20.434612191302296 ], [ -40.357352368344962, -20.434612171577911 ], [ -40.357352331779865, -20.434612152452146 ], [ -40.357352294866224, -20.43461213393082 ], [ -40.35735225761529, -20.434612116019579 ], [ -40.357352220038393, -20.434612098723875 ], [ -40.357352182147004, -20.434612082048993 ], [ -40.357352143952653, -20.434612066 ], [ -40.357352105466965, -20.434612050581766 ], [ -40.357352066701679, -20.434612035799017 ], [ -40.357352027668597, -20.434612021656246 ], [ -40.357351988379612, -20.434612008157757 ], [ -40.357351948846684, -20.434611995307659 ], [ -40.357351909081856, -20.434611983109875 ], [ -40.357351869097251, -20.434611971568124 ], [ -40.357351828905031, -20.434611960685903 ], [ -40.35735178851747, -20.434611950466543 ], [ -40.357351747946829, -20.434611940913161 ], [ -40.357351707205495, -20.434611932028648 ], [ -40.357351666305881, -20.43461192381573 ], [ -40.357351625260421, -20.434611916276896 ], [ -40.357351584081641, -20.434611909414446 ], [ -40.357351542782077, -20.434611903230468 ], [ -40.357351501374296, -20.434611897726842 ], [ -40.357351459870934, -20.434611892905266 ], [ -40.357351418284615, -20.434611888767193 ], [ -40.357351376628024, -20.434611885313871 ], [ -40.35735133491383, -20.434611882546374 ], [ -40.35735129315475, -20.434611880465525 ], [ -40.357351251363511, -20.434611879071987 ], [ -40.357351209552832, -20.434611878366148 ], [ -40.357351167735452, -20.434611878348253 ], [ -40.357351125924104, -20.434611879018295 ], [ -40.357351084131537, -20.434611880376067 ], [ -40.357351042370468, -20.434611882421148 ], [ -40.35735100065363, -20.43461188515294 ], [ -40.357350958993727, -20.434611888570597 ], [ -40.357350917403437, -20.434611892673072 ], [ -40.357350875895442, -20.434611897459121 ], [ -40.357350834482382, -20.434611902927287 ], [ -40.35735079317687, -20.434611909075908 ], [ -40.357350751991497, -20.434611915903105 ], [ -40.357350710938796, -20.434611923406795 ], [ -40.357350670031281, -20.434611931584708 ], [ -40.357350629281399, -20.43461194043433 ], [ -40.357350588701586, -20.434611949952984 ], [ -40.357350548304183, -20.434611960137762 ], [ -40.357350508101497, -20.434611970985564 ], [ -40.357350468105786, -20.434611982493088 ], [ -40.357350428329234, -20.434611994656819 ], [ -40.357350388783935, -20.434612007473063 ], [ -40.357350349481955, -20.434612020937919 ], [ -40.357350310435265, -20.434612035047273 ], [ -40.357350271655747, -20.434612049796833 ], [ -40.357350233155231, -20.434612065182101 ], [ -40.357350194945425, -20.434612081198402 ], [ -40.357350157037985, -20.434612097840844 ], [ -40.357350119444448, -20.434612115104365 ], [ -40.357350082176268, -20.434612132983709 ], [ -40.3573500452448, -20.434612151473424 ], [ -40.357350008661285, -20.434612170567885 ], [ -40.357349972436872, -20.434612190261266 ], [ -40.357349936582608, -20.434612210547574 ], [ -40.357349901109394, -20.43461223142063 ], [ -40.357349866028045, -20.434612252874071 ], [ -40.357349831349246, -20.434612274901362 ], [ -40.357349797083565, -20.4346122974958 ], [ -40.35734976324143, -20.434612320650494 ], [ -40.35734972983316, -20.434612344358413 ], [ -40.357349696868916, -20.434612368612299 ], [ -40.357349664358765, -20.434612393404795 ], [ -40.357349632312584, -20.434612418728339 ], [ -40.357349600740143, -20.434612444575212 ], [ -40.35734956965107, -20.434612470937541 ], [ -40.357349539054823, -20.434612497807301 ], [ -40.357349508960731, -20.434612525176309 ], [ -40.357349479377945, -20.434612553036217 ], [ -40.357349450315489, -20.434612581378556 ], [ -40.357349421782217, -20.434612610194673 ], [ -40.357349393786819, -20.434612639475809 ], [ -40.357349366337822, -20.434612669213017 ], [ -40.357349339443573, -20.434612699397281 ], [ -40.357349313112287, -20.434612730019374 ], [ -40.357349287351973, -20.434612761069975 ], [ -40.35734926217048, -20.434612792539628 ], [ -40.357349237575477, -20.434612824418753 ], [ -40.357349213574459, -20.434612856697633 ], [ -40.35734919017473, -20.434612889366427 ], [ -40.357349167383433, -20.434612922415198 ], [ -40.357349145207486, -20.434612955833877 ], [ -40.357349123653663, -20.434612989612283 ], [ -40.357349102728527, -20.434613023740109 ], [ -40.357349082438454, -20.434613058206992 ], [ -40.357349062789616, -20.434613093002405 ], [ -40.357349043788005, -20.434613128115764 ], [ -40.357349025439404, -20.434613163536369 ], [ -40.357349007749406, -20.434613199253441 ], [ -40.357348990723395, -20.434613235256077 ], [ -40.357348974366566, -20.434613271533323 ], [ -40.357348958683893, -20.434613308074134 ], [ -40.357348943680151, -20.434613344867369 ], [ -40.357348929359922, -20.434613381901833 ], [ -40.357348915727563, -20.434613419166237 ], [ -40.357348902787216, -20.434613456649231 ], [ -40.357348890542838, -20.434613494339398 ], [ -40.357348878998152, -20.434613532225253 ], [ -40.35734886815667, -20.434613570295262 ], [ -40.357348858021709, -20.434613608537816 ], [ -40.357348848596345, -20.434613646941276 ], [ -40.357348839883443, -20.434613685493943 ], [ -40.357348831885673, -20.434613724184082 ], [ -40.357348824605459, -20.434613762999899 ], [ -40.357348818045025, -20.434613801929562 ], [ -40.357348812206368, -20.434613840961227 ], [ -40.357348807091256, -20.434613880082996 ], [ -40.357348802701267, -20.43461391928296 ], [ -40.357348799037723, -20.434613958549161 ], [ -40.357348796101746, -20.434613997869668 ], [ -40.357348793894232, -20.434614037232471 ], [ -40.357348792415848, -20.434614076625603 ], [ -40.35734879166705, -20.434614116037046 ], [ -40.357348791648064, -20.434614155454813 ], [ -40.357348792358884, -20.434614194866892 ], [ -40.357348793799311, -20.434614234261268 ], [ -40.357348795968903, -20.434614273625947 ], [ -40.357348798866994, -20.434614312948945 ], [ -40.357348802492702, -20.434614352218279 ], [ -40.357348806844925, -20.434614391421977 ], [ -40.357348811922328, -20.434614430548109 ], [ -40.357348817723384, -20.434614469584755 ], [ -40.357348824246301, -20.434614508520028 ], [ -40.357348831489112, -20.434614547342054 ], [ -40.357348839449614, -20.434614586039018 ], [ -40.357348848125355, -20.434614624599135 ], [ -40.35734885751372, -20.434614663010652 ], [ -40.357348867611833, -20.434614701261864 ], [ -40.357348878416623, -20.434614739341139 ], [ -40.357348889924801, -20.434614777236863 ], [ -40.357348902132863, -20.43461481493749 ], [ -40.357348915037086, -20.434614852431551 ], [ -40.357348928633535, -20.434614889707607 ], [ -40.35734894291808, -20.43461492675431 ], [ -40.357348957886359, -20.434614963560374 ], [ -40.357348973533817, -20.434615000114601 ], [ -40.357348989855694, -20.434615036405845 ], [ -40.357349006847009, -20.434615072423039 ], [ -40.357349024502582, -20.434615108155231 ], [ -40.357349042817049, -20.434615143591536 ], [ -40.357349061784824, -20.434615178721149 ], [ -40.35734908140013, -20.43461521353337 ], [ -40.357349101656986, -20.4346152480176 ], [ -40.35734912254923, -20.434615282163339 ], [ -40.357349144070497, -20.434615315960173 ], [ -40.357349166214235, -20.434615349397816 ], [ -40.357349188973686, -20.434615382466095 ], [ -40.357349212341923, -20.434615415154912 ], [ -40.357349236311833, -20.43461544745432 ], [ -40.357349260876106, -20.434615479354484 ], [ -40.357349286027272, -20.434615510845681 ], [ -40.357349311757659, -20.43461554191833 ], [ -40.357349338059436, -20.434615572562947 ], [ -40.35734936492458, -20.434615602770211 ], [ -40.357349392344922, -20.434615632530932 ], [ -40.357349420312097, -20.434615661836006 ], [ -40.357349448817594, -20.434615690676551 ], [ -40.357349477852736, -20.434615719043745 ], [ -40.357349507408657, -20.434615746928973 ], [ -40.357349537476374, -20.434615774323731 ], [ -40.357349568046722, -20.434615801219671 ], [ -40.357349599110385, -20.434615827608607 ], [ -40.357349630657907, -20.434615853482502 ], [ -40.357349662679674, -20.434615878833462 ], [ -40.357349695165937, -20.434615903653786 ], [ -40.357349728106783, -20.434615927935887 ], [ -40.357349761492202, -20.434615951672374 ], [ -40.357349795312011, -20.434615974856047 ], [ -40.357349829555915, -20.434615997479806 ], [ -40.357349864213475, -20.434616019536783 ], [ -40.357349899274141, -20.434616041020245 ], [ -40.357349934727232, -20.434616061923652 ], [ -40.357349970561941, -20.434616082240655 ], [ -40.357350006767362, -20.434616101965037 ], [ -40.35735004333246, -20.434616121090801 ], [ -40.3573500802461, -20.434616139612132 ], [ -40.357350117497042, -20.434616157523376 ], [ -40.357350155073931, -20.434616174819073 ], [ -40.35735019296532, -20.434616191493955 ], [ -40.357350231159678, -20.434616207542962 ], [ -40.357350269645366, -20.434616222961182 ], [ -40.357350308410652, -20.434616237743938 ], [ -40.357350347443735, -20.434616251886709 ], [ -40.357350386732726, -20.434616265385198 ], [ -40.357350426265654, -20.434616278235293 ], [ -40.357350466030475, -20.434616290433084 ], [ -40.357350506015088, -20.434616301974831 ], [ -40.3573505462073, -20.434616312857049 ], [ -40.357350586594876, -20.434616323076412 ], [ -40.357350627165509, -20.434616332629798 ], [ -40.357350667906843, -20.434616341514307 ], [ -40.357350708806464, -20.434616349727222 ], [ -40.357350749851918, -20.434616357266062 ], [ -40.357350791030704, -20.434616364128509 ], [ -40.357350832330269, -20.434616370312487 ], [ -40.357350873738049, -20.434616375816105 ], [ -40.357350915241419, -20.434616380637692 ], [ -40.357350956827737, -20.434616384775769 ], [ -40.357350998484328, -20.434616388229085 ], [ -40.357351040198523, -20.434616390996585 ], [ -40.357351081957603, -20.43461639307743 ], [ -40.357351123748849, -20.434616394470968 ], [ -40.357351165559528, -20.434616395176803 ], [ -40.357351207376908, -20.434616395194706 ], [ -40.357351249188255, -20.434616394524667 ], [ -40.357351290980823, -20.434616393166891 ], [ -40.357351332741885, -20.434616391121814 ], [ -40.35735137445873, -20.434616388390015 ], [ -40.35735141611864, -20.434616384972365 ], [ -40.35735145770893, -20.43461638086988 ], [ -40.357351499216925, -20.434616376083834 ], [ -40.357351540629985, -20.434616370615668 ], [ -40.35735158193549, -20.434616364467047 ], [ -40.357351623120877, -20.434616357639843 ], [ -40.357351664173571, -20.43461635013616 ], [ -40.357351705081093, -20.43461634195825 ], [ -40.357351745830968, -20.434616333108622 ], [ -40.357351786410796, -20.434616323589974 ], [ -40.357351826808198, -20.434616313405193 ], [ -40.357351867010877, -20.434616302557391 ], [ -40.357351907006588, -20.43461629104986 ], [ -40.357351946783155, -20.434616278886132 ], [ -40.357351986328446, -20.434616266069881 ], [ -40.357352025630419, -20.434616252605036 ], [ -40.357352064677116, -20.434616238495675 ], [ -40.357352103456634, -20.434616223746126 ], [ -40.357352141957151, -20.434616208360843 ], [ -40.357352180166956, -20.434616192344542 ], [ -40.357352218074396, -20.4346161757021 ], [ -40.357352255667934, -20.434616158438583 ], [ -40.35735229293612, -20.434616140559239 ], [ -40.357352329867588, -20.434616122069528 ], [ -40.357352366451103, -20.434616102975067 ], [ -40.357352402675509, -20.434616083281682 ], [ -40.35735243852978, -20.434616062995374 ], [ -40.357352474002987, -20.434616042122311 ], [ -40.357352509084343, -20.43461602066888 ], [ -40.357352543763142, -20.434615998641586 ], [ -40.357352578028824, -20.434615976047148 ], [ -40.357352611870958, -20.434615952892447 ], [ -40.357352645279228, -20.434615929184535 ], [ -40.357352678243473, -20.434615904930638 ], [ -40.357352710753624, -20.43461588013815 ], [ -40.357352742799812, -20.434615854814599 ], [ -40.357352774372245, -20.434615828967729 ], [ -40.357352805461325, -20.434615802605396 ], [ -40.357352836057565, -20.434615775735633 ], [ -40.357352866151665, -20.434615748366628 ], [ -40.357352895734444, -20.43461572050672 ], [ -40.357352924796899, -20.434615692164382 ], [ -40.357352953330171, -20.434615663348268 ], [ -40.357352981325569, -20.434615634067129 ], [ -40.357353008774574, -20.43461560432991 ], [ -40.357353035668815, -20.434615574145653 ], [ -40.357353062000108, -20.434615543523559 ], [ -40.357353087760416, -20.434615512472959 ], [ -40.357353112941908, -20.434615481003298 ], [ -40.357353137536911, -20.434615449124177 ], [ -40.35735316153793, -20.434615416845304 ], [ -40.357353184937651, -20.434615384176507 ], [ -40.357353207728963, -20.434615351127736 ], [ -40.357353229904895, -20.434615317709053 ], [ -40.357353251458719, -20.434615283930647 ], [ -40.357353272383854, -20.434615249802814 ], [ -40.357353292673928, -20.434615215335938 ], [ -40.357353312322765, -20.434615180540522 ], [ -40.357353331324383, -20.434615145427166 ], [ -40.357353349672984, -20.434615110006561 ], [ -40.357353367362975, -20.434615074289496 ], [ -40.357353384388986, -20.43461503828685 ], [ -40.357353400745815, -20.434615002009604 ], [ -40.357353416428488, -20.434614965468793 ], [ -40.357353431432223, -20.434614928675543 ], [ -40.357353445752452, -20.434614891641086 ], [ -40.357353459384818, -20.434614854376694 ], [ -40.357353472325158, -20.434614816893696 ], [ -40.357353484569536, -20.434614779203532 ], [ -40.357353496114214, -20.434614741317674 ], [ -40.357353506955697, -20.434614703247668 ], [ -40.357353517090658, -20.43461466500511 ], [ -40.357353526516029, -20.43461462660165 ], [ -40.357353535228917, -20.434614588048987 ], [ -40.357353543226694, -20.434614549358844 ], [ -40.357353550506907, -20.434614510543032 ], [ -40.357353557067341, -20.434614471613365 ], [ -40.357353562905999, -20.4346144325817 ], [ -40.357353568021097, -20.434614393459928 ], [ -40.357353572411093, -20.434614354259967 ], [ -40.357353576074637, -20.434614314993759 ], [ -40.357353579010606, -20.434614275673258 ], [ -40.357353581218128, -20.434614236310448 ], [ -40.357353582696504, -20.43461419691732 ], [ -40.357353583445303, -20.434614157505877 ], [ -40.357353583464288, -20.434614118088099 ] ] ] } },
{ "type": "Feature", "properties": { "fid": 13 }, "geometry": { "type": "Polygon", "coordinates": [ [ [ -40.353263430140537, -20.432680791575958 ], [ -40.35326342943079, -20.432680752163794 ], [ -40.35326342799145, -20.432680712769319 ], [ -40.353263425822952, -20.432680673404519 ], [ -40.35326342292597, -20.432680634081379 ], [ -40.353263419301364, -20.432680594811892 ], [ -40.353263414950263, -20.432680555608023 ], [ -40.353263409873968, -20.4326805164817 ], [ -40.353263404074049, -20.432680477444848 ], [ -40.353263397552254, -20.432680438509358 ], [ -40.35326339031058, -20.432680399687083 ], [ -40.35326338235123, -20.43268036098986 ], [ -40.353263373676626, -20.432680322429469 ], [ -40.353263364289418, -20.432680284017664 ], [ -40.35326335419245, -20.432680245766136 ], [ -40.353263343388818, -20.432680207686538 ], [ -40.353263331881799, -20.432680169790473 ], [ -40.353263319674895, -20.43268013208948 ], [ -40.353263306771836, -20.43268009459505 ], [ -40.353263293176553, -20.432680057318599 ], [ -40.353263278893174, -20.432680020271487 ], [ -40.35326326392606, -20.432679983464997 ], [ -40.353263248279774, -20.432679946910326 ], [ -40.353263231959069, -20.432679910618631 ], [ -40.353263214968919, -20.432679874600964 ], [ -40.353263197314504, -20.432679838868278 ], [ -40.35326317900121, -20.432679803431473 ], [ -40.353263160034601, -20.432679768301348 ], [ -40.353263140420459, -20.432679733488591 ], [ -40.353263120164755, -20.432679699003806 ], [ -40.353263099273669, -20.432679664857506 ], [ -40.35326307775356, -20.432679631060093 ], [ -40.353263055610988, -20.432679597621853 ], [ -40.353263032852688, -20.432679564552977 ], [ -40.353263009485595, -20.432679531863535 ], [ -40.353262985516828, -20.432679499563491 ], [ -40.353262960953693, -20.432679467662677 ], [ -40.353262935803663, -20.432679436170819 ], [ -40.353262910074406, -20.432679405097502 ], [ -40.353262883773759, -20.432679374452185 ], [ -40.353262856909723, -20.432679344244221 ], [ -40.353262829490497, -20.432679314482794 ], [ -40.35326280152443, -20.432679285176988 ], [ -40.353262773020035, -20.432679256335707 ], [ -40.353262743985987, -20.43267922796776 ], [ -40.353262714431146, -20.432679200081775 ], [ -40.353262684364509, -20.432679172686242 ], [ -40.353262653795234, -20.432679145789514 ], [ -40.353262622732629, -20.432679119399779 ], [ -40.353262591186159, -20.432679093525085 ], [ -40.353262559165437, -20.432679068173304 ], [ -40.353262526680211, -20.432679043352156 ], [ -40.353262493740381, -20.432679019069212 ], [ -40.353262460355978, -20.432678995331869 ], [ -40.353262426537171, -20.432678972147343 ], [ -40.353262392294262, -20.43267894952271 ], [ -40.353262357637689, -20.432678927464863 ], [ -40.353262322577997, -20.432678905980513 ], [ -40.353262287125865, -20.432678885076214 ], [ -40.353262251292108, -20.432678864758316 ], [ -40.353262215087618, -20.432678845033021 ], [ -40.353262178523444, -20.432678825906333 ], [ -40.35326214161072, -20.432678807384079 ], [ -40.353262104360681, -20.432678789471908 ], [ -40.353262066784673, -20.432678772175276 ], [ -40.35326202889415, -20.432678755499442 ], [ -40.353261990700659, -20.432678739449489 ], [ -40.353261952215817, -20.432678724030303 ], [ -40.353261913451362, -20.432678709246584 ], [ -40.353261874419097, -20.432678695102847 ], [ -40.353261835130901, -20.432678681603381 ], [ -40.353261795598762, -20.432678668752306 ], [ -40.353261755834708, -20.432678656553538 ], [ -40.353261715850856, -20.432678645010803 ], [ -40.353261675659382, -20.432678634127591 ], [ -40.353261635272531, -20.432678623907236 ], [ -40.353261594702602, -20.432678614352849 ], [ -40.353261553961964, -20.432678605467345 ], [ -40.353261513063018, -20.432678597253421 ], [ -40.353261472018225, -20.432678589713579 ], [ -40.353261430840078, -20.432678582850119 ], [ -40.353261389541132, -20.432678576665133 ], [ -40.353261348133962, -20.432678571160498 ], [ -40.353261306631182, -20.432678566337902 ], [ -40.35326126504544, -20.432678562198813 ], [ -40.353261223389396, -20.432678558744485 ], [ -40.353261181675741, -20.432678555975965 ], [ -40.35326113991718, -20.43267855389411 ], [ -40.353261098126438, -20.432678552499553 ], [ -40.353261056316235, -20.432678551792705 ], [ -40.353261014499317, -20.43267855177379 ], [ -40.353260972688417, -20.43267855244282 ], [ -40.353260930896269, -20.432678553799587 ], [ -40.353260889135605, -20.432678555843665 ], [ -40.353260847419151, -20.432678558574448 ], [ -40.353260805759611, -20.432678561991096 ], [ -40.353260764169669, -20.43267856609258 ], [ -40.353260722662, -20.432678570877624 ], [ -40.353260681249253, -20.432678576344799 ], [ -40.353260639944033, -20.432678582492439 ], [ -40.353260598758922, -20.432678589318648 ], [ -40.353260557706463, -20.432678596821354 ], [ -40.353260516799175, -20.432678604998291 ], [ -40.353260476049506, -20.432678613846942 ], [ -40.353260435469871, -20.432678623364627 ], [ -40.353260395072645, -20.432678633548441 ], [ -40.353260354870109, -20.432678644395295 ], [ -40.353260314874525, -20.432678655901871 ], [ -40.353260275098066, -20.432678668064657 ], [ -40.353260235552867, -20.432678680879974 ], [ -40.353260196250957, -20.432678694343892 ], [ -40.353260157204303, -20.432678708452329 ], [ -40.353260118424814, -20.432678723200969 ], [ -40.353260079924297, -20.432678738585338 ], [ -40.353260041714478, -20.432678754600737 ], [ -40.353260003807002, -20.432678771242294 ], [ -40.353259966213415, -20.43267878850493 ], [ -40.353259928945157, -20.432678806383397 ], [ -40.353259892013583, -20.432678824872255 ], [ -40.353259855429961, -20.43267884396586 ], [ -40.353259819205412, -20.432678863658406 ], [ -40.353259783350985, -20.432678883943872 ], [ -40.353259747877587, -20.432678904816104 ], [ -40.353259712796046, -20.432678926268736 ], [ -40.353259678117027, -20.432678948295223 ], [ -40.353259643851104, -20.432678970888873 ], [ -40.353259610008713, -20.432678994042792 ], [ -40.353259576600166, -20.432679017749937 ], [ -40.35325954363563, -20.43267904200307 ], [ -40.353259511125152, -20.432679066794815 ], [ -40.353259479078638, -20.432679092117628 ], [ -40.353259447505842, -20.432679117963783 ], [ -40.353259416416392, -20.432679144325405 ], [ -40.353259385819747, -20.432679171194476 ], [ -40.353259355725243, -20.432679198562798 ], [ -40.353259326142023, -20.432679226422039 ], [ -40.35325929707912, -20.432679254763716 ], [ -40.353259268545372, -20.432679283579187 ], [ -40.353259240549477, -20.432679312859698 ], [ -40.353259213099975, -20.432679342596302 ], [ -40.353259186205207, -20.432679372779962 ], [ -40.353259159873375, -20.432679403401469 ], [ -40.353259134112498, -20.432679434451501 ], [ -40.353259108930423, -20.432679465920607 ], [ -40.353259084334823, -20.432679497799178 ], [ -40.353259060333187, -20.432679530077529 ], [ -40.353259036932833, -20.432679562745815 ], [ -40.353259014140882, -20.432679595794092 ], [ -40.353258991964275, -20.432679629212288 ], [ -40.353258970409769, -20.432679662990228 ], [ -40.35325894948393, -20.432679697117614 ], [ -40.353258929193139, -20.432679731584059 ], [ -40.35325890954357, -20.432679766379064 ], [ -40.353258890541213, -20.432679801492021 ], [ -40.353258872191844, -20.432679836912239 ], [ -40.353258854501071, -20.432679872628935 ], [ -40.353258837474264, -20.432679908631233 ], [ -40.353258821116626, -20.432679944908145 ], [ -40.353258805433128, -20.432679981448636 ], [ -40.353258790428555, -20.432680018241577 ], [ -40.353258776107474, -20.432680055275757 ], [ -40.35325876247424, -20.43268009253989 ], [ -40.353258749533026, -20.432680130022632 ], [ -40.353258737287753, -20.432680167712562 ], [ -40.353258725742165, -20.432680205598206 ], [ -40.353258714899766, -20.432680243668013 ], [ -40.353258704763874, -20.432680281910397 ], [ -40.353258695337566, -20.43268032031369 ], [ -40.353258686623711, -20.432680358866214 ], [ -40.353258678624968, -20.432680397556219 ], [ -40.353258671343781, -20.432680436371925 ], [ -40.353258664782352, -20.432680475301503 ], [ -40.3532586589427, -20.432680514333089 ], [ -40.353258653826586, -20.432680553454805 ], [ -40.353258649435574, -20.432680592654727 ], [ -40.353258645771007, -20.43268063192091 ], [ -40.353258642833985, -20.432680671241407 ], [ -40.35325864062542, -20.432680710604235 ], [ -40.353258639145977, -20.432680749997392 ], [ -40.35325863839612, -20.432680789408884 ], [ -40.353258638376055, -20.432680828826722 ], [ -40.353258639085794, -20.432680868238879 ], [ -40.353258640525134, -20.432680907633362 ], [ -40.353258642693625, -20.432680946998158 ], [ -40.353258645590614, -20.432680986321294 ], [ -40.353258649215213, -20.432681025590782 ], [ -40.353258653566321, -20.432681064794657 ], [ -40.353258658642609, -20.432681103920974 ], [ -40.353258664442528, -20.432681142957829 ], [ -40.353258670964316, -20.432681181893319 ], [ -40.353258678205989, -20.432681220715594 ], [ -40.35325868616534, -20.432681259412817 ], [ -40.353258694839944, -20.432681297973208 ], [ -40.353258704227159, -20.432681336385016 ], [ -40.353258714324113, -20.432681374636541 ], [ -40.353258725127752, -20.432681412716139 ], [ -40.353258736634771, -20.432681450612208 ], [ -40.353258748841668, -20.432681488313197 ], [ -40.353258761744726, -20.432681525807627 ], [ -40.353258775340016, -20.432681563084074 ], [ -40.353258789623389, -20.432681600131193 ], [ -40.353258804590503, -20.432681636937687 ], [ -40.353258820236796, -20.432681673492354 ], [ -40.353258836557501, -20.432681709784045 ], [ -40.353258853547636, -20.432681745801712 ], [ -40.353258871202051, -20.432681781534399 ], [ -40.353258889515352, -20.432681816971208 ], [ -40.353258908481955, -20.432681852101336 ], [ -40.353258928096103, -20.432681886914096 ], [ -40.353258948351794, -20.432681921398871 ], [ -40.35325896924288, -20.432681955545178 ], [ -40.353258990762988, -20.432681989342591 ], [ -40.353259012905568, -20.432682022780831 ], [ -40.353259035663868, -20.43268205584971 ], [ -40.353259059030961, -20.432682088539153 ], [ -40.353259082999728, -20.432682120839196 ], [ -40.353259107562863, -20.432682152740007 ], [ -40.353259132712893, -20.432682184231869 ], [ -40.35325915844215, -20.432682215305192 ], [ -40.353259184742797, -20.432682245950502 ], [ -40.353259211606826, -20.43268227615847 ], [ -40.353259239026052, -20.432682305919894 ], [ -40.353259266992119, -20.432682335225703 ], [ -40.353259295496521, -20.432682364066988 ], [ -40.353259324530562, -20.432682392434934 ], [ -40.353259354085402, -20.432682420320923 ], [ -40.353259384152047, -20.432682447716452 ], [ -40.353259414721315, -20.432682474613184 ], [ -40.353259445783927, -20.432682501002919 ], [ -40.35325947733039, -20.432682526877613 ], [ -40.353259509351112, -20.432682552229391 ], [ -40.353259541836337, -20.432682577050546 ], [ -40.353259574776175, -20.432682601333486 ], [ -40.35325960816057, -20.432682625070829 ], [ -40.353259641979378, -20.432682648255355 ], [ -40.353259676222287, -20.432682670879988 ], [ -40.353259710878866, -20.432682692937835 ], [ -40.353259745938566, -20.432682714422185 ], [ -40.35325978139069, -20.432682735326491 ], [ -40.353259817224448, -20.432682755644386 ], [ -40.353259853428938, -20.432682775369681 ], [ -40.353259889993112, -20.432682794496369 ], [ -40.353259926905849, -20.432682813018623 ], [ -40.353259964155889, -20.432682830930798 ], [ -40.35326000173189, -20.432682848227433 ], [ -40.353260039622405, -20.43268286490326 ], [ -40.353260077815911, -20.432682880953212 ], [ -40.353260116300746, -20.432682896372395 ], [ -40.353260155065207, -20.432682911156114 ], [ -40.353260194097473, -20.432682925299854 ], [ -40.353260233385669, -20.432682938799321 ], [ -40.353260272917808, -20.432682951650396 ], [ -40.353260312681861, -20.432682963849167 ], [ -40.353260352665714, -20.432682975391902 ], [ -40.353260392857187, -20.432682986275111 ], [ -40.353260433244039, -20.432682996495469 ], [ -40.353260473813968, -20.432683006049853 ], [ -40.353260514554606, -20.432683014935368 ], [ -40.353260555453559, -20.432683023149291 ], [ -40.353260596498352, -20.432683030689137 ], [ -40.353260637676499, -20.432683037552589 ], [ -40.353260678975445, -20.432683043737573 ], [ -40.353260720382615, -20.432683049242211 ], [ -40.353260761885394, -20.432683054064803 ], [ -40.353260803471144, -20.432683058203889 ], [ -40.353260845127188, -20.432683061658228 ], [ -40.353260886840843, -20.43268306442674 ], [ -40.353260928599404, -20.432683066508602 ], [ -40.353260970390153, -20.432683067903152 ], [ -40.353261012200356, -20.432683068610004 ], [ -40.353261054017281, -20.432683068628915 ], [ -40.353261095828174, -20.432683067959889 ], [ -40.353261137620329, -20.432683066603122 ], [ -40.353261179380986, -20.43268306455905 ], [ -40.353261221097448, -20.432683061828261 ], [ -40.353261262756988, -20.432683058411609 ], [ -40.353261304346923, -20.432683054310125 ], [ -40.353261345854591, -20.432683049525071 ], [ -40.353261387267352, -20.432683044057907 ], [ -40.353261428572573, -20.432683037910273 ], [ -40.353261469757683, -20.432683031084064 ], [ -40.353261510810135, -20.432683023581351 ], [ -40.353261551717424, -20.432683015404415 ], [ -40.353261592467092, -20.432683006555767 ], [ -40.353261633046728, -20.432682997038075 ], [ -40.353261673443967, -20.432682986854257 ], [ -40.353261713646503, -20.432682976007413 ], [ -40.353261753642087, -20.432682964500831 ], [ -40.35326179341854, -20.432682952338041 ], [ -40.353261832963746, -20.432682939522731 ], [ -40.353261872265662, -20.43268292605881 ], [ -40.353261911312309, -20.432682911950373 ], [ -40.353261950091799, -20.43268289720173 ], [ -40.353261988592315, -20.432682881817364 ], [ -40.353262026802135, -20.432682865801961 ], [ -40.353262064709611, -20.432682849160411 ], [ -40.353262102303212, -20.432682831897768 ], [ -40.353262139571463, -20.432682814019298 ], [ -40.35326217650303, -20.432682795530443 ], [ -40.353262213086659, -20.432682776436838 ], [ -40.353262249311207, -20.432682756744295 ], [ -40.353262285165641, -20.432682736458819 ], [ -40.353262320639026, -20.432682715586591 ], [ -40.353262355720574, -20.432682694133959 ], [ -40.353262390399593, -20.432682672107468 ], [ -40.353262424665516, -20.432682649513822 ], [ -40.353262458507913, -20.432682626359902 ], [ -40.35326249191646, -20.432682602652754 ], [ -40.353262524880989, -20.432682578399625 ], [ -40.353262557391467, -20.432682553607876 ], [ -40.353262589437989, -20.432682528285063 ], [ -40.353262621010778, -20.432682502438912 ], [ -40.353262652100234, -20.432682476077289 ], [ -40.353262682696872, -20.432682449208222 ], [ -40.353262712791384, -20.432682421839896 ], [ -40.353262742374596, -20.432682393980652 ], [ -40.3532627714375, -20.432682365638971 ], [ -40.353262799971247, -20.4326823368235 ], [ -40.353262827967143, -20.432682307542986 ], [ -40.353262855416652, -20.432682277806386 ], [ -40.353262882311412, -20.432682247622729 ], [ -40.353262908643245, -20.432682217001219 ], [ -40.353262934404121, -20.432682185951183 ], [ -40.353262959586196, -20.432682154482087 ], [ -40.353262984181796, -20.432682122603506 ], [ -40.353263008183433, -20.432682090325152 ], [ -40.353263031583793, -20.432682057656862 ], [ -40.353263054375738, -20.432682024608589 ], [ -40.353263076552345, -20.432681991190389 ], [ -40.353263098106844, -20.432681957412452 ], [ -40.353263119032682, -20.432681923285063 ], [ -40.353263139323474, -20.432681888818621 ], [ -40.353263158973043, -20.43268185402362 ], [ -40.3532631779754, -20.432681818910659 ], [ -40.353263196324768, -20.432681783490441 ], [ -40.353263214015541, -20.432681747773739 ], [ -40.353263231042348, -20.432681711771451 ], [ -40.353263247399987, -20.432681675494536 ], [ -40.353263263083477, -20.432681638954037 ], [ -40.353263278088058, -20.4326816021611 ], [ -40.353263292409132, -20.43268156512692 ], [ -40.353263306042358, -20.432681527862783 ], [ -40.353263318983579, -20.432681490380045 ], [ -40.353263331228852, -20.432681452690115 ], [ -40.35326334277444, -20.432681414804467 ], [ -40.353263353616832, -20.43268137673466 ], [ -40.353263363752731, -20.43268133849228 ], [ -40.35326337317904, -20.432681300088984 ], [ -40.353263381892887, -20.432681261536459 ], [ -40.35326338989163, -20.432681222846455 ], [ -40.35326339717281, -20.432681184030749 ], [ -40.353263403734239, -20.432681145101174 ], [ -40.353263409573898, -20.432681106069584 ], [ -40.353263414690012, -20.432681066947872 ], [ -40.353263419081024, -20.432681027747954 ], [ -40.353263422745592, -20.432680988481767 ], [ -40.353263425682606, -20.43268094916127 ], [ -40.353263427891164, -20.432680909798449 ], [ -40.353263429370607, -20.432680870405285 ], [ -40.353263430120471, -20.432680830993792 ], [ -40.353263430140537, -20.432680791575958 ] ] ] } },
{ "type": "Feature", "properties": { "fid": 14 }, "geometry": { "type": "Polygon", "coordinates": [ [ [ -40.353847596405849, -20.433025373573415 ], [ -40.353847595695953, -20.433025334161265 ], [ -40.35384759425645, -20.433025294766804 ], [ -40.353847592087803, -20.433025255402022 ], [ -40.353847589190657, -20.433025216078907 ], [ -40.353847585565887, -20.433025176809448 ], [ -40.353847581214623, -20.433025137605597 ], [ -40.353847576138172, -20.433025098479305 ], [ -40.353847570338083, -20.433025059442478 ], [ -40.353847563816124, -20.433025020507017 ], [ -40.35384755657428, -20.433024981684778 ], [ -40.353847548614766, -20.433024942987601 ], [ -40.353847539939991, -20.433024904427246 ], [ -40.353847530552613, -20.433024866015483 ], [ -40.353847520455474, -20.433024827763997 ], [ -40.353847509651672, -20.433024789684453 ], [ -40.353847498144475, -20.433024751788437 ], [ -40.353847485937408, -20.433024714087487 ], [ -40.353847473034179, -20.433024676593114 ], [ -40.353847459438718, -20.433024639316727 ], [ -40.353847445155161, -20.433024602269676 ], [ -40.353847430187876, -20.433024565463239 ], [ -40.353847414541406, -20.433024528908632 ], [ -40.353847398220523, -20.433024492617008 ], [ -40.35384738123021, -20.433024456599405 ], [ -40.353847363575625, -20.433024420866793 ], [ -40.353847345262146, -20.433024385430059 ], [ -40.353847326295359, -20.433024350300006 ], [ -40.353847306681047, -20.433024315487327 ], [ -40.353847286425164, -20.433024281002627 ], [ -40.353847265533908, -20.433024246856409 ], [ -40.353847244013622, -20.433024213059074 ], [ -40.353847221870865, -20.433024179620919 ], [ -40.353847199112387, -20.433024146552125 ], [ -40.35384717574513, -20.433024113862775 ], [ -40.353847151776186, -20.433024081562824 ], [ -40.353847127212873, -20.433024049662109 ], [ -40.353847102062666, -20.43302401817034 ], [ -40.353847076333238, -20.433023987097119 ], [ -40.353847050032421, -20.433023956451908 ], [ -40.353847023168214, -20.43302392624404 ], [ -40.353846995748818, -20.433023896482716 ], [ -40.353846967782573, -20.433023867177017 ], [ -40.353846939278007, -20.433023838335842 ], [ -40.353846910243796, -20.433023809968009 ], [ -40.353846880688785, -20.433023782082124 ], [ -40.353846850621977, -20.433023754686708 ], [ -40.353846820052532, -20.43302372779009 ], [ -40.35384678898977, -20.433023701400472 ], [ -40.353846757443129, -20.433023675525888 ], [ -40.353846725422251, -20.433023650174228 ], [ -40.353846692936855, -20.433023625353197 ], [ -40.353846659996861, -20.433023601070378 ], [ -40.353846626612302, -20.433023577333156 ], [ -40.353846592793339, -20.433023554148761 ], [ -40.353846558550273, -20.433023531524253 ], [ -40.353846523893537, -20.433023509466526 ], [ -40.353846488833689, -20.433023487982304 ], [ -40.353846453381408, -20.433023467078133 ], [ -40.353846417547494, -20.43302344676037 ], [ -40.353846381342855, -20.433023427035206 ], [ -40.353846344778539, -20.433023407908646 ], [ -40.353846307865659, -20.433023389386531 ], [ -40.35384627061547, -20.433023371474491 ], [ -40.353846233039334, -20.433023354177983 ], [ -40.353846195148662, -20.433023337502288 ], [ -40.353846156955029, -20.433023321452477 ], [ -40.353846118470052, -20.43302330603343 ], [ -40.353846079705455, -20.433023291249853 ], [ -40.353846040673062, -20.433023277106255 ], [ -40.353846001384738, -20.43302326360693 ], [ -40.353845961852464, -20.433023250755998 ], [ -40.353845922088283, -20.433023238557368 ], [ -40.353845882104309, -20.433023227014772 ], [ -40.353845841912708, -20.433023216131701 ], [ -40.353845801525736, -20.433023205911496 ], [ -40.353845760955693, -20.433023196357254 ], [ -40.353845720214935, -20.433023187471889 ], [ -40.353845679315874, -20.433023179258107 ], [ -40.353845638270961, -20.433023171718411 ], [ -40.353845597092707, -20.433023164855097 ], [ -40.353845555793654, -20.433023158670256 ], [ -40.353845514386386, -20.43302315316577 ], [ -40.353845472883506, -20.43302314834332 ], [ -40.353845431297657, -20.433023144204377 ], [ -40.353845389641521, -20.433023140750187 ], [ -40.353845347927759, -20.433023137981817 ], [ -40.353845306169113, -20.433023135900108 ], [ -40.353845264378279, -20.433023134505699 ], [ -40.35384522256799, -20.433023133798994 ], [ -40.35384518075098, -20.433023133780221 ], [ -40.353845138940002, -20.433023134449403 ], [ -40.353845097147783, -20.433023135806316 ], [ -40.35384505538704, -20.433023137850537 ], [ -40.353845013670515, -20.433023140581465 ], [ -40.353844972010897, -20.433023143998255 ], [ -40.353844930420891, -20.433023148099885 ], [ -40.353844888913166, -20.433023152885077 ], [ -40.353844847500348, -20.433023158352391 ], [ -40.353844806195063, -20.43302316450017 ], [ -40.353844765009896, -20.433023171326521 ], [ -40.353844723957394, -20.433023178829366 ], [ -40.353844683050049, -20.433023187006441 ], [ -40.353844642300338, -20.433023195855238 ], [ -40.35384460172066, -20.433023205373061 ], [ -40.353844561323385, -20.433023215557022 ], [ -40.353844521120813, -20.433023226404003 ], [ -40.353844481125194, -20.433023237910714 ], [ -40.353844441348706, -20.433023250073642 ], [ -40.353844401803471, -20.433023262889087 ], [ -40.353844362501533, -20.433023276353143 ], [ -40.353844323454858, -20.433023290461712 ], [ -40.353844284675347, -20.433023305210487 ], [ -40.353844246174816, -20.43302332059498 ], [ -40.35384420796499, -20.433023336610511 ], [ -40.353844170057499, -20.433023353252192 ], [ -40.353844132463891, -20.433023370514956 ], [ -40.353844095195633, -20.433023388393551 ], [ -40.353844058264066, -20.433023406882533 ], [ -40.353844021680437, -20.433023425976259 ], [ -40.353843985455896, -20.433023445668919 ], [ -40.353843949601469, -20.433023465954516 ], [ -40.353843914128092, -20.433023486826862 ], [ -40.353843879046558, -20.433023508279607 ], [ -40.35384384436756, -20.433023530306212 ], [ -40.353843810101658, -20.433023552899972 ], [ -40.353843776259289, -20.433023576054008 ], [ -40.353843742850756, -20.433023599761267 ], [ -40.353843709886256, -20.433023624014506 ], [ -40.353843677375814, -20.433023648806358 ], [ -40.353843645329327, -20.433023674129277 ], [ -40.353843613756574, -20.433023699975529 ], [ -40.35384358266716, -20.433023726337261 ], [ -40.353843552070565, -20.433023753206424 ], [ -40.353843521976096, -20.433023780574842 ], [ -40.35384349239294, -20.433023808434186 ], [ -40.353843463330087, -20.433023836775952 ], [ -40.353843434796396, -20.433023865591522 ], [ -40.353843406800557, -20.433023894872125 ], [ -40.353843379351112, -20.433023924608815 ], [ -40.353843352456416, -20.433023954792557 ], [ -40.353843326124647, -20.433023985414145 ], [ -40.353843300363835, -20.433024016464262 ], [ -40.353843275181831, -20.43302404793344 ], [ -40.353843250586316, -20.4330240798121 ], [ -40.35384322658475, -20.433024112090521 ], [ -40.353843203184475, -20.433024144758889 ], [ -40.353843180392609, -20.43302417780723 ], [ -40.353843158216087, -20.433024211225501 ], [ -40.353843136661673, -20.433024245003505 ], [ -40.353843115735927, -20.433024279130954 ], [ -40.353843095445228, -20.433024313597464 ], [ -40.353843075795758, -20.433024348392522 ], [ -40.353843056793501, -20.43302438350554 ], [ -40.353843038444239, -20.433024418925811 ], [ -40.353843020753558, -20.433024454642563 ], [ -40.353843003726865, -20.433024490644904 ], [ -40.35384298736934, -20.433024526921866 ], [ -40.35384297168595, -20.433024563462403 ], [ -40.35384295668149, -20.43302460025539 ], [ -40.353842942360529, -20.433024637289613 ], [ -40.353842928727417, -20.433024674553781 ], [ -40.353842915786316, -20.433024712036563 ], [ -40.353842903541171, -20.433024749726524 ], [ -40.353842891995697, -20.433024787612197 ], [ -40.353842881153433, -20.433024825682036 ], [ -40.353842871017669, -20.433024863924445 ], [ -40.353842861591488, -20.433024902327762 ], [ -40.353842852877769, -20.433024940880305 ], [ -40.353842844879168, -20.43302497957033 ], [ -40.353842837598116, -20.433025018386051 ], [ -40.353842831036829, -20.433025057315639 ], [ -40.353842825197312, -20.43302509634724 ], [ -40.35384282008134, -20.433025135468956 ], [ -40.353842815690477, -20.433025174668884 ], [ -40.353842812026052, -20.433025213935075 ], [ -40.353842809089187, -20.433025253255565 ], [ -40.353842806880763, -20.433025292618392 ], [ -40.353842805401477, -20.43302533201155 ], [ -40.353842804651762, -20.433025371423035 ], [ -40.353842804631853, -20.433025410840862 ], [ -40.353842805341763, -20.433025450253009 ], [ -40.353842806781252, -20.43302548964747 ], [ -40.353842808949899, -20.433025529012248 ], [ -40.353842811847052, -20.433025568335371 ], [ -40.353842815471808, -20.433025607604833 ], [ -40.353842819823079, -20.43302564680868 ], [ -40.353842824899523, -20.433025685934972 ], [ -40.35384283069962, -20.433025724971799 ], [ -40.353842837221571, -20.43302576390726 ], [ -40.353842844463408, -20.433025802729496 ], [ -40.353842852422929, -20.433025841426684 ], [ -40.353842861097696, -20.433025879987035 ], [ -40.353842870485082, -20.433025918398798 ], [ -40.353842880582214, -20.43302595665028 ], [ -40.353842891386016, -20.433025994729832 ], [ -40.353842902893206, -20.433026032625843 ], [ -40.35384291510028, -20.43302607032679 ], [ -40.353842928003509, -20.433026107821167 ], [ -40.353842941598977, -20.433026145097553 ], [ -40.35384295588252, -20.433026182144612 ], [ -40.353842970849811, -20.433026218951042 ], [ -40.353842986496275, -20.433026255505649 ], [ -40.35384300281715, -20.433026291797276 ], [ -40.353843019807478, -20.433026327814879 ], [ -40.353843037462063, -20.433026363547491 ], [ -40.353843055775535, -20.433026398984229 ], [ -40.353843074742315, -20.433026434114282 ], [ -40.353843094356641, -20.433026468926961 ], [ -40.353843114612509, -20.433026503411657 ], [ -40.353843135503766, -20.433026537557879 ], [ -40.353843157024059, -20.433026571355214 ], [ -40.353843179166809, -20.433026604793366 ], [ -40.35384320192528, -20.433026637862159 ], [ -40.35384322529255, -20.433026670551509 ], [ -40.353843249261487, -20.43302670285146 ], [ -40.353843273824808, -20.433026734752179 ], [ -40.353843298975001, -20.433026766243945 ], [ -40.353843324704435, -20.433026797317172 ], [ -40.35384335100526, -20.433026827962387 ], [ -40.35384337786946, -20.433026858170248 ], [ -40.353843405288863, -20.433026887931575 ], [ -40.353843433255101, -20.433026917237282 ], [ -40.353843461759666, -20.433026946078456 ], [ -40.353843490793878, -20.433026974446285 ], [ -40.353843520348896, -20.433027002332167 ], [ -40.353843550415696, -20.43302702972759 ], [ -40.353843580985135, -20.433027056624198 ], [ -40.35384361204791, -20.433027083013823 ], [ -40.353843643594544, -20.433027108888407 ], [ -40.35384367561543, -20.433027134240064 ], [ -40.353843708100811, -20.433027159061098 ], [ -40.353843741040805, -20.433027183343921 ], [ -40.353843774425371, -20.433027207081139 ], [ -40.353843808244335, -20.433027230265541 ], [ -40.353843842487407, -20.433027252890053 ], [ -40.353843877144143, -20.433027274947769 ], [ -40.353843912203985, -20.433027296431995 ], [ -40.353843947656266, -20.433027317336176 ], [ -40.353843983490187, -20.43302733765394 ], [ -40.353844019694819, -20.4330273573791 ], [ -40.353844056259142, -20.433027376505656 ], [ -40.353844093172022, -20.433027395027768 ], [ -40.353844130422203, -20.433027412939811 ], [ -40.353844167998353, -20.433027430236315 ], [ -40.353844205889018, -20.433027446912011 ], [ -40.353844244082651, -20.433027462961824 ], [ -40.353844282567636, -20.433027478380872 ], [ -40.353844321332225, -20.433027493164449 ], [ -40.353844360364633, -20.433027507308047 ], [ -40.353844399652957, -20.433027520807379 ], [ -40.353844439185224, -20.433027533658311 ], [ -40.353844478949412, -20.433027545856937 ], [ -40.353844518933393, -20.43302755739953 ], [ -40.353844559124987, -20.433027568282601 ], [ -40.353844599511959, -20.433027578502813 ], [ -40.353844640082002, -20.433027588057062 ], [ -40.353844680822768, -20.43302759694242 ], [ -40.353844721721828, -20.433027605156198 ], [ -40.353844762766734, -20.433027612695902 ], [ -40.353844803944988, -20.433027619559212 ], [ -40.353844845244048, -20.433027625744053 ], [ -40.353844886651316, -20.433027631248542 ], [ -40.353844928154196, -20.433027636070992 ], [ -40.353844969740045, -20.433027640209939 ], [ -40.353845011396189, -20.433027643664119 ], [ -40.353845053109943, -20.433027646432492 ], [ -40.353845094868596, -20.433027648514202 ], [ -40.35384513665943, -20.433027649908606 ], [ -40.353845178469726, -20.433027650615312 ], [ -40.353845220286729, -20.433027650634077 ], [ -40.353845262097707, -20.43302764996491 ], [ -40.353845303889933, -20.433027648607993 ], [ -40.353845345650676, -20.433027646563772 ], [ -40.353845387367208, -20.433027643832848 ], [ -40.353845429026819, -20.433027640416046 ], [ -40.353845470616825, -20.433027636314428 ], [ -40.353845512124558, -20.433027631529228 ], [ -40.353845553537376, -20.433027626061914 ], [ -40.35384559484266, -20.433027619914139 ], [ -40.353845636027827, -20.433027613087784 ], [ -40.353845677080329, -20.43302760558494 ], [ -40.353845717987674, -20.433027597407861 ], [ -40.353845758737393, -20.433027588559071 ], [ -40.353845799317071, -20.433027579041244 ], [ -40.353845839714346, -20.433027568857284 ], [ -40.353845879916918, -20.433027558010298 ], [ -40.353845919912537, -20.433027546503585 ], [ -40.353845959689025, -20.43302753434066 ], [ -40.35384599923426, -20.433027521525212 ], [ -40.353846038536204, -20.433027508061162 ], [ -40.35384607758288, -20.43302749395259 ], [ -40.353846116362391, -20.433027479203815 ], [ -40.353846154862921, -20.433027463819322 ], [ -40.353846193072755, -20.433027447803791 ], [ -40.353846230980238, -20.433027431162106 ], [ -40.353846268573839, -20.433027413899346 ], [ -40.353846305842104, -20.433027396020744 ], [ -40.353846342773679, -20.433027377531765 ], [ -40.353846379357307, -20.433027358438039 ], [ -40.353846415581849, -20.433027338745376 ], [ -40.353846451436269, -20.433027318459786 ], [ -40.353846486909653, -20.433027297587433 ], [ -40.353846521991187, -20.433027276134688 ], [ -40.353846556670184, -20.433027254108076 ], [ -40.353846590936087, -20.43302723151432 ], [ -40.353846624778463, -20.433027208360286 ], [ -40.353846658186981, -20.433027184653028 ], [ -40.353846691151489, -20.433027160399789 ], [ -40.353846723661931, -20.433027135607933 ], [ -40.353846755708418, -20.433027110285018 ], [ -40.353846787281171, -20.433027084438759 ], [ -40.353846818370577, -20.43302705807703 ], [ -40.35384684896718, -20.43302703120786 ], [ -40.353846879061642, -20.433027003839442 ], [ -40.353846908644812, -20.433026975980102 ], [ -40.353846937707665, -20.433026947638329 ], [ -40.353846966241349, -20.433026918822765 ], [ -40.35384699423718, -20.433026889542163 ], [ -40.353847021686626, -20.433026859805469 ], [ -40.353847048581336, -20.433026829621731 ], [ -40.353847074913098, -20.433026799000135 ], [ -40.353847100673903, -20.433026767950025 ], [ -40.353847125855907, -20.433026736480841 ], [ -40.353847150451429, -20.433026704602185 ], [ -40.353847174452987, -20.433026672323756 ], [ -40.353847197853263, -20.433026639655399 ], [ -40.353847220645136, -20.433026606607051 ], [ -40.353847242821651, -20.43302657318878 ], [ -40.353847264376071, -20.433026539410779 ], [ -40.353847285301811, -20.433026505283326 ], [ -40.35384730559251, -20.433026470816817 ], [ -40.353847325241979, -20.433026436021756 ], [ -40.353847344244237, -20.433026400908741 ], [ -40.353847362593498, -20.433026365488466 ], [ -40.353847380284172, -20.433026329771714 ], [ -40.353847397310865, -20.433026293769373 ], [ -40.353847413668397, -20.433026257492411 ], [ -40.353847429351781, -20.433026220951874 ], [ -40.353847444356241, -20.433026184158887 ], [ -40.353847458677208, -20.433026147124668 ], [ -40.353847472310314, -20.433026109860492 ], [ -40.353847485251414, -20.433026072377722 ], [ -40.35384749749656, -20.433026034687753 ], [ -40.353847509042026, -20.43302599680208 ], [ -40.35384751988429, -20.433025958732244 ], [ -40.353847530020062, -20.433025920489833 ], [ -40.353847539446228, -20.433025882086518 ], [ -40.353847548159955, -20.433025843533976 ], [ -40.353847556158549, -20.43302580484395 ], [ -40.353847563439608, -20.433025766028226 ], [ -40.353847570000887, -20.433025727098638 ], [ -40.353847575840405, -20.43302568806704 ], [ -40.353847580956376, -20.433025648945314 ], [ -40.353847585347239, -20.433025609745393 ], [ -40.353847589011664, -20.433025570479206 ], [ -40.353847591948529, -20.433025531158709 ], [ -40.353847594156946, -20.433025491795881 ], [ -40.353847595636232, -20.433025452402727 ], [ -40.353847596385947, -20.433025412991238 ], [ -40.353847596405849, -20.433025373573415 ] ] ] } },
{ "type": "Feature", "properties": { "fid": 15 }, "geometry": { "type": "Polygon", "coordinates": [ [ [ -40.356515580269509, -20.42947429393276 ], [ -40.356567349096096, -20.429398270327138 ], [ -40.356619502275379, -20.429322481715882 ], [ -40.356671655404938, -20.429246693091212 ], [ -40.356591255920456, -20.429197530944851 ], [ -40.356434796304924, -20.429424896711499 ], [ -40.356515580269509, -20.42947429393276 ] ] ] } },
{ "type": "Feature", "properties": { "fid": 16 }, "geometry": { "type": "Polygon", "coordinates": [ [ [ -40.356567349096096, -20.429398270327138 ], [ -40.356515580269509, -20.42947429393276 ], [ -40.356756393329299, -20.429621544315097 ], [ -40.356808546469445, -20.429545755673697 ], [ -40.356567349164671, -20.429398270369788 ], [ -40.356619502350568, -20.429322481748923 ], [ -40.356671655486728, -20.42924669311466 ], [ -40.356723808573129, -20.429170904467 ], [ -40.356775961609813, -20.429095115805964 ], [ -40.356828114596716, -20.429019327131563 ], [ -40.356828114495073, -20.429019327136981 ], [ -40.356775961514785, -20.4290951158018 ], [ -40.35672380848473, -20.429170904453215 ], [ -40.356671655404938, -20.429246693091212 ], [ -40.356619502275379, -20.429322481715882 ], [ -40.356567349096096, -20.429398270327138 ] ] ] } },
{ "type": "Feature", "properties": { "fid": 17 }, "geometry": { "type": "Polygon", "coordinates": [ [ [ -40.354515668977378, -20.427433036913712 ], [ -40.35475686096521, -20.427580525157936 ], [ -40.354809026170578, -20.427504720144057 ], [ -40.35456783719625, -20.427357233818583 ], [ -40.354515668977378, -20.427433036913712 ] ] ] } },
{ "type": "Feature", "properties": { "fid": 18 }, "geometry": { "type": "Polygon", "coordinates": [ [ [ -40.359297039404524, -20.431175062576902 ], [ -40.359578444390984, -20.431347125133261 ], [ -40.359630596633671, -20.431271335682393 ], [ -40.359349191737863, -20.43109927320441 ], [ -40.359297039404524, -20.431175062576902 ] ] ] } },
{ "type": "Feature", "properties": { "fid": 19 }, "geometry": { "type": "Polygon", "coordinates": [ [ [ -40.359401344028058, -20.431023483808918 ], [ -40.359349191737863, -20.43109927320441 ], [ -40.359630596633671, -20.431271335682393 ], [ -40.359682748833244, -20.431195546208599 ], [ -40.359401344028058, -20.431023483808918 ] ] ] } },
{ "type": "Feature", "properties": { "fid": 20 }, "geometry": { "type": "Polygon", "coordinates": [ [ [ -40.359453496268515, -20.430947694400068 ], [ -40.359401344028058, -20.431023483808918 ], [ -40.359682748833244, -20.431195546208599 ], [ -40.359734900983071, -20.431119756721355 ], [ -40.359453496268515, -20.430947694400068 ] ] ] } },
{ "type": "Feature", "properties": { "fid": 21 }, "geometry": { "type": "Polygon", "coordinates": [ [ [ -40.359505648459198, -20.430871904977838 ], [ -40.359453496268515, -20.430947694400068 ], [ -40.359734900983071, -20.431119756721355 ], [ -40.359787053083132, -20.431043967220774 ], [ -40.359505648459198, -20.430871904977838 ] ] ] } },
{ "type": "Feature", "properties": { "fid": 22 }, "geometry": { "type": "Polygon", "coordinates": [ [ [ -40.35955780060015, -20.430796115542172 ], [ -40.359505648459198, -20.430871904977838 ], [ -40.359787053083132, -20.431043967220774 ], [ -40.359839205058911, -20.43096817766121 ], [ -40.35955780060015, -20.430796115542172 ] ] ] } },
{ "type": "Feature", "properties": { "fid": 23 }, "geometry": { "type": "Polygon", "coordinates": [ [ [ -40.359609952658261, -20.430720326141316 ], [ -40.35955780060015, -20.430796115542172 ], [ -40.359839205058911, -20.43096817766121 ], [ -40.359891357011463, -20.430892388172865 ], [ -40.359609952658261, -20.430720326141316 ] ] ] } },
{ "type": "Feature", "properties": { "fid": 24 }, "geometry": { "type": "Polygon", "coordinates": [ [ [ -40.359953950822593, -20.430801424050603 ], [ -40.359672546488397, -20.430629362058813 ], [ -40.359953950727494, -20.430801424090902 ], [ -40.359953950822593, -20.430801424050603 ] ] ] } },
{ "type": "Feature", "properties": { "fid": 25 }, "geometry": { "type": "Polygon", "coordinates": [ [ [ -40.359672546488397, -20.430629362058813 ], [ -40.359953950822593, -20.430801424050603 ], [ -40.360032178630483, -20.430687739724739 ], [ -40.359750774432229, -20.430515677850469 ], [ -40.359672546488397, -20.430629362058813 ] ] ] } },
{ "type": "Feature", "properties": { "fid": 26 }, "geometry": { "type": "Polygon", "coordinates": [ [ [ -40.359750774432229, -20.430515677850469 ], [ -40.360032178630483, -20.430687739724739 ], [ -40.360110406318825, -20.430574055379846 ], [ -40.359829002256518, -20.430401993623114 ], [ -40.359750774432229, -20.430515677850469 ] ] ] } },
{ "type": "Feature", "properties": { "fid": 27 }, "geometry": { "type": "Polygon", "coordinates": [ [ [ -40.359829002256518, -20.430401993623114 ], [ -40.360110406318825, -20.430574055379846 ], [ -40.360188633895227, -20.430460371004859 ], [ -40.359907229968869, -20.430288309365668 ], [ -40.359829002256518, -20.430401993623114 ] ] ] } },
{ "type": "Feature", "properties": { "fid": 28 }, "geometry": { "type": "Polygon", "coordinates": [ [ [ -40.359907229968869, -20.430288309365668 ], [ -40.360188633895227, -20.430460371004859 ], [ -40.360266861359712, -20.430346686599794 ], [ -40.359985457569287, -20.430174625078099 ], [ -40.359907229968869, -20.430288309365668 ] ] ] } },
{ "type": "Feature", "properties": { "fid": 29 }, "geometry": { "type": "Polygon", "coordinates": [ [ [ -40.360079330576092, -20.430038203747017 ], [ -40.360360734203404, -20.430210265127673 ], [ -40.360412885699738, -20.43013447547612 ], [ -40.360131482163084, -20.429962414173819 ], [ -40.360079330576092, -20.430038203747017 ] ] ] } },
{ "type": "Feature", "properties": { "fid": 30 }, "geometry": { "type": "Polygon", "coordinates": [ [ [ -40.360131482163084, -20.429962414173819 ], [ -40.360412885699738, -20.43013447547612 ], [ -40.360465037152949, -20.430058685801587 ], [ -40.360183633706924, -20.429886624577616 ], [ -40.360131482163084, -20.429962414173819 ] ] ] } },
{ "type": "Feature", "properties": { "fid": 31 }, "geometry": { "type": "Polygon", "coordinates": [ [ [ -40.360183633706924, -20.429886624577616 ], [ -40.360465037152949, -20.430058685801587 ], [ -40.360517188556429, -20.429982896113643 ], [ -40.36023578520102, -20.429810834968055 ], [ -40.360183633706924, -20.429886624577616 ] ] ] } },
{ "type": "Feature", "properties": { "fid": 32 }, "geometry": { "type": "Polygon", "coordinates": [ [ [ -40.36023578520102, -20.429810834968055 ], [ -40.360517188556429, -20.429982896113643 ], [ -40.360569339910143, -20.429907106412372 ], [ -40.360287936645364, -20.429735045345094 ], [ -40.36023578520102, -20.429810834968055 ] ] ] } },
{ "type": "Feature", "properties": { "fid": 33 }, "geometry": { "type": "Polygon", "coordinates": [ [ [ -40.360287936645364, -20.429735045345094 ], [ -40.360569339910143, -20.429907106412372 ], [ -40.360621491214125, -20.42983131669769 ], [ -40.360340088039983, -20.429659255708781 ], [ -40.360287936645364, -20.429735045345094 ] ] ] } },
{ "type": "Feature", "properties": { "fid": 34 }, "geometry": { "type": "Polygon", "coordinates": [ [ [ -40.360340088039983, -20.429659255708781 ], [ -40.360621491214125, -20.42983131669769 ], [ -40.360673642465628, -20.429755526945733 ], [ -40.360392239382122, -20.429583466035169 ], [ -40.360340088039983, -20.429659255708781 ] ] ] } },
{ "type": "Feature", "properties": { "fid": 35 }, "geometry": { "type": "Polygon", "coordinates": [ [ [ -40.36045482097488, -20.429492518481503 ], [ -40.360736223949615, -20.429664579298077 ], [ -40.360788375087793, -20.429588789550248 ], [ -40.36050697220368, -20.429416728812011 ], [ -40.36045482097488, -20.429492518481503 ] ] ] } },
{ "type": "Feature", "properties": { "fid": 36 }, "geometry": { "type": "Polygon", "coordinates": [ [ [ -40.36050697220368, -20.429416728812011 ], [ -40.360788375087793, -20.429588789550248 ], [ -40.360840526182855, -20.429512999779391 ], [ -40.360559123389379, -20.42934093911952 ], [ -40.36050697220368, -20.429416728812011 ] ] ] } },
{ "type": "Feature", "properties": { "fid": 37 }, "geometry": { "type": "Polygon", "coordinates": [ [ [ -40.360559123389379, -20.42934093911952 ], [ -40.360840526182855, -20.429512999779391 ], [ -40.360892677228158, -20.429437209995218 ], [ -40.360611274525304, -20.429265149413656 ], [ -40.360559123389379, -20.42934093911952 ] ] ] } },
{ "type": "Feature", "properties": { "fid": 38 }, "geometry": { "type": "Polygon", "coordinates": [ [ [ -40.360663425611513, -20.429189359694426 ], [ -40.36094482822373, -20.429361420197644 ], [ -40.36099697916957, -20.429285630386705 ], [ -40.360715576647962, -20.429113569961842 ], [ -40.360663425611513, -20.429189359694426 ] ] ] } },
{ "type": "Feature", "properties": { "fid": 39 }, "geometry": { "type": "Polygon", "coordinates": [ [ [ -40.360715576647962, -20.429113569961842 ], [ -40.36099697916957, -20.429285630386705 ], [ -40.361049130062916, -20.429209840538455 ], [ -40.360767727631952, -20.429037780191912 ], [ -40.360715576647962, -20.429113569961842 ] ] ] } },
{ "type": "Feature", "properties": { "fid": 40 }, "geometry": { "type": "Polygon", "coordinates": [ [ [ -40.360882459665596, -20.428871042756956 ], [ -40.361163861897168, -20.429043102931139 ], [ -40.361216012634081, -20.428967313064046 ], [ -40.360934610493125, -20.42879525296819 ], [ -40.360882459665596, -20.428871042756956 ] ] ] } },
{ "type": "Feature", "properties": { "fid": 41 }, "geometry": { "type": "Polygon", "coordinates": [ [ [ -40.360934610493125, -20.42879525296819 ], [ -40.361216012634081, -20.428967313064046 ], [ -40.36126816331462, -20.428891523193151 ], [ -40.360986761270944, -20.428719463166029 ], [ -40.360934610493125, -20.42879525296819 ] ] ] } },
{ "type": "Feature", "properties": { "fid": 42 }, "geometry": { "type": "Polygon", "coordinates": [ [ [ -40.361038911992381, -20.428643673360146 ], [ -40.361320313952064, -20.428815733299331 ], [ -40.361372464539741, -20.428739943392106 ], [ -40.36109106267071, -20.428567883531294 ], [ -40.361038911992381, -20.428643673360146 ] ] ] } },
{ "type": "Feature", "properties": { "fid": 43 }, "geometry": { "type": "Polygon", "coordinates": [ [ [ -40.36109106267071, -20.428567883531294 ], [ -40.361372464539741, -20.428739943392106 ], [ -40.361424615074959, -20.428664153447606 ], [ -40.361143213296565, -20.428492093665103 ], [ -40.36109106267071, -20.428567883531294 ] ] ] } },
{ "type": "Feature", "properties": { "fid": 44 }, "geometry": { "type": "Polygon", "coordinates": [ [ [ -40.361226654189601, -20.428370829903098 ], [ -40.361508055822981, -20.428542889560269 ], [ -40.361586281407348, -20.428429204636661 ], [ -40.361304879909916, -20.428257145096996 ], [ -40.361278804688865, -20.428295040026086 ], [ -40.361226654189601, -20.428370829903098 ] ] ] } },
{ "type": "Feature", "properties": { "fid": 45 }, "geometry": { "type": "Polygon", "coordinates": [ [ [ -40.361304879909916, -20.428257145096996 ], [ -40.361586281407348, -20.428429204636661 ], [ -40.361664506879798, -20.428315519682965 ], [ -40.361383105518314, -20.428143460260809 ], [ -40.361330955138399, -20.428219250135733 ], [ -40.361304879909916, -20.428257145096996 ] ] ] } },
{ "type": "Feature", "properties": { "fid": 46 }, "geometry": { "type": "Polygon", "coordinates": [ [ [ -40.361383105518314, -20.428143460260809 ], [ -40.361664506879798, -20.428315519682965 ], [ -40.361742732240337, -20.428201834699198 ], [ -40.361461331014809, -20.428029775394535 ], [ -40.361435255888225, -20.428067670314832 ], [ -40.361383105518314, -20.428143460260809 ] ] ] } },
{ "type": "Feature", "properties": { "fid": 47 }, "geometry": { "type": "Polygon", "coordinates": [ [ [ -40.361461331014809, -20.428029775394535 ], [ -40.361742732240337, -20.428201834699198 ], [ -40.361820957525929, -20.428088149603706 ], [ -40.361539556436355, -20.427916090416574 ], [ -40.361487406188523, -20.427991880384372 ], [ -40.361461331014809, -20.428029775394535 ] ] ] } },
{ "type": "Feature", "properties": { "fid": 48 }, "geometry": { "type": "Polygon", "coordinates": [ [ [ -40.361706436889364, -20.427673562527556 ], [ -40.361680361873333, -20.427711457516363 ], [ -40.361961762718195, -20.427883516492034 ], [ -40.362039987639974, -20.427769831385696 ], [ -40.361758586931046, -20.427597772527523 ], [ -40.361706436889364, -20.427673562527556 ] ] ] } },
{ "type": "Feature", "properties": { "fid": 49 }, "geometry": { "type": "Polygon", "coordinates": [ [ [ -40.361758586931046, -20.427597772527523 ], [ -40.362039987639974, -20.427769831385696 ], [ -40.362118212476865, -20.427656146265818 ], [ -40.361836811903899, -20.427484087525144 ], [ -40.361810736922997, -20.427521982514158 ], [ -40.361758586931046, -20.427597772527523 ] ] ] } },
{ "type": "Feature", "properties": { "fid": 50 }, "geometry": { "type": "Polygon", "coordinates": [ [ [ -40.361862886865175, -20.427446192487405 ], [ -40.361836811903899, -20.427484087525144 ], [ -40.362118212476865, -20.427656146265818 ], [ -40.362196437191933, -20.42754246104656 ], [ -40.361915036754922, -20.427370402423378 ], [ -40.361862886865175, -20.427446192487405 ] ] ] } },
{ "type": "Feature", "properties": { "fid": 51 }, "geometry": { "type": "Polygon", "coordinates": [ [ [ -40.361977616552302, -20.427279454369117 ], [ -40.362259016880557, -20.427451512898301 ], [ -40.362311166566343, -20.427375722760072 ], [ -40.362029766328725, -20.427203664309232 ], [ -40.361977616552302, -20.427279454369117 ] ] ] } },
{ "type": "Feature", "properties": { "fid": 52 }, "geometry": { "type": "Polygon", "coordinates": [ [ [ -40.362029766328725, -20.427203664309232 ], [ -40.362311166566343, -20.427375722760072 ], [ -40.362363316209013, -20.427299932598849 ], [ -40.362081916062039, -20.427127874226308 ], [ -40.362029766328725, -20.427203664309232 ] ] ] } },
{ "type": "Feature", "properties": { "fid": 53 }, "geometry": { "type": "Polygon", "coordinates": [ [ [ -40.362081916062039, -20.427127874226308 ], [ -40.362363316209013, -20.427299932598849 ], [ -40.362415465801966, -20.427224142424283 ], [ -40.362134065745629, -20.427052084130089 ], [ -40.362081916062039, -20.427127874226308 ] ] ] } },
{ "type": "Feature", "properties": { "fid": 54 }, "geometry": { "type": "Polygon", "coordinates": [ [ [ -40.362186215379474, -20.426976294020481 ], [ -40.362467615345174, -20.427148352236326 ], [ -40.362519764838645, -20.427072562035008 ], [ -40.362238364963581, -20.42690050389746 ], [ -40.362186215379474, -20.426976294020481 ] ] ] } },
{ "type": "Feature", "properties": { "fid": 55 }, "geometry": { "type": "Polygon", "coordinates": [ [ [ -40.362238364963581, -20.42690050389746 ], [ -40.362519764838645, -20.427072562035008 ], [ -40.362571914279663, -20.426996771796414 ], [ -40.362290514495228, -20.426824713737187 ], [ -40.362238364963581, -20.42690050389746 ] ] ] } },
{ "type": "Feature", "properties": { "fid": 56 }, "geometry": { "type": "Polygon", "coordinates": [ [ [ -40.362363523933809, -20.42671860764937 ], [ -40.362644923591375, -20.426890665598933 ], [ -40.362697072909128, -20.426814875361803 ], [ -40.36241567334222, -20.426642817490556 ], [ -40.362363523933809, -20.42671860764937 ] ] ] } },
{ "type": "Feature", "properties": { "fid": 57 }, "geometry": { "type": "Polygon", "coordinates": [ [ [ -40.36241567334222, -20.426642817490556 ], [ -40.362697072909128, -20.426814875361803 ], [ -40.362749222183787, -20.426739085101659 ], [ -40.362467822707501, -20.426567027308764 ], [ -40.36241567334222, -20.426642817490556 ] ] ] } },
{ "type": "Feature", "properties": { "fid": 58 }, "geometry": { "type": "Polygon", "coordinates": [ [ [ -40.362467822707501, -20.426567027308764 ], [ -40.362749222183787, -20.426739085101659 ], [ -40.3628013714087, -20.426663294828181 ], [ -40.362519972023073, -20.426491237113609 ], [ -40.362467822707501, -20.426567027308764 ] ] ] } },
{ "type": "Feature", "properties": { "fid": 59 }, "geometry": { "type": "Polygon", "coordinates": [ [ [ -40.362519972023073, -20.426491237113609 ], [ -40.3628013714087, -20.426663294828181 ], [ -40.362853520583897, -20.42658750454131 ], [ -40.362572121288892, -20.42641544690505 ], [ -40.362519972023073, -20.426491237113609 ] ] ] } },
{ "type": "Feature", "properties": { "fid": 60 }, "geometry": { "type": "Polygon", "coordinates": [ [ [ -40.362572121288892, -20.42641544690505 ], [ -40.362853520583897, -20.42658750454131 ], [ -40.362905669709342, -20.426511714241123 ], [ -40.362624270504973, -20.426339656683172 ], [ -40.362572121288892, -20.42641544690505 ] ] ] } },
{ "type": "Feature", "properties": { "fid": 61 }, "geometry": { "type": "Polygon", "coordinates": [ [ [ -40.362624270504973, -20.426339656683172 ], [ -40.362905669709342, -20.426511714241123 ], [ -40.362957818782334, -20.426435923903611 ], [ -40.36267641966861, -20.426263866423984 ], [ -40.362624270504973, -20.426339656683172 ] ] ] } },
{ "type": "Feature", "properties": { "fid": 62 }, "geometry": { "type": "Polygon", "coordinates": [ [ [ -40.362738986809539, -20.426172935371717 ], [ -40.363020385814515, -20.426344992757386 ], [ -40.363098609235443, -20.426231307252337 ], [ -40.362817210366416, -20.426059249984146 ], [ -40.362738986809539, -20.426172935371717 ] ] ] } },
{ "type": "Feature", "properties": { "fid": 63 }, "geometry": { "type": "Polygon", "coordinates": [ [ [ -40.362817210366416, -20.426059249984146 ], [ -40.363098609235443, -20.426231307252337 ], [ -40.363176733199346, -20.426117765881976 ], [ -40.36289533455983, -20.425945708785576 ], [ -40.362817210366416, -20.426059249984146 ] ] ] } },
{ "type": "Feature", "properties": { "fid": 64 }, "geometry": { "type": "Polygon", "coordinates": [ [ [ -40.362947483461078, -20.425869918490449 ], [ -40.36289533455983, -20.425945708785576 ], [ -40.363176733199346, -20.426117765881976 ], [ -40.3632288819393, -20.426041975467051 ], [ -40.362947483461078, -20.425869918490449 ] ] ] } },
{ "type": "Feature", "properties": { "fid": 65 }, "geometry": { "type": "Polygon", "coordinates": [ [ [ -40.362999632312601, -20.425794128181987 ], [ -40.362947483461078, -20.425869918490449 ], [ -40.3632288819393, -20.426041975467051 ], [ -40.363281030631768, -20.425966185033861 ], [ -40.362999632312601, -20.425794128181987 ] ] ] } },
{ "type": "Feature", "properties": { "fid": 66 }, "geometry": { "type": "Polygon", "coordinates": [ [ [ -40.363051880352167, -20.425718193632729 ], [ -40.362999632312601, -20.425794128181987 ], [ -40.363281030631768, -20.425966185033861 ], [ -40.363333278580726, -20.42589025040628 ], [ -40.363051880352167, -20.425718193632729 ] ] ] } },
{ "type": "Feature", "properties": { "fid": 67 }, "geometry": { "type": "Polygon", "coordinates": [ [ [ -40.36311445887408, -20.425627245244456 ], [ -40.363395857226465, -20.425799302066242 ], [ -40.363448017709764, -20.425723494368373 ], [ -40.363166619448045, -20.425551437624939 ], [ -40.36311445887408, -20.425627245244456 ] ] ] } },
{ "type": "Feature", "properties": { "fid": 68 }, "geometry": { "type": "Polygon", "coordinates": [ [ [ -40.363166619448045, -20.425551437624939 ], [ -40.363448017709764, -20.425723494368373 ], [ -40.363500166268324, -20.425647703915811 ], [ -40.363218768097227, -20.4254756472507 ], [ -40.363166619448045, -20.425551437624939 ] ] ] } },
{ "type": "Feature", "properties": { "fid": 69 }, "geometry": { "type": "Polygon", "coordinates": [ [ [ -40.363218768097227, -20.4254756472507 ], [ -40.363500166268324, -20.425647703915811 ], [ -40.363552314777124, -20.425571913449915 ], [ -40.363270916696663, -20.425399856863095 ], [ -40.363218768097227, -20.4254756472507 ] ] ] } },
{ "type": "Feature", "properties": { "fid": 70 }, "geometry": { "type": "Polygon", "coordinates": [ [ [ -40.363270916696663, -20.425399856863095 ], [ -40.363552314777124, -20.425571913449915 ], [ -40.3636044632362, -20.425496122970632 ], [ -40.363323065246391, -20.425324066462135 ], [ -40.363270916696663, -20.425399856863095 ] ] ] } },
{ "type": "Feature", "properties": { "fid": 71 }, "geometry": { "type": "Polygon", "coordinates": [ [ [ -40.363323065246391, -20.425324066462135 ], [ -40.3636044632362, -20.425496122970632 ], [ -40.363656611634319, -20.425420332471184 ], [ -40.363375213746373, -20.425248276047782 ], [ -40.363323065246391, -20.425324066462135 ] ] ] } },
{ "type": "Feature", "properties": { "fid": 72 }, "geometry": { "type": "Polygon", "coordinates": [ [ [ -40.363375213746373, -20.425248276047782 ], [ -40.363656611634319, -20.425420332471184 ], [ -40.363708765355319, -20.425344534168381 ], [ -40.363427367546805, -20.425172477816506 ], [ -40.363375213746373, -20.425248276047782 ] ] ] } },
{ "type": "Feature", "properties": { "fid": 73 }, "geometry": { "type": "Polygon", "coordinates": [ [ [ -40.363500369956704, -20.425066379004431 ], [ -40.363781767638329, -20.425238435246655 ], [ -40.363833915553911, -20.425162644523724 ], [ -40.363552518280997, -20.424990588554273 ], [ -40.363500369956704, -20.425066379004431 ] ] ] } },
{ "type": "Feature", "properties": { "fid": 74 }, "geometry": { "type": "Polygon", "coordinates": [ [ [ -40.363552518280997, -20.424990588554273 ], [ -40.363833915553911, -20.425162644523724 ], [ -40.363886063426385, -20.42508685377781 ], [ -40.363604666562203, -20.424914798081165 ], [ -40.363552518280997, -20.424990588554273 ] ] ] } },
{ "type": "Feature", "properties": { "fid": 75 }, "geometry": { "type": "Polygon", "coordinates": [ [ [ -40.363656814800279, -20.424839007585057 ], [ -40.363938211249142, -20.425011063018527 ], [ -40.363990359022154, -20.424935272245914 ], [ -40.363708962975416, -20.424763217094824 ], [ -40.363656814800279, -20.424839007585057 ] ] ] } },
{ "type": "Feature", "properties": { "fid": 76 }, "geometry": { "type": "Polygon", "coordinates": [ [ [ -40.363708962975416, -20.424763217094824 ], [ -40.363990359022154, -20.424935272245914 ], [ -40.364042506745477, -20.42485948145989 ], [ -40.363761111107436, -20.424687426581617 ], [ -40.363708962975416, -20.424763217094824 ] ] ] } },
{ "type": "Feature", "properties": { "fid": 77 }, "geometry": { "type": "Polygon", "coordinates": [ [ [ -40.363761111107436, -20.424687426581617 ], [ -40.364042506745477, -20.42485948145989 ], [ -40.364094659098861, -20.424783683858951 ], [ -40.363813938019248, -20.424610658604255 ], [ -40.363761111107436, -20.424687426581617 ] ] ] } },
{ "type": "Feature", "properties": { "fid": 78 }, "geometry": { "type": "Polygon", "coordinates": [ [ [ -40.363875836857019, -20.424520687420571 ], [ -40.364157233886075, -20.424692743098987 ], [ -40.364209381761718, -20.424616952474324 ], [ -40.363927984823334, -20.42444489687422 ], [ -40.363875836857019, -20.424520687420571 ] ] ] } },
{ "type": "Feature", "properties": { "fid": 79 }, "geometry": { "type": "Polygon", "coordinates": [ [ [ -40.363927984823334, -20.42444489687422 ], [ -40.364209381761718, -20.424616952474324 ], [ -40.364261529594245, -20.424541161826713 ], [ -40.363980132746498, -20.424369106304891 ], [ -40.363927984823334, -20.42444489687422 ] ] ] } },
{ "type": "Feature", "properties": { "fid": 80 }, "geometry": { "type": "Polygon", "coordinates": [ [ [ -40.363980132746498, -20.424369106304891 ], [ -40.364261529594245, -20.424541161826713 ], [ -40.364313677377069, -20.424465371165713 ], [ -40.364032280619952, -20.424293315722217 ], [ -40.363980132746498, -20.424369106304891 ] ] ] } },
{ "type": "Feature", "properties": { "fid": 81 }, "geometry": { "type": "Polygon", "coordinates": [ [ [ -40.364032280619952, -20.424293315722217 ], [ -40.364313677377069, -20.424465371165713 ], [ -40.364365825110156, -20.424389580491351 ], [ -40.364084428443682, -20.424217525126203 ], [ -40.364032280619952, -20.424293315722217 ] ] ] } },
{ "type": "Feature", "properties": { "fid": 82 }, "geometry": { "type": "Polygon", "coordinates": [ [ [ -40.364084428443682, -20.424217525126203 ], [ -40.364365825110156, -20.424389580491351 ], [ -40.364417972793518, -20.424313789803666 ], [ -40.36413657621771, -20.424141734516773 ], [ -40.364084428443682, -20.424217525126203 ] ] ] } },
{ "type": "Feature", "properties": { "fid": 83 }, "geometry": { "type": "Polygon", "coordinates": [ [ [ -40.36413657621771, -20.424141734516773 ], [ -40.364417972793518, -20.424313789803666 ], [ -40.36447012042445, -20.424237999078674 ], [ -40.364188723939257, -20.424065943870108 ], [ -40.36413657621771, -20.424141734516773 ] ] ] } },
{ "type": "Feature", "properties": { "fid": 84 }, "geometry": { "type": "Polygon", "coordinates": [ [ [ -40.364188723939257, -20.424065943870108 ], [ -40.36447012042445, -20.424237999078674 ], [ -40.364522268001757, -20.424162208373865 ], [ -40.364240871607215, -20.423990153243604 ], [ -40.364188723939257, -20.424065943870108 ] ] ] } },
{ "type": "Feature", "properties": { "fid": 85 }, "geometry": { "type": "Polygon", "coordinates": [ [ [ -40.363574229498589, -20.42422859769372 ], [ -40.363815426180714, -20.424376074484616 ], [ -40.363867574140158, -20.424300283946618 ], [ -40.363626377535731, -20.424152807222853 ], [ -40.363574229498589, -20.42422859769372 ] ] ] } },
{ "type": "Feature", "properties": { "fid": 86 }, "geometry": { "type": "Polygon", "coordinates": [ [ [ -40.363815426180714, -20.424376074484616 ], [ -40.363574229498589, -20.42422859769372 ], [ -40.363522081379116, -20.424304388100907 ], [ -40.363763278138926, -20.4244518649589 ], [ -40.363815426180714, -20.424376074484616 ] ] ] } },
{ "type": "Feature", "properties": { "fid": 87 }, "geometry": { "type": "Polygon", "coordinates": [ [ [ -40.363626377535731, -20.424152807222853 ], [ -40.363867574140158, -20.424300283946618 ], [ -40.363919722049879, -20.424224493395236 ], [ -40.363678525523127, -20.424077016738607 ], [ -40.363626377535731, -20.424152807222853 ] ] ] } },
{ "type": "Feature", "properties": { "fid": 88 }, "geometry": { "type": "Polygon", "coordinates": [ [ [ -40.363678525523127, -20.424077016738607 ], [ -40.363919722049879, -20.424224493395236 ], [ -40.363971869909854, -20.424148702830522 ], [ -40.363730673460822, -20.424001226241035 ], [ -40.363704599509219, -20.424039121475456 ], [ -40.363678525523127, -20.424077016738607 ] ] ] } },
{ "type": "Feature", "properties": { "fid": 89 }, "geometry": { "type": "Polygon", "coordinates": [ [ [ -40.363730673460822, -20.424001226241035 ], [ -40.363971869909854, -20.424148702830522 ], [ -40.364024017720112, -20.424072912252445 ], [ -40.363782821348757, -20.423925435730052 ], [ -40.363730673460822, -20.424001226241035 ] ] ] } },
{ "type": "Feature", "properties": { "fid": 90 }, "geometry": { "type": "Polygon", "coordinates": [ [ [ -40.363782821348757, -20.423925435730052 ], [ -40.364024017720112, -20.424072912252445 ], [ -40.364076165480668, -20.423997121661007 ], [ -40.363834969186996, -20.423849645205728 ], [ -40.363782821348757, -20.423925435730052 ] ] ] } },
{ "type": "Feature", "properties": { "fid": 91 }, "geometry": { "type": "Polygon", "coordinates": [ [ [ -40.363834969186996, -20.423849645205728 ], [ -40.364076165480668, -20.423997121661007 ], [ -40.364128313151156, -20.423921331017056 ], [ -40.363887116935167, -20.423773854628887 ], [ -40.363834969186996, -20.423849645205728 ] ] ] } },
{ "type": "Feature", "properties": { "fid": 92 }, "geometry": { "type": "Polygon", "coordinates": [ [ [ -40.36344168255863, -20.424255229067629 ], [ -40.363624200731998, -20.423989962491529 ], [ -40.363543802051865, -20.423940803496265 ], [ -40.363361283789189, -20.424206069992099 ], [ -40.36344168255863, -20.424255229067629 ] ] ] } },
{ "type": "Feature", "properties": { "fid": 93 }, "geometry": { "type": "Polygon", "coordinates": [ [ [ -40.363624200731998, -20.423989962491529 ], [ -40.36344168255863, -20.424255229067629 ], [ -40.363522081379116, -20.424304388100907 ], [ -40.363574229498589, -20.42422859769372 ], [ -40.363626377535731, -20.424152807222853 ], [ -40.363678525523127, -20.424077016738607 ], [ -40.363704599509219, -20.424039121475456 ], [ -40.363624200731998, -20.423989962491529 ] ] ] } },
{ "type": "Feature", "properties": { "fid": 94 }, "geometry": { "type": "Polygon", "coordinates": [ [ [ -40.363624200731998, -20.423989962491529 ], [ -40.363806718295955, -20.423724695752217 ], [ -40.363726319706139, -20.423675536835731 ], [ -40.363543802051865, -20.423940803496265 ], [ -40.363624200731998, -20.423989962491529 ] ] ] } },
{ "type": "Feature", "properties": { "fid": 95 }, "geometry": { "type": "Polygon", "coordinates": [ [ [ -40.363806718295955, -20.423724695752217 ], [ -40.363624200731998, -20.423989962491529 ], [ -40.363704599509219, -20.424039121475456 ], [ -40.363730673460822, -20.424001226241035 ], [ -40.363782821348757, -20.423925435730052 ], [ -40.363834969186996, -20.423849645205728 ], [ -40.363887116935167, -20.423773854628887 ], [ -40.363806718295955, -20.423724695752217 ] ] ] } },
{ "type": "Feature", "properties": { "fid": 96 }, "geometry": { "type": "Polygon", "coordinates": [ [ [ -40.363361283789189, -20.424206069992099 ], [ -40.363543802051865, -20.423940803496265 ], [ -40.363463403421463, -20.423891644460692 ], [ -40.363280885069486, -20.424156910876313 ], [ -40.363361283789189, -20.424206069992099 ] ] ] } },
{ "type": "Feature", "properties": { "fid": 97 }, "geometry": { "type": "Polygon", "coordinates": [ [ [ -40.363543802051865, -20.423940803496265 ], [ -40.363726319706139, -20.423675536835731 ], [ -40.363645921166039, -20.423626377878918 ], [ -40.363463403421463, -20.423891644460692 ], [ -40.363543802051865, -20.423940803496265 ] ] ] } },
{ "type": "Feature", "properties": { "fid": 98 }, "geometry": { "type": "Polygon", "coordinates": [ [ [ -40.363280885069486, -20.424156910876313 ], [ -40.363463403421463, -20.423891644460692 ], [ -40.36338300484077, -20.423842485384824 ], [ -40.363200486399485, -20.424107751720214 ], [ -40.363280885069486, -20.424156910876313 ] ] ] } },
{ "type": "Feature", "properties": { "fid": 99 }, "geometry": { "type": "Polygon", "coordinates": [ [ [ -40.363463403421463, -20.423891644460692 ], [ -40.363645921166039, -20.423626377878918 ], [ -40.363565522675678, -20.423577218881814 ], [ -40.36338300484077, -20.423842485384824 ], [ -40.363463403421463, -20.423891644460692 ] ] ] } },
{ "type": "Feature", "properties": { "fid": 100 }, "geometry": { "type": "Polygon", "coordinates": [ [ [ -40.363200486399485, -20.424107751720214 ], [ -40.36338300484077, -20.423842485384824 ], [ -40.363302606309801, -20.423793326268633 ], [ -40.36312008777923, -20.42405859252381 ], [ -40.363200486399485, -20.424107751720214 ] ] ] } },
{ "type": "Feature", "properties": { "fid": 101 }, "geometry": { "type": "Polygon", "coordinates": [ [ [ -40.36338300484077, -20.423842485384824 ], [ -40.363565522675678, -20.423577218881814 ], [ -40.363485124234977, -20.423528059844397 ], [ -40.363302606309801, -20.423793326268633 ], [ -40.36338300484077, -20.423842485384824 ] ] ] } },
{ "type": "Feature", "properties": { "fid": 102 }, "geometry": { "type": "Polygon", "coordinates": [ [ [ -40.36312008777923, -20.42405859252381 ], [ -40.363302606309801, -20.423793326268633 ], [ -40.363222207828571, -20.423744167112169 ], [ -40.363039689208662, -20.424009433287083 ], [ -40.36312008777923, -20.42405859252381 ] ] ] } },
{ "type": "Feature", "properties": { "fid": 103 }, "geometry": { "type": "Polygon", "coordinates": [ [ [ -40.363302606309801, -20.423793326268633 ], [ -40.363485124234977, -20.423528059844397 ], [ -40.363404725844099, -20.42347890076671 ], [ -40.363222207828571, -20.423744167112169 ], [ -40.363302606309801, -20.423793326268633 ] ] ] } },
{ "type": "Feature", "properties": { "fid": 104 }, "geometry": { "type": "Polygon", "coordinates": [ [ [ -40.363222207828571, -20.423744167112169 ], [ -40.363404725844099, -20.42347890076671 ], [ -40.36328412835141, -20.423405162073891 ], [ -40.363231980384583, -20.423480952420654 ], [ -40.363179832352152, -20.423556742777173 ], [ -40.36312768426999, -20.42363253312034 ], [ -40.363101610199934, -20.42367042830189 ], [ -40.363222207828571, -20.423744167112169 ] ] ] } },
{ "type": "Feature", "properties": { "fid": 105 }, "geometry": { "type": "Polygon", "coordinates": [ [ [ -40.363039689208662, -20.424009433287083 ], [ -40.363222207828571, -20.423744167112169 ], [ -40.363101610199934, -20.42367042830189 ], [ -40.363075536138105, -20.423708323450121 ], [ -40.363023387956488, -20.42378411376658 ], [ -40.362971239725169, -20.423859904069616 ], [ -40.362919091444091, -20.423935694359354 ], [ -40.363039689208662, -20.424009433287083 ] ] ] } },
{ "type": "Feature", "properties": { "fid": 106 }, "geometry": { "type": "Polygon", "coordinates": [ [ [ -40.363231980384583, -20.423480952420654 ], [ -40.36328412835141, -20.423405162073891 ], [ -40.363042933701657, -20.423257684416235 ], [ -40.362990785657153, -20.423333474695877 ], [ -40.363231980384583, -20.423480952420654 ] ] ] } },
{ "type": "Feature", "properties": { "fid": 107 }, "geometry": { "type": "Polygon", "coordinates": [ [ [ -40.363179832352152, -20.423556742777173 ], [ -40.363231980384583, -20.423480952420654 ], [ -40.362990785657153, -20.423333474695877 ], [ -40.362938637547025, -20.423409264985278 ], [ -40.363179832352152, -20.423556742777173 ] ] ] } },
{ "type": "Feature", "properties": { "fid": 108 }, "geometry": { "type": "Polygon", "coordinates": [ [ [ -40.36312768426999, -20.42363253312034 ], [ -40.363179832352152, -20.423556742777173 ], [ -40.362938637547025, -20.423409264985278 ], [ -40.362886489387186, -20.423485055261313 ], [ -40.36312768426999, -20.42363253312034 ] ] ] } },
{ "type": "Feature", "properties": { "fid": 109 }, "geometry": { "type": "Polygon", "coordinates": [ [ [ -40.363101610199934, -20.42367042830189 ], [ -40.36312768426999, -20.42363253312034 ], [ -40.362886489387186, -20.423485055261313 ], [ -40.362834341177631, -20.423560845524008 ], [ -40.363075536138105, -20.423708323450121 ], [ -40.363101610199934, -20.42367042830189 ] ] ] } },
{ "type": "Feature", "properties": { "fid": 110 }, "geometry": { "type": "Polygon", "coordinates": [ [ [ -40.363023387956488, -20.42378411376658 ], [ -40.363075536138105, -20.423708323450121 ], [ -40.362834341177631, -20.423560845524008 ], [ -40.362782192918345, -20.423636635773292 ], [ -40.363023387956488, -20.42378411376658 ] ] ] } },
{ "type": "Feature", "properties": { "fid": 111 }, "geometry": { "type": "Polygon", "coordinates": [ [ [ -40.362971239725169, -20.423859904069616 ], [ -40.363023387956488, -20.42378411376658 ], [ -40.362782192918345, -20.423636635773292 ], [ -40.362730044609314, -20.42371242600926 ], [ -40.362971239725169, -20.423859904069616 ] ] ] } },
{ "type": "Feature", "properties": { "fid": 112 }, "geometry": { "type": "Polygon", "coordinates": [ [ [ -40.362919091444091, -20.423935694359354 ], [ -40.362971239725169, -20.423859904069616 ], [ -40.362730044609314, -20.42371242600926 ], [ -40.362677896250588, -20.423788216231856 ], [ -40.362919091444091, -20.423935694359354 ] ] ] } },
{ "type": "Feature", "properties": { "fid": 113 }, "geometry": { "type": "Polygon", "coordinates": [ [ [ -40.363387811072307, -20.424997556427321 ], [ -40.363439959432867, -20.424921766008516 ], [ -40.363198762191381, -20.424774288734344 ], [ -40.363146613753138, -20.424850079086024 ], [ -40.363387811072307, -20.424997556427321 ] ] ] } },
{ "type": "Feature", "properties": { "fid": 114 }, "geometry": { "type": "Polygon", "coordinates": [ [ [ -40.363146613753138, -20.424850079086024 ], [ -40.363198762191381, -20.424774288734344 ], [ -40.36325091058653, -20.424698498359675 ], [ -40.363303058931955, -20.424622707971633 ], [ -40.363355207227642, -20.424546917570268 ], [ -40.363407355473591, -20.424471127155478 ], [ -40.363459503669851, -20.424395336727361 ], [ -40.363459503568187, -20.424395336732779 ], [ -40.36340735537857, -20.424471127151278 ], [ -40.363355207139215, -20.424546917556441 ], [ -40.363303058850143, -20.424622707948231 ], [ -40.363250910511347, -20.424698498326649 ], [ -40.363198762122835, -20.424774288691708 ], [ -40.363146613684577, -20.424850079043392 ], [ -40.363146613753138, -20.424850079086024 ] ] ] } },
{ "type": "Feature", "properties": { "fid": 115 }, "geometry": { "type": "Polygon", "coordinates": [ [ [ -40.363198762191381, -20.424774288734344 ], [ -40.363439959432867, -20.424921766008516 ], [ -40.363492107750304, -20.424845975566711 ], [ -40.36325091058653, -20.424698498359675 ], [ -40.363198762191381, -20.424774288734344 ] ] ] } },
{ "type": "Feature", "properties": { "fid": 116 }, "geometry": { "type": "Polygon", "coordinates": [ [ [ -40.36325091058653, -20.424698498359675 ], [ -40.363492107750304, -20.424845975566711 ], [ -40.363544256018031, -20.424770185111573 ], [ -40.363303058931955, -20.424622707971633 ], [ -40.36325091058653, -20.424698498359675 ] ] ] } },
{ "type": "Feature", "properties": { "fid": 117 }, "geometry": { "type": "Polygon", "coordinates": [ [ [ -40.363303058931955, -20.424622707971633 ], [ -40.363544256018031, -20.424770185111573 ], [ -40.363596404236034, -20.424694394643037 ], [ -40.363355207227642, -20.424546917570268 ], [ -40.363303058931955, -20.424622707971633 ] ] ] } },
{ "type": "Feature", "properties": { "fid": 118 }, "geometry": { "type": "Polygon", "coordinates": [ [ [ -40.363355207227642, -20.424546917570268 ], [ -40.363596404236034, -20.424694394643037 ], [ -40.363648552410929, -20.424618604151544 ], [ -40.363407355473591, -20.424471127155478 ], [ -40.363355207227642, -20.424546917570268 ] ] ] } },
{ "type": "Feature", "properties": { "fid": 119 }, "geometry": { "type": "Polygon", "coordinates": [ [ [ -40.363146613684577, -20.424850079043392 ], [ -40.363198762122835, -20.424774288691708 ], [ -40.363250910511347, -20.424698498326649 ], [ -40.363303058850143, -20.424622707948231 ], [ -40.363222659950196, -20.424573548822902 ], [ -40.363066214706954, -20.424800919850952 ], [ -40.363146613684577, -20.424850079043392 ] ] ] } },
{ "type": "Feature", "properties": { "fid": 120 }, "geometry": { "type": "Polygon", "coordinates": [ [ [ -40.363303058850143, -20.424622707948231 ], [ -40.363355207139215, -20.424546917556441 ], [ -40.36340735537857, -20.424471127151278 ], [ -40.363459503568187, -20.424395336732779 ], [ -40.363379104747239, -20.424346177672671 ], [ -40.363222659950196, -20.424573548822902 ], [ -40.363303058850143, -20.424622707948231 ] ] ] } },
{ "type": "Feature", "properties": { "fid": 121 }, "geometry": { "type": "Polygon", "coordinates": [ [ [ -40.363066214706954, -20.424800919850952 ], [ -40.363222659950196, -20.424573548822902 ], [ -40.363142261073342, -20.424524389651506 ], [ -40.362985815751067, -20.424751760614367 ], [ -40.363066214706954, -20.424800919850952 ] ] ] } },
{ "type": "Feature", "properties": { "fid": 122 }, "geometry": { "type": "Polygon", "coordinates": [ [ [ -40.363222659950196, -20.424573548822902 ], [ -40.363379104747239, -20.424346177672671 ], [ -40.363298705946747, -20.424297018570314 ], [ -40.363142261073342, -20.424524389651506 ], [ -40.363222659950196, -20.424573548822902 ] ] ] } },
{ "type": "Feature", "properties": { "fid": 123 }, "geometry": { "type": "Polygon", "coordinates": [ [ [ -40.363142261073342, -20.424524389651506 ], [ -40.363298705946747, -20.424297018570314 ], [ -40.36321830719595, -20.424247859427656 ], [ -40.363061862243534, -20.424475230443633 ], [ -40.363142261073342, -20.424524389651506 ] ] ] } },
{ "type": "Feature", "properties": { "fid": 124 }, "geometry": { "type": "Polygon", "coordinates": [ [ [ -40.362985815751067, -20.424751760614367 ], [ -40.363142261073342, -20.424524389651506 ], [ -40.363061862243534, -20.424475230443633 ], [ -40.36290541684491, -20.424702601337454 ], [ -40.362985815751067, -20.424751760614367 ] ] ] } },
{ "type": "Feature", "properties": { "fid": 125 }, "geometry": { "type": "Polygon", "coordinates": [ [ [ -40.36290541684491, -20.424702601337454 ], [ -40.363061862243534, -20.424475230443633 ], [ -40.362981463466113, -20.42442607119165 ], [ -40.362825017988484, -20.424653442020254 ], [ -40.36290541684491, -20.424702601337454 ] ] ] } },
{ "type": "Feature", "properties": { "fid": 126 }, "geometry": { "type": "Polygon", "coordinates": [ [ [ -40.363061862243534, -20.424475230443633 ], [ -40.36321830719595, -20.424247859427656 ], [ -40.363137908494885, -20.424198700244681 ], [ -40.362981463466113, -20.42442607119165 ], [ -40.363061862243534, -20.424475230443633 ] ] ] } },
{ "type": "Feature", "properties": { "fid": 127 }, "geometry": { "type": "Polygon", "coordinates": [ [ [ -40.362981463466113, -20.42442607119165 ], [ -40.363137908494885, -20.424198700244681 ], [ -40.36305750984355, -20.424149541021432 ], [ -40.362901064735759, -20.424376911903188 ], [ -40.362981463466113, -20.42442607119165 ] ] ] } },
{ "type": "Feature", "properties": { "fid": 128 }, "geometry": { "type": "Polygon", "coordinates": [ [ [ -40.362825017988484, -20.424653442020254 ], [ -40.362981463466113, -20.42442607119165 ], [ -40.362901064735759, -20.424376911903188 ], [ -40.362744619181775, -20.424604282662756 ], [ -40.362825017988484, -20.424653442020254 ] ] ] } },
{ "type": "Feature", "properties": { "fid": 129 }, "geometry": { "type": "Polygon", "coordinates": [ [ [ -40.362744619181775, -20.424604282662756 ], [ -40.362901064735759, -20.424376911903188 ], [ -40.362820666056464, -20.424327752572491 ], [ -40.362664220424804, -20.424555123264955 ], [ -40.362744619181775, -20.424604282662756 ] ] ] } },
{ "type": "Feature", "properties": { "fid": 130 }, "geometry": { "type": "Polygon", "coordinates": [ [ [ -40.362820666056464, -20.424327752572491 ], [ -40.362901064735759, -20.424376911903188 ], [ -40.36305750984355, -20.424149541021432 ], [ -40.362977111241946, -20.424100381757881 ], [ -40.362820666056464, -20.424327752572491 ] ] ] } },
{ "type": "Feature", "properties": { "fid": 131 }, "geometry": { "type": "Polygon", "coordinates": [ [ [ -40.362820666056464, -20.424327752572491 ], [ -40.362977111241946, -20.424100381757881 ], [ -40.362856513430764, -20.42402664278988 ], [ -40.362804365076769, -20.42410243305013 ], [ -40.362752216643223, -20.424178223287459 ], [ -40.36270006812876, -20.424254013503795 ], [ -40.362820666056464, -20.424327752572491 ] ] ] } },
{ "type": "Feature", "properties": { "fid": 132 }, "geometry": { "type": "Polygon", "coordinates": [ [ [ -40.362664220424804, -20.424555123264955 ], [ -40.362820666056464, -20.424327752572491 ], [ -40.36270006812876, -20.424254013503795 ], [ -40.362647919626944, -20.424329803722063 ], [ -40.362595771044212, -20.424405593919303 ], [ -40.362543622380578, -20.424481384095543 ], [ -40.362664220424804, -20.424555123264955 ] ] ] } },
{ "type": "Feature", "properties": { "fid": 133 }, "geometry": { "type": "Polygon", "coordinates": [ [ [ -40.362543622380578, -20.424481384095543 ], [ -40.362595771044212, -20.424405593919303 ], [ -40.362354575344533, -20.424258115358388 ], [ -40.3623024266344, -20.424333905475141 ], [ -40.362543622380578, -20.424481384095543 ] ] ] } },
{ "type": "Feature", "properties": { "fid": 134 }, "geometry": { "type": "Polygon", "coordinates": [ [ [ -40.362595771044212, -20.424405593919303 ], [ -40.362647919626944, -20.424329803722063 ], [ -40.362406724011564, -20.424182325218627 ], [ -40.362354575344533, -20.424258115358388 ], [ -40.362595771044212, -20.424405593919303 ] ] ] } },
{ "type": "Feature", "properties": { "fid": 135 }, "geometry": { "type": "Polygon", "coordinates": [ [ [ -40.362647919626944, -20.424329803722063 ], [ -40.36270006812876, -20.424254013503795 ], [ -40.362458872628856, -20.424106535065548 ], [ -40.362406724011564, -20.424182325218627 ], [ -40.362647919626944, -20.424329803722063 ] ] ] } },
{ "type": "Feature", "properties": { "fid": 136 }, "geometry": { "type": "Polygon", "coordinates": [ [ [ -40.36270006812876, -20.424254013503795 ], [ -40.362752216643223, -20.424178223287459 ], [ -40.36251102119644, -20.424030744899085 ], [ -40.362458872628856, -20.424106535065548 ], [ -40.36270006812876, -20.424254013503795 ] ] ] } },
{ "type": "Feature", "properties": { "fid": 137 }, "geometry": { "type": "Polygon", "coordinates": [ [ [ -40.362752216643223, -20.424178223287459 ], [ -40.362804365076769, -20.42410243305013 ], [ -40.362563169714285, -20.423954954719228 ], [ -40.36251102119644, -20.424030744899085 ], [ -40.362752216643223, -20.424178223287459 ] ] ] } },
{ "type": "Feature", "properties": { "fid": 138 }, "geometry": { "type": "Polygon", "coordinates": [ [ [ -40.362804365076769, -20.42410243305013 ], [ -40.362856513430764, -20.42402664278988 ], [ -40.362615318182399, -20.423879164526053 ], [ -40.362563169714285, -20.423954954719228 ], [ -40.362804365076769, -20.42410243305013 ] ] ] } },
{ "type": "Feature", "properties": { "fid": 139 }, "geometry": { "type": "Polygon", "coordinates": [ [ [ -40.362760713653266, -20.425410927260319 ], [ -40.362812862459492, -20.425335137007487 ], [ -40.362865011222617, -20.425259346731732 ], [ -40.362917159935996, -20.425183556442555 ], [ -40.362969308599659, -20.425107766140041 ], [ -40.363021457213598, -20.425031975824169 ], [ -40.363073605777792, -20.424956185494938 ], [ -40.363073605676171, -20.424956185500371 ], [ -40.363021457118563, -20.425031975819991 ], [ -40.362969308511239, -20.425107766126235 ], [ -40.362917159854199, -20.42518355641916 ], [ -40.362865011147427, -20.425259346698681 ], [ -40.362812862390925, -20.425335136964847 ], [ -40.362760713584699, -20.425410927217669 ], [ -40.362760713653266, -20.425410927260319 ] ] ] } },
{ "type": "Feature", "properties": { "fid": 140 }, "geometry": { "type": "Polygon", "coordinates": [ [ [ -40.362812862459492, -20.425335137007487 ], [ -40.362760713653266, -20.425410927260319 ], [ -40.363001899704791, -20.425558422309585 ], [ -40.363054060275843, -20.42548261477841 ], [ -40.362812862459492, -20.425335137007487 ] ] ] } },
{ "type": "Feature", "properties": { "fid": 141 }, "geometry": { "type": "Polygon", "coordinates": [ [ [ -40.362812862459492, -20.425335137007487 ], [ -40.363054060275843, -20.42548261477841 ], [ -40.36310620896127, -20.425406824435488 ], [ -40.362865011222617, -20.425259346731732 ], [ -40.362812862459492, -20.425335137007487 ] ] ] } },
{ "type": "Feature", "properties": { "fid": 142 }, "geometry": { "type": "Polygon", "coordinates": [ [ [ -40.362865011222617, -20.425259346731732 ], [ -40.36310620896127, -20.425406824435488 ], [ -40.363158357596959, -20.425331034079218 ], [ -40.362917159935996, -20.425183556442555 ], [ -40.362865011222617, -20.425259346731732 ] ] ] } },
{ "type": "Feature", "properties": { "fid": 143 }, "geometry": { "type": "Polygon", "coordinates": [ [ [ -40.362917159935996, -20.425183556442555 ], [ -40.363158357596959, -20.425331034079218 ], [ -40.363210506182938, -20.425255243709572 ], [ -40.362969308599659, -20.425107766140041 ], [ -40.362917159935996, -20.425183556442555 ] ] ] } },
{ "type": "Feature", "properties": { "fid": 144 }, "geometry": { "type": "Polygon", "coordinates": [ [ [ -40.362969308599659, -20.425107766140041 ], [ -40.363210506182938, -20.425255243709572 ], [ -40.3632626547192, -20.425179453326557 ], [ -40.363021457213598, -20.425031975824169 ], [ -40.362969308599659, -20.425107766140041 ] ] ] } },
{ "type": "Feature", "properties": { "fid": 145 }, "geometry": { "type": "Polygon", "coordinates": [ [ [ -40.363021457213598, -20.425031975824169 ], [ -40.3632626547192, -20.425179453326557 ], [ -40.363314803205711, -20.425103662930205 ], [ -40.363073605777792, -20.424956185494938 ], [ -40.363021457213598, -20.425031975824169 ] ] ] } },
{ "type": "Feature", "properties": { "fid": 146 }, "geometry": { "type": "Polygon", "coordinates": [ [ [ -40.362760713584699, -20.425410927217669 ], [ -40.362812862390925, -20.425335136964847 ], [ -40.362865011147427, -20.425259346698681 ], [ -40.362917159854199, -20.42518355641916 ], [ -40.362836760762626, -20.425134397128261 ], [ -40.36283627239181, -20.425135106901376 ], [ -40.362781407116096, -20.425214845237825 ], [ -40.362680314415456, -20.425361767859666 ], [ -40.362760713584699, -20.425410927217669 ] ] ] } },
{ "type": "Feature", "properties": { "fid": 147 }, "geometry": { "type": "Polygon", "coordinates": [ [ [ -40.362917159854199, -20.42518355641916 ], [ -40.362969308511239, -20.425107766126235 ], [ -40.363021457118563, -20.425031975819991 ], [ -40.363073605676171, -20.424956185500371 ], [ -40.362993206663603, -20.424907026274635 ], [ -40.362836760762626, -20.425134397128261 ], [ -40.362917159854199, -20.42518355641916 ] ] ] } },
{ "type": "Feature", "properties": { "fid": 148 }, "geometry": { "type": "Polygon", "coordinates": [ [ [ -40.362680314415456, -20.425361767859666 ], [ -40.362781407116096, -20.425214845237825 ], [ -40.36283627239181, -20.425135106901376 ], [ -40.362836760762626, -20.425134397128261 ], [ -40.362756361694125, -20.42508523779129 ], [ -40.362755873321738, -20.42508594756611 ], [ -40.3625999033721, -20.425312625746173 ], [ -40.362680314415456, -20.425361767859666 ] ] ] } },
{ "type": "Feature", "properties": { "fid": 149 }, "geometry": { "type": "Polygon", "coordinates": [ [ [ -40.362836760762626, -20.425134397128261 ], [ -40.362993206663603, -20.424907026274635 ], [ -40.362912807671457, -20.424857867006732 ], [ -40.362756361694125, -20.42508523779129 ], [ -40.362836760762626, -20.425134397128261 ] ] ] } },
{ "type": "Feature", "properties": { "fid": 150 }, "geometry": { "type": "Polygon", "coordinates": [ [ [ -40.362756361694125, -20.42508523779129 ], [ -40.362912807671457, -20.424857867006732 ], [ -40.362832408729048, -20.424808707698507 ], [ -40.362675962672725, -20.425036078417822 ], [ -40.362756361694125, -20.42508523779129 ] ] ] } },
{ "type": "Feature", "properties": { "fid": 151 }, "geometry": { "type": "Polygon", "coordinates": [ [ [ -40.3625999033721, -20.425312625746173 ], [ -40.362755873321738, -20.42508594756611 ], [ -40.362756361694125, -20.42508523779129 ], [ -40.362675962672725, -20.425036078417822 ], [ -40.36267547430009, -20.425036788192465 ], [ -40.362545128868994, -20.425226225003698 ], [ -40.362519504274317, -20.425263466303697 ], [ -40.3625999033721, -20.425312625746173 ] ] ] } },
{ "type": "Feature", "properties": { "fid": 152 }, "geometry": { "type": "Polygon", "coordinates": [ [ [ -40.362519504274317, -20.425263466303697 ], [ -40.362545128868994, -20.425226225003698 ], [ -40.36267547430009, -20.425036788192465 ], [ -40.362675962672725, -20.425036078417822 ], [ -40.362595563703678, -20.424986919000261 ], [ -40.36259507532948, -20.424987628776602 ], [ -40.362439105226272, -20.425214306820887 ], [ -40.362519504274317, -20.425263466303697 ] ] ] } },
{ "type": "Feature", "properties": { "fid": 153 }, "geometry": { "type": "Polygon", "coordinates": [ [ [ -40.362675962672725, -20.425036078417822 ], [ -40.362832408729048, -20.424808707698507 ], [ -40.362752009836377, -20.424759548349954 ], [ -40.362595563703678, -20.424986919000261 ], [ -40.362675962672725, -20.425036078417822 ] ] ] } },
{ "type": "Feature", "properties": { "fid": 154 }, "geometry": { "type": "Polygon", "coordinates": [ [ [ -40.362595563703678, -20.424986919000261 ], [ -40.362752009836377, -20.424759548349954 ], [ -40.362671610993409, -20.424710388961152 ], [ -40.362515164781712, -20.424937759546225 ], [ -40.362595563703678, -20.424986919000261 ] ] ] } },
{ "type": "Feature", "properties": { "fid": 155 }, "geometry": { "type": "Polygon", "coordinates": [ [ [ -40.362439105226272, -20.425214306820887 ], [ -40.36259507532948, -20.424987628776602 ], [ -40.362595563703678, -20.424986919000261 ], [ -40.362515164781712, -20.424937759546225 ], [ -40.362514676409923, -20.424938469318494 ], [ -40.362358706227944, -20.4251651472978 ], [ -40.362439105226272, -20.425214306820887 ] ] ] } },
{ "type": "Feature", "properties": { "fid": 156 }, "geometry": { "type": "Polygon", "coordinates": [ [ [ -40.362358706227944, -20.4251651472978 ], [ -40.362514676409923, -20.424938469318494 ], [ -40.362515164781712, -20.424937759546225 ], [ -40.362434765910805, -20.424888600049997 ], [ -40.36243427753746, -20.424889309823975 ], [ -40.362278307279347, -20.425115987734412 ], [ -40.362358706227944, -20.4251651472978 ] ] ] } },
{ "type": "Feature", "properties": { "fid": 157 }, "geometry": { "type": "Polygon", "coordinates": [ [ [ -40.362434765910805, -20.424888600049997 ], [ -40.362515164781712, -20.424937759546225 ], [ -40.362671610993409, -20.424710388961152 ], [ -40.362590723828234, -20.424661939306361 ], [ -40.362434765910805, -20.424888600049997 ] ] ] } },
{ "type": "Feature", "properties": { "fid": 158 }, "geometry": { "type": "Polygon", "coordinates": [ [ [ -40.362434765910805, -20.424888600049997 ], [ -40.362590723828234, -20.424661939306361 ], [ -40.362590722288097, -20.424661938352042 ], [ -40.362434765910805, -20.424888600049997 ] ] ] } },
{ "type": "Feature", "properties": { "fid": 159 }, "geometry": { "type": "Polygon", "coordinates": [ [ [ -40.36243427753746, -20.424889309823975 ], [ -40.362434765910805, -20.424888600049997 ], [ -40.362314167695693, -20.424814860732916 ], [ -40.362262018807954, -20.424890650825411 ], [ -40.362209869850631, -20.424966440933378 ], [ -40.362157708947699, -20.425042248316643 ], [ -40.362278307279347, -20.425115987734412 ], [ -40.36243427753746, -20.424889309823975 ] ] ] } },
{ "type": "Feature", "properties": { "fid": 160 }, "geometry": { "type": "Polygon", "coordinates": [ [ [ -40.362157708947699, -20.425042248316643 ], [ -40.362209869850631, -20.424966440933378 ], [ -40.361968673600714, -20.424818961892953 ], [ -40.361916512626713, -20.424894769199511 ], [ -40.362157708947699, -20.425042248316643 ] ] ] } },
{ "type": "Feature", "properties": { "fid": 161 }, "geometry": { "type": "Polygon", "coordinates": [ [ [ -40.362209869850631, -20.424966440933378 ], [ -40.362262018807954, -20.424890650825411 ], [ -40.362020822635699, -20.424743171852114 ], [ -40.361968673600714, -20.424818961892953 ], [ -40.362209869850631, -20.424966440933378 ] ] ] } },
{ "type": "Feature", "properties": { "fid": 162 }, "geometry": { "type": "Polygon", "coordinates": [ [ [ -40.362262018807954, -20.424890650825411 ], [ -40.362314167695693, -20.424814860732916 ], [ -40.362072971620982, -20.424667381797907 ], [ -40.362020822635699, -20.424743171852114 ], [ -40.362262018807954, -20.424890650825411 ] ] ] } },
{ "type": "Feature", "properties": { "fid": 163 }, "geometry": { "type": "Polygon", "coordinates": [ [ [ -40.362314167695693, -20.424814860732916 ], [ -40.362366316573407, -20.424739070569373 ], [ -40.36212512055652, -20.424591591730334 ], [ -40.362072971620982, -20.424667381797907 ], [ -40.362314167695693, -20.424814860732916 ] ] ] } },
{ "type": "Feature", "properties": { "fid": 164 }, "geometry": { "type": "Polygon", "coordinates": [ [ [ -40.362366316573407, -20.424739070569373 ], [ -40.362314167695693, -20.424814860732916 ], [ -40.362434765910805, -20.424888600049997 ], [ -40.362590722288097, -20.424661938352042 ], [ -40.362470602210813, -20.424587507597021 ], [ -40.362418465381545, -20.424663280421289 ], [ -40.362366316573407, -20.424739070569373 ] ] ] } },
{ "type": "Feature", "properties": { "fid": 165 }, "geometry": { "type": "Polygon", "coordinates": [ [ [ -40.362366316573407, -20.424739070569373 ], [ -40.362418465381545, -20.424663280421289 ], [ -40.362177269442334, -20.424515801649424 ], [ -40.36212512055652, -20.424591591730334 ], [ -40.362366316573407, -20.424739070569373 ] ] ] } },
{ "type": "Feature", "properties": { "fid": 166 }, "geometry": { "type": "Polygon", "coordinates": [ [ [ -40.362418465381545, -20.424663280421289 ], [ -40.362470602210813, -20.424587507597021 ], [ -40.362229418278417, -20.424440011555102 ], [ -40.362177269442334, -20.424515801649424 ], [ -40.362418465381545, -20.424663280421289 ] ] ] } },
{ "type": "Feature", "properties": { "fid": 167 }, "geometry": { "type": "Polygon", "coordinates": [ [ [ -40.362626427418817, -20.426104112303868 ], [ -40.362678576505438, -20.426028322080167 ], [ -40.362437378129719, -20.425880843825901 ], [ -40.362385228965437, -20.425956633982498 ], [ -40.362626427418817, -20.426104112303868 ] ] ] } },
{ "type": "Feature", "properties": { "fid": 168 }, "geometry": { "type": "Polygon", "coordinates": [ [ [ -40.362437378129719, -20.425880843825901 ], [ -40.362678576505438, -20.426028322080167 ], [ -40.362730725548921, -20.425952531833463 ], [ -40.362489527250894, -20.425805053646346 ], [ -40.362437378129719, -20.425880843825901 ] ] ] } },
{ "type": "Feature", "properties": { "fid": 169 }, "geometry": { "type": "Polygon", "coordinates": [ [ [ -40.362489527250894, -20.425805053646346 ], [ -40.362730725548921, -20.425952531833463 ], [ -40.362782874542667, -20.425876741573394 ], [ -40.362541676322344, -20.425729263453402 ], [ -40.362489527250894, -20.425805053646346 ] ] ] } },
{ "type": "Feature", "properties": { "fid": 170 }, "geometry": { "type": "Polygon", "coordinates": [ [ [ -40.362541676322344, -20.425729263453402 ], [ -40.362782874542667, -20.425876741573394 ], [ -40.362835023486717, -20.425800951299969 ], [ -40.362593825344042, -20.425653473247127 ], [ -40.362541676322344, -20.425729263453402 ] ] ] } },
{ "type": "Feature", "properties": { "fid": 171 }, "geometry": { "type": "Polygon", "coordinates": [ [ [ -40.362593825344042, -20.425653473247127 ], [ -40.362835023486717, -20.425800951299969 ], [ -40.362887172381001, -20.425725161013187 ], [ -40.362645974316045, -20.425577683027456 ], [ -40.362593825344042, -20.425653473247127 ] ] ] } },
{ "type": "Feature", "properties": { "fid": 172 }, "geometry": { "type": "Polygon", "coordinates": [ [ [ -40.362645974316045, -20.425577683027456 ], [ -40.362887172381001, -20.425725161013187 ], [ -40.362939321225575, -20.425649370713021 ], [ -40.362698123238296, -20.425501892794436 ], [ -40.362645974316045, -20.425577683027456 ] ] ] } },
{ "type": "Feature", "properties": { "fid": 173 }, "geometry": { "type": "Polygon", "coordinates": [ [ [ -40.362385228896869, -20.425956633939837 ], [ -40.362437378061159, -20.425880843783258 ], [ -40.362489527175711, -20.425805053613299 ], [ -40.362541676240532, -20.425729263429972 ], [ -40.362461276962527, -20.425680103978006 ], [ -40.362304829541159, -20.425907474420686 ], [ -40.362385228896869, -20.425956633939837 ] ] ] } },
{ "type": "Feature", "properties": { "fid": 174 }, "geometry": { "type": "Polygon", "coordinates": [ [ [ -40.362541676240532, -20.425729263429972 ], [ -40.362593825255651, -20.425653473233307 ], [ -40.362645974221017, -20.425577683023256 ], [ -40.362698123136653, -20.425501892799854 ], [ -40.362617723937632, -20.425452733413074 ], [ -40.362617722068997, -20.425452736128847 ], [ -40.362461276962527, -20.425680103978006 ], [ -40.362541676240532, -20.425729263429972 ] ] ] } },
{ "type": "Feature", "properties": { "fid": 175 }, "geometry": { "type": "Polygon", "coordinates": [ [ [ -40.362304829541159, -20.425907474420686 ], [ -40.362461276962527, -20.425680103978006 ], [ -40.362380877707594, -20.425630944479884 ], [ -40.362224430207213, -20.425858314857418 ], [ -40.362304829541159, -20.425907474420686 ] ] ] } },
{ "type": "Feature", "properties": { "fid": 176 }, "geometry": { "type": "Polygon", "coordinates": [ [ [ -40.362461276962527, -20.425680103978006 ], [ -40.362617722068997, -20.425452736128847 ], [ -40.36253732475906, -20.425403573984017 ], [ -40.362380877707594, -20.425630944479884 ], [ -40.362461276962527, -20.425680103978006 ] ] ] } },
{ "type": "Feature", "properties": { "fid": 177 }, "geometry": { "type": "Polygon", "coordinates": [ [ [ -40.362380877707594, -20.425630944479884 ], [ -40.36253732475906, -20.425403573984017 ], [ -40.362456925630212, -20.425354414514697 ], [ -40.362300478499719, -20.425581784945361 ], [ -40.362380877707594, -20.425630944479884 ] ] ] } },
{ "type": "Feature", "properties": { "fid": 178 }, "geometry": { "type": "Polygon", "coordinates": [ [ [ -40.362224430207213, -20.425858314857418 ], [ -40.362380877707594, -20.425630944479884 ], [ -40.362300478499719, -20.425581784945361 ], [ -40.362144030923005, -20.42580915525382 ], [ -40.362224430207213, -20.425858314857418 ] ] ] } },
{ "type": "Feature", "properties": { "fid": 179 }, "geometry": { "type": "Polygon", "coordinates": [ [ [ -40.362144030923005, -20.42580915525382 ], [ -40.362300478499719, -20.425581784945361 ], [ -40.362220079344247, -20.425532625366642 ], [ -40.362063631688528, -20.425759995609901 ], [ -40.362144030923005, -20.42580915525382 ] ] ] } },
{ "type": "Feature", "properties": { "fid": 180 }, "geometry": { "type": "Polygon", "coordinates": [ [ [ -40.362300478499719, -20.425581784945361 ], [ -40.362456925630212, -20.425354414514697 ], [ -40.362376526551088, -20.425305255005064 ], [ -40.362220079344247, -20.425532625366642 ], [ -40.362300478499719, -20.425581784945361 ] ] ] } },
{ "type": "Feature", "properties": { "fid": 181 }, "geometry": { "type": "Polygon", "coordinates": [ [ [ -40.362220079344247, -20.425532625366642 ], [ -40.362376526551088, -20.425305255005064 ], [ -40.362296127521695, -20.425256095455111 ], [ -40.362139680235849, -20.425483465751505 ], [ -40.362220079344247, -20.425532625366642 ] ] ] } },
{ "type": "Feature", "properties": { "fid": 182 }, "geometry": { "type": "Polygon", "coordinates": [ [ [ -40.362063631688528, -20.425759995609901 ], [ -40.362220079344247, -20.425532625366642 ], [ -40.362139680235849, -20.425483465751505 ], [ -40.361983232503761, -20.425710835925699 ], [ -40.362063631688528, -20.425759995609901 ] ] ] } },
{ "type": "Feature", "properties": { "fid": 183 }, "geometry": { "type": "Polygon", "coordinates": [ [ [ -40.361983232503761, -20.425710835925699 ], [ -40.362139680235849, -20.425483465751505 ], [ -40.362059281178489, -20.425434306094143 ], [ -40.361902833368745, -20.425661676201184 ], [ -40.361983232503761, -20.425710835925699 ] ] ] } },
{ "type": "Feature", "properties": { "fid": 184 }, "geometry": { "type": "Polygon", "coordinates": [ [ [ -40.362059281178489, -20.425434306094143 ], [ -40.362139680235849, -20.425483465751505 ], [ -40.362296127521695, -20.425256095455111 ], [ -40.362215728542026, -20.42520693586486 ], [ -40.362059281178489, -20.425434306094143 ] ] ] } },
{ "type": "Feature", "properties": { "fid": 185 }, "geometry": { "type": "Polygon", "coordinates": [ [ [ -40.362059281178489, -20.425434306094143 ], [ -40.362215728542026, -20.42520693586486 ], [ -40.362095130163766, -20.425133196406797 ], [ -40.362042981083789, -20.425208986471965 ], [ -40.361990831924189, -20.425284776514186 ], [ -40.361938682683743, -20.425360566535421 ], [ -40.362059281178489, -20.425434306094143 ] ] ] } },
{ "type": "Feature", "properties": { "fid": 186 }, "geometry": { "type": "Polygon", "coordinates": [ [ [ -40.361902833368745, -20.425661676201184 ], [ -40.362059281178489, -20.425434306094143 ], [ -40.361938682683743, -20.425360566535421 ], [ -40.361886533455895, -20.425436356558521 ], [ -40.36183438414713, -20.425512146560649 ], [ -40.361782234757456, -20.425587936541753 ], [ -40.361902833368745, -20.425661676201184 ] ] ] } },
{ "type": "Feature", "properties": { "fid": 187 }, "geometry": { "type": "Polygon", "coordinates": [ [ [ -40.361782234757456, -20.425587936541753 ], [ -40.36183438414713, -20.425512146560649 ], [ -40.361593187313346, -20.42536466701964 ], [ -40.361541037877181, -20.425440456941249 ], [ -40.361782234757456, -20.425587936541753 ] ] ] } },
{ "type": "Feature", "properties": { "fid": 188 }, "geometry": { "type": "Polygon", "coordinates": [ [ [ -40.36183438414713, -20.425512146560649 ], [ -40.361886533455895, -20.425436356558521 ], [ -40.361645336706395, -20.425288877075001 ], [ -40.361593187313346, -20.42536466701964 ], [ -40.36183438414713, -20.425512146560649 ] ] ] } },
{ "type": "Feature", "properties": { "fid": 189 }, "geometry": { "type": "Polygon", "coordinates": [ [ [ -40.361938682683743, -20.425360566535421 ], [ -40.361990831924189, -20.425284776514186 ], [ -40.361749635343315, -20.425137297145717 ], [ -40.361697486049728, -20.425213087117069 ], [ -40.361938682683743, -20.425360566535421 ] ] ] } },
{ "type": "Feature", "properties": { "fid": 190 }, "geometry": { "type": "Polygon", "coordinates": [ [ [ -40.361990831924189, -20.425284776514186 ], [ -40.362042981083789, -20.425208986471965 ], [ -40.361801784587186, -20.425061507161008 ], [ -40.361749635343315, -20.425137297145717 ], [ -40.361990831924189, -20.425284776514186 ] ] ] } },
{ "type": "Feature", "properties": { "fid": 191 }, "geometry": { "type": "Polygon", "coordinates": [ [ [ -40.362042981083789, -20.425208986471965 ], [ -40.362095130163766, -20.425133196406797 ], [ -40.361853933781319, -20.42498571716294 ], [ -40.361801784587186, -20.425061507161008 ], [ -40.362042981083789, -20.425208986471965 ] ] ] } },
{ "type": "Feature", "properties": { "fid": 192 }, "geometry": { "type": "Polygon", "coordinates": [ [ [ -40.362250964190892, -20.426649784322603 ], [ -40.362303113635562, -20.42657399419512 ], [ -40.36206191470054, -20.426426515457511 ], [ -40.362009765178186, -20.426502305517854 ], [ -40.362250964190892, -20.426649784322603 ] ] ] } },
{ "type": "Feature", "properties": { "fid": 193 }, "geometry": { "type": "Polygon", "coordinates": [ [ [ -40.36206191470054, -20.426426515457511 ], [ -40.362303113635562, -20.42657399419512 ], [ -40.362355263037109, -20.426498204044634 ], [ -40.362114064179764, -20.426350725374185 ], [ -40.36206191470054, -20.426426515457511 ] ] ] } },
{ "type": "Feature", "properties": { "fid": 194 }, "geometry": { "type": "Polygon", "coordinates": [ [ [ -40.362114064179764, -20.426350725374185 ], [ -40.362355263037109, -20.426498204044634 ], [ -40.362407412388905, -20.426422413880797 ], [ -40.362166213609271, -20.42627493527748 ], [ -40.362114064179764, -20.426350725374185 ] ] ] } },
{ "type": "Feature", "properties": { "fid": 195 }, "geometry": { "type": "Polygon", "coordinates": [ [ [ -40.362166213609271, -20.42627493527748 ], [ -40.362407412388905, -20.426422413880797 ], [ -40.362459561690997, -20.426346623703598 ], [ -40.362218362989012, -20.426199145167395 ], [ -40.362166213609271, -20.42627493527748 ] ] ] } },
{ "type": "Feature", "properties": { "fid": 196 }, "geometry": { "type": "Polygon", "coordinates": [ [ [ -40.362218362989012, -20.426199145167395 ], [ -40.362459561690997, -20.426346623703598 ], [ -40.36251171094333, -20.426270833513058 ], [ -40.36227051231905, -20.42612335504398 ], [ -40.362218362989012, -20.426199145167395 ] ] ] } },
{ "type": "Feature", "properties": { "fid": 197 }, "geometry": { "type": "Polygon", "coordinates": [ [ [ -40.36227051231905, -20.42612335504398 ], [ -40.36251171094333, -20.426270833513058 ], [ -40.362563860145947, -20.4261950433091 ], [ -40.362322661599343, -20.426047564907165 ], [ -40.36227051231905, -20.42612335504398 ] ] ] } },
{ "type": "Feature", "properties": { "fid": 198 }, "geometry": { "type": "Polygon", "coordinates": [ [ [ -40.362009765109633, -20.426502305475214 ], [ -40.362061914631973, -20.426426515414878 ], [ -40.362114064104581, -20.426350725341152 ], [ -40.362166213527459, -20.42627493525406 ], [ -40.362085814063008, -20.426225775640948 ], [ -40.361929365567484, -20.426453145794962 ], [ -40.362009765109633, -20.426502305475214 ] ] ] } },
{ "type": "Feature", "properties": { "fid": 199 }, "geometry": { "type": "Polygon", "coordinates": [ [ [ -40.362166213527459, -20.42627493525406 ], [ -40.362218362900613, -20.426199145153603 ], [ -40.362270512224029, -20.426123355039785 ], [ -40.362322661497707, -20.426047564912604 ], [ -40.362242262112268, -20.425998405364716 ], [ -40.362085814063008, -20.426225775640948 ], [ -40.362166213527459, -20.42627493525406 ] ] ] } },
{ "type": "Feature", "properties": { "fid": 200 }, "geometry": { "type": "Polygon", "coordinates": [ [ [ -40.361929365567484, -20.426453145794962 ], [ -40.362085814063008, -20.426225775640948 ], [ -40.362005414621635, -20.426176615981742 ], [ -40.361848966047113, -20.426403986070557 ], [ -40.361929365567484, -20.426453145794962 ] ] ] } },
{ "type": "Feature", "properties": { "fid": 201 }, "geometry": { "type": "Polygon", "coordinates": [ [ [ -40.362085814063008, -20.426225775640948 ], [ -40.362242262112268, -20.425998405364716 ], [ -40.362161862747236, -20.425949245774536 ], [ -40.362005414621635, -20.426176615981742 ], [ -40.362085814063008, -20.426225775640948 ] ] ] } },
{ "type": "Feature", "properties": { "fid": 202 }, "geometry": { "type": "Polygon", "coordinates": [ [ [ -40.362005414621635, -20.426176615981742 ], [ -40.362161862747236, -20.425949245774536 ], [ -40.362081463431963, -20.425900086144114 ], [ -40.361925015227357, -20.426127456286068 ], [ -40.362005414621635, -20.426176615981742 ] ] ] } },
{ "type": "Feature", "properties": { "fid": 203 }, "geometry": { "type": "Polygon", "coordinates": [ [ [ -40.361848966047113, -20.426403986070557 ], [ -40.362005414621635, -20.426176615981742 ], [ -40.361925015227357, -20.426127456286068 ], [ -40.361768566576465, -20.426354826305843 ], [ -40.361848966047113, -20.426403986070557 ] ] ] } },
{ "type": "Feature", "properties": { "fid": 204 }, "geometry": { "type": "Polygon", "coordinates": [ [ [ -40.361768566576465, -20.426354826305843 ], [ -40.361925015227357, -20.426127456286068 ], [ -40.361844615885445, -20.426078296546276 ], [ -40.361688167155563, -20.426305666500809 ], [ -40.361768566576465, -20.426354826305843 ] ] ] } },
{ "type": "Feature", "properties": { "fid": 205 }, "geometry": { "type": "Polygon", "coordinates": [ [ [ -40.361925015227357, -20.426127456286068 ], [ -40.362081463431963, -20.425900086144114 ], [ -40.362001064166421, -20.425850926473348 ], [ -40.361844615885445, -20.426078296546276 ], [ -40.361925015227357, -20.426127456286068 ] ] ] } },
{ "type": "Feature", "properties": { "fid": 206 }, "geometry": { "type": "Polygon", "coordinates": [ [ [ -40.361844615885445, -20.426078296546276 ], [ -40.362001064166421, -20.425850926473348 ], [ -40.361920664950588, -20.425801766762323 ], [ -40.361764216590622, -20.426029136769998 ], [ -40.361844615885445, -20.426078296546276 ] ] ] } },
{ "type": "Feature", "properties": { "fid": 207 }, "geometry": { "type": "Polygon", "coordinates": [ [ [ -40.361688167155563, -20.426305666500809 ], [ -40.361844615885445, -20.426078296546276 ], [ -40.361764216590622, -20.426029136769998 ], [ -40.361607767784378, -20.426256506655488 ], [ -40.361688167155563, -20.426305666500809 ] ] ] } },
{ "type": "Feature", "properties": { "fid": 208 }, "geometry": { "type": "Polygon", "coordinates": [ [ [ -40.361607767784378, -20.426256506655488 ], [ -40.361764216590622, -20.426029136769998 ], [ -40.361683817346851, -20.425979976951531 ], [ -40.361527368462937, -20.426207346769864 ], [ -40.361607767784378, -20.426256506655488 ] ] ] } },
{ "type": "Feature", "properties": { "fid": 209 }, "geometry": { "type": "Polygon", "coordinates": [ [ [ -40.361683817346851, -20.425979976951531 ], [ -40.361764216590622, -20.426029136769998 ], [ -40.361920664950588, -20.425801766762323 ], [ -40.361840265784508, -20.425752607010963 ], [ -40.361683817346851, -20.425979976951531 ] ] ] } },
{ "type": "Feature", "properties": { "fid": 210 }, "geometry": { "type": "Polygon", "coordinates": [ [ [ -40.361683817346851, -20.425979976951531 ], [ -40.361840265784508, -20.425752607010963 ], [ -40.361719667126607, -20.425678867311245 ], [ -40.361667517688581, -20.425754657280169 ], [ -40.361615368170966, -20.425830447226133 ], [ -40.361563218572456, -20.42590623715115 ], [ -40.361683817346851, -20.425979976951531 ] ] ] } },
{ "type": "Feature", "properties": { "fid": 211 }, "geometry": { "type": "Polygon", "coordinates": [ [ [ -40.361527368462937, -20.426207346769864 ], [ -40.361683817346851, -20.425979976951531 ], [ -40.361563218572456, -20.42590623715115 ], [ -40.361511068986545, -20.425982027077989 ], [ -40.361458919319738, -20.426057816983885 ], [ -40.361406769572028, -20.426133606868778 ], [ -40.361527368462937, -20.426207346769864 ] ] ] } },
{ "type": "Feature", "properties": { "fid": 212 }, "geometry": { "type": "Polygon", "coordinates": [ [ [ -40.361406769572028, -20.426133606868778 ], [ -40.361458919319738, -20.426057816983885 ], [ -40.361217721926728, -20.425910336959529 ], [ -40.361165572132514, -20.425986126784924 ], [ -40.361406769572028, -20.426133606868778 ] ] ] } },
{ "type": "Feature", "properties": { "fid": 213 }, "geometry": { "type": "Polygon", "coordinates": [ [ [ -40.361458919319738, -20.426057816983885 ], [ -40.361511068986545, -20.425982027077989 ], [ -40.36126987167782, -20.425834547111165 ], [ -40.361217721926728, -20.425910336959529 ], [ -40.361458919319738, -20.426057816983885 ] ] ] } },
{ "type": "Feature", "properties": { "fid": 214 }, "geometry": { "type": "Polygon", "coordinates": [ [ [ -40.361511068986545, -20.425982027077989 ], [ -40.361563218572456, -20.42590623715115 ], [ -40.361322021379195, -20.425758757249444 ], [ -40.36126987167782, -20.425834547111165 ], [ -40.361511068986545, -20.425982027077989 ] ] ] } },
{ "type": "Feature", "properties": { "fid": 215 }, "geometry": { "type": "Polygon", "coordinates": [ [ [ -40.361563218572456, -20.42590623715115 ], [ -40.361615368170966, -20.425830447226133 ], [ -40.361374171030818, -20.425682967374346 ], [ -40.361322021379195, -20.425758757249444 ], [ -40.361563218572456, -20.42590623715115 ] ] ] } },
{ "type": "Feature", "properties": { "fid": 216 }, "geometry": { "type": "Polygon", "coordinates": [ [ [ -40.361615368170966, -20.425830447226133 ], [ -40.361667517688581, -20.425754657280169 ], [ -40.361426320632731, -20.425607177485851 ], [ -40.361374171030818, -20.425682967374346 ], [ -40.361615368170966, -20.425830447226133 ] ] ] } },
{ "type": "Feature", "properties": { "fid": 217 }, "geometry": { "type": "Polygon", "coordinates": [ [ [ -40.361667517688581, -20.425754657280169 ], [ -40.361719667126607, -20.425678867311245 ], [ -40.361478470184913, -20.425531387584037 ], [ -40.361426320632731, -20.425607177485851 ], [ -40.361667517688581, -20.425754657280169 ] ] ] } },
{ "type": "Feature", "properties": { "fid": 218 }, "geometry": { "type": "Polygon", "coordinates": [ [ [ -40.361865056609275, -20.427210630877269 ], [ -40.361917206421971, -20.427134840848694 ], [ -40.361676006912099, -20.426987361614295 ], [ -40.361623857021712, -20.427063151575723 ], [ -40.361865056609275, -20.427210630877269 ] ] ] } },
{ "type": "Feature", "properties": { "fid": 219 }, "geometry": { "type": "Polygon", "coordinates": [ [ [ -40.361676006912099, -20.426987361614295 ], [ -40.361917206421971, -20.427134840848694 ], [ -40.36196935619153, -20.427059050797123 ], [ -40.361728156759362, -20.426911571629859 ], [ -40.361676006912099, -20.426987361614295 ] ] ] } },
{ "type": "Feature", "properties": { "fid": 220 }, "geometry": { "type": "Polygon", "coordinates": [ [ [ -40.361728156759362, -20.426911571629859 ], [ -40.36196935619153, -20.427059050797123 ], [ -40.362021505911372, -20.426983260732218 ], [ -40.361780306556859, -20.426835781632082 ], [ -40.361728156759362, -20.426911571629859 ] ] ] } },
{ "type": "Feature", "properties": { "fid": 221 }, "geometry": { "type": "Polygon", "coordinates": [ [ [ -40.361780306556859, -20.426835781632082 ], [ -40.362021505911372, -20.426983260732218 ], [ -40.362073655581462, -20.426907470653919 ], [ -40.361832456304654, -20.426759991620923 ], [ -40.361780306556859, -20.426835781632082 ] ] ] } },
{ "type": "Feature", "properties": { "fid": 222 }, "geometry": { "type": "Polygon", "coordinates": [ [ [ -40.361832456304654, -20.426759991620923 ], [ -40.362073655581462, -20.426907470653919 ], [ -40.362125805201842, -20.426831680562266 ], [ -40.36188460600269, -20.42668420159643 ], [ -40.361832456304654, -20.426759991620923 ] ] ] } },
{ "type": "Feature", "properties": { "fid": 223 }, "geometry": { "type": "Polygon", "coordinates": [ [ [ -40.36188460600269, -20.42668420159643 ], [ -40.362125805201842, -20.426831680562266 ], [ -40.362177954772463, -20.426755890457233 ], [ -40.361936755651008, -20.426608411558512 ], [ -40.36188460600269, -20.42668420159643 ] ] ] } },
{ "type": "Feature", "properties": { "fid": 224 }, "geometry": { "type": "Polygon", "coordinates": [ [ [ -40.361623856953152, -20.42706315153308 ], [ -40.361676006843524, -20.426987361571658 ], [ -40.361728156684158, -20.426911571596857 ], [ -40.361780306475069, -20.426835781608684 ], [ -40.361699906818984, -20.426786621829951 ], [ -40.361543457219419, -20.427013991687222 ], [ -40.361623856953152, -20.42706315153308 ] ] ] } },
{ "type": "Feature", "properties": { "fid": 225 }, "geometry": { "type": "Polygon", "coordinates": [ [ [ -40.361780306475069, -20.426835781608684 ], [ -40.361832456216248, -20.426759991607117 ], [ -40.361884605907655, -20.426684201592231 ], [ -40.361936755549365, -20.426608411563965 ], [ -40.3618563559723, -20.42655925185046 ], [ -40.361699906818984, -20.426786621829951 ], [ -40.361780306475069, -20.426835781608684 ] ] ] } },
{ "type": "Feature", "properties": { "fid": 226 }, "geometry": { "type": "Polygon", "coordinates": [ [ [ -40.361543457219419, -20.427013991687222 ], [ -40.361699906818984, -20.426786621829951 ], [ -40.361619507185999, -20.42673746200516 ], [ -40.361463057507422, -20.426964831797196 ], [ -40.361543457219419, -20.427013991687222 ] ] ] } },
{ "type": "Feature", "properties": { "fid": 227 }, "geometry": { "type": "Polygon", "coordinates": [ [ [ -40.361699906818984, -20.426786621829951 ], [ -40.3618563559723, -20.42655925185046 ], [ -40.361775956415663, -20.426510092094713 ], [ -40.361619507185999, -20.42673746200516 ], [ -40.361699906818984, -20.426786621829951 ] ] ] } },
{ "type": "Feature", "properties": { "fid": 228 }, "geometry": { "type": "Polygon", "coordinates": [ [ [ -40.361619507185999, -20.42673746200516 ], [ -40.361775956415663, -20.426510092094713 ], [ -40.361695556908778, -20.426460932298653 ], [ -40.361539107600102, -20.426688302143887 ], [ -40.361619507185999, -20.42673746200516 ] ] ] } },
{ "type": "Feature", "properties": { "fid": 229 }, "geometry": { "type": "Polygon", "coordinates": [ [ [ -40.361463057507422, -20.426964831797196 ], [ -40.361619507185999, -20.42673746200516 ], [ -40.361539107600102, -20.426688302143887 ], [ -40.361382657845155, -20.426915671866873 ], [ -40.361463057507422, -20.426964831797196 ] ] ] } },
{ "type": "Feature", "properties": { "fid": 230 }, "geometry": { "type": "Polygon", "coordinates": [ [ [ -40.361382657845155, -20.426915671866873 ], [ -40.361539107600102, -20.426688302143887 ], [ -40.361458708066593, -20.426639142238486 ], [ -40.361302258232641, -20.426866511896272 ], [ -40.361382657845155, -20.426915671866873 ] ] ] } },
{ "type": "Feature", "properties": { "fid": 231 }, "geometry": { "type": "Polygon", "coordinates": [ [ [ -40.361539107600102, -20.426688302143887 ], [ -40.361695556908778, -20.426460932298653 ], [ -40.361615157451617, -20.426411772462302 ], [ -40.361458708066593, -20.426639142238486 ], [ -40.361539107600102, -20.426688302143887 ] ] ] } },
{ "type": "Feature", "properties": { "fid": 232 }, "geometry": { "type": "Polygon", "coordinates": [ [ [ -40.361458708066593, -20.426639142238486 ], [ -40.361615157451617, -20.426411772462302 ], [ -40.361534758044165, -20.426362612585645 ], [ -40.361378308580157, -20.426589982296619 ], [ -40.361458708066593, -20.426639142238486 ] ] ] } },
{ "type": "Feature", "properties": { "fid": 233 }, "geometry": { "type": "Polygon", "coordinates": [ [ [ -40.361302258232641, -20.426866511896272 ], [ -40.361458708066593, -20.426639142238486 ], [ -40.361378308580157, -20.426589982296619 ], [ -40.36122185866985, -20.426817351885333 ], [ -40.361302258232641, -20.426866511896272 ] ] ] } },
{ "type": "Feature", "properties": { "fid": 234 }, "geometry": { "type": "Polygon", "coordinates": [ [ [ -40.36122185866985, -20.426817351885333 ], [ -40.361378308580157, -20.426589982296619 ], [ -40.361297909144774, -20.426540822312518 ], [ -40.361141459156791, -20.426768191834118 ], [ -40.36122185866985, -20.426817351885333 ] ] ] } },
{ "type": "Feature", "properties": { "fid": 235 }, "geometry": { "type": "Polygon", "coordinates": [ [ [ -40.361297909144774, -20.426540822312518 ], [ -40.361378308580157, -20.426589982296619 ], [ -40.361534758044165, -20.426362612585645 ], [ -40.36145435868648, -20.426313452668726 ], [ -40.361297909144774, -20.426540822312518 ] ] ] } },
{ "type": "Feature", "properties": { "fid": 236 }, "geometry": { "type": "Polygon", "coordinates": [ [ [ -40.361297909144774, -20.426540822312518 ], [ -40.36145435868648, -20.426313452668726 ], [ -40.361333759741193, -20.426239712720591 ], [ -40.361281609935169, -20.426315502590587 ], [ -40.361229460049515, -20.426391292437675 ], [ -40.361177310082972, -20.426467082263731 ], [ -40.361297909144774, -20.426540822312518 ] ] ] } },
{ "type": "Feature", "properties": { "fid": 237 }, "geometry": { "type": "Polygon", "coordinates": [ [ [ -40.361141459156791, -20.426768191834118 ], [ -40.361297909144774, -20.426540822312518 ], [ -40.361177310082972, -20.426467082263731 ], [ -40.361125160129049, -20.426542872091666 ], [ -40.361073010094223, -20.426618661898644 ], [ -40.361020859978481, -20.426694451684593 ], [ -40.361141459156791, -20.426768191834118 ] ] ] } },
{ "type": "Feature", "properties": { "fid": 238 }, "geometry": { "type": "Polygon", "coordinates": [ [ [ -40.361020859978481, -20.426694451684593 ], [ -40.361073010094223, -20.426618661898644 ], [ -40.360831812126413, -20.426471181377494 ], [ -40.360779661964173, -20.426546971103942 ], [ -40.361020859978481, -20.426694451684593 ] ] ] } },
{ "type": "Feature", "properties": { "fid": 239 }, "geometry": { "type": "Polygon", "coordinates": [ [ [ -40.361073010094223, -20.426618661898644 ], [ -40.361125160129049, -20.426542872091666 ], [ -40.360883962245552, -20.426395391628038 ], [ -40.360831812126413, -20.426471181377494 ], [ -40.361073010094223, -20.426618661898644 ] ] ] } },
{ "type": "Feature", "properties": { "fid": 240 }, "geometry": { "type": "Polygon", "coordinates": [ [ [ -40.361125160129049, -20.426542872091666 ], [ -40.361177310082972, -20.426467082263731 ], [ -40.360936112314924, -20.426319601865263 ], [ -40.360883962245552, -20.426395391628038 ], [ -40.361125160129049, -20.426542872091666 ] ] ] } },
{ "type": "Feature", "properties": { "fid": 241 }, "geometry": { "type": "Polygon", "coordinates": [ [ [ -40.361177310082972, -20.426467082263731 ], [ -40.361229460049515, -20.426391292437675 ], [ -40.36098826233458, -20.426243812089062 ], [ -40.360936112314924, -20.426319601865263 ], [ -40.361177310082972, -20.426467082263731 ] ] ] } },
{ "type": "Feature", "properties": { "fid": 242 }, "geometry": { "type": "Polygon", "coordinates": [ [ [ -40.361229460049515, -20.426391292437675 ], [ -40.361281609935169, -20.426315502590587 ], [ -40.361040412304504, -20.426168022299535 ], [ -40.36098826233458, -20.426243812089062 ], [ -40.361229460049515, -20.426391292437675 ] ] ] } },
{ "type": "Feature", "properties": { "fid": 243 }, "geometry": { "type": "Polygon", "coordinates": [ [ [ -40.361281609935169, -20.426315502590587 ], [ -40.361333759741193, -20.426239712720591 ], [ -40.361092562224691, -20.426092232496611 ], [ -40.361040412304504, -20.426168022299535 ], [ -40.361281609935169, -20.426315502590587 ] ] ] } },
{ "type": "Feature", "properties": { "fid": 244 }, "geometry": { "type": "Polygon", "coordinates": [ [ [ -40.361489576391222, -20.427756318693621 ], [ -40.361541726562002, -20.427680528761311 ], [ -40.361300526492798, -20.427533049043479 ], [ -40.361248376244347, -20.427608838908682 ], [ -40.361489576391222, -20.427756318693621 ] ] ] } },
{ "type": "Feature", "properties": { "fid": 245 }, "geometry": { "type": "Polygon", "coordinates": [ [ [ -40.361300526492798, -20.427533049043479 ], [ -40.361541726562002, -20.427680528761311 ], [ -40.361593876689668, -20.427604738806028 ], [ -40.361352676698161, -20.427457259155325 ], [ -40.361300526492798, -20.427533049043479 ] ] ] } },
{ "type": "Feature", "properties": { "fid": 246 }, "geometry": { "type": "Polygon", "coordinates": [ [ [ -40.361352676698161, -20.427457259155325 ], [ -40.361593876689668, -20.427604738806028 ], [ -40.361646026767581, -20.427528948837328 ], [ -40.36140482685375, -20.427381469253785 ], [ -40.361352676698161, -20.427457259155325 ] ] ] } },
{ "type": "Feature", "properties": { "fid": 247 }, "geometry": { "type": "Polygon", "coordinates": [ [ [ -40.36140482685375, -20.427381469253785 ], [ -40.361646026767581, -20.427528948837328 ], [ -40.361698176795784, -20.427453158855275 ], [ -40.36145697695963, -20.427305679338886 ], [ -40.36140482685375, -20.427381469253785 ] ] ] } },
{ "type": "Feature", "properties": { "fid": 248 }, "geometry": { "type": "Polygon", "coordinates": [ [ [ -40.36145697695963, -20.427305679338886 ], [ -40.361698176795784, -20.427453158855275 ], [ -40.361750326774242, -20.427377368859869 ], [ -40.361509127015772, -20.427229889410604 ], [ -40.36145697695963, -20.427305679338886 ] ] ] } },
{ "type": "Feature", "properties": { "fid": 249 }, "geometry": { "type": "Polygon", "coordinates": [ [ [ -40.361509127015772, -20.427229889410604 ], [ -40.361750326774242, -20.427377368859869 ], [ -40.361802476702955, -20.427301578851097 ], [ -40.361561277022176, -20.427154099468975 ], [ -40.361509127015772, -20.427229889410604 ] ] ] } },
{ "type": "Feature", "properties": { "fid": 250 }, "geometry": { "type": "Polygon", "coordinates": [ [ [ -40.361248376175766, -20.427608838866028 ], [ -40.361300526424245, -20.427533049000843 ], [ -40.361352676622971, -20.427457259122299 ], [ -40.36140482677196, -20.427381469230383 ], [ -40.361324426929457, -20.427332309290538 ], [ -40.361167976255594, -20.427559678859026 ], [ -40.361248376175766, -20.427608838866028 ] ] ] } },
{ "type": "Feature", "properties": { "fid": 251 }, "geometry": { "type": "Polygon", "coordinates": [ [ [ -40.36140482677196, -20.427381469230383 ], [ -40.361456976871217, -20.427305679325094 ], [ -40.361509126920744, -20.427229889406437 ], [ -40.361561276920533, -20.427154099474411 ], [ -40.361480877157014, -20.427104939599779 ], [ -40.361324426929457, -20.427332309290538 ], [ -40.36140482677196, -20.427381469230383 ] ] ] } },
{ "type": "Feature", "properties": { "fid": 252 }, "geometry": { "type": "Polygon", "coordinates": [ [ [ -40.361167976255594, -20.427559678859026 ], [ -40.361324426929457, -20.427332309290538 ], [ -40.36124402711004, -20.427283149304607 ], [ -40.361087576357178, -20.427510518807903 ], [ -40.361167976255594, -20.427559678859026 ] ] ] } },
{ "type": "Feature", "properties": { "fid": 253 }, "geometry": { "type": "Polygon", "coordinates": [ [ [ -40.361324426929457, -20.427332309290538 ], [ -40.361480877157014, -20.427104939599779 ], [ -40.361400477413973, -20.427055779682888 ], [ -40.36124402711004, -20.427283149304607 ], [ -40.361324426929457, -20.427332309290538 ] ] ] } },
{ "type": "Feature", "properties": { "fid": 254 }, "geometry": { "type": "Polygon", "coordinates": [ [ [ -40.36124402711004, -20.427283149304607 ], [ -40.361400477413973, -20.427055779682888 ], [ -40.361320077720642, -20.427006619725731 ], [ -40.361163627337696, -20.4272339892822 ], [ -40.36124402711004, -20.427283149304607 ] ] ] } },
{ "type": "Feature", "properties": { "fid": 255 }, "geometry": { "type": "Polygon", "coordinates": [ [ [ -40.361087576357178, -20.427510518807903 ], [ -40.36124402711004, -20.427283149304607 ], [ -40.361163627337696, -20.4272339892822 ], [ -40.361007176508494, -20.427461358716421 ], [ -40.361087576357178, -20.427510518807903 ] ] ] } },
{ "type": "Feature", "properties": { "fid": 256 }, "geometry": { "type": "Polygon", "coordinates": [ [ [ -40.361007176508494, -20.427461358716421 ], [ -40.361163627337696, -20.4272339892822 ], [ -40.361083227617762, -20.427184829215655 ], [ -40.36092677670954, -20.427412198584676 ], [ -40.361007176508494, -20.427461358716421 ] ] ] } },
{ "type": "Feature", "properties": { "fid": 257 }, "geometry": { "type": "Polygon", "coordinates": [ [ [ -40.361163627337696, -20.4272339892822 ], [ -40.361320077720642, -20.427006619725731 ], [ -40.361239678077055, -20.426957459728222 ], [ -40.361083227617762, -20.427184829215655 ], [ -40.361163627337696, -20.4272339892822 ] ] ] } },
{ "type": "Feature", "properties": { "fid": 258 }, "geometry": { "type": "Polygon", "coordinates": [ [ [ -40.361083227617762, -20.427184829215655 ], [ -40.361239678077055, -20.426957459728222 ], [ -40.361159278483193, -20.426908299690478 ], [ -40.361002827944908, -20.427135669112683 ], [ -40.361083227617762, -20.427184829215655 ] ] ] } },
{ "type": "Feature", "properties": { "fid": 259 }, "geometry": { "type": "Polygon", "coordinates": [ [ [ -40.36092677670954, -20.427412198584676 ], [ -40.361083227617762, -20.427184829215655 ], [ -40.361002827944908, -20.427135669112683 ], [ -40.360846376960332, -20.427363038412604 ], [ -40.36092677670954, -20.427412198584676 ] ] ] } },
{ "type": "Feature", "properties": { "fid": 260 }, "geometry": { "type": "Polygon", "coordinates": [ [ [ -40.360846376960332, -20.427363038412604 ], [ -40.361002827944908, -20.427135669112683 ], [ -40.3609224283231, -20.427086508967427 ], [ -40.360765977260854, -20.427313878200241 ], [ -40.360846376960332, -20.427363038412604 ] ] ] } },
{ "type": "Feature", "properties": { "fid": 261 }, "geometry": { "type": "Polygon", "coordinates": [ [ [ -40.3609224283231, -20.427086508967427 ], [ -40.361002827944908, -20.427135669112683 ], [ -40.361159278483193, -20.426908299690478 ], [ -40.361078878939054, -20.426859139612382 ], [ -40.3609224283231, -20.427086508967427 ] ] ] } },
{ "type": "Feature", "properties": { "fid": 262 }, "geometry": { "type": "Polygon", "coordinates": [ [ [ -40.3609224283231, -20.427086508967427 ], [ -40.361078878939054, -20.426859139612382 ], [ -40.36095827971414, -20.426785399422606 ], [ -40.36090612955001, -20.426861189196334 ], [ -40.360853979306277, -20.42693697894714 ], [ -40.360801828981671, -20.427012768676938 ], [ -40.3609224283231, -20.427086508967427 ] ] ] } },
{ "type": "Feature", "properties": { "fid": 263 }, "geometry": { "type": "Polygon", "coordinates": [ [ [ -40.360765977260854, -20.427313878200241 ], [ -40.3609224283231, -20.427086508967427 ], [ -40.360801828981671, -20.427012768676938 ], [ -40.360749678669649, -20.427088558408627 ], [ -40.360697528276738, -20.427164348119327 ], [ -40.360645377802904, -20.427240137809036 ], [ -40.360765977260854, -20.427313878200241 ] ] ] } },
{ "type": "Feature", "properties": { "fid": 264 }, "geometry": { "type": "Polygon", "coordinates": [ [ [ -40.360645377802904, -20.427240137809036 ], [ -40.360697528276738, -20.427164348119327 ], [ -40.360456329749674, -20.427016867114766 ], [ -40.360404179229349, -20.427092656744932 ], [ -40.360645377802904, -20.427240137809036 ] ] ] } },
{ "type": "Feature", "properties": { "fid": 265 }, "geometry": { "type": "Polygon", "coordinates": [ [ [ -40.360697528276738, -20.427164348119327 ], [ -40.360749678669649, -20.427088558408627 ], [ -40.360508480226891, -20.426941077461617 ], [ -40.360456329749674, -20.427016867114766 ], [ -40.360697528276738, -20.427164348119327 ] ] ] } },
{ "type": "Feature", "properties": { "fid": 266 }, "geometry": { "type": "Polygon", "coordinates": [ [ [ -40.360749678669649, -20.427088558408627 ], [ -40.360801828981671, -20.427012768676938 ], [ -40.360560630654362, -20.426865287795049 ], [ -40.360508480226891, -20.426941077461617 ], [ -40.360749678669649, -20.427088558408627 ] ] ] } },
{ "type": "Feature", "properties": { "fid": 267 }, "geometry": { "type": "Polygon", "coordinates": [ [ [ -40.360801828981671, -20.427012768676938 ], [ -40.360853979306277, -20.42693697894714 ], [ -40.36061278103211, -20.426789498115138 ], [ -40.360560630654362, -20.426865287795049 ], [ -40.360801828981671, -20.427012768676938 ] ] ] } },
{ "type": "Feature", "properties": { "fid": 268 }, "geometry": { "type": "Polygon", "coordinates": [ [ [ -40.360853979306277, -20.42693697894714 ], [ -40.36090612955001, -20.426861189196334 ], [ -40.36066493136012, -20.426713708421858 ], [ -40.36061278103211, -20.426789498115138 ], [ -40.360853979306277, -20.42693697894714 ] ] ] } },
{ "type": "Feature", "properties": { "fid": 269 }, "geometry": { "type": "Polygon", "coordinates": [ [ [ -40.36090612955001, -20.426861189196334 ], [ -40.36095827971414, -20.426785399422606 ], [ -40.360717081638377, -20.42663791871518 ], [ -40.36066493136012, -20.426713708421858 ], [ -40.36090612955001, -20.426861189196334 ] ] ] } },
{ "type": "Feature", "properties": { "fid": 270 }, "geometry": { "type": "Polygon", "coordinates": [ [ [ -40.361114093731175, -20.428302005950467 ], [ -40.361166244260069, -20.428226216114389 ], [ -40.360925043631553, -20.428078735913129 ], [ -40.360872893024997, -20.42815452568205 ], [ -40.361114093731175, -20.428302005950467 ] ] ] } },
{ "type": "Feature", "properties": { "fid": 271 }, "geometry": { "type": "Polygon", "coordinates": [ [ [ -40.360925043631553, -20.428078735913129 ], [ -40.361166244260069, -20.428226216114389 ], [ -40.361218394745833, -20.42815042625535 ], [ -40.360977194195009, -20.428002946121268 ], [ -40.360925043631553, -20.428078735913129 ] ] ] } },
{ "type": "Feature", "properties": { "fid": 272 }, "geometry": { "type": "Polygon", "coordinates": [ [ [ -40.360977194195009, -20.428002946121268 ], [ -40.361218394745833, -20.42815042625535 ], [ -40.361270545181874, -20.42807463638292 ], [ -40.361029344708719, -20.427927156315985 ], [ -40.360977194195009, -20.428002946121268 ] ] ] } },
{ "type": "Feature", "properties": { "fid": 273 }, "geometry": { "type": "Polygon", "coordinates": [ [ [ -40.361029344708719, -20.427927156315985 ], [ -40.361270545181874, -20.42807463638292 ], [ -40.361322695568163, -20.427998846497129 ], [ -40.361081495172705, -20.427851366497315 ], [ -40.361029344708719, -20.427927156315985 ] ] ] } },
{ "type": "Feature", "properties": { "fid": 274 }, "geometry": { "type": "Polygon", "coordinates": [ [ [ -40.361081495172705, -20.427851366497315 ], [ -40.361322695568163, -20.427998846497129 ], [ -40.36137484590472, -20.427923056597951 ], [ -40.361133645586953, -20.427775576665312 ], [ -40.361081495172705, -20.427851366497315 ] ] ] } },
{ "type": "Feature", "properties": { "fid": 275 }, "geometry": { "type": "Polygon", "coordinates": [ [ [ -40.361133645586953, -20.427775576665312 ], [ -40.36137484590472, -20.427923056597951 ], [ -40.36142699619154, -20.42784726668545 ], [ -40.361185795951457, -20.427699786819932 ], [ -40.361133645586953, -20.427775576665312 ] ] ] } },
{ "type": "Feature", "properties": { "fid": 276 }, "geometry": { "type": "Polygon", "coordinates": [ [ [ -40.360872892956408, -20.428154525639421 ], [ -40.360925043562979, -20.428078735870507 ], [ -40.360977194119826, -20.428002946088224 ], [ -40.361029344626935, -20.427927156292583 ], [ -40.360948944597986, -20.427877996191569 ], [ -40.360792492849811, -20.428105365471289 ], [ -40.360872892956408, -20.428154525639421 ] ] ] } },
{ "type": "Feature", "properties": { "fid": 277 }, "geometry": { "type": "Polygon", "coordinates": [ [ [ -40.361029344626935, -20.427927156292583 ], [ -40.361081495084285, -20.427851366483555 ], [ -40.361133645491911, -20.427775576661141 ], [ -40.361185795849799, -20.427699786825404 ], [ -40.361105395899884, -20.427650626789585 ], [ -40.360948944597986, -20.427877996191569 ], [ -40.361029344626935, -20.427927156292583 ] ] ] } },
{ "type": "Feature", "properties": { "fid": 278 }, "geometry": { "type": "Polygon", "coordinates": [ [ [ -40.360792492849811, -20.428105365471289 ], [ -40.360948944597986, -20.427877996191569 ], [ -40.360868544592151, -20.427828836044487 ], [ -40.360712092764942, -20.428056205258986 ], [ -40.360792492849811, -20.428105365471289 ] ] ] } },
{ "type": "Feature", "properties": { "fid": 279 }, "geometry": { "type": "Polygon", "coordinates": [ [ [ -40.360948944597986, -20.427877996191569 ], [ -40.361105395899884, -20.427650626789585 ], [ -40.361024995970389, -20.427601466711568 ], [ -40.360868544592151, -20.427828836044487 ], [ -40.360948944597986, -20.427877996191569 ] ] ] } },
{ "type": "Feature", "properties": { "fid": 280 }, "geometry": { "type": "Polygon", "coordinates": [ [ [ -40.360868544592151, -20.427828836044487 ], [ -40.361024995970389, -20.427601466711568 ], [ -40.360944596090619, -20.427552306593267 ], [ -40.360788144633382, -20.427779675860958 ], [ -40.360868544592151, -20.427828836044487 ] ] ] } },
{ "type": "Feature", "properties": { "fid": 281 }, "geometry": { "type": "Polygon", "coordinates": [ [ [ -40.360712092764942, -20.428056205258986 ], [ -40.360868544592151, -20.427828836044487 ], [ -40.360788144633382, -20.427779675860958 ], [ -40.360631692729825, -20.428007045006375 ], [ -40.360712092764942, -20.428056205258986 ] ] ] } },
{ "type": "Feature", "properties": { "fid": 282 }, "geometry": { "type": "Polygon", "coordinates": [ [ [ -40.360631692729825, -20.428007045006375 ], [ -40.360788144633382, -20.427779675860958 ], [ -40.360707744727016, -20.427730515633275 ], [ -40.360551292744454, -20.427957884713489 ], [ -40.360631692729825, -20.428007045006375 ] ] ] } },
{ "type": "Feature", "properties": { "fid": 283 }, "geometry": { "type": "Polygon", "coordinates": [ [ [ -40.360788144633382, -20.427779675860958 ], [ -40.360944596090619, -20.427552306593267 ], [ -40.3608641962606, -20.427503146434653 ], [ -40.360707744727016, -20.427730515633275 ], [ -40.360788144633382, -20.427779675860958 ] ] ] } },
{ "type": "Feature", "properties": { "fid": 284 }, "geometry": { "type": "Polygon", "coordinates": [ [ [ -40.360707744727016, -20.427730515633275 ], [ -40.3608641962606, -20.427503146434653 ], [ -40.36078379648032, -20.427453986235736 ], [ -40.360627344867716, -20.427681355369135 ], [ -40.360707744727016, -20.427730515633275 ] ] ] } },
{ "type": "Feature", "properties": { "fid": 285 }, "geometry": { "type": "Polygon", "coordinates": [ [ [ -40.360551292744454, -20.427957884713489 ], [ -40.360707744727016, -20.427730515633275 ], [ -40.360627344867716, -20.427681355369135 ], [ -40.36047089280882, -20.427908724380273 ], [ -40.360551292744454, -20.427957884713489 ] ] ] } },
{ "type": "Feature", "properties": { "fid": 286 }, "geometry": { "type": "Polygon", "coordinates": [ [ [ -40.36047089280882, -20.427908724380273 ], [ -40.360627344867716, -20.427681355369135 ], [ -40.360546945059511, -20.427632195062788 ], [ -40.360390492922924, -20.427859564006777 ], [ -40.36047089280882, -20.427908724380273 ] ] ] } },
{ "type": "Feature", "properties": { "fid": 287 }, "geometry": { "type": "Polygon", "coordinates": [ [ [ -40.360546945059511, -20.427632195062788 ], [ -40.360627344867716, -20.427681355369135 ], [ -40.36078379648032, -20.427453986235736 ], [ -40.36070339674977, -20.427404825996518 ], [ -40.360546945059511, -20.427632195062788 ] ] ] } },
{ "type": "Feature", "properties": { "fid": 288 }, "geometry": { "type": "Polygon", "coordinates": [ [ [ -40.360546945059511, -20.427632195062788 ], [ -40.36070339674977, -20.427404825996518 ], [ -40.360582797245222, -20.427331085565022 ], [ -40.360530646722985, -20.427406875242486 ], [ -40.360478496121182, -20.42748266489702 ], [ -40.360426345438448, -20.427558454530569 ], [ -40.360546945059511, -20.427632195062788 ] ] ] } },
{ "type": "Feature", "properties": { "fid": 289 }, "geometry": { "type": "Polygon", "coordinates": [ [ [ -40.360390492922924, -20.427859564006777 ], [ -40.360546945059511, -20.427632195062788 ], [ -40.360426345438448, -20.427558454530569 ], [ -40.360374194768312, -20.427634244165976 ], [ -40.360322044017295, -20.427710033780425 ], [ -40.360269893185347, -20.42778582337381 ], [ -40.360390492922924, -20.427859564006777 ] ] ] } },
{ "type": "Feature", "properties": { "fid": 290 }, "geometry": { "type": "Polygon", "coordinates": [ [ [ -40.360269893185347, -20.42778582337381 ], [ -40.360322044017295, -20.427710033780425 ], [ -40.360080844930984, -20.427562552292414 ], [ -40.360028694052559, -20.427638341826331 ], [ -40.360269893185347, -20.42778582337381 ] ] ] } },
{ "type": "Feature", "properties": { "fid": 291 }, "geometry": { "type": "Polygon", "coordinates": [ [ [ -40.360322044017295, -20.427710033780425 ], [ -40.360374194768312, -20.427634244165976 ], [ -40.360132995766321, -20.427486762735512 ], [ -40.360080844930984, -20.427562552292414 ], [ -40.360322044017295, -20.427710033780425 ] ] ] } },
{ "type": "Feature", "properties": { "fid": 292 }, "geometry": { "type": "Polygon", "coordinates": [ [ [ -40.360374194768312, -20.427634244165976 ], [ -40.360426345438448, -20.427558454530569 ], [ -40.360185146551885, -20.427410973165241 ], [ -40.360132995766321, -20.427486762735512 ], [ -40.360374194768312, -20.427634244165976 ] ] ] } },
{ "type": "Feature", "properties": { "fid": 293 }, "geometry": { "type": "Polygon", "coordinates": [ [ [ -40.360426345438448, -20.427558454530569 ], [ -40.360478496121182, -20.42748266489702 ], [ -40.360237297287739, -20.427335183581601 ], [ -40.360185146551885, -20.427410973165241 ], [ -40.360426345438448, -20.427558454530569 ] ] ] } },
{ "type": "Feature", "properties": { "fid": 294 }, "geometry": { "type": "Polygon", "coordinates": [ [ [ -40.360478496121182, -20.42748266489702 ], [ -40.360530646722985, -20.427406875242486 ], [ -40.360289447973834, -20.427259393984595 ], [ -40.360237297287739, -20.427335183581601 ], [ -40.360478496121182, -20.42748266489702 ] ] ] } },
{ "type": "Feature", "properties": { "fid": 295 }, "geometry": { "type": "Polygon", "coordinates": [ [ [ -40.360530646722985, -20.427406875242486 ], [ -40.360582797245222, -20.427331085565022 ], [ -40.360341598610212, -20.427183604374179 ], [ -40.360289447973834, -20.427259393984595 ], [ -40.360530646722985, -20.427406875242486 ] ] ] } },
{ "type": "Feature", "properties": { "fid": 296 }, "geometry": { "type": "Polygon", "coordinates": [ [ [ -40.360717747986172, -20.428878008274797 ], [ -40.360769898893103, -20.428802218540334 ], [ -40.360528697674219, -20.428654737828811 ], [ -40.360476546769277, -20.42873052752266 ], [ -40.360717747986172, -20.428878008274797 ] ] ] } },
{ "type": "Feature", "properties": { "fid": 297 }, "geometry": { "type": "Polygon", "coordinates": [ [ [ -40.360528697674219, -20.428654737828811 ], [ -40.360769898893103, -20.428802218540334 ], [ -40.360822049756877, -20.428726428782923 ], [ -40.360580848615697, -20.428578948138505 ], [ -40.360528697674219, -20.428654737828811 ] ] ] } },
{ "type": "Feature", "properties": { "fid": 298 }, "geometry": { "type": "Polygon", "coordinates": [ [ [ -40.360580848615697, -20.428578948138505 ], [ -40.360822049756877, -20.428726428782923 ], [ -40.36087420057094, -20.428650639012133 ], [ -40.360632999507423, -20.428503158434861 ], [ -40.360580848615697, -20.428578948138505 ] ] ] } },
{ "type": "Feature", "properties": { "fid": 299 }, "geometry": { "type": "Polygon", "coordinates": [ [ [ -40.360632999507423, -20.428503158434861 ], [ -40.36087420057094, -20.428650639012133 ], [ -40.360926351335252, -20.428574849227942 ], [ -40.360952426683689, -20.428536954352719 ], [ -40.360711225736715, -20.428389473876233 ], [ -40.360632999507423, -20.428503158434861 ] ] ] } },
{ "type": "Feature", "properties": { "fid": 300 }, "geometry": { "type": "Polygon", "coordinates": [ [ [ -40.360632999507423, -20.428503158434861 ], [ -40.360512399148526, -20.428429418003002 ], [ -40.360355946266516, -20.428656787029787 ], [ -40.360476546769277, -20.42873052752266 ], [ -40.360528697674219, -20.428654737828811 ], [ -40.360580848615697, -20.428578948138505 ], [ -40.360632999507423, -20.428503158434861 ] ] ] } },
{ "type": "Feature", "properties": { "fid": 301 }, "geometry": { "type": "Polygon", "coordinates": [ [ [ -40.360512399148526, -20.428429418003002 ], [ -40.360632999507423, -20.428503158434861 ], [ -40.360711225736715, -20.428389473876233 ], [ -40.360737301148291, -20.428351578977828 ], [ -40.360789451782537, -20.428275789249117 ], [ -40.360709051635823, -20.42822662904323 ], [ -40.360668851512813, -20.428202048957679 ], [ -40.360512399148526, -20.428429418003002 ] ] ] } },
{ "type": "Feature", "properties": { "fid": 302 }, "geometry": { "type": "Polygon", "coordinates": [ [ [ -40.360512399148526, -20.428429418003002 ], [ -40.360391798850827, -20.428355677456278 ], [ -40.360235345804121, -20.428583046310095 ], [ -40.360355946266516, -20.428656787029787 ], [ -40.360512399148526, -20.428429418003002 ] ] ] } },
{ "type": "Feature", "properties": { "fid": 303 }, "geometry": { "type": "Polygon", "coordinates": [ [ [ -40.360391798850827, -20.428355677456278 ], [ -40.360512399148526, -20.428429418003002 ], [ -40.360668851512813, -20.428202048957679 ], [ -40.360628651509529, -20.428177468795102 ], [ -40.360548251432995, -20.428128308506714 ], [ -40.360391798850827, -20.428355677456278 ] ] ] } },
{ "type": "Feature", "properties": { "fid": 304 }, "geometry": { "type": "Polygon", "coordinates": [ [ [ -40.360952426683689, -20.428536954352719 ], [ -40.360978502050152, -20.42849905942991 ], [ -40.361030652714653, -20.42842326961949 ], [ -40.36078945188418, -20.428275789243663 ], [ -40.360737301148291, -20.428351578977828 ], [ -40.360711225736715, -20.428389473876233 ], [ -40.360952426683689, -20.428536954352719 ] ] ] } },
{ "type": "Feature", "properties": { "fid": 305 }, "geometry": { "type": "Polygon", "coordinates": [ [ [ -40.360235345804121, -20.428583046310095 ], [ -40.360391798850827, -20.428355677456278 ], [ -40.360311398738567, -20.428306517071761 ], [ -40.360154945621964, -20.428533885847095 ], [ -40.360235345804121, -20.428583046310095 ] ] ] } },
{ "type": "Feature", "properties": { "fid": 306 }, "geometry": { "type": "Polygon", "coordinates": [ [ [ -40.360391798850827, -20.428355677456278 ], [ -40.360548251432995, -20.428128308506714 ], [ -40.360467851406199, -20.428079148177979 ], [ -40.360311398738567, -20.428306517071761 ], [ -40.360391798850827, -20.428355677456278 ] ] ] } },
{ "type": "Feature", "properties": { "fid": 307 }, "geometry": { "type": "Polygon", "coordinates": [ [ [ -40.360311398738567, -20.428306517071761 ], [ -40.360467851406199, -20.428079148177979 ], [ -40.360387451429126, -20.42802998780898 ], [ -40.360230998682496, -20.428257356637534 ], [ -40.360311398738567, -20.428306517071761 ] ] ] } },
{ "type": "Feature", "properties": { "fid": 308 }, "geometry": { "type": "Polygon", "coordinates": [ [ [ -40.360154945621964, -20.428533885847095 ], [ -40.360311398738567, -20.428306517071761 ], [ -40.360230998682496, -20.428257356637534 ], [ -40.360074545489546, -20.428484725343786 ], [ -40.360154945621964, -20.428533885847095 ] ] ] } },
{ "type": "Feature", "properties": { "fid": 309 }, "geometry": { "type": "Polygon", "coordinates": [ [ [ -40.360074545489546, -20.428484725343786 ], [ -40.360230998682496, -20.428257356637534 ], [ -40.360150598677492, -20.428208196161066 ], [ -40.359994145406858, -20.428435564800171 ], [ -40.360074545489546, -20.428484725343786 ] ] ] } },
{ "type": "Feature", "properties": { "fid": 310 }, "geometry": { "type": "Polygon", "coordinates": [ [ [ -40.360150598677492, -20.428208196161066 ], [ -40.360230998682496, -20.428257356637534 ], [ -40.360387451429126, -20.42802998780898 ], [ -40.360307051501799, -20.427980827399669 ], [ -40.360150598677492, -20.428208196161066 ] ] ] } },
{ "type": "Feature", "properties": { "fid": 311 }, "geometry": { "type": "Polygon", "coordinates": [ [ [ -40.360150598677492, -20.428208196161066 ], [ -40.360307051501799, -20.427980827399669 ], [ -40.360186451702077, -20.427907086713024 ], [ -40.360134300801846, -20.427982876288862 ], [ -40.360082149822006, -20.428058665841778 ], [ -40.360029998761284, -20.428134455373694 ], [ -40.360150598677492, -20.428208196161066 ] ] ] } },
{ "type": "Feature", "properties": { "fid": 312 }, "geometry": { "type": "Polygon", "coordinates": [ [ [ -40.359994145406858, -20.428435564800171 ], [ -40.360150598677492, -20.428208196161066 ], [ -40.360029998761284, -20.428134455373694 ], [ -40.359977847713147, -20.42821024490749 ], [ -40.359925696584106, -20.428286034420275 ], [ -40.359873545374128, -20.428361823912066 ], [ -40.359994145406858, -20.428435564800171 ] ] ] } },
{ "type": "Feature", "properties": { "fid": 313 }, "geometry": { "type": "Polygon", "coordinates": [ [ [ -40.359873545374128, -20.428361823912066 ], [ -40.359925696584106, -20.428286034420275 ], [ -40.359684496907484, -20.428138552421952 ], [ -40.359632345651029, -20.428214341854229 ], [ -40.359873545374128, -20.428361823912066 ] ] ] } },
{ "type": "Feature", "properties": { "fid": 314 }, "geometry": { "type": "Polygon", "coordinates": [ [ [ -40.359925696584106, -20.428286034420275 ], [ -40.359977847713147, -20.42821024490749 ], [ -40.359736648120823, -20.4280627629667 ], [ -40.359684496907484, -20.428138552421952 ], [ -40.359925696584106, -20.428286034420275 ] ] ] } },
{ "type": "Feature", "properties": { "fid": 315 }, "geometry": { "type": "Polygon", "coordinates": [ [ [ -40.359977847713147, -20.42821024490749 ], [ -40.360029998761284, -20.428134455373694 ], [ -40.359788799284409, -20.427986973498061 ], [ -40.359736648120823, -20.4280627629667 ], [ -40.359977847713147, -20.42821024490749 ] ] ] } },
{ "type": "Feature", "properties": { "fid": 316 }, "geometry": { "type": "Polygon", "coordinates": [ [ [ -40.360029998761284, -20.428134455373694 ], [ -40.360082149822006, -20.428058665841778 ], [ -40.359840950398272, -20.427911184016036 ], [ -40.359788799284409, -20.427986973498061 ], [ -40.360029998761284, -20.428134455373694 ] ] ] } },
{ "type": "Feature", "properties": { "fid": 317 }, "geometry": { "type": "Polygon", "coordinates": [ [ [ -40.360082149822006, -20.428058665841778 ], [ -40.360134300801846, -20.427982876288862 ], [ -40.359893101462397, -20.427835394520663 ], [ -40.359840950398272, -20.427911184016036 ], [ -40.360082149822006, -20.428058665841778 ] ] ] } },
{ "type": "Feature", "properties": { "fid": 318 }, "geometry": { "type": "Polygon", "coordinates": [ [ [ -40.360134300801846, -20.427982876288862 ], [ -40.360186451702077, -20.427907086713024 ], [ -40.359945252476763, -20.427759605011918 ], [ -40.359893101462397, -20.427835394520663 ], [ -40.360134300801846, -20.427982876288862 ] ] ] } },
{ "type": "Feature", "properties": { "fid": 319 }, "geometry": { "type": "Polygon", "coordinates": [ [ [ -40.360342259973294, -20.429423694074668 ], [ -40.36039441123836, -20.429347904436526 ], [ -40.360153209460194, -20.429200423241515 ], [ -40.360101058117429, -20.429276212812503 ], [ -40.360342259973294, -20.429423694074668 ] ] ] } },
{ "type": "Feature", "properties": { "fid": 320 }, "geometry": { "type": "Polygon", "coordinates": [ [ [ -40.360153209460194, -20.429200423241515 ], [ -40.36039441123836, -20.429347904436526 ], [ -40.360446562460282, -20.429272114775404 ], [ -40.360205360759785, -20.429124633647511 ], [ -40.360153209460194, -20.429200423241515 ] ] ] } },
{ "type": "Feature", "properties": { "fid": 321 }, "geometry": { "type": "Polygon", "coordinates": [ [ [ -40.360205360759785, -20.429124633647511 ], [ -40.360446562460282, -20.429272114775404 ], [ -40.360498713632488, -20.42919632510085 ], [ -40.360257512009674, -20.429048844040139 ], [ -40.360205360759785, -20.429124633647511 ] ] ] } },
{ "type": "Feature", "properties": { "fid": 322 }, "geometry": { "type": "Polygon", "coordinates": [ [ [ -40.360257512009674, -20.429048844040139 ], [ -40.360498713632488, -20.42919632510085 ], [ -40.360550864754934, -20.429120535412956 ], [ -40.360309663209797, -20.428973054419401 ], [ -40.360257512009674, -20.429048844040139 ] ] ] } },
{ "type": "Feature", "properties": { "fid": 323 }, "geometry": { "type": "Polygon", "coordinates": [ [ [ -40.360309663209797, -20.428973054419401 ], [ -40.360550864754934, -20.429120535412956 ], [ -40.360603015827657, -20.429044745711689 ], [ -40.360361814360189, -20.428897264785274 ], [ -40.360309663209797, -20.428973054419401 ] ] ] } },
{ "type": "Feature", "properties": { "fid": 324 }, "geometry": { "type": "Polygon", "coordinates": [ [ [ -40.360361814360189, -20.428897264785274 ], [ -40.360603015827657, -20.429044745711689 ], [ -40.36065516685062, -20.428968955997043 ], [ -40.360413965460836, -20.428821475137784 ], [ -40.360361814360189, -20.428897264785274 ] ] ] } },
{ "type": "Feature", "properties": { "fid": 325 }, "geometry": { "type": "Polygon", "coordinates": [ [ [ -40.360101058048869, -20.429276212769878 ], [ -40.360153209391612, -20.429200423198886 ], [ -40.36020536068461, -20.429124633614467 ], [ -40.360257511927877, -20.429048844016705 ], [ -40.360177111515711, -20.428999683584465 ], [ -40.360020657559041, -20.42922705227047 ], [ -40.360101058048869, -20.429276212769878 ] ] ] } },
{ "type": "Feature", "properties": { "fid": 326 }, "geometry": { "type": "Polygon", "coordinates": [ [ [ -40.360257511927877, -20.429048844016705 ], [ -40.360309663121384, -20.428973054405606 ], [ -40.360361814265154, -20.428897264781089 ], [ -40.360413965359186, -20.428821475143227 ], [ -40.360333565026032, -20.428772314776172 ], [ -40.360177111515711, -20.428999683584465 ], [ -40.360257511927877, -20.429048844016705 ] ] ] } },
{ "type": "Feature", "properties": { "fid": 327 }, "geometry": { "type": "Polygon", "coordinates": [ [ [ -40.360020657559041, -20.42922705227047 ], [ -40.360177111515711, -20.428999683584465 ], [ -40.360096711126658, -20.428950523106135 ], [ -40.359940257090962, -20.429177891726901 ], [ -40.360020657559041, -20.42922705227047 ] ] ] } },
{ "type": "Feature", "properties": { "fid": 328 }, "geometry": { "type": "Polygon", "coordinates": [ [ [ -40.360177111515711, -20.428999683584465 ], [ -40.360333565026032, -20.428772314776172 ], [ -40.360253164713313, -20.428723154366903 ], [ -40.360096711126658, -20.428950523106135 ], [ -40.360177111515711, -20.428999683584465 ] ] ] } },
{ "type": "Feature", "properties": { "fid": 329 }, "geometry": { "type": "Polygon", "coordinates": [ [ [ -40.360096711126658, -20.428950523106135 ], [ -40.360253164713313, -20.428723154366903 ], [ -40.360172764450361, -20.428673993917332 ], [ -40.360016310784687, -20.428901362591329 ], [ -40.360096711126658, -20.428950523106135 ] ] ] } },
{ "type": "Feature", "properties": { "fid": 330 }, "geometry": { "type": "Polygon", "coordinates": [ [ [ -40.359940257090962, -20.429177891726901 ], [ -40.360096711126658, -20.428950523106135 ], [ -40.360016310784687, -20.428901362591329 ], [ -40.359859856672649, -20.429128731143035 ], [ -40.359940257090962, -20.429177891726901 ] ] ] } },
{ "type": "Feature", "properties": { "fid": 331 }, "geometry": { "type": "Polygon", "coordinates": [ [ [ -40.359859856672649, -20.429128731143035 ], [ -40.360016310784687, -20.428901362591329 ], [ -40.359935910495118, -20.428852202032406 ], [ -40.359779456304075, -20.429079570518873 ], [ -40.359859856672649, -20.429128731143035 ] ] ] } },
{ "type": "Feature", "properties": { "fid": 332 }, "geometry": { "type": "Polygon", "coordinates": [ [ [ -40.360016310784687, -20.428901362591329 ], [ -40.360172764450361, -20.428673993917332 ], [ -40.360092364237126, -20.428624833427492 ], [ -40.359935910495118, -20.428852202032406 ], [ -40.360016310784687, -20.428901362591329 ] ] ] } },
{ "type": "Feature", "properties": { "fid": 333 }, "geometry": { "type": "Polygon", "coordinates": [ [ [ -40.359935910495118, -20.428852202032406 ], [ -40.360092364237126, -20.428624833427492 ], [ -40.360011964073642, -20.428575672897335 ], [ -40.359855510252615, -20.428803041436982 ], [ -40.359935910495118, -20.428852202032406 ] ] ] } },
{ "type": "Feature", "properties": { "fid": 334 }, "geometry": { "type": "Polygon", "coordinates": [ [ [ -40.359779456304075, -20.429079570518873 ], [ -40.359935910495118, -20.428852202032406 ], [ -40.359855510252615, -20.428803041436982 ], [ -40.359699055985246, -20.429030409854388 ], [ -40.359779456304075, -20.429079570518873 ] ] ] } },
{ "type": "Feature", "properties": { "fid": 335 }, "geometry": { "type": "Polygon", "coordinates": [ [ [ -40.359699055985246, -20.429030409854388 ], [ -40.359855510252615, -20.428803041436982 ], [ -40.359775110061207, -20.428753880799359 ], [ -40.359618655716154, -20.428981249149633 ], [ -40.359699055985246, -20.429030409854388 ] ] ] } },
{ "type": "Feature", "properties": { "fid": 336 }, "geometry": { "type": "Polygon", "coordinates": [ [ [ -40.359775110061207, -20.428753880799359 ], [ -40.359855510252615, -20.428803041436982 ], [ -40.360011964073642, -20.428575672897335 ], [ -40.359931563959918, -20.42852651232684 ], [ -40.359775110061207, -20.428753880799359 ] ] ] } },
{ "type": "Feature", "properties": { "fid": 337 }, "geometry": { "type": "Polygon", "coordinates": [ [ [ -40.359775110061207, -20.428753880799359 ], [ -40.359931563959918, -20.42852651232684 ], [ -40.359810963880562, -20.428452771398451 ], [ -40.359758812622204, -20.428528560878004 ], [ -40.359706661284243, -20.428604350334631 ], [ -40.359654509865365, -20.428680139770272 ], [ -40.359775110061207, -20.428753880799359 ] ] ] } },
{ "type": "Feature", "properties": { "fid": 338 }, "geometry": { "type": "Polygon", "coordinates": [ [ [ -40.359618655716154, -20.428981249149633 ], [ -40.359775110061207, -20.428753880799359 ], [ -40.359654509865365, -20.428680139770272 ], [ -40.359602358459092, -20.428755929207767 ], [ -40.359550206971917, -20.428831718624298 ], [ -40.359498055403797, -20.428907508019783 ], [ -40.359618655716154, -20.428981249149633 ] ] ] } },
{ "type": "Feature", "properties": { "fid": 339 }, "geometry": { "type": "Polygon", "coordinates": [ [ [ -40.359498055403797, -20.428907508019783 ], [ -40.359550206971917, -20.428831718624298 ], [ -40.359309006736055, -20.428684236142495 ], [ -40.359256855121465, -20.428760025478468 ], [ -40.359498055403797, -20.428907508019783 ] ] ] } },
{ "type": "Feature", "properties": { "fid": 340 }, "geometry": { "type": "Polygon", "coordinates": [ [ [ -40.359550206971917, -20.428831718624298 ], [ -40.359602358459092, -20.428755929207767 ], [ -40.359361158307543, -20.4286084467835 ], [ -40.359309006736055, -20.428684236142495 ], [ -40.359550206971917, -20.428831718624298 ] ] ] } },
{ "type": "Feature", "properties": { "fid": 341 }, "geometry": { "type": "Polygon", "coordinates": [ [ [ -40.359602358459092, -20.428755929207767 ], [ -40.359654509865365, -20.428680139770272 ], [ -40.359413309829264, -20.428532657411168 ], [ -40.359361158307543, -20.4286084467835 ], [ -40.359602358459092, -20.428755929207767 ] ] ] } },
{ "type": "Feature", "properties": { "fid": 342 }, "geometry": { "type": "Polygon", "coordinates": [ [ [ -40.359654509865365, -20.428680139770272 ], [ -40.359706661284243, -20.428604350334631 ], [ -40.359465461301255, -20.428456868025449 ], [ -40.359413309829264, -20.428532657411168 ], [ -40.359654509865365, -20.428680139770272 ] ] ] } },
{ "type": "Feature", "properties": { "fid": 343 }, "geometry": { "type": "Polygon", "coordinates": [ [ [ -40.359706661284243, -20.428604350334631 ], [ -40.359758812622204, -20.428528560878004 ], [ -40.359517612723508, -20.428381078626344 ], [ -40.359465461301255, -20.428456868025449 ], [ -40.359706661284243, -20.428604350334631 ] ] ] } },
{ "type": "Feature", "properties": { "fid": 344 }, "geometry": { "type": "Polygon", "coordinates": [ [ [ -40.359758812622204, -20.428528560878004 ], [ -40.359810963880562, -20.428452771398451 ], [ -40.359569764096015, -20.428305289213878 ], [ -40.359517612723508, -20.428381078626344 ], [ -40.359758812622204, -20.428528560878004 ] ] ] } },
{ "type": "Feature", "properties": { "fid": 345 }, "geometry": { "type": "Polygon", "coordinates": [ [ [ -40.359966769889859, -20.429969378251297 ], [ -40.360044996676997, -20.429855694807554 ], [ -40.359803794378344, -20.429708213162638 ], [ -40.359725567462448, -20.429821896483375 ], [ -40.359966769889859, -20.429969378251297 ] ] ] } },
{ "type": "Feature", "properties": { "fid": 346 }, "geometry": { "type": "Polygon", "coordinates": [ [ [ -40.359966769260787, -20.429969379125414 ], [ -40.359966769889859, -20.429969378251297 ], [ -40.359725567462448, -20.429821896483375 ], [ -40.359725566845661, -20.429821897379725 ], [ -40.359966769260787, -20.429969379125414 ] ] ] } },
{ "type": "Feature", "properties": { "fid": 347 }, "geometry": { "type": "Polygon", "coordinates": [ [ [ -40.359725566845661, -20.429821897379725 ], [ -40.359725567462448, -20.429821896483375 ], [ -40.359645166777142, -20.429772735828344 ], [ -40.35964516617269, -20.42977273670677 ], [ -40.359725566845661, -20.429821897379725 ] ] ] } },
{ "type": "Feature", "properties": { "fid": 348 }, "geometry": { "type": "Polygon", "coordinates": [ [ [ -40.359725567462448, -20.429821896483375 ], [ -40.359803794378344, -20.429708213162638 ], [ -40.359882021791506, -20.429594528926561 ], [ -40.359801621203836, -20.429545368309654 ], [ -40.359645166777142, -20.429772735828344 ], [ -40.359725567462448, -20.429821896483375 ] ] ] } },
{ "type": "Feature", "properties": { "fid": 349 }, "geometry": { "type": "Polygon", "coordinates": [ [ [ -40.359803794378344, -20.429708213162638 ], [ -40.360044996676997, -20.429855694807554 ], [ -40.360123223973616, -20.429742010470768 ], [ -40.359882021791506, -20.429594528926561 ], [ -40.359803794378344, -20.429708213162638 ] ] ] } },
{ "type": "Feature", "properties": { "fid": 350 }, "geometry": { "type": "Polygon", "coordinates": [ [ [ -40.359882021791506, -20.429594528926561 ], [ -40.360123223973616, -20.429742010470768 ], [ -40.360175375449607, -20.429666220885814 ], [ -40.359934173345188, -20.429518739408799 ], [ -40.359882021791506, -20.429594528926561 ] ] ] } },
{ "type": "Feature", "properties": { "fid": 351 }, "geometry": { "type": "Polygon", "coordinates": [ [ [ -40.359934173345188, -20.429518739408799 ], [ -40.360175375449607, -20.429666220885814 ], [ -40.360227526880472, -20.429590431280843 ], [ -40.359986324853715, -20.429442949870921 ], [ -40.359934173345188, -20.429518739408799 ] ] ] } },
{ "type": "Feature", "properties": { "fid": 352 }, "geometry": { "type": "Polygon", "coordinates": [ [ [ -40.359986324853715, -20.429442949870921 ], [ -40.360227526880472, -20.429590431280843 ], [ -40.360279678257001, -20.429514641669162 ], [ -40.360038476307913, -20.429367160326439 ], [ -40.359986324853715, -20.429442949870921 ] ] ] } },
{ "type": "Feature", "properties": { "fid": 353 }, "geometry": { "type": "Polygon", "coordinates": [ [ [ -40.359986324853715, -20.429442949870921 ], [ -40.360038476307913, -20.429367160326439 ], [ -40.359958075788597, -20.429317999790243 ], [ -40.359801621203836, -20.429545368309654 ], [ -40.359882021791506, -20.429594528926561 ], [ -40.359934173345188, -20.429518739408799 ], [ -40.359986324853715, -20.429442949870921 ] ] ] } },
{ "type": "Feature", "properties": { "fid": 354 }, "geometry": { "type": "Polygon", "coordinates": [ [ [ -40.35964516617269, -20.42977273670677 ], [ -40.359645166777142, -20.429772735828344 ], [ -40.359564766123697, -20.429723575122075 ], [ -40.359564765518186, -20.429723576002029 ], [ -40.35964516617269, -20.42977273670677 ] ] ] } },
{ "type": "Feature", "properties": { "fid": 355 }, "geometry": { "type": "Polygon", "coordinates": [ [ [ -40.359645166777142, -20.429772735828344 ], [ -40.359801621203836, -20.429545368309654 ], [ -40.359721220628337, -20.429496207670159 ], [ -40.359564766123697, -20.429723575122075 ], [ -40.359645166777142, -20.429772735828344 ] ] ] } },
{ "type": "Feature", "properties": { "fid": 356 }, "geometry": { "type": "Polygon", "coordinates": [ [ [ -40.359801621203836, -20.429545368309654 ], [ -40.359958075788597, -20.429317999790243 ], [ -40.359877675289454, -20.429268839219798 ], [ -40.359721220628337, -20.429496207670159 ], [ -40.359801621203836, -20.429545368309654 ] ] ] } },
{ "type": "Feature", "properties": { "fid": 357 }, "geometry": { "type": "Polygon", "coordinates": [ [ [ -40.359721220628337, -20.429496207670159 ], [ -40.359877675289454, -20.429268839219798 ], [ -40.359797274840062, -20.429219678609083 ], [ -40.359640820099948, -20.429447046994198 ], [ -40.359721220628337, -20.429496207670159 ] ] ] } },
{ "type": "Feature", "properties": { "fid": 358 }, "geometry": { "type": "Polygon", "coordinates": [ [ [ -40.359564765518186, -20.429723576002029 ], [ -40.359564766123697, -20.429723575122075 ], [ -40.359484365520018, -20.429674414375512 ], [ -40.359484364913442, -20.429674415257004 ], [ -40.359564765518186, -20.429723576002029 ] ] ] } },
{ "type": "Feature", "properties": { "fid": 359 }, "geometry": { "type": "Polygon", "coordinates": [ [ [ -40.359564766123697, -20.429723575122075 ], [ -40.359721220628337, -20.429496207670159 ], [ -40.359640820099948, -20.429447046994198 ], [ -40.359484365520018, -20.429674414375512 ], [ -40.359564766123697, -20.429723575122075 ] ] ] } },
{ "type": "Feature", "properties": { "fid": 360 }, "geometry": { "type": "Polygon", "coordinates": [ [ [ -40.359484364913442, -20.429674415257004 ], [ -40.359484365520018, -20.429674414375512 ], [ -40.359403964966084, -20.429625253588647 ], [ -40.359403964358457, -20.429625254471674 ], [ -40.359484364913442, -20.429674415257004 ] ] ] } },
{ "type": "Feature", "properties": { "fid": 361 }, "geometry": { "type": "Polygon", "coordinates": [ [ [ -40.359484365520018, -20.429674414375512 ], [ -40.359640820099948, -20.429447046994198 ], [ -40.359560419623946, -20.429397886274113 ], [ -40.359403964966084, -20.429625253588647 ], [ -40.359484365520018, -20.429674414375512 ] ] ] } },
{ "type": "Feature", "properties": { "fid": 362 }, "geometry": { "type": "Polygon", "coordinates": [ [ [ -40.359640820099948, -20.429447046994198 ], [ -40.359797274840062, -20.429219678609083 ], [ -40.359716874440416, -20.429170517958063 ], [ -40.359560419623946, -20.429397886274113 ], [ -40.359640820099948, -20.429447046994198 ] ] ] } },
{ "type": "Feature", "properties": { "fid": 363 }, "geometry": { "type": "Polygon", "coordinates": [ [ [ -40.359560419623946, -20.429397886274113 ], [ -40.359716874440416, -20.429170517958063 ], [ -40.359636474090522, -20.429121357266734 ], [ -40.35948001919504, -20.429348725517531 ], [ -40.359560419623946, -20.429397886274113 ] ] ] } },
{ "type": "Feature", "properties": { "fid": 364 }, "geometry": { "type": "Polygon", "coordinates": [ [ [ -40.359403964358457, -20.429625254471674 ], [ -40.359403964966084, -20.429625253588647 ], [ -40.359323564461882, -20.429576092761458 ], [ -40.359323563853202, -20.429576093646027 ], [ -40.359403964358457, -20.429625254471674 ] ] ] } },
{ "type": "Feature", "properties": { "fid": 365 }, "geometry": { "type": "Polygon", "coordinates": [ [ [ -40.359403964966084, -20.429625253588647 ], [ -40.359560419623946, -20.429397886274113 ], [ -40.35948001919504, -20.429348725517531 ], [ -40.359323564461882, -20.429576092761458 ], [ -40.359403964966084, -20.429625253588647 ] ] ] } },
{ "type": "Feature", "properties": { "fid": 366 }, "geometry": { "type": "Polygon", "coordinates": [ [ [ -40.359323563853202, -20.429576093646027 ], [ -40.359323564461882, -20.429576092761458 ], [ -40.359243164007431, -20.429526931893985 ], [ -40.359243163397693, -20.429526932780082 ], [ -40.359323563853202, -20.429576093646027 ] ] ] } },
{ "type": "Feature", "properties": { "fid": 367 }, "geometry": { "type": "Polygon", "coordinates": [ [ [ -40.359323564461882, -20.429576092761458 ], [ -40.35948001919504, -20.429348725517531 ], [ -40.359399618817214, -20.42929956471874 ], [ -40.359243164007431, -20.429526931893985 ], [ -40.359323564461882, -20.429576092761458 ] ] ] } },
{ "type": "Feature", "properties": { "fid": 368 }, "geometry": { "type": "Polygon", "coordinates": [ [ [ -40.359399618817214, -20.42929956471874 ], [ -40.35948001919504, -20.429348725517531 ], [ -40.359636474090522, -20.429121357266734 ], [ -40.359556073790358, -20.429072196535085 ], [ -40.359399618817214, -20.42929956471874 ] ] ] } },
{ "type": "Feature", "properties": { "fid": 369 }, "geometry": { "type": "Polygon", "coordinates": [ [ [ -40.359399618817214, -20.42929956471874 ], [ -40.359556073790358, -20.429072196535085 ], [ -40.359435473431404, -20.428998455364955 ], [ -40.359435473003821, -20.428998455986349 ], [ -40.35938332183003, -20.429074244673281 ], [ -40.359383321814889, -20.429074244748225 ], [ -40.359331170118786, -20.429150034108556 ], [ -40.359279018341745, -20.429225823447887 ], [ -40.359399618817214, -20.42929956471874 ] ] ] } },
{ "type": "Feature", "properties": { "fid": 370 }, "geometry": { "type": "Polygon", "coordinates": [ [ [ -40.359243164007431, -20.429526931893985 ], [ -40.359399618817214, -20.42929956471874 ], [ -40.359279018341745, -20.429225823447887 ], [ -40.359226866577323, -20.429301612789082 ], [ -40.359174714731978, -20.429377402109274 ], [ -40.359122563419021, -20.429453190517197 ], [ -40.359243164007431, -20.429526931893985 ] ] ] } },
{ "type": "Feature", "properties": { "fid": 371 }, "geometry": { "type": "Polygon", "coordinates": [ [ [ -40.359243163397693, -20.429526932780082 ], [ -40.359243164007431, -20.429526931893985 ], [ -40.359122563419021, -20.429453190517197 ], [ -40.359122562805702, -20.429453191408491 ], [ -40.359243163397693, -20.429526932780082 ] ] ] } },
{ "type": "Feature", "properties": { "fid": 372 }, "geometry": { "type": "Polygon", "coordinates": [ [ [ -40.359122562805702, -20.429453191408491 ], [ -40.359122563419021, -20.429453190517197 ], [ -40.358881362579581, -20.429305707492567 ], [ -40.358881361964158, -20.429305708383662 ], [ -40.359122562805702, -20.429453191408491 ] ] ] } },
{ "type": "Feature", "properties": { "fid": 373 }, "geometry": { "type": "Polygon", "coordinates": [ [ [ -40.359122563419021, -20.429453190517197 ], [ -40.359174714731978, -20.429377402109274 ], [ -40.358933513943526, -20.429229919134357 ], [ -40.358881362579581, -20.429305707492567 ], [ -40.359122563419021, -20.429453190517197 ] ] ] } },
{ "type": "Feature", "properties": { "fid": 374 }, "geometry": { "type": "Polygon", "coordinates": [ [ [ -40.359174714731978, -20.429377402109274 ], [ -40.359226866577323, -20.429301612789082 ], [ -40.35898566587317, -20.429154129871701 ], [ -40.358933513943526, -20.429229919134357 ], [ -40.359174714731978, -20.429377402109274 ] ] ] } },
{ "type": "Feature", "properties": { "fid": 375 }, "geometry": { "type": "Polygon", "coordinates": [ [ [ -40.359226866577323, -20.429301612789082 ], [ -40.359279018341745, -20.429225823447887 ], [ -40.359037817752046, -20.42907834059713 ], [ -40.35898566587317, -20.429154129871701 ], [ -40.359226866577323, -20.429301612789082 ] ] ] } },
{ "type": "Feature", "properties": { "fid": 376 }, "geometry": { "type": "Polygon", "coordinates": [ [ [ -40.359279018341745, -20.429225823447887 ], [ -40.359331170118786, -20.429150034108556 ], [ -40.359089969583181, -20.429002551306251 ], [ -40.359037817752046, -20.42907834059713 ], [ -40.359279018341745, -20.429225823447887 ] ] ] } },
{ "type": "Feature", "properties": { "fid": 377 }, "geometry": { "type": "Polygon", "coordinates": [ [ [ -40.359331170118786, -20.429150034108556 ], [ -40.35938331502927, -20.42907425455649 ], [ -40.359383321814889, -20.429074244748225 ], [ -40.359142121363583, -20.428926762003453 ], [ -40.359089969583181, -20.429002551306251 ], [ -40.359331170118786, -20.429150034108556 ] ] ] } },
{ "type": "Feature", "properties": { "fid": 378 }, "geometry": { "type": "Polygon", "coordinates": [ [ [ -40.35938331502927, -20.42907425455649 ], [ -40.359331170118786, -20.429150034108556 ], [ -40.359383321814889, -20.429074244748225 ], [ -40.35938331502927, -20.42907425455649 ] ] ] } },
{ "type": "Feature", "properties": { "fid": 379 }, "geometry": { "type": "Polygon", "coordinates": [ [ [ -40.359383321814889, -20.429074244748225 ], [ -40.35938332183003, -20.429074244673281 ], [ -40.359142121363583, -20.428926762003453 ], [ -40.359383321814889, -20.429074244748225 ] ] ] } },
{ "type": "Feature", "properties": { "fid": 380 }, "geometry": { "type": "Polygon", "coordinates": [ [ [ -40.35938332183003, -20.429074244673281 ], [ -40.359432388644841, -20.429002938333038 ], [ -40.359435473431404, -20.428998455364955 ], [ -40.359435473476402, -20.428998455299567 ], [ -40.359194273093223, -20.428850972688753 ], [ -40.359142121363583, -20.428926762003453 ], [ -40.35938332183003, -20.429074244673281 ] ] ] } },
{ "type": "Feature", "properties": { "fid": 381 }, "geometry": { "type": "Polygon", "coordinates": [ [ [ -40.359432388644841, -20.429002938333038 ], [ -40.35938332183003, -20.429074244673281 ], [ -40.359435473003821, -20.428998455986349 ], [ -40.359432388644841, -20.429002938333038 ] ] ] } },
{ "type": "Feature", "properties": { "fid": 382 }, "geometry": { "type": "Polygon", "coordinates": [ [ [ -40.359435473431404, -20.428998455364955 ], [ -40.359432388644841, -20.429002938333038 ], [ -40.359435473003821, -20.428998455986349 ], [ -40.359435473431404, -20.428998455364955 ] ] ] } },
{ "type": "Feature", "properties": { "fid": 383 }, "geometry": { "type": "Polygon", "coordinates": [ [ [ -40.359559985492787, -20.430560536201362 ], [ -40.359612136909149, -20.430484747726251 ], [ -40.359370933965756, -20.430337265523875 ], [ -40.359318782526287, -20.43041305395046 ], [ -40.359559985492787, -20.430560536201362 ] ] ] } },
{ "type": "Feature", "properties": { "fid": 384 }, "geometry": { "type": "Polygon", "coordinates": [ [ [ -40.359559984897885, -20.430560537163799 ], [ -40.359559985492787, -20.430560536201362 ], [ -40.359318782526287, -20.43041305395046 ], [ -40.35931878187683, -20.430413054894267 ], [ -40.359559984897885, -20.430560537163799 ] ] ] } },
{ "type": "Feature", "properties": { "fid": 385 }, "geometry": { "type": "Polygon", "coordinates": [ [ [ -40.359318782526287, -20.43041305395046 ], [ -40.359370933965756, -20.430337265523875 ], [ -40.359423086011567, -20.430261476130536 ], [ -40.359475238007612, -20.430185686723764 ], [ -40.359527389953918, -20.430109897303645 ], [ -40.35955346589747, -20.430072002604447 ], [ -40.359579541850472, -20.430034107870135 ], [ -40.359631693697274, -20.429958318423246 ], [ -40.359872896223763, -20.430105800331187 ], [ -40.359872896836073, -20.430105799388937 ], [ -40.358787488896652, -20.429442128086237 ], [ -40.358787488260219, -20.42944212896565 ], [ -40.359028689249193, -20.429589612100333 ], [ -40.359028689204223, -20.429589612165696 ], [ -40.359149289866082, -20.429663353597725 ], [ -40.359229690368181, -20.429712514503965 ], [ -40.35931009092004, -20.429761675369896 ], [ -40.359390491521651, -20.429810836195529 ], [ -40.359470892172986, -20.429859996980863 ], [ -40.35955129287408, -20.429909157725888 ], [ -40.359631693595617, -20.429958318428696 ], [ -40.359579541755423, -20.430034107865936 ], [ -40.359527389865484, -20.430109897289835 ], [ -40.359475237925814, -20.430185686700344 ], [ -40.359423085936392, -20.43026147609752 ], [ -40.359370933897196, -20.430337265481246 ], [ -40.359318782457379, -20.430413053908328 ], [ -40.359318782526287, -20.43041305395046 ] ] ] } },
{ "type": "Feature", "properties": { "fid": 386 }, "geometry": { "type": "Polygon", "coordinates": [ [ [ -40.359370933965756, -20.430337265523875 ], [ -40.359612136909149, -20.430484747726251 ], [ -40.359664288877255, -20.430408958265708 ], [ -40.359423086011567, -20.430261476130536 ], [ -40.359370933965756, -20.430337265523875 ] ] ] } },
{ "type": "Feature", "properties": { "fid": 387 }, "geometry": { "type": "Polygon", "coordinates": [ [ [ -40.359423086011567, -20.430261476130536 ], [ -40.359664288877255, -20.430408958265708 ], [ -40.359716440795601, -20.43033316879179 ], [ -40.359475238007612, -20.430185686723764 ], [ -40.359423086011567, -20.430261476130536 ] ] ] } },
{ "type": "Feature", "properties": { "fid": 388 }, "geometry": { "type": "Polygon", "coordinates": [ [ [ -40.359475238007612, -20.430185686723764 ], [ -40.359716440795601, -20.43033316879179 ], [ -40.359794668568959, -20.43021948457173 ], [ -40.35955346589747, -20.430072002604447 ], [ -40.359527389953918, -20.430109897303645 ], [ -40.359475238007612, -20.430185686723764 ] ] ] } },
{ "type": "Feature", "properties": { "fid": 389 }, "geometry": { "type": "Polygon", "coordinates": [ [ [ -40.359579541850472, -20.430034107870135 ], [ -40.35955346589747, -20.430072002604447 ], [ -40.359794668568959, -20.43021948457173 ], [ -40.359872896223763, -20.430105800331187 ], [ -40.359631693697274, -20.429958318423246 ], [ -40.359579541850472, -20.430034107870135 ] ] ] } },
{ "type": "Feature", "properties": { "fid": 390 }, "geometry": { "type": "Polygon", "coordinates": [ [ [ -40.359318781808277, -20.430413054851638 ], [ -40.359318782457379, -20.430413053908328 ], [ -40.359238381573803, -20.430363893080933 ], [ -40.359238380930059, -20.430363894016448 ], [ -40.359318781808277, -20.430413054851638 ] ] ] } },
{ "type": "Feature", "properties": { "fid": 391 }, "geometry": { "type": "Polygon", "coordinates": [ [ [ -40.359318782457379, -20.430413053908328 ], [ -40.359370933897196, -20.430337265481246 ], [ -40.359423085936392, -20.43026147609752 ], [ -40.359475237925814, -20.430185686700344 ], [ -40.359394837125265, -20.43013652593234 ], [ -40.359238381573803, -20.430363893080933 ], [ -40.359318782457379, -20.430413053908328 ] ] ] } },
{ "type": "Feature", "properties": { "fid": 392 }, "geometry": { "type": "Polygon", "coordinates": [ [ [ -40.359475237925814, -20.430185686700344 ], [ -40.359527389865484, -20.430109897289835 ], [ -40.359579541755423, -20.430034107865936 ], [ -40.359631693595617, -20.429958318428696 ], [ -40.35955129287408, -20.429909157725888 ], [ -40.359394837125265, -20.43013652593234 ], [ -40.359475237925814, -20.430185686700344 ] ] ] } },
{ "type": "Feature", "properties": { "fid": 393 }, "geometry": { "type": "Polygon", "coordinates": [ [ [ -40.359238380930059, -20.430363894016448 ], [ -40.359238381573803, -20.430363893080933 ], [ -40.3591579807184, -20.430314732200063 ], [ -40.359157980073611, -20.430314733137106 ], [ -40.359238380930059, -20.430363894016448 ] ] ] } },
{ "type": "Feature", "properties": { "fid": 394 }, "geometry": { "type": "Polygon", "coordinates": [ [ [ -40.359238381573803, -20.430363893080933 ], [ -40.359394837125265, -20.43013652593234 ], [ -40.359314436347837, -20.430087365118219 ], [ -40.3591579807184, -20.430314732200063 ], [ -40.359238381573803, -20.430363893080933 ] ] ] } },
{ "type": "Feature", "properties": { "fid": 395 }, "geometry": { "type": "Polygon", "coordinates": [ [ [ -40.359394837125265, -20.43013652593234 ], [ -40.35955129287408, -20.429909157725888 ], [ -40.359470892172986, -20.429859996980863 ], [ -40.359314436347837, -20.430087365118219 ], [ -40.359394837125265, -20.43013652593234 ] ] ] } },
{ "type": "Feature", "properties": { "fid": 396 }, "geometry": { "type": "Polygon", "coordinates": [ [ [ -40.359314436347837, -20.430087365118219 ], [ -40.359470892172986, -20.429859996980863 ], [ -40.359390491521651, -20.429810836195529 ], [ -40.359234035617483, -20.430038204267682 ], [ -40.359314436347837, -20.430087365118219 ] ] ] } },
{ "type": "Feature", "properties": { "fid": 397 }, "geometry": { "type": "Polygon", "coordinates": [ [ [ -40.359157980073611, -20.430314733137106 ], [ -40.3591579807184, -20.430314732200063 ], [ -40.359077579912785, -20.430265571278891 ], [ -40.359077579266931, -20.430265572217483 ], [ -40.359157980073611, -20.430314733137106 ] ] ] } },
{ "type": "Feature", "properties": { "fid": 398 }, "geometry": { "type": "Polygon", "coordinates": [ [ [ -40.3591579807184, -20.430314732200063 ], [ -40.359314436347837, -20.430087365118219 ], [ -40.359234035617483, -20.430038204267682 ], [ -40.359077579912785, -20.430265571278891 ], [ -40.3591579807184, -20.430314732200063 ] ] ] } },
{ "type": "Feature", "properties": { "fid": 399 }, "geometry": { "type": "Polygon", "coordinates": [ [ [ -40.359077579266931, -20.430265572217483 ], [ -40.359077579912785, -20.430265571278891 ], [ -40.358997179156894, -20.430216410317414 ], [ -40.358997178509973, -20.430216411257529 ], [ -40.359077579266931, -20.430265572217483 ] ] ] } },
{ "type": "Feature", "properties": { "fid": 400 }, "geometry": { "type": "Polygon", "coordinates": [ [ [ -40.359077579912785, -20.430265571278891 ], [ -40.359234035617483, -20.430038204267682 ], [ -40.359153634939531, -20.429989043372938 ], [ -40.358997179156894, -20.430216410317414 ], [ -40.359077579912785, -20.430265571278891 ] ] ] } },
{ "type": "Feature", "properties": { "fid": 401 }, "geometry": { "type": "Polygon", "coordinates": [ [ [ -40.359234035617483, -20.430038204267682 ], [ -40.359390491521651, -20.429810836195529 ], [ -40.35931009092004, -20.429761675369896 ], [ -40.359153634939531, -20.429989043372938 ], [ -40.359234035617483, -20.430038204267682 ] ] ] } },
{ "type": "Feature", "properties": { "fid": 402 }, "geometry": { "type": "Polygon", "coordinates": [ [ [ -40.359153634939531, -20.429989043372938 ], [ -40.35931009092004, -20.429761675369896 ], [ -40.359229690368181, -20.429712514503965 ], [ -40.359073234308681, -20.429939882441776 ], [ -40.359153634939531, -20.429989043372938 ] ] ] } },
{ "type": "Feature", "properties": { "fid": 403 }, "geometry": { "type": "Polygon", "coordinates": [ [ [ -40.358997178509973, -20.430216411257529 ], [ -40.358997179156894, -20.430216410317414 ], [ -40.358916778450748, -20.43016724931563 ], [ -40.358916777802776, -20.430167250257284 ], [ -40.358997178509973, -20.430216411257529 ] ] ] } },
{ "type": "Feature", "properties": { "fid": 404 }, "geometry": { "type": "Polygon", "coordinates": [ [ [ -40.358997179156894, -20.430216410317414 ], [ -40.359153634939531, -20.429989043372938 ], [ -40.359073234308681, -20.429939882441776 ], [ -40.358916778450748, -20.43016724931563 ], [ -40.358997179156894, -20.430216410317414 ] ] ] } },
{ "type": "Feature", "properties": { "fid": 405 }, "geometry": { "type": "Polygon", "coordinates": [ [ [ -40.358916777802776, -20.430167250257284 ], [ -40.358916778450748, -20.43016724931563 ], [ -40.358836377794361, -20.430118088273552 ], [ -40.358836377145344, -20.43011808921673 ], [ -40.358916777802776, -20.430167250257284 ] ] ] } },
{ "type": "Feature", "properties": { "fid": 406 }, "geometry": { "type": "Polygon", "coordinates": [ [ [ -40.358916778450748, -20.43016724931563 ], [ -40.359073234308681, -20.429939882441776 ], [ -40.358992833728898, -20.4298907214684 ], [ -40.358836377794361, -20.430118088273552 ], [ -40.358916778450748, -20.43016724931563 ] ] ] } },
{ "type": "Feature", "properties": { "fid": 407 }, "geometry": { "type": "Polygon", "coordinates": [ [ [ -40.358992833728898, -20.4298907214684 ], [ -40.359073234308681, -20.429939882441776 ], [ -40.359229690368181, -20.429712514503965 ], [ -40.359149289866082, -20.429663353597725 ], [ -40.358992833728898, -20.4298907214684 ] ] ] } },
{ "type": "Feature", "properties": { "fid": 408 }, "geometry": { "type": "Polygon", "coordinates": [ [ [ -40.358992833728898, -20.4298907214684 ], [ -40.359149289866082, -20.429663353597725 ], [ -40.359028689204223, -20.429589612165696 ], [ -40.358976537214836, -20.4296654013697 ], [ -40.35897653719968, -20.42966540144463 ], [ -40.358924385115564, -20.429741190700614 ], [ -40.358872232950525, -20.429816979935605 ], [ -40.358992833728898, -20.4298907214684 ] ] ] } },
{ "type": "Feature", "properties": { "fid": 409 }, "geometry": { "type": "Polygon", "coordinates": [ [ [ -40.358836377794361, -20.430118088273552 ], [ -40.358992833728898, -20.4298907214684 ], [ -40.358872232950525, -20.429816979935605 ], [ -40.358820080798075, -20.429892769172493 ], [ -40.358767928564724, -20.429968558388371 ], [ -40.35871577690304, -20.430044346634851 ], [ -40.358836377794361, -20.430118088273552 ] ] ] } },
{ "type": "Feature", "properties": { "fid": 410 }, "geometry": { "type": "Polygon", "coordinates": [ [ [ -40.358836377145344, -20.43011808921673 ], [ -40.358836377794361, -20.430118088273552 ], [ -40.35871577690304, -20.430044346634851 ], [ -40.358715776250435, -20.430044347583234 ], [ -40.358836377145344, -20.43011808921673 ] ] ] } },
{ "type": "Feature", "properties": { "fid": 411 }, "geometry": { "type": "Polygon", "coordinates": [ [ [ -40.358715776250435, -20.430044347583234 ], [ -40.35871577690304, -20.430044346634851 ], [ -40.358474575456164, -20.429896863085396 ], [ -40.358474574809684, -20.429896864024954 ], [ -40.358715776250435, -20.430044347583234 ] ] ] } },
{ "type": "Feature", "properties": { "fid": 412 }, "geometry": { "type": "Polygon", "coordinates": [ [ [ -40.35871577690304, -20.430044346634851 ], [ -40.358767928564724, -20.429968558388371 ], [ -40.358526727170457, -20.429821074889617 ], [ -40.358475075882431, -20.429896135853713 ], [ -40.358474575456164, -20.429896863085396 ], [ -40.35871577690304, -20.430044346634851 ] ] ] } },
{ "type": "Feature", "properties": { "fid": 413 }, "geometry": { "type": "Polygon", "coordinates": [ [ [ -40.358767928564724, -20.429968558388371 ], [ -40.358820080798075, -20.429892769172493 ], [ -40.3585788794881, -20.429745285731283 ], [ -40.358526727170457, -20.429821074889617 ], [ -40.358767928564724, -20.429968558388371 ] ] ] } },
{ "type": "Feature", "properties": { "fid": 414 }, "geometry": { "type": "Polygon", "coordinates": [ [ [ -40.358820080798075, -20.429892769172493 ], [ -40.358872232950525, -20.429816979935605 ], [ -40.358631031754996, -20.429669496561036 ], [ -40.3585788794881, -20.429745285731283 ], [ -40.358820080798075, -20.429892769172493 ] ] ] } },
{ "type": "Feature", "properties": { "fid": 415 }, "geometry": { "type": "Polygon", "coordinates": [ [ [ -40.358872232950525, -20.429816979935605 ], [ -40.358924385115564, -20.429741190700614 ], [ -40.358683183974151, -20.429593707374508 ], [ -40.358631031754996, -20.429669496561036 ], [ -40.358872232950525, -20.429816979935605 ] ] ] } },
{ "type": "Feature", "properties": { "fid": 416 }, "geometry": { "type": "Polygon", "coordinates": [ [ [ -40.358924385115564, -20.429741190700614 ], [ -40.35897653719968, -20.42966540144463 ], [ -40.358735336142573, -20.429517918176057 ], [ -40.358683183974151, -20.429593707374508 ], [ -40.358924385115564, -20.429741190700614 ] ] ] } },
{ "type": "Feature", "properties": { "fid": 417 }, "geometry": { "type": "Polygon", "coordinates": [ [ [ -40.35897653719968, -20.42966540144463 ], [ -40.358976537214836, -20.4296654013697 ], [ -40.358735336142573, -20.429517918176057 ], [ -40.35897653719968, -20.42966540144463 ] ] ] } },
{ "type": "Feature", "properties": { "fid": 418 }, "geometry": { "type": "Polygon", "coordinates": [ [ [ -40.358976537214836, -20.4296654013697 ], [ -40.359003784819237, -20.429625804151723 ], [ -40.359028689204223, -20.429589612165696 ], [ -40.359028689249193, -20.429589612100333 ], [ -40.358787488260219, -20.42944212896565 ], [ -40.358735336142573, -20.429517918176057 ], [ -40.358976537214836, -20.4296654013697 ] ] ] } },
{ "type": "Feature", "properties": { "fid": 419 }, "geometry": { "type": "Polygon", "coordinates": [ [ [ -40.359003784819237, -20.429625804151723 ], [ -40.358976537214836, -20.4296654013697 ], [ -40.359028689204223, -20.429589612165696 ], [ -40.359003784819237, -20.429625804151723 ] ] ] } },
{ "type": "Feature", "properties": { "fid": 420 }, "geometry": { "type": "Polygon", "coordinates": [ [ [ -40.358411992553151, -20.42998781002747 ], [ -40.358359839518378, -20.430063600100137 ], [ -40.358601041142997, -20.430211083787299 ], [ -40.358653193503919, -20.430135294660477 ], [ -40.358411992553151, -20.42998781002747 ] ] ] } },
{ "type": "Feature", "properties": { "fid": 421 }, "geometry": { "type": "Polygon", "coordinates": [ [ [ -40.358359839518378, -20.430063600100137 ], [ -40.358307686913584, -20.430139389154437 ], [ -40.358548888693932, -20.430286872956522 ], [ -40.358601041142997, -20.430211083787299 ], [ -40.358359839518378, -20.430063600100137 ] ] ] } },
{ "type": "Feature", "properties": { "fid": 422 }, "geometry": { "type": "Polygon", "coordinates": [ [ [ -40.358307686913584, -20.430139389154437 ], [ -40.358255534319056, -20.430215178262863 ], [ -40.358496736175304, -20.430362662141221 ], [ -40.358548888693932, -20.430286872956522 ], [ -40.358307686913584, -20.430139389154437 ] ] ] } },
{ "type": "Feature", "properties": { "fid": 423 }, "geometry": { "type": "Polygon", "coordinates": [ [ [ -40.358255534319056, -20.430215178262863 ], [ -40.358203381703731, -20.430290967314392 ], [ -40.358444583653217, -20.430438451245212 ], [ -40.358496736175304, -20.430362662141221 ], [ -40.358255534319056, -20.430215178262863 ] ] ] } },
{ "type": "Feature", "properties": { "fid": 424 }, "geometry": { "type": "Polygon", "coordinates": [ [ [ -40.358203381703731, -20.430290967314392 ], [ -40.358151229031535, -20.430366756364773 ], [ -40.358392431048316, -20.430514240383907 ], [ -40.358444583653217, -20.430438451245212 ], [ -40.358203381703731, -20.430290967314392 ] ] ] } },
{ "type": "Feature", "properties": { "fid": 425 }, "geometry": { "type": "Polygon", "coordinates": [ [ [ -40.358151229031535, -20.430366756364773 ], [ -40.358099076963569, -20.430442544448688 ], [ -40.358340278916977, -20.430590028748735 ], [ -40.358392431048316, -20.430514240383907 ], [ -40.358151229031535, -20.430366756364773 ] ] ] } },
{ "type": "Feature", "properties": { "fid": 426 }, "geometry": { "type": "Polygon", "coordinates": [ [ [ -40.358943285575997, -20.430958737799813 ], [ -40.359184489004242, -20.43110622077387 ], [ -40.359236641373812, -20.43103043143272 ], [ -40.3589954378714, -20.430882948746479 ], [ -40.358943285575997, -20.430958737799813 ] ] ] } },
{ "type": "Feature", "properties": { "fid": 427 }, "geometry": { "type": "Polygon", "coordinates": [ [ [ -40.358943285507081, -20.430958737757667 ], [ -40.358943285575997, -20.430958737799813 ], [ -40.3589954378714, -20.430882948746479 ], [ -40.359047590275523, -20.430807159449461 ], [ -40.359099742629887, -20.430731370139107 ], [ -40.359099742548089, -20.430731370115698 ], [ -40.359047590200348, -20.43080715941645 ], [ -40.358995437802847, -20.430882948703832 ], [ -40.358943285507081, -20.430958737757667 ] ] ] } },
{ "type": "Feature", "properties": { "fid": 428 }, "geometry": { "type": "Polygon", "coordinates": [ [ [ -40.358862884485397, -20.430909576698884 ], [ -40.358943285507081, -20.430958737757667 ], [ -40.358995437802847, -20.430882948703832 ], [ -40.359047590200348, -20.43080715941645 ], [ -40.359099742548089, -20.430731370115698 ], [ -40.359019341561208, -20.430682209186369 ], [ -40.358862884485397, -20.430909576698884 ] ] ] } },
{ "type": "Feature", "properties": { "fid": 429 }, "geometry": { "type": "Polygon", "coordinates": [ [ [ -40.358782483491922, -20.43086041558664 ], [ -40.358862884485397, -20.430909576698884 ], [ -40.359019341561208, -20.430682209186369 ], [ -40.35893894059744, -20.430633048210989 ], [ -40.358782483491922, -20.43086041558664 ] ] ] } },
{ "type": "Feature", "properties": { "fid": 430 }, "geometry": { "type": "Polygon", "coordinates": [ [ [ -40.358702082548163, -20.430811254434051 ], [ -40.358782483491922, -20.43086041558664 ], [ -40.35893894059744, -20.430633048210989 ], [ -40.358858539680753, -20.430583887199116 ], [ -40.358702082548163, -20.430811254434051 ] ] ] } },
{ "type": "Feature", "properties": { "fid": 431 }, "geometry": { "type": "Polygon", "coordinates": [ [ [ -40.358621681654164, -20.430762093241174 ], [ -40.358702082548163, -20.430811254434051 ], [ -40.358858539680753, -20.430583887199116 ], [ -40.358778138816469, -20.43053472614309 ], [ -40.358621681654164, -20.430762093241174 ] ] ] } },
{ "type": "Feature", "properties": { "fid": 432 }, "geometry": { "type": "Polygon", "coordinates": [ [ [ -40.358541280809931, -20.43071293200801 ], [ -40.358621681654164, -20.430762093241174 ], [ -40.358778138816469, -20.43053472614309 ], [ -40.358697737999286, -20.430485565050631 ], [ -40.358541280809931, -20.43071293200801 ] ] ] } },
{ "type": "Feature", "properties": { "fid": 433 }, "geometry": { "type": "Polygon", "coordinates": [ [ [ -40.358460880015443, -20.430663770734533 ], [ -40.358541280809931, -20.43071293200801 ], [ -40.358697737999286, -20.430485565050631 ], [ -40.358617337235984, -20.430436403911873 ], [ -40.358460880015443, -20.430663770734533 ] ] ] } },
{ "type": "Feature", "properties": { "fid": 434 }, "geometry": { "type": "Polygon", "coordinates": [ [ [ -40.358340278916977, -20.430590028748735 ], [ -40.358460880015443, -20.430663770734533 ], [ -40.358617337235984, -20.430436403911873 ], [ -40.358496736175304, -20.430362662141221 ], [ -40.358444583653217, -20.430438451245212 ], [ -40.358392431048316, -20.430514240383907 ], [ -40.358340278916977, -20.430590028748735 ] ] ] } },
{ "type": "Feature", "properties": { "fid": 435 }, "geometry": { "type": "Polygon", "coordinates": [ [ [ -40.3589954378714, -20.430882948746479 ], [ -40.359236641373812, -20.43103043143272 ], [ -40.35928879370023, -20.430954642068588 ], [ -40.359047590275523, -20.430807159449461 ], [ -40.3589954378714, -20.430882948746479 ] ] ] } },
{ "type": "Feature", "properties": { "fid": 436 }, "geometry": { "type": "Polygon", "coordinates": [ [ [ -40.359047590275523, -20.430807159449461 ], [ -40.35928879370023, -20.430954642068588 ], [ -40.359340945976918, -20.430878852691066 ], [ -40.359099742629887, -20.430731370139107 ], [ -40.359047590275523, -20.430807159449461 ] ] ] } },
{ "type": "Feature", "properties": { "fid": 437 }, "geometry": { "type": "Polygon", "coordinates": [ [ [ -40.359099742629887, -20.430731370139107 ], [ -40.359340945976918, -20.430878852691066 ], [ -40.359393098203853, -20.430803063300164 ], [ -40.359151894934492, -20.430655580815362 ], [ -40.359099742629887, -20.430731370139107 ] ] ] } },
{ "type": "Feature", "properties": { "fid": 438 }, "geometry": { "type": "Polygon", "coordinates": [ [ [ -40.359019341561208, -20.430682209186369 ], [ -40.359099742548089, -20.430731370115698 ], [ -40.359151894846079, -20.430655580801581 ], [ -40.359204047094323, -20.430579791474081 ], [ -40.359256199292844, -20.430504002133208 ], [ -40.359175798384953, -20.43045484126911 ], [ -40.359019341561208, -20.430682209186369 ] ] ] } },
{ "type": "Feature", "properties": { "fid": 439 }, "geometry": { "type": "Polygon", "coordinates": [ [ [ -40.35893894059744, -20.430633048210989 ], [ -40.359019341561208, -20.430682209186369 ], [ -40.359175798384953, -20.43045484126911 ], [ -40.359095397497526, -20.430405680362785 ], [ -40.35893894059744, -20.430633048210989 ] ] ] } },
{ "type": "Feature", "properties": { "fid": 440 }, "geometry": { "type": "Polygon", "coordinates": [ [ [ -40.358858539680753, -20.430583887199116 ], [ -40.35893894059744, -20.430633048210989 ], [ -40.359095397497526, -20.430405680362785 ], [ -40.359014996659837, -20.430356519416183 ], [ -40.358858539680753, -20.430583887199116 ] ] ] } },
{ "type": "Feature", "properties": { "fid": 441 }, "geometry": { "type": "Polygon", "coordinates": [ [ [ -40.358778138816469, -20.43053472614309 ], [ -40.358858539680753, -20.430583887199116 ], [ -40.359014996659837, -20.430356519416183 ], [ -40.358934595871908, -20.430307358429207 ], [ -40.358778138816469, -20.43053472614309 ] ] ] } },
{ "type": "Feature", "properties": { "fid": 442 }, "geometry": { "type": "Polygon", "coordinates": [ [ [ -40.358697737999286, -20.430485565050631 ], [ -40.358778138816469, -20.43053472614309 ], [ -40.358934595871908, -20.430307358429207 ], [ -40.358854195133709, -20.43025819740199 ], [ -40.358697737999286, -20.430485565050631 ] ] ] } },
{ "type": "Feature", "properties": { "fid": 443 }, "geometry": { "type": "Polygon", "coordinates": [ [ [ -40.358617337235984, -20.430436403911873 ], [ -40.358697737999286, -20.430485565050631 ], [ -40.358854195133709, -20.43025819740199 ], [ -40.358773794445291, -20.430209036334467 ], [ -40.358617337235984, -20.430436403911873 ] ] ] } },
{ "type": "Feature", "properties": { "fid": 444 }, "geometry": { "type": "Polygon", "coordinates": [ [ [ -40.358496736175304, -20.430362662141221 ], [ -40.358617337235984, -20.430436403911873 ], [ -40.358773794445291, -20.430209036334467 ], [ -40.358653193503919, -20.430135294660477 ], [ -40.358601041142997, -20.430211083787299 ], [ -40.358548888693932, -20.430286872956522 ], [ -40.358496736175304, -20.430362662141221 ] ] ] } },
{ "type": "Feature", "properties": { "fid": 445 }, "geometry": { "type": "Polygon", "coordinates": [ [ [ -40.359151894934492, -20.430655580815362 ], [ -40.359393098203853, -20.430803063300164 ], [ -40.359445250381043, -20.430727273895869 ], [ -40.359204047189358, -20.43057979147823 ], [ -40.359151894934492, -20.430655580815362 ] ] ] } },
{ "type": "Feature", "properties": { "fid": 446 }, "geometry": { "type": "Polygon", "coordinates": [ [ [ -40.359204047189358, -20.43057979147823 ], [ -40.359445250381043, -20.430727273895869 ], [ -40.359497402508488, -20.430651484478222 ], [ -40.359256199394473, -20.430504002127762 ], [ -40.359204047189358, -20.43057979147823 ] ] ] } },
{ "type": "Feature", "properties": { "fid": 447 }, "geometry": { "type": "Polygon", "coordinates": [ [ [ -40.357214030887583, -20.429255303569995 ], [ -40.357161878024911, -20.429331092351859 ], [ -40.357403077423882, -20.429478577896127 ], [ -40.357455230172448, -20.429402789047163 ], [ -40.357214030887583, -20.429255303569995 ] ] ] } },
{ "type": "Feature", "properties": { "fid": 448 }, "geometry": { "type": "Polygon", "coordinates": [ [ [ -40.357161878024911, -20.429331092351859 ], [ -40.357109725112487, -20.429406881120354 ], [ -40.357350924595735, -20.429554366722186 ], [ -40.357403077423882, -20.429478577896127 ], [ -40.357161878024911, -20.429331092351859 ] ] ] } },
{ "type": "Feature", "properties": { "fid": 449 }, "geometry": { "type": "Polygon", "coordinates": [ [ [ -40.357109725112487, -20.429406881120354 ], [ -40.357057572130458, -20.429482669904349 ], [ -40.357298771686658, -20.429630155527207 ], [ -40.357350924595735, -20.429554366722186 ], [ -40.357109725112487, -20.429406881120354 ] ] ] } },
{ "type": "Feature", "properties": { "fid": 450 }, "geometry": { "type": "Polygon", "coordinates": [ [ [ -40.357057572130458, -20.429482669904349 ], [ -40.357005419138389, -20.429558458617212 ], [ -40.357246618772244, -20.429705944307251 ], [ -40.357298771686658, -20.429630155527207 ], [ -40.357057572130458, -20.429482669904349 ] ] ] } },
{ "type": "Feature", "properties": { "fid": 451 }, "geometry": { "type": "Polygon", "coordinates": [ [ [ -40.357005419138389, -20.429558458617212 ], [ -40.356953266076715, -20.429634247345543 ], [ -40.357194465788218, -20.429781733102743 ], [ -40.357246618772244, -20.429705944307251 ], [ -40.357005419138389, -20.429558458617212 ] ] ] } },
{ "type": "Feature", "properties": { "fid": 452 }, "geometry": { "type": "Polygon", "coordinates": [ [ [ -40.356953266076715, -20.429634247345543 ], [ -40.356901112983749, -20.429710035989835 ], [ -40.357142312754483, -20.429857521884884 ], [ -40.357194465788218, -20.429781733102743 ], [ -40.356953266076715, -20.429634247345543 ] ] ] } },
{ "type": "Feature", "properties": { "fid": 453 }, "geometry": { "type": "Polygon", "coordinates": [ [ [ -40.358247278880768, -20.429994774254173 ], [ -40.358299431336874, -20.429918985155169 ], [ -40.358058230503701, -20.429771501018081 ], [ -40.358006077912812, -20.429847290035042 ], [ -40.358247278880768, -20.429994774254173 ] ] ] } },
{ "type": "Feature", "properties": { "fid": 454 }, "geometry": { "type": "Polygon", "coordinates": [ [ [ -40.358195126317796, -20.430070563324893 ], [ -40.358247278880768, -20.429994774254173 ], [ -40.358006077912812, -20.429847290035042 ], [ -40.357953925272191, -20.429923079038581 ], [ -40.358195126317796, -20.430070563324893 ] ] ] } },
{ "type": "Feature", "properties": { "fid": 455 }, "geometry": { "type": "Polygon", "coordinates": [ [ [ -40.358142973705078, -20.430146352382213 ], [ -40.358195126317796, -20.430070563324893 ], [ -40.357953925272191, -20.429923079038581 ], [ -40.357901772581833, -20.429998868028758 ], [ -40.358142973705078, -20.430146352382213 ] ] ] } },
{ "type": "Feature", "properties": { "fid": 456 }, "geometry": { "type": "Polygon", "coordinates": [ [ [ -40.358090821042644, -20.430222141426182 ], [ -40.358142973705078, -20.430146352382213 ], [ -40.357901772581833, -20.429998868028758 ], [ -40.357849619841708, -20.430074657005573 ], [ -40.358090821042644, -20.430222141426182 ] ] ] } },
{ "type": "Feature", "properties": { "fid": 457 }, "geometry": { "type": "Polygon", "coordinates": [ [ [ -40.358038668265337, -20.43029793041697 ], [ -40.358090821042644, -20.430222141426182 ], [ -40.357849619841708, -20.430074657005573 ], [ -40.357797467051846, -20.430150445968938 ], [ -40.358038668265337, -20.43029793041697 ] ] ] } },
{ "type": "Feature", "properties": { "fid": 458 }, "geometry": { "type": "Polygon", "coordinates": [ [ [ -40.357986515529859, -20.430373719388395 ], [ -40.358038668265337, -20.43029793041697 ], [ -40.357797467051846, -20.430150445968938 ], [ -40.357745314218832, -20.430226234909384 ], [ -40.357986515529859, -20.430373719388395 ] ] ] } },
{ "type": "Feature", "properties": { "fid": 459 }, "geometry": { "type": "Polygon", "coordinates": [ [ [ -40.357745314150293, -20.430226234866744 ], [ -40.357745314218832, -20.430226234909384 ], [ -40.357797467051846, -20.430150445968938 ], [ -40.357849619841708, -20.430074657005573 ], [ -40.357901772581833, -20.429998868028758 ], [ -40.357953925272191, -20.429923079038581 ], [ -40.358006077912812, -20.429847290035042 ], [ -40.358058230503701, -20.429771501018081 ], [ -40.358058230402051, -20.429771501023534 ], [ -40.358006077817798, -20.429847290030853 ], [ -40.357953925183779, -20.429923079024814 ], [ -40.357901772500036, -20.429998868005342 ], [ -40.357849619766526, -20.430074656972526 ], [ -40.357797466983286, -20.430150445926341 ], [ -40.357745314150293, -20.430226234866744 ] ] ] } },
{ "type": "Feature", "properties": { "fid": 460 }, "geometry": { "type": "Polygon", "coordinates": [ [ [ -40.357664913826994, -20.430177073269764 ], [ -40.357745314150293, -20.430226234866744 ], [ -40.357797466983286, -20.430150445926341 ], [ -40.357849619766526, -20.430074656972526 ], [ -40.357901772500036, -20.429998868005342 ], [ -40.357821372254406, -20.429949706475512 ], [ -40.357664913826994, -20.430177073269764 ] ] ] } },
{ "type": "Feature", "properties": { "fid": 461 }, "geometry": { "type": "Polygon", "coordinates": [ [ [ -40.357584513525488, -20.430127911628613 ], [ -40.357664913826994, -20.430177073269764 ], [ -40.357821372254406, -20.429949706475512 ], [ -40.357740972031891, -20.429900544899624 ], [ -40.357584513525488, -20.430127911628613 ] ] ] } },
{ "type": "Feature", "properties": { "fid": 462 }, "geometry": { "type": "Polygon", "coordinates": [ [ [ -40.357504113273727, -20.430078749947167 ], [ -40.357584513525488, -20.430127911628613 ], [ -40.357740972031891, -20.429900544899624 ], [ -40.357660571856471, -20.429851383287264 ], [ -40.357504113273727, -20.430078749947167 ] ] ] } },
{ "type": "Feature", "properties": { "fid": 463 }, "geometry": { "type": "Polygon", "coordinates": [ [ [ -40.357423713071725, -20.430029588225466 ], [ -40.357504113273727, -20.430078749947167 ], [ -40.357660571856471, -20.429851383287264 ], [ -40.357580171733446, -20.429802221630741 ], [ -40.357423713071725, -20.430029588225466 ] ] ] } },
{ "type": "Feature", "properties": { "fid": 464 }, "geometry": { "type": "Polygon", "coordinates": [ [ [ -40.357343312919447, -20.429980426463406 ], [ -40.357423713071725, -20.430029588225466 ], [ -40.357580171733446, -20.429802221630741 ], [ -40.357499771657508, -20.42975305993782 ], [ -40.357343312919447, -20.429980426463406 ] ] ] } },
{ "type": "Feature", "properties": { "fid": 465 }, "geometry": { "type": "Polygon", "coordinates": [ [ [ -40.357262912816957, -20.429931264661047 ], [ -40.357343312919447, -20.429980426463406 ], [ -40.357499771657508, -20.42975305993782 ], [ -40.357419371632652, -20.429703898202622 ], [ -40.357262912816957, -20.429931264661047 ] ] ] } },
{ "type": "Feature", "properties": { "fid": 466 }, "geometry": { "type": "Polygon", "coordinates": [ [ [ -40.357142312754483, -20.429857521884884 ], [ -40.357262912816957, -20.429931264661047 ], [ -40.357419371632652, -20.429703898202622 ], [ -40.357298771686658, -20.429630155527207 ], [ -40.357246618772244, -20.429705944307251 ], [ -40.357194465788218, -20.429781733102743 ], [ -40.357142312754483, -20.429857521884884 ] ] ] } },
{ "type": "Feature", "properties": { "fid": 467 }, "geometry": { "type": "Polygon", "coordinates": [ [ [ -40.358058230402051, -20.429771501023534 ], [ -40.357977830235406, -20.429722339558911 ], [ -40.357821372254406, -20.429949706475512 ], [ -40.357901772500036, -20.429998868005342 ], [ -40.357953925183779, -20.429923079024814 ], [ -40.358006077817798, -20.429847290030853 ], [ -40.358058230402051, -20.429771501023534 ] ] ] } },
{ "type": "Feature", "properties": { "fid": 468 }, "geometry": { "type": "Polygon", "coordinates": [ [ [ -40.357977830235406, -20.429722339558911 ], [ -40.357897430089217, -20.429673178052109 ], [ -40.357740972031891, -20.429900544899624 ], [ -40.357821372254406, -20.429949706475512 ], [ -40.357977830235406, -20.429722339558911 ] ] ] } },
{ "type": "Feature", "properties": { "fid": 469 }, "geometry": { "type": "Polygon", "coordinates": [ [ [ -40.357897430089217, -20.429673178052109 ], [ -40.357817029992781, -20.429624016504992 ], [ -40.357660571856471, -20.429851383287264 ], [ -40.357740972031891, -20.429900544899624 ], [ -40.357897430089217, -20.429673178052109 ] ] ] } },
{ "type": "Feature", "properties": { "fid": 470 }, "geometry": { "type": "Polygon", "coordinates": [ [ [ -40.357817029992781, -20.429624016504992 ], [ -40.357736629946096, -20.429574854917572 ], [ -40.357580171733446, -20.429802221630741 ], [ -40.357660571856471, -20.429851383287264 ], [ -40.357817029992781, -20.429624016504992 ] ] ] } },
{ "type": "Feature", "properties": { "fid": 471 }, "geometry": { "type": "Polygon", "coordinates": [ [ [ -40.357736629946096, -20.429574854917572 ], [ -40.357656229949157, -20.429525693289865 ], [ -40.357499771657508, -20.42975305993782 ], [ -40.357580171733446, -20.429802221630741 ], [ -40.357736629946096, -20.429574854917572 ] ] ] } },
{ "type": "Feature", "properties": { "fid": 472 }, "geometry": { "type": "Polygon", "coordinates": [ [ [ -40.357656229949157, -20.429525693289865 ], [ -40.357575830001942, -20.429476531621866 ], [ -40.357419371632652, -20.429703898202622 ], [ -40.357499771657508, -20.42975305993782 ], [ -40.357656229949157, -20.429525693289865 ] ] ] } },
{ "type": "Feature", "properties": { "fid": 473 }, "geometry": { "type": "Polygon", "coordinates": [ [ [ -40.357575830001942, -20.429476531621866 ], [ -40.357455230172448, -20.429402789047163 ], [ -40.357403077423882, -20.429478577896127 ], [ -40.357350924595735, -20.429554366722186 ], [ -40.357298771686658, -20.429630155527207 ], [ -40.357419371632652, -20.429703898202622 ], [ -40.357575830001942, -20.429476531621866 ] ] ] } },
{ "type": "Feature", "properties": { "fid": 474 }, "geometry": { "type": "Polygon", "coordinates": [ [ [ -40.358362014283372, -20.429828038250736 ], [ -40.35841416668039, -20.429752249146734 ], [ -40.358172965960726, -20.429604765142859 ], [ -40.358120813486046, -20.42968055417969 ], [ -40.358362014283372, -20.429828038250736 ] ] ] } },
{ "type": "Feature", "properties": { "fid": 475 }, "geometry": { "type": "Polygon", "coordinates": [ [ [ -40.358120813486046, -20.42968055417969 ], [ -40.358172965960726, -20.429604765142859 ], [ -40.358225118392291, -20.429528976083041 ], [ -40.358277270774096, -20.429453187009845 ], [ -40.358329423106149, -20.429377397923254 ], [ -40.358381575388478, -20.429301608823305 ], [ -40.358433727621041, -20.42922581970997 ], [ -40.358433727519397, -20.429225819715406 ], [ -40.358381575293443, -20.429301608819127 ], [ -40.358329423017743, -20.429377397909462 ], [ -40.358277270692291, -20.429453186986422 ], [ -40.358225118317108, -20.429528976050012 ], [ -40.358172965892166, -20.429604765100237 ], [ -40.358120813417486, -20.429680554137065 ], [ -40.358120813486046, -20.42968055417969 ] ] ] } },
{ "type": "Feature", "properties": { "fid": 476 }, "geometry": { "type": "Polygon", "coordinates": [ [ [ -40.358172965960726, -20.429604765142859 ], [ -40.35841416668039, -20.429752249146734 ], [ -40.358466319034285, -20.429676460019746 ], [ -40.358225118392291, -20.429528976083041 ], [ -40.358172965960726, -20.429604765142859 ] ] ] } },
{ "type": "Feature", "properties": { "fid": 477 }, "geometry": { "type": "Polygon", "coordinates": [ [ [ -40.358225118392291, -20.429528976083041 ], [ -40.358466319034285, -20.429676460019746 ], [ -40.358518471338414, -20.429600670879388 ], [ -40.358277270774096, -20.429453187009845 ], [ -40.358225118392291, -20.429528976083041 ] ] ] } },
{ "type": "Feature", "properties": { "fid": 478 }, "geometry": { "type": "Polygon", "coordinates": [ [ [ -40.358277270774096, -20.429453187009845 ], [ -40.358518471338414, -20.429600670879388 ], [ -40.358570623592819, -20.429524881725651 ], [ -40.358329423106149, -20.429377397923254 ], [ -40.358277270774096, -20.429453187009845 ] ] ] } },
{ "type": "Feature", "properties": { "fid": 479 }, "geometry": { "type": "Polygon", "coordinates": [ [ [ -40.358329423106149, -20.429377397923254 ], [ -40.358570623592819, -20.429524881725651 ], [ -40.358622775797471, -20.429449092558542 ], [ -40.358381575388478, -20.429301608823305 ], [ -40.358329423106149, -20.429377397923254 ] ] ] } },
{ "type": "Feature", "properties": { "fid": 480 }, "geometry": { "type": "Polygon", "coordinates": [ [ [ -40.358381575388478, -20.429301608823305 ], [ -40.358622775797471, -20.429449092558542 ], [ -40.358674927952386, -20.429373303378028 ], [ -40.358433727621041, -20.42922581970997 ], [ -40.358381575388478, -20.429301608823305 ] ] ] } },
{ "type": "Feature", "properties": { "fid": 481 }, "geometry": { "type": "Polygon", "coordinates": [ [ [ -40.358120813417486, -20.429680554137065 ], [ -40.358172965892166, -20.429604765100237 ], [ -40.358225118317108, -20.429528976050012 ], [ -40.358277270692291, -20.429453186986422 ], [ -40.358196870632995, -20.429404025617895 ], [ -40.358040413280499, -20.429631392701364 ], [ -40.358120813417486, -20.429680554137065 ] ] ] } },
{ "type": "Feature", "properties": { "fid": 482 }, "geometry": { "type": "Polygon", "coordinates": [ [ [ -40.358277270692291, -20.429453186986422 ], [ -40.358329423017743, -20.429377397909462 ], [ -40.358381575293443, -20.429301608819127 ], [ -40.358433727519397, -20.429225819715406 ], [ -40.358353327539078, -20.429176658412114 ], [ -40.358196870632995, -20.429404025617895 ], [ -40.358277270692291, -20.429453186986422 ] ] ] } },
{ "type": "Feature", "properties": { "fid": 483 }, "geometry": { "type": "Polygon", "coordinates": [ [ [ -40.358040413280499, -20.429631392701364 ], [ -40.358196870632995, -20.429404025617895 ], [ -40.358116470596769, -20.429354864203304 ], [ -40.357960013165297, -20.429582231221548 ], [ -40.358040413280499, -20.429631392701364 ] ] ] } },
{ "type": "Feature", "properties": { "fid": 484 }, "geometry": { "type": "Polygon", "coordinates": [ [ [ -40.358196870632995, -20.429404025617895 ], [ -40.358353327539078, -20.429176658412114 ], [ -40.358272927579186, -20.429127497066592 ], [ -40.358116470596769, -20.429354864203304 ], [ -40.358196870632995, -20.429404025617895 ] ] ] } },
{ "type": "Feature", "properties": { "fid": 485 }, "geometry": { "type": "Polygon", "coordinates": [ [ [ -40.358116470596769, -20.429354864203304 ], [ -40.358272927579186, -20.429127497066592 ], [ -40.358192527669047, -20.429078335680764 ], [ -40.358036070607646, -20.429305702752249 ], [ -40.358116470596769, -20.429354864203304 ] ] ] } },
{ "type": "Feature", "properties": { "fid": 486 }, "geometry": { "type": "Polygon", "coordinates": [ [ [ -40.357960013165297, -20.429582231221548 ], [ -40.358116470596769, -20.429354864203304 ], [ -40.358036070607646, -20.429305702752249 ], [ -40.357879613099833, -20.429533069701392 ], [ -40.357960013165297, -20.429582231221548 ] ] ] } },
{ "type": "Feature", "properties": { "fid": 487 }, "geometry": { "type": "Polygon", "coordinates": [ [ [ -40.357879613099833, -20.429533069701392 ], [ -40.358036070607646, -20.429305702752249 ], [ -40.357955670670911, -20.429256541257033 ], [ -40.357799213084135, -20.42948390814098 ], [ -40.357879613099833, -20.429533069701392 ] ] ] } },
{ "type": "Feature", "properties": { "fid": 488 }, "geometry": { "type": "Polygon", "coordinates": [ [ [ -40.358036070607646, -20.429305702752249 ], [ -40.358192527669047, -20.429078335680764 ], [ -40.358112127808653, -20.429029174254641 ], [ -40.357955670670911, -20.429256541257033 ], [ -40.358036070607646, -20.429305702752249 ] ] ] } },
{ "type": "Feature", "properties": { "fid": 489 }, "geometry": { "type": "Polygon", "coordinates": [ [ [ -40.357955670670911, -20.429256541257033 ], [ -40.358112127808653, -20.429029174254641 ], [ -40.358031727998018, -20.428980012788212 ], [ -40.357875270781292, -20.429207379725405 ], [ -40.357955670670911, -20.429256541257033 ] ] ] } },
{ "type": "Feature", "properties": { "fid": 490 }, "geometry": { "type": "Polygon", "coordinates": [ [ [ -40.357799213084135, -20.42948390814098 ], [ -40.357955670670911, -20.429256541257033 ], [ -40.357875270781292, -20.429207379725405 ], [ -40.357718813118161, -20.429434746540228 ], [ -40.357799213084135, -20.42948390814098 ] ] ] } },
{ "type": "Feature", "properties": { "fid": 491 }, "geometry": { "type": "Polygon", "coordinates": [ [ [ -40.357718813118161, -20.429434746540228 ], [ -40.357875270781292, -20.429207379725405 ], [ -40.357794870942733, -20.429158218151532 ], [ -40.357638413201954, -20.429385584899219 ], [ -40.357718813118161, -20.429434746540228 ] ] ] } },
{ "type": "Feature", "properties": { "fid": 492 }, "geometry": { "type": "Polygon", "coordinates": [ [ [ -40.357794870942733, -20.429158218151532 ], [ -40.357875270781292, -20.429207379725405 ], [ -40.358031727998018, -20.428980012788212 ], [ -40.357951328237114, -20.428930851281503 ], [ -40.357794870942733, -20.429158218151532 ] ] ] } },
{ "type": "Feature", "properties": { "fid": 493 }, "geometry": { "type": "Polygon", "coordinates": [ [ [ -40.357794870942733, -20.429158218151532 ], [ -40.357951328237114, -20.428930851281503 ], [ -40.357830728687048, -20.428857108948772 ], [ -40.357778576298713, -20.428932897838447 ], [ -40.357726423822243, -20.429008686770548 ], [ -40.357674271276174, -20.429084475718085 ], [ -40.357794870942733, -20.429158218151532 ] ] ] } },
{ "type": "Feature", "properties": { "fid": 494 }, "geometry": { "type": "Polygon", "coordinates": [ [ [ -40.357638413201954, -20.429385584899219 ], [ -40.357794870942733, -20.429158218151532 ], [ -40.357674271276174, -20.429084475718085 ], [ -40.357622118720066, -20.429160264594522 ], [ -40.357569966094367, -20.429236053486463 ], [ -40.357517813418916, -20.429311842364999 ], [ -40.357638413201954, -20.429385584899219 ] ] ] } },
{ "type": "Feature", "properties": { "fid": 495 }, "geometry": { "type": "Polygon", "coordinates": [ [ [ -40.357622118720066, -20.429160264594522 ], [ -40.357674271276174, -20.429084475718085 ], [ -40.357433072278859, -20.4289369905791 ], [ -40.357380919645088, -20.429012779388405 ], [ -40.357622118720066, -20.429160264594522 ] ] ] } },
{ "type": "Feature", "properties": { "fid": 496 }, "geometry": { "type": "Polygon", "coordinates": [ [ [ -40.357569966094367, -20.429236053486463 ], [ -40.357622118720066, -20.429160264594522 ], [ -40.357380919645088, -20.429012779388405 ], [ -40.35732876694172, -20.429088568213178 ], [ -40.357569966094367, -20.429236053486463 ] ] ] } },
{ "type": "Feature", "properties": { "fid": 497 }, "geometry": { "type": "Polygon", "coordinates": [ [ [ -40.357517813418916, -20.429311842364999 ], [ -40.357569966094367, -20.429236053486463 ], [ -40.35732876694172, -20.429088568213178 ], [ -40.357276614188628, -20.429164357024554 ], [ -40.357517813418916, -20.429311842364999 ] ] ] } },
{ "type": "Feature", "properties": { "fid": 498 }, "geometry": { "type": "Polygon", "coordinates": [ [ [ -40.357778576298713, -20.428932897838447 ], [ -40.357830728687048, -20.428857108948772 ], [ -40.357589529922677, -20.428709624011297 ], [ -40.357537377456687, -20.428785412833811 ], [ -40.357778576298713, -20.428932897838447 ] ] ] } },
{ "type": "Feature", "properties": { "fid": 499 }, "geometry": { "type": "Polygon", "coordinates": [ [ [ -40.357726423822243, -20.429008686770548 ], [ -40.357778576298713, -20.428932897838447 ], [ -40.357537377456687, -20.428785412833811 ], [ -40.357485224902568, -20.42886120169873 ], [ -40.357726423822243, -20.429008686770548 ] ] ] } },
{ "type": "Feature", "properties": { "fid": 500 }, "geometry": { "type": "Polygon", "coordinates": [ [ [ -40.357674271276174, -20.429084475718085 ], [ -40.357726423822243, -20.429008686770548 ], [ -40.357485224902568, -20.42886120169873 ], [ -40.357433072278859, -20.4289369905791 ], [ -40.357674271276174, -20.429084475718085 ] ] ] } },
{ "type": "Feature", "properties": { "fid": 501 }, "geometry": { "type": "Polygon", "coordinates": [ [ [ -40.355983921338627, -20.428503122228562 ], [ -40.355671001058816, -20.428957852593218 ], [ -40.355671002680829, -20.42895785363558 ], [ -40.355723156181639, -20.428882065272781 ], [ -40.355775309639284, -20.428806276886931 ], [ -40.356016507007638, -20.428953764453418 ], [ -40.35606866030011, -20.428877975989014 ], [ -40.355827463047198, -20.428730488487762 ], [ -40.355879616405375, -20.428654700075178 ], [ -40.355931769713784, -20.428578911649204 ], [ -40.355983922972477, -20.428503123209882 ], [ -40.355983921338627, -20.428503122228562 ] ] ] } },
{ "type": "Feature", "properties": { "fid": 502 }, "geometry": { "type": "Polygon", "coordinates": [ [ [ -40.357017158618163, -20.429242600849868 ], [ -40.357069311512667, -20.429166812137058 ], [ -40.356828114596716, -20.429019327131563 ], [ -40.356775961609813, -20.429095115805964 ], [ -40.357017158618163, -20.429242600849868 ] ] ] } },
{ "type": "Feature", "properties": { "fid": 503 }, "geometry": { "type": "Polygon", "coordinates": [ [ [ -40.356965005655596, -20.429318389575911 ], [ -40.357017158618163, -20.429242600849868 ], [ -40.356775961609813, -20.429095115805964 ], [ -40.356723808573129, -20.429170904467 ], [ -40.356965005655596, -20.429318389575911 ] ] ] } },
{ "type": "Feature", "properties": { "fid": 504 }, "geometry": { "type": "Polygon", "coordinates": [ [ [ -40.356912852643305, -20.429394178288533 ], [ -40.356965005655596, -20.429318389575911 ], [ -40.356723808573129, -20.429170904467 ], [ -40.356671655486728, -20.42924669311466 ], [ -40.356912852643305, -20.429394178288533 ] ] ] } },
{ "type": "Feature", "properties": { "fid": 505 }, "geometry": { "type": "Polygon", "coordinates": [ [ [ -40.356860699581247, -20.42946996698781 ], [ -40.356912852643305, -20.429394178288533 ], [ -40.356671655486728, -20.42924669311466 ], [ -40.356619502350568, -20.429322481748923 ], [ -40.356860699581247, -20.42946996698781 ] ] ] } },
{ "type": "Feature", "properties": { "fid": 506 }, "geometry": { "type": "Polygon", "coordinates": [ [ [ -40.356808546469445, -20.429545755673697 ], [ -40.356860699581247, -20.42946996698781 ], [ -40.356619502350568, -20.429322481748923 ], [ -40.356567349164671, -20.429398270369788 ], [ -40.356808546469445, -20.429545755673697 ] ] ] } },
{ "type": "Feature", "properties": { "fid": 507 }, "geometry": { "type": "Polygon", "coordinates": [ [ [ -40.35635439676458, -20.429375734453796 ], [ -40.356434796304924, -20.429424896711499 ], [ -40.356591255920456, -20.429197530944851 ], [ -40.356510856459074, -20.429148368752394 ], [ -40.35635439676458, -20.429375734453796 ] ] ] } },
{ "type": "Feature", "properties": { "fid": 508 }, "geometry": { "type": "Polygon", "coordinates": [ [ [ -40.356273997273966, -20.429326572155812 ], [ -40.35635439676458, -20.429375734453796 ], [ -40.356510856459074, -20.429148368752394 ], [ -40.356430457044794, -20.429099206523489 ], [ -40.356273997273966, -20.429326572155812 ] ] ] } },
{ "type": "Feature", "properties": { "fid": 509 }, "geometry": { "type": "Polygon", "coordinates": [ [ [ -40.356193597833126, -20.429277409817537 ], [ -40.356273997273966, -20.429326572155812 ], [ -40.356430457044794, -20.429099206523489 ], [ -40.356350057682917, -20.429050044250431 ], [ -40.356193597833126, -20.429277409817537 ] ] ] } },
{ "type": "Feature", "properties": { "fid": 510 }, "geometry": { "type": "Polygon", "coordinates": [ [ [ -40.356113198442024, -20.429228247438935 ], [ -40.356193597833126, -20.429277409817537 ], [ -40.356350057682917, -20.429050044250431 ], [ -40.356269658368127, -20.42900088194094 ], [ -40.356113198442024, -20.429228247438935 ] ] ] } },
{ "type": "Feature", "properties": { "fid": 511 }, "geometry": { "type": "Polygon", "coordinates": [ [ [ -40.35603279910066, -20.429179085020092 ], [ -40.356113198442024, -20.429228247438935 ], [ -40.356269658368127, -20.42900088194094 ], [ -40.356189259104418, -20.428951719589229 ], [ -40.35603279910066, -20.429179085020092 ] ] ] } },
{ "type": "Feature", "properties": { "fid": 512 }, "geometry": { "type": "Polygon", "coordinates": [ [ [ -40.355912200179922, -20.429105341319108 ], [ -40.35603279910066, -20.429179085020092 ], [ -40.356189259104418, -20.428951719589229 ], [ -40.35606866030011, -20.428877975989014 ], [ -40.356016507007638, -20.428953764453418 ], [ -40.355964353634242, -20.429029552896782 ], [ -40.355912200179922, -20.429105341319108 ] ] ] } },
{ "type": "Feature", "properties": { "fid": 513 }, "geometry": { "type": "Polygon", "coordinates": [ [ [ -40.355671002680829, -20.42895785363558 ], [ -40.355912200179922, -20.429105341319108 ], [ -40.355964353634242, -20.429029552896782 ], [ -40.355723156181639, -20.428882065272781 ], [ -40.355671002680829, -20.42895785363558 ] ] ] } },
{ "type": "Feature", "properties": { "fid": 514 }, "geometry": { "type": "Polygon", "coordinates": [ [ [ -40.356828114495073, -20.429019327136981 ], [ -40.356747715089583, -20.428970165055848 ], [ -40.356591255920456, -20.429197530944851 ], [ -40.356671655404938, -20.429246693091212 ], [ -40.35672380848473, -20.429170904453215 ], [ -40.356775961514785, -20.4290951158018 ], [ -40.356828114495073, -20.429019327136981 ] ] ] } },
{ "type": "Feature", "properties": { "fid": 515 }, "geometry": { "type": "Polygon", "coordinates": [ [ [ -40.356747715089583, -20.428970165055848 ], [ -40.356667315704506, -20.428921002932469 ], [ -40.356510856459074, -20.429148368752394 ], [ -40.356591255920456, -20.429197530944851 ], [ -40.356747715089583, -20.428970165055848 ] ] ] } },
{ "type": "Feature", "properties": { "fid": 516 }, "geometry": { "type": "Polygon", "coordinates": [ [ [ -40.356667315704506, -20.428921002932469 ], [ -40.356586916369203, -20.428871840768821 ], [ -40.356430457044794, -20.429099206523489 ], [ -40.356510856459074, -20.429148368752394 ], [ -40.356667315704506, -20.428921002932469 ] ] ] } },
{ "type": "Feature", "properties": { "fid": 517 }, "geometry": { "type": "Polygon", "coordinates": [ [ [ -40.356586916369203, -20.428871840768821 ], [ -40.356506517083652, -20.428822678564853 ], [ -40.356350057682917, -20.429050044250431 ], [ -40.356430457044794, -20.429099206523489 ], [ -40.356586916369203, -20.428871840768821 ] ] ] } },
{ "type": "Feature", "properties": { "fid": 518 }, "geometry": { "type": "Polygon", "coordinates": [ [ [ -40.356506517083652, -20.428822678564853 ], [ -40.356426117847825, -20.428773516320604 ], [ -40.356269658368127, -20.42900088194094 ], [ -40.356350057682917, -20.429050044250431 ], [ -40.356506517083652, -20.428822678564853 ] ] ] } },
{ "type": "Feature", "properties": { "fid": 519 }, "geometry": { "type": "Polygon", "coordinates": [ [ [ -40.356426117847825, -20.428773516320604 ], [ -40.356345718661764, -20.428724354036071 ], [ -40.356189259104418, -20.428951719589229 ], [ -40.356269658368127, -20.42900088194094 ], [ -40.356426117847825, -20.428773516320604 ] ] ] } },
{ "type": "Feature", "properties": { "fid": 520 }, "geometry": { "type": "Polygon", "coordinates": [ [ [ -40.356345718661764, -20.428724354036071 ], [ -40.356225119973935, -20.428650610536575 ], [ -40.356172966829376, -20.428726399043018 ], [ -40.356120813605209, -20.42880218752655 ], [ -40.35606866030011, -20.428877975989014 ], [ -40.356189259104418, -20.428951719589229 ], [ -40.356345718661764, -20.428724354036071 ] ] ] } },
{ "type": "Feature", "properties": { "fid": 521 }, "geometry": { "type": "Polygon", "coordinates": [ [ [ -40.356225119973935, -20.428650610536575 ], [ -40.356049820084266, -20.428543418089316 ], [ -40.355983922972477, -20.428503123209882 ], [ -40.355931769713784, -20.428578911649204 ], [ -40.356172966829376, -20.428726399043018 ], [ -40.356225119973935, -20.428650610536575 ] ] ] } },
{ "type": "Feature", "properties": { "fid": 522 }, "geometry": { "type": "Polygon", "coordinates": [ [ [ -40.355964353634242, -20.429029552896782 ], [ -40.356016507007638, -20.428953764453418 ], [ -40.355775309639284, -20.428806276886931 ], [ -40.355723156181639, -20.428882065272781 ], [ -40.355964353634242, -20.429029552896782 ] ] ] } },
{ "type": "Feature", "properties": { "fid": 523 }, "geometry": { "type": "Polygon", "coordinates": [ [ [ -40.35606866030011, -20.428877975989014 ], [ -40.356120813605209, -20.42880218752655 ], [ -40.355879616405375, -20.428654700075178 ], [ -40.355827463047198, -20.428730488487762 ], [ -40.35606866030011, -20.428877975989014 ] ] ] } },
{ "type": "Feature", "properties": { "fid": 524 }, "geometry": { "type": "Polygon", "coordinates": [ [ [ -40.356120813605209, -20.42880218752655 ], [ -40.356172966829376, -20.428726399043018 ], [ -40.355931769713784, -20.428578911649204 ], [ -40.355879616405375, -20.428654700075178 ], [ -40.356120813605209, -20.42880218752655 ] ] ] } },
{ "type": "Feature", "properties": { "fid": 525 }, "geometry": { "type": "Polygon", "coordinates": [ [ [ -40.355871351327679, -20.428434311489262 ], [ -40.355819197220505, -20.428510100503686 ], [ -40.355871352952875, -20.428434312483034 ], [ -40.355871351327679, -20.428434311489262 ] ] ] } },
{ "type": "Feature", "properties": { "fid": 526 }, "geometry": { "type": "Polygon", "coordinates": [ [ [ -40.355819197220505, -20.428510100503686 ], [ -40.355871351327679, -20.428434311489262 ], [ -40.355630156569397, -20.428286824680569 ], [ -40.355578004246311, -20.428362613648986 ], [ -40.355819197220505, -20.428510100503686 ] ] ] } },
{ "type": "Feature", "properties": { "fid": 527 }, "geometry": { "type": "Polygon", "coordinates": [ [ [ -40.355767043604509, -20.428585888718736 ], [ -40.355819197220505, -20.428510100503686 ], [ -40.355578004246311, -20.428362613648986 ], [ -40.355525850552681, -20.428438401796843 ], [ -40.355767043604509, -20.428585888718736 ] ] ] } },
{ "type": "Feature", "properties": { "fid": 528 }, "geometry": { "type": "Polygon", "coordinates": [ [ [ -40.35571488993876, -20.428661676920392 ], [ -40.355767043604509, -20.428585888718736 ], [ -40.355525850552681, -20.428438401796843 ], [ -40.355473358784614, -20.428514680136484 ], [ -40.35571488993876, -20.428661676920392 ] ] ] } },
{ "type": "Feature", "properties": { "fid": 529 }, "geometry": { "type": "Polygon", "coordinates": [ [ [ -40.355662736223273, -20.428737465108664 ], [ -40.35571488993876, -20.428661676920392 ], [ -40.355473358784614, -20.428514680136484 ], [ -40.355421543016163, -20.42858997805244 ], [ -40.355662736223273, -20.428737465108664 ] ] ] } },
{ "type": "Feature", "properties": { "fid": 530 }, "geometry": { "type": "Polygon", "coordinates": [ [ [ -40.355610582458027, -20.42881325328354 ], [ -40.355662736223273, -20.428737465108664 ], [ -40.355421543016163, -20.42858997805244 ], [ -40.355369389243847, -20.428665766203316 ], [ -40.355610582458027, -20.42881325328354 ] ] ] } },
{ "type": "Feature", "properties": { "fid": 531 }, "geometry": { "type": "Polygon", "coordinates": [ [ [ -40.355610582458027, -20.42881325328354 ], [ -40.355558429211648, -20.428889040618746 ], [ -40.35555843247684, -20.428889042672559 ], [ -40.355610582458027, -20.42881325328354 ] ] ] } },
{ "type": "Feature", "properties": { "fid": 532 }, "geometry": { "type": "Polygon", "coordinates": [ [ [ -40.355558429211648, -20.428889040618746 ], [ -40.355610582458027, -20.42881325328354 ], [ -40.355369389243847, -20.428665766203316 ], [ -40.355369389173291, -20.428665766160172 ], [ -40.35536905162207, -20.428666256681634 ], [ -40.355317235556605, -20.428741554428694 ], [ -40.355558429211648, -20.428889040618746 ] ] ] } },
{ "type": "Feature", "properties": { "fid": 533 }, "geometry": { "type": "Polygon", "coordinates": [ [ [ -40.355369389243847, -20.428665766203316 ], [ -40.355421543016163, -20.42858997805244 ], [ -40.355369389173291, -20.428665766160172 ], [ -40.355369389243847, -20.428665766203316 ] ] ] } },
{ "type": "Feature", "properties": { "fid": 534 }, "geometry": { "type": "Polygon", "coordinates": [ [ [ -40.355421543016163, -20.42858997805244 ], [ -40.355473358784614, -20.428514680136484 ], [ -40.355525850552681, -20.428438401796843 ], [ -40.355473358702824, -20.428514680113029 ], [ -40.355421543016163, -20.42858997805244 ] ] ] } },
{ "type": "Feature", "properties": { "fid": 535 }, "geometry": { "type": "Polygon", "coordinates": [ [ [ -40.355578004246311, -20.428362613648986 ], [ -40.355630156569397, -20.428286824680569 ], [ -40.35563015650051, -20.428286824638445 ], [ -40.355578004246311, -20.428362613648986 ] ] ] } },
{ "type": "Feature", "properties": { "fid": 536 }, "geometry": { "type": "Polygon", "coordinates": [ [ [ -40.355317235556605, -20.428741554428694 ], [ -40.35536905162207, -20.428666256681634 ], [ -40.355369389173291, -20.428665766160172 ], [ -40.355421543016163, -20.42858997805244 ], [ -40.355473358702824, -20.428514680113029 ], [ -40.355392959959424, -20.428465517366163 ], [ -40.355236836803329, -20.428692391668264 ], [ -40.355317235556605, -20.428741554428694 ] ] ] } },
{ "type": "Feature", "properties": { "fid": 537 }, "geometry": { "type": "Polygon", "coordinates": [ [ [ -40.355473358702824, -20.428514680113029 ], [ -40.355525850552681, -20.428438401796843 ], [ -40.355578004246311, -20.428362613648986 ], [ -40.35563015650051, -20.428286824638445 ], [ -40.355549757827056, -20.428237661970233 ], [ -40.355392959959424, -20.428465517366163 ], [ -40.355473358702824, -20.428514680113029 ] ] ] } },
{ "type": "Feature", "properties": { "fid": 538 }, "geometry": { "type": "Polygon", "coordinates": [ [ [ -40.355392959959424, -20.428465517366163 ], [ -40.355549757827056, -20.428237661970233 ], [ -40.355469359181804, -20.42818849924851 ], [ -40.355312561239096, -20.428416354573177 ], [ -40.355392959959424, -20.428465517366163 ] ] ] } },
{ "type": "Feature", "properties": { "fid": 539 }, "geometry": { "type": "Polygon", "coordinates": [ [ [ -40.355392959959424, -20.428465517366163 ], [ -40.355312561239096, -20.428416354573177 ], [ -40.355156225505709, -20.428643537645772 ], [ -40.355236836803329, -20.428692391668264 ], [ -40.355392959959424, -20.428465517366163 ] ] ] } },
{ "type": "Feature", "properties": { "fid": 540 }, "geometry": { "type": "Polygon", "coordinates": [ [ [ -40.355312561239096, -20.428416354573177 ], [ -40.355469359181804, -20.42818849924851 ], [ -40.355388960586303, -20.428139336486559 ], [ -40.355232162565876, -20.428367191743785 ], [ -40.355312561239096, -20.428416354573177 ] ] ] } },
{ "type": "Feature", "properties": { "fid": 541 }, "geometry": { "type": "Polygon", "coordinates": [ [ [ -40.355076039178023, -20.428594065871145 ], [ -40.355156225505709, -20.428643537645772 ], [ -40.355312561239096, -20.428416354573177 ], [ -40.355232162565876, -20.428367191743785 ], [ -40.355076039178023, -20.428594065871145 ] ] ] } },
{ "type": "Feature", "properties": { "fid": 542 }, "geometry": { "type": "Polygon", "coordinates": [ [ [ -40.354995477253219, -20.428545138656744 ], [ -40.355076039178023, -20.428594065871145 ], [ -40.355232162565876, -20.428367191743785 ], [ -40.355151763946388, -20.428318028868279 ], [ -40.354995477253219, -20.428545138656744 ] ] ] } },
{ "type": "Feature", "properties": { "fid": 543 }, "geometry": { "type": "Polygon", "coordinates": [ [ [ -40.354915105495181, -20.428495940510434 ], [ -40.354995477253219, -20.428545138656744 ], [ -40.355151763946388, -20.428318028868279 ], [ -40.355071365372659, -20.428268865958284 ], [ -40.355071238174624, -20.4282690507989 ], [ -40.354915105495181, -20.428495940510434 ] ] ] } },
{ "type": "Feature", "properties": { "fid": 544 }, "geometry": { "type": "Polygon", "coordinates": [ [ [ -40.354834843223848, -20.428446576940967 ], [ -40.354915105495181, -20.428495940510434 ], [ -40.355071238174624, -20.4282690507989 ], [ -40.355071365372659, -20.428268865958284 ], [ -40.354990966850018, -20.428219703006075 ], [ -40.354834843223848, -20.428446576940967 ] ] ] } },
{ "type": "Feature", "properties": { "fid": 545 }, "geometry": { "type": "Polygon", "coordinates": [ [ [ -40.354714132073177, -20.428372917868579 ], [ -40.354834843223848, -20.428446576940967 ], [ -40.354990966850018, -20.428219703006075 ], [ -40.354870369208101, -20.428145958484283 ], [ -40.354870353239242, -20.42814598168971 ], [ -40.354870241988976, -20.428146143355182 ], [ -40.354818215466274, -20.428221746601288 ], [ -40.354766061693716, -20.428297534730195 ], [ -40.354714132073177, -20.428372917868579 ] ] ] } },
{ "type": "Feature", "properties": { "fid": 546 }, "geometry": { "type": "Polygon", "coordinates": [ [ [ -40.354473050133656, -20.42822534286357 ], [ -40.354714132073177, -20.428372917868579 ], [ -40.354766061693716, -20.428297534730195 ], [ -40.354524866488866, -20.428150045321996 ], [ -40.354473050133656, -20.42822534286357 ] ] ] } },
{ "type": "Feature", "properties": { "fid": 547 }, "geometry": { "type": "Polygon", "coordinates": [ [ [ -40.355232162565876, -20.428367191743785 ], [ -40.355388960586303, -20.428139336486559 ], [ -40.355308562040562, -20.4280901736843 ], [ -40.355151763946388, -20.428318028868279 ], [ -40.355232162565876, -20.428367191743785 ] ] ] } },
{ "type": "Feature", "properties": { "fid": 548 }, "geometry": { "type": "Polygon", "coordinates": [ [ [ -40.355151763946388, -20.428318028868279 ], [ -40.355308562040562, -20.4280901736843 ], [ -40.355228163544552, -20.428041010841721 ], [ -40.355071365372659, -20.428268865958284 ], [ -40.355151763946388, -20.428318028868279 ] ] ] } },
{ "type": "Feature", "properties": { "fid": 549 }, "geometry": { "type": "Polygon", "coordinates": [ [ [ -40.355071365372659, -20.428268865958284 ], [ -40.355228163544552, -20.428041010841721 ], [ -40.355147765098387, -20.427991847958758 ], [ -40.354990966850018, -20.428219703006075 ], [ -40.355071365372659, -20.428268865958284 ] ] ] } },
{ "type": "Feature", "properties": { "fid": 550 }, "geometry": { "type": "Polygon", "coordinates": [ [ [ -40.354990966850018, -20.428219703006075 ], [ -40.355147765098387, -20.427991847958758 ], [ -40.355027167522167, -20.427918103559048 ], [ -40.354974676457068, -20.427994382228391 ], [ -40.35497454925914, -20.427994567068939 ], [ -40.354922522846991, -20.428070170378231 ], [ -40.35492239564892, -20.42807035521875 ], [ -40.354870417238999, -20.428145888687233 ], [ -40.354870369208101, -20.428145958484283 ], [ -40.354990966850018, -20.428219703006075 ] ] ] } },
{ "type": "Feature", "properties": { "fid": 551 }, "geometry": { "type": "Polygon", "coordinates": [ [ [ -40.354870369208101, -20.428145958484283 ], [ -40.354870417238999, -20.428145888687233 ], [ -40.35492239564892, -20.42807035521875 ], [ -40.354922522846991, -20.428070170378231 ], [ -40.354681327870317, -20.427922681125423 ], [ -40.354629174126238, -20.427998469204343 ], [ -40.354870369208101, -20.428145958484283 ] ] ] } },
{ "type": "Feature", "properties": { "fid": 552 }, "geometry": { "type": "Polygon", "coordinates": [ [ [ -40.354922522846991, -20.428070170378231 ], [ -40.35497454925914, -20.427994567068939 ], [ -40.354974557240979, -20.42799455546993 ], [ -40.354974676457068, -20.427994382228391 ], [ -40.354733481564658, -20.427846893033124 ], [ -40.354681327870317, -20.427922681125423 ], [ -40.354922522846991, -20.428070170378231 ] ] ] } },
{ "type": "Feature", "properties": { "fid": 553 }, "geometry": { "type": "Polygon", "coordinates": [ [ [ -40.35497454925914, -20.427994567068939 ], [ -40.354974676457068, -20.427994382228391 ], [ -40.354974557240979, -20.42799455546993 ], [ -40.35497454925914, -20.427994567068939 ] ] ] } },
{ "type": "Feature", "properties": { "fid": 554 }, "geometry": { "type": "Polygon", "coordinates": [ [ [ -40.354974676457068, -20.427994382228391 ], [ -40.355027167522167, -20.427918103559048 ], [ -40.354785972705713, -20.427770614487457 ], [ -40.354733481564658, -20.427846893033124 ], [ -40.354974676457068, -20.427994382228391 ] ] ] } },
{ "type": "Feature", "properties": { "fid": 555 }, "geometry": { "type": "Polygon", "coordinates": [ [ [ -40.354766061693716, -20.428297534730195 ], [ -40.354818215466274, -20.428221746601288 ], [ -40.354577020332435, -20.428074257269845 ], [ -40.354524866488866, -20.428150045321996 ], [ -40.354766061693716, -20.428297534730195 ] ] ] } },
{ "type": "Feature", "properties": { "fid": 556 }, "geometry": { "type": "Polygon", "coordinates": [ [ [ -40.354870353239242, -20.42814598168971 ], [ -40.354870369208101, -20.428145958484283 ], [ -40.354629174126238, -20.427998469204343 ], [ -40.354577020332435, -20.428074257269845 ], [ -40.354818215466274, -20.428221746601288 ], [ -40.354870241988976, -20.428146143355182 ], [ -40.354870353239242, -20.42814598168971 ] ] ] } },
{ "type": "Feature", "properties": { "fid": 557 }, "geometry": { "type": "Polygon", "coordinates": [ [ [ -40.354464800056853, -20.428004938259875 ], [ -40.354412646184002, -20.428080726271148 ], [ -40.354464335564103, -20.428005613650313 ], [ -40.354464800056853, -20.428004938259875 ] ] ] } },
{ "type": "Feature", "properties": { "fid": 558 }, "geometry": { "type": "Polygon", "coordinates": [ [ [ -40.354412646184002, -20.428080726271148 ], [ -40.354464800056853, -20.428004938259875 ], [ -40.354223576734228, -20.427857430730494 ], [ -40.354171417576033, -20.427933215503742 ], [ -40.354412646184002, -20.428080726271148 ] ] ] } },
{ "type": "Feature", "properties": { "fid": 559 }, "geometry": { "type": "Polygon", "coordinates": [ [ [ -40.354360492261407, -20.428156514269027 ], [ -40.354412646184002, -20.428080726271148 ], [ -40.354171417576033, -20.427933215503742 ], [ -40.354171412374946, -20.427933212323278 ], [ -40.354119258374709, -20.428009000253979 ], [ -40.354360492261407, -20.428156514269027 ] ] ] } },
{ "type": "Feature", "properties": { "fid": 560 }, "geometry": { "type": "Polygon", "coordinates": [ [ [ -40.354464800056853, -20.428004938259875 ], [ -40.35451695389321, -20.427929150215995 ], [ -40.35427573584272, -20.427781645943735 ], [ -40.354223576734228, -20.427857430730494 ], [ -40.354464800056853, -20.428004938259875 ] ] ] } },
{ "type": "Feature", "properties": { "fid": 561 }, "geometry": { "type": "Polygon", "coordinates": [ [ [ -40.35451695389321, -20.427929150215995 ], [ -40.354569107673179, -20.427853362168339 ], [ -40.35432789490136, -20.427705861143767 ], [ -40.35427573584272, -20.427781645943735 ], [ -40.35451695389321, -20.427929150215995 ] ] ] } },
{ "type": "Feature", "properties": { "fid": 562 }, "geometry": { "type": "Polygon", "coordinates": [ [ [ -40.354569107673179, -20.427853362168339 ], [ -40.354621261396787, -20.427777574116927 ], [ -40.354380053903789, -20.42763007633997 ], [ -40.35432789490136, -20.427705861143767 ], [ -40.354569107673179, -20.427853362168339 ] ] ] } },
{ "type": "Feature", "properties": { "fid": 563 }, "geometry": { "type": "Polygon", "coordinates": [ [ [ -40.354380053903789, -20.42763007633997 ], [ -40.354621261396787, -20.427777574116927 ], [ -40.354673415271648, -20.427701786139107 ], [ -40.354432212873647, -20.427554291497557 ], [ -40.354380053903789, -20.42763007633997 ] ] ] } },
{ "type": "Feature", "properties": { "fid": 564 }, "geometry": { "type": "Polygon", "coordinates": [ [ [ -40.35456783719625, -20.427357233818583 ], [ -40.354809026170578, -20.427504720144057 ], [ -40.354861179665228, -20.427428932030992 ], [ -40.354620000752107, -20.427281451808202 ], [ -40.35456783719625, -20.427357233818583 ] ] ] } },
{ "type": "Feature", "properties": { "fid": 565 }, "geometry": { "type": "Polygon", "coordinates": [ [ [ -40.354620000752107, -20.427281451808202 ], [ -40.354861179665228, -20.427428932030992 ], [ -40.354913333116734, -20.427353143894901 ], [ -40.354672160749566, -20.427205667708282 ], [ -40.354620000752107, -20.427281451808202 ] ] ] } },
{ "type": "Feature", "properties": { "fid": 566 }, "geometry": { "type": "Polygon", "coordinates": [ [ [ -40.354672160749566, -20.427205667708282 ], [ -40.354913333116734, -20.427353143894901 ], [ -40.354965486518509, -20.427277355745471 ], [ -40.354724320703895, -20.427129883585408 ], [ -40.354672160749566, -20.427205667708282 ] ] ] } },
{ "type": "Feature", "properties": { "fid": 567 }, "geometry": { "type": "Polygon", "coordinates": [ [ [ -40.354724320703895, -20.427129883585408 ], [ -40.354965486518509, -20.427277355745471 ], [ -40.355017639870553, -20.4272015675826 ], [ -40.354776480608479, -20.427054099449109 ], [ -40.354724320703895, -20.427129883585408 ] ] ] } },
{ "type": "Feature", "properties": { "fid": 568 }, "geometry": { "type": "Polygon", "coordinates": [ [ [ -40.354776480608479, -20.427054099449109 ], [ -40.355017639870553, -20.4272015675826 ], [ -40.355069793152701, -20.427125779407739 ], [ -40.354828640456695, -20.426978315309054 ], [ -40.354776480608479, -20.427054099449109 ] ] ] } },
{ "type": "Feature", "properties": { "fid": 569 }, "geometry": { "type": "Polygon", "coordinates": [ [ [ -40.354828640456695, -20.426978315309054 ], [ -40.355069793152701, -20.427125779407739 ], [ -40.355121946398633, -20.427049991227751 ], [ -40.354880793780232, -20.426902527196209 ], [ -40.354828640456695, -20.426978315309054 ] ] ] } },
{ "type": "Feature", "properties": { "fid": 570 }, "geometry": { "type": "Polygon", "coordinates": [ [ [ -40.354880793780232, -20.426902527196209 ], [ -40.355121946398633, -20.427049991227751 ], [ -40.355174099594812, -20.42697420303438 ], [ -40.354932947054031, -20.426826739069973 ], [ -40.354880793780232, -20.426902527196209 ] ] ] } },
{ "type": "Feature", "properties": { "fid": 571 }, "geometry": { "type": "Polygon", "coordinates": [ [ [ -40.354932947054031, -20.426826739069973 ], [ -40.355174099594812, -20.42697420303438 ], [ -40.355226252741254, -20.426898414827622 ], [ -40.354985100278078, -20.426750950930376 ], [ -40.354932947054031, -20.426826739069973 ] ] ] } },
{ "type": "Feature", "properties": { "fid": 572 }, "geometry": { "type": "Polygon", "coordinates": [ [ [ -40.354985100278078, -20.426750950930376 ], [ -40.355226252741254, -20.426898414827622 ], [ -40.35527840583795, -20.426822626607482 ], [ -40.355037253452394, -20.426675162777368 ], [ -40.354985100278078, -20.426750950930376 ] ] ] } },
{ "type": "Feature", "properties": { "fid": 573 }, "geometry": { "type": "Polygon", "coordinates": [ [ [ -40.355037253452394, -20.426675162777368 ], [ -40.35527840583795, -20.426822626607482 ], [ -40.355330558884908, -20.426746838373941 ], [ -40.355089406576965, -20.426599374610991 ], [ -40.355037253452394, -20.426675162777368 ] ] ] } },
{ "type": "Feature", "properties": { "fid": 574 }, "geometry": { "type": "Polygon", "coordinates": [ [ [ -40.355089406576965, -20.426599374610991 ], [ -40.355330558884908, -20.426746838373941 ], [ -40.355382711882136, -20.426671050127041 ], [ -40.355141559651798, -20.426523586431244 ], [ -40.355089406576965, -20.426599374610991 ] ] ] } },
{ "type": "Feature", "properties": { "fid": 575 }, "geometry": { "type": "Polygon", "coordinates": [ [ [ -40.355141559651798, -20.426523586431244 ], [ -40.355382711882136, -20.426671050127041 ], [ -40.355434864829597, -20.426595261866737 ], [ -40.355193712676879, -20.426447798238076 ], [ -40.355141559651798, -20.426523586431244 ] ] ] } },
{ "type": "Feature", "properties": { "fid": 576 }, "geometry": { "type": "Polygon", "coordinates": [ [ [ -40.356632785156208, -20.427327800366577 ], [ -40.355587608972989, -20.426688688186044 ], [ -40.354909617414926, -20.427673935078875 ], [ -40.355954797971513, -20.428313051042743 ], [ -40.356632785156208, -20.427327800366577 ] ] ] } },
{ "type": "Feature", "properties": { "fid": 577 }, "geometry": { "type": "Polygon", "coordinates": [ [ [ -40.357392658433447, -20.428696921695206 ], [ -40.357444810968751, -20.42862113288755 ], [ -40.35720361442128, -20.428473648280562 ], [ -40.357151461947424, -20.428549437112903 ], [ -40.357392658433447, -20.428696921695206 ] ] ] } },
{ "type": "Feature", "properties": { "fid": 578 }, "geometry": { "type": "Polygon", "coordinates": [ [ [ -40.357340507479016, -20.428772711512799 ], [ -40.357392658433447, -20.428696921695206 ], [ -40.357151461947424, -20.428549437112903 ], [ -40.35709930926906, -20.428625225870363 ], [ -40.357340507479016, -20.428772711512799 ] ] ] } },
{ "type": "Feature", "properties": { "fid": 579 }, "geometry": { "type": "Polygon", "coordinates": [ [ [ -40.357288354828576, -20.428848500324062 ], [ -40.357340507479016, -20.428772711512799 ], [ -40.35709930926906, -20.428625225870363 ], [ -40.357047156404718, -20.428701014525991 ], [ -40.357288354828576, -20.428848500324062 ] ] ] } },
{ "type": "Feature", "properties": { "fid": 580 }, "geometry": { "type": "Polygon", "coordinates": [ [ [ -40.357236202128369, -20.428924289121912 ], [ -40.357288354828576, -20.428848500324062 ], [ -40.357047156404718, -20.428701014525991 ], [ -40.356995003763103, -20.428776803345123 ], [ -40.357236202128369, -20.428924289121912 ] ] ] } },
{ "type": "Feature", "properties": { "fid": 581 }, "geometry": { "type": "Polygon", "coordinates": [ [ [ -40.357184047717432, -20.429000076904373 ], [ -40.357236202128369, -20.428924289121912 ], [ -40.356995003763103, -20.428776803345123 ], [ -40.356942850935503, -20.42885259206243 ], [ -40.357184047717432, -20.429000076904373 ] ] ] } },
{ "type": "Feature", "properties": { "fid": 582 }, "geometry": { "type": "Polygon", "coordinates": [ [ [ -40.357131894934433, -20.429075865643625 ], [ -40.357184047717432, -20.429000076904373 ], [ -40.356942850935503, -20.42885259206243 ], [ -40.356890697941758, -20.428928380649086 ], [ -40.357131894934433, -20.429075865643625 ] ] ] } },
{ "type": "Feature", "properties": { "fid": 583 }, "geometry": { "type": "Polygon", "coordinates": [ [ [ -40.356810298536608, -20.428879218594915 ], [ -40.356966757077217, -20.428651852538984 ], [ -40.356886357802111, -20.428602690507823 ], [ -40.356729899182525, -20.428830056498551 ], [ -40.356810298536608, -20.428879218594915 ] ] ] } },
{ "type": "Feature", "properties": { "fid": 584 }, "geometry": { "type": "Polygon", "coordinates": [ [ [ -40.356966757077217, -20.428651852538984 ], [ -40.356810298536608, -20.428879218594915 ], [ -40.356890697941758, -20.428928380649086 ], [ -40.356942850935503, -20.42885259206243 ], [ -40.356995003763103, -20.428776803345123 ], [ -40.357047156404718, -20.428701014525991 ], [ -40.356966757077217, -20.428651852538984 ] ] ] } },
{ "type": "Feature", "properties": { "fid": 585 }, "geometry": { "type": "Polygon", "coordinates": [ [ [ -40.356966757077217, -20.428651852538984 ], [ -40.357047156404718, -20.428701014525991 ], [ -40.35709930926906, -20.428625225870363 ], [ -40.357151461947424, -20.428549437112903 ], [ -40.35720361442128, -20.428473648280562 ], [ -40.357123215171434, -20.428424486360726 ], [ -40.356966757077217, -20.428651852538984 ] ] ] } },
{ "type": "Feature", "properties": { "fid": 586 }, "geometry": { "type": "Polygon", "coordinates": [ [ [ -40.356966757077217, -20.428651852538984 ], [ -40.357123215171434, -20.428424486360726 ], [ -40.35704281597264, -20.428375324398651 ], [ -40.356886357802111, -20.428602690507823 ], [ -40.356966757077217, -20.428651852538984 ] ] ] } },
{ "type": "Feature", "properties": { "fid": 587 }, "geometry": { "type": "Polygon", "coordinates": [ [ [ -40.356886357802111, -20.428602690507823 ], [ -40.35704281597264, -20.428375324398651 ], [ -40.356962416823606, -20.428326162396289 ], [ -40.3568059585741, -20.42855352844024 ], [ -40.356886357802111, -20.428602690507823 ] ] ] } },
{ "type": "Feature", "properties": { "fid": 588 }, "geometry": { "type": "Polygon", "coordinates": [ [ [ -40.356729899182525, -20.428830056498551 ], [ -40.356886357802111, -20.428602690507823 ], [ -40.3568059585741, -20.42855352844024 ], [ -40.356649499887872, -20.428780894347817 ], [ -40.356729899182525, -20.428830056498551 ] ] ] } },
{ "type": "Feature", "properties": { "fid": 589 }, "geometry": { "type": "Polygon", "coordinates": [ [ [ -40.356649499887872, -20.428780894347817 ], [ -40.3568059585741, -20.42855352844024 ], [ -40.356685359837918, -20.428479785285528 ], [ -40.356528901015501, -20.428707151102973 ], [ -40.356649499887872, -20.428780894347817 ] ] ] } },
{ "type": "Feature", "properties": { "fid": 590 }, "geometry": { "type": "Polygon", "coordinates": [ [ [ -40.3568059585741, -20.42855352844024 ], [ -40.356962416823606, -20.428326162396289 ], [ -40.356841818214122, -20.428252419309402 ], [ -40.356685359837918, -20.428479785285528 ], [ -40.3568059585741, -20.42855352844024 ] ] ] } },
{ "type": "Feature", "properties": { "fid": 591 }, "geometry": { "type": "Polygon", "coordinates": [ [ [ -40.356600621272925, -20.428104932862698 ], [ -40.356522392013972, -20.428218615771023 ], [ -40.356444162651286, -20.428332298637429 ], [ -40.356564761202286, -20.428406042038599 ], [ -40.356721219729572, -20.428178676157216 ], [ -40.356600621272925, -20.428104932862698 ] ] ] } },
{ "type": "Feature", "properties": { "fid": 592 }, "geometry": { "type": "Polygon", "coordinates": [ [ [ -40.356522392013972, -20.428218615771023 ], [ -40.356600621272925, -20.428104932862698 ], [ -40.356359424768122, -20.427957446110124 ], [ -40.356281195416443, -20.428071128883285 ], [ -40.356522392013972, -20.428218615771023 ] ] ] } },
{ "type": "Feature", "properties": { "fid": 593 }, "geometry": { "type": "Polygon", "coordinates": [ [ [ -40.356444162651286, -20.428332298637429 ], [ -40.356522392013972, -20.428218615771023 ], [ -40.356281195416443, -20.428071128883285 ], [ -40.356202965937271, -20.428184811648936 ], [ -40.356444162651286, -20.428332298637429 ] ] ] } },
{ "type": "Feature", "properties": { "fid": 594 }, "geometry": { "type": "Polygon", "coordinates": [ [ [ -40.356444162651286, -20.428332298637429 ], [ -40.356365933192222, -20.428445981451095 ], [ -40.356287703630002, -20.428559664221861 ], [ -40.356408302263418, -20.428633407755338 ], [ -40.356564761202286, -20.428406042038599 ], [ -40.356444162651286, -20.428332298637429 ] ] ] } },
{ "type": "Feature", "properties": { "fid": 595 }, "geometry": { "type": "Polygon", "coordinates": [ [ [ -40.356365933192222, -20.428445981451095 ], [ -40.356444162651286, -20.428332298637429 ], [ -40.356202965937271, -20.428184811648936 ], [ -40.356124736361764, -20.428298494361854 ], [ -40.356365933192222, -20.428445981451095 ] ] ] } },
{ "type": "Feature", "properties": { "fid": 596 }, "geometry": { "type": "Polygon", "coordinates": [ [ [ -40.356287703630002, -20.428559664221861 ], [ -40.356365933192222, -20.428445981451095 ], [ -40.356124736361764, -20.428298494361854 ], [ -40.356046506666679, -20.428412177055741 ], [ -40.356287703630002, -20.428559664221861 ] ] ] } },
{ "type": "Feature", "properties": { "fid": 597 }, "geometry": { "type": "Polygon", "coordinates": [ [ [ -40.356685359837918, -20.428479785285528 ], [ -40.356841818214122, -20.428252419309402 ], [ -40.356721219729572, -20.428178676157216 ], [ -40.356564761202286, -20.428406042038599 ], [ -40.356685359837918, -20.428479785285528 ] ] ] } },
{ "type": "Feature", "properties": { "fid": 598 }, "geometry": { "type": "Polygon", "coordinates": [ [ [ -40.356528901015501, -20.428707151102973 ], [ -40.356685359837918, -20.428479785285528 ], [ -40.356564761202286, -20.428406042038599 ], [ -40.356408302263418, -20.428633407755338 ], [ -40.356528901015501, -20.428707151102973 ] ] ] } },
{ "type": "Feature", "properties": { "fid": 599 }, "geometry": { "type": "Polygon", "coordinates": [ [ [ -40.357914171774247, -20.427939050687613 ], [ -40.357966323821174, -20.427863261725438 ], [ -40.357725126549653, -20.427715776879239 ], [ -40.357672974425071, -20.427791565774246 ], [ -40.357914171774247, -20.427939050687613 ] ] ] } },
{ "type": "Feature", "properties": { "fid": 600 }, "geometry": { "type": "Polygon", "coordinates": [ [ [ -40.357725126549653, -20.427715776879239 ], [ -40.357966323821174, -20.427863261725438 ], [ -40.35801847582497, -20.427787472740302 ], [ -40.357777278631112, -20.427639987961239 ], [ -40.357725126549653, -20.427715776879239 ] ] ] } },
{ "type": "Feature", "properties": { "fid": 601 }, "geometry": { "type": "Polygon", "coordinates": [ [ [ -40.357777278631112, -20.427639987961239 ], [ -40.35801847582497, -20.427787472740302 ], [ -40.358070627779043, -20.427711683741766 ], [ -40.357829430662811, -20.427564199029867 ], [ -40.357777278631112, -20.427639987961239 ] ] ] } },
{ "type": "Feature", "properties": { "fid": 602 }, "geometry": { "type": "Polygon", "coordinates": [ [ [ -40.357829430662811, -20.427564199029867 ], [ -40.358070627779043, -20.427711683741766 ], [ -40.358122779683363, -20.427635894729864 ], [ -40.357881582644787, -20.427488410085104 ], [ -40.357829430662811, -20.427564199029867 ] ] ] } },
{ "type": "Feature", "properties": { "fid": 603 }, "geometry": { "type": "Polygon", "coordinates": [ [ [ -40.357881582644787, -20.427488410085104 ], [ -40.358122779683363, -20.427635894729864 ], [ -40.358174931537938, -20.427560105704561 ], [ -40.35793373457701, -20.427412621126969 ], [ -40.357881582644787, -20.427488410085104 ] ] ] } },
{ "type": "Feature", "properties": { "fid": 604 }, "geometry": { "type": "Polygon", "coordinates": [ [ [ -40.35793373457701, -20.427412621126969 ], [ -40.358174931537938, -20.427560105704561 ], [ -40.358227083342769, -20.4274843166659 ], [ -40.357985886459517, -20.427336832155479 ], [ -40.35793373457701, -20.427412621126969 ] ] ] } },
{ "type": "Feature", "properties": { "fid": 605 }, "geometry": { "type": "Polygon", "coordinates": [ [ [ -40.357672974356511, -20.427791565731582 ], [ -40.357725126481078, -20.427715776836582 ], [ -40.357777278555922, -20.427639987928206 ], [ -40.357829430581027, -20.427564199006436 ], [ -40.357749031671069, -20.427515037357143 ], [ -40.357592575368912, -20.427742404015145 ], [ -40.357672974356511, -20.427791565731582 ] ] ] } },
{ "type": "Feature", "properties": { "fid": 606 }, "geometry": { "type": "Polygon", "coordinates": [ [ [ -40.357829430581027, -20.427564199006436 ], [ -40.357881582556381, -20.427488410071316 ], [ -40.357933734481989, -20.427412621122787 ], [ -40.357985886357852, -20.427336832160901 ], [ -40.357905487526878, -20.427287670576806 ], [ -40.357749031671069, -20.427515037357143 ], [ -40.357829430581027, -20.427564199006436 ] ] ] } },
{ "type": "Feature", "properties": { "fid": 607 }, "geometry": { "type": "Polygon", "coordinates": [ [ [ -40.357592575368912, -20.427742404015145 ], [ -40.357749031671069, -20.427515037357143 ], [ -40.357668632784197, -20.427465875661774 ], [ -40.35751217640307, -20.427693242254549 ], [ -40.357592575368912, -20.427742404015145 ] ] ] } },
{ "type": "Feature", "properties": { "fid": 608 }, "geometry": { "type": "Polygon", "coordinates": [ [ [ -40.357749031671069, -20.427515037357143 ], [ -40.357905487526878, -20.427287670576806 ], [ -40.357825088716346, -20.427238508950541 ], [ -40.357668632784197, -20.427465875661774 ], [ -40.357749031671069, -20.427515037357143 ] ] ] } },
{ "type": "Feature", "properties": { "fid": 609 }, "geometry": { "type": "Polygon", "coordinates": [ [ [ -40.357668632784197, -20.427465875661774 ], [ -40.357825088716346, -20.427238508950541 ], [ -40.357744689955545, -20.427189347283946 ], [ -40.357588233944412, -20.427416713929968 ], [ -40.357668632784197, -20.427465875661774 ] ] ] } },
{ "type": "Feature", "properties": { "fid": 610 }, "geometry": { "type": "Polygon", "coordinates": [ [ [ -40.35751217640307, -20.427693242254549 ], [ -40.357668632784197, -20.427465875661774 ], [ -40.357588233944412, -20.427416713929968 ], [ -40.35743177748698, -20.427644080453657 ], [ -40.35751217640307, -20.427693242254549 ] ] ] } },
{ "type": "Feature", "properties": { "fid": 611 }, "geometry": { "type": "Polygon", "coordinates": [ [ [ -40.35743177748698, -20.427644080453657 ], [ -40.357588233944412, -20.427416713929968 ], [ -40.35750783515703, -20.427367552153999 ], [ -40.357351378620614, -20.427594918612467 ], [ -40.35743177748698, -20.427644080453657 ] ] ] } },
{ "type": "Feature", "properties": { "fid": 612 }, "geometry": { "type": "Polygon", "coordinates": [ [ [ -40.357588233944412, -20.427416713929968 ], [ -40.357744689955545, -20.427189347283946 ], [ -40.357664291244483, -20.427140185577059 ], [ -40.35750783515703, -20.427367552153999 ], [ -40.357588233944412, -20.427416713929968 ] ] ] } },
{ "type": "Feature", "properties": { "fid": 613 }, "geometry": { "type": "Polygon", "coordinates": [ [ [ -40.35750783515703, -20.427367552153999 ], [ -40.357664291244483, -20.427140185577059 ], [ -40.357583892583172, -20.427091023829895 ], [ -40.357427436416735, -20.427318390341608 ], [ -40.35750783515703, -20.427367552153999 ] ] ] } },
{ "type": "Feature", "properties": { "fid": 614 }, "geometry": { "type": "Polygon", "coordinates": [ [ [ -40.357351378620614, -20.427594918612467 ], [ -40.35750783515703, -20.427367552153999 ], [ -40.357427436416735, -20.427318390341608 ], [ -40.357270979803992, -20.427545756730957 ], [ -40.357351378620614, -20.427594918612467 ] ] ] } },
{ "type": "Feature", "properties": { "fid": 615 }, "geometry": { "type": "Polygon", "coordinates": [ [ [ -40.357270979803992, -20.427545756730957 ], [ -40.357427436416735, -20.427318390341608 ], [ -40.357347037727521, -20.427269228486967 ], [ -40.357190581037116, -20.427496594809188 ], [ -40.357270979803992, -20.427545756730957 ] ] ] } },
{ "type": "Feature", "properties": { "fid": 616 }, "geometry": { "type": "Polygon", "coordinates": [ [ [ -40.357347037727521, -20.427269228486967 ], [ -40.357427436416735, -20.427318390341608 ], [ -40.357583892583172, -20.427091023829895 ], [ -40.357503493971571, -20.427041862042415 ], [ -40.357347037727521, -20.427269228486967 ] ] ] } },
{ "type": "Feature", "properties": { "fid": 617 }, "geometry": { "type": "Polygon", "coordinates": [ [ [ -40.357347037727521, -20.427269228486967 ], [ -40.357503493971571, -20.427041862042415 ], [ -40.357382896145474, -20.426968119288585 ], [ -40.357330744105347, -20.427043908092134 ], [ -40.357278591985612, -20.427119696872776 ], [ -40.357226439784945, -20.427195485632378 ], [ -40.357347037727521, -20.427269228486967 ] ] ] } },
{ "type": "Feature", "properties": { "fid": 618 }, "geometry": { "type": "Polygon", "coordinates": [ [ [ -40.357190581037116, -20.427496594809188 ], [ -40.357347037727521, -20.427269228486967 ], [ -40.357226439784945, -20.427195485632378 ], [ -40.357174287596905, -20.427271274393895 ], [ -40.357122135327955, -20.427347063134395 ], [ -40.357069982978082, -20.427422851853883 ], [ -40.357190581037116, -20.427496594809188 ] ] ] } },
{ "type": "Feature", "properties": { "fid": 619 }, "geometry": { "type": "Polygon", "coordinates": [ [ [ -40.357069982978082, -20.427422851853883 ], [ -40.357122135327955, -20.427347063134395 ], [ -40.356880939598724, -20.427199577001666 ], [ -40.356828787202375, -20.427275365661629 ], [ -40.357069982978082, -20.427422851853883 ] ] ] } },
{ "type": "Feature", "properties": { "fid": 620 }, "geometry": { "type": "Polygon", "coordinates": [ [ [ -40.357122135327955, -20.427347063134395 ], [ -40.357174287596905, -20.427271274393895 ], [ -40.356933091951937, -20.42712378831872 ], [ -40.356880939598724, -20.427199577001666 ], [ -40.357122135327955, -20.427347063134395 ] ] ] } },
{ "type": "Feature", "properties": { "fid": 621 }, "geometry": { "type": "Polygon", "coordinates": [ [ [ -40.357174287596905, -20.427271274393895 ], [ -40.357226439784945, -20.427195485632378 ], [ -40.356985244255426, -20.427047999622374 ], [ -40.356933091951937, -20.42712378831872 ], [ -40.357174287596905, -20.427271274393895 ] ] ] } },
{ "type": "Feature", "properties": { "fid": 622 }, "geometry": { "type": "Polygon", "coordinates": [ [ [ -40.357226439784945, -20.427195485632378 ], [ -40.357278591985612, -20.427119696872776 ], [ -40.357037396509156, -20.426972210912634 ], [ -40.356985244255426, -20.427047999622374 ], [ -40.357226439784945, -20.427195485632378 ] ] ] } },
{ "type": "Feature", "properties": { "fid": 623 }, "geometry": { "type": "Polygon", "coordinates": [ [ [ -40.357278591985612, -20.427119696872776 ], [ -40.357330744105347, -20.427043908092134 ], [ -40.357089548713155, -20.426896422189571 ], [ -40.357037396509156, -20.426972210912634 ], [ -40.357278591985612, -20.427119696872776 ] ] ] } },
{ "type": "Feature", "properties": { "fid": 624 }, "geometry": { "type": "Polygon", "coordinates": [ [ [ -40.357330744105347, -20.427043908092134 ], [ -40.357382896145474, -20.426968119288585 ], [ -40.357141700867416, -20.426820633453062 ], [ -40.357089548713155, -20.426896422189571 ], [ -40.357330744105347, -20.427043908092134 ] ] ] } },
{ "type": "Feature", "properties": { "fid": 625 }, "geometry": { "type": "Polygon", "coordinates": [ [ [ -40.358289665360566, -20.427393369836189 ], [ -40.358341817049372, -20.427317580777729 ], [ -40.358100620336941, -20.427170096415011 ], [ -40.358048468570502, -20.427245885406368 ], [ -40.358289665360566, -20.427393369836189 ] ] ] } },
{ "type": "Feature", "properties": { "fid": 626 }, "geometry": { "type": "Polygon", "coordinates": [ [ [ -40.358100620336941, -20.427170096415011 ], [ -40.358341817049372, -20.427317580777729 ], [ -40.358393968695047, -20.427241791696257 ], [ -40.358152772060251, -20.427094307400715 ], [ -40.358100620336941, -20.427170096415011 ] ] ] } },
{ "type": "Feature", "properties": { "fid": 627 }, "geometry": { "type": "Polygon", "coordinates": [ [ [ -40.358152772060251, -20.427094307400715 ], [ -40.358393968695047, -20.427241791696257 ], [ -40.358446120290964, -20.427166002601421 ], [ -40.358204923733837, -20.427018518373011 ], [ -40.358152772060251, -20.427094307400715 ] ] ] } },
{ "type": "Feature", "properties": { "fid": 628 }, "geometry": { "type": "Polygon", "coordinates": [ [ [ -40.358204923733837, -20.427018518373011 ], [ -40.358446120290964, -20.427166002601421 ], [ -40.358498271837156, -20.427090213493205 ], [ -40.35825707535767, -20.426942729331934 ], [ -40.358204923733837, -20.427018518373011 ] ] ] } },
{ "type": "Feature", "properties": { "fid": 629 }, "geometry": { "type": "Polygon", "coordinates": [ [ [ -40.35825707535767, -20.426942729331934 ], [ -40.358498271837156, -20.427090213493205 ], [ -40.358550423333611, -20.42701442437162 ], [ -40.358309226931794, -20.42686694027752 ], [ -40.35825707535767, -20.426942729331934 ] ] ] } },
{ "type": "Feature", "properties": { "fid": 630 }, "geometry": { "type": "Polygon", "coordinates": [ [ [ -40.358309226931794, -20.42686694027752 ], [ -40.358550423333611, -20.42701442437162 ], [ -40.358602574780321, -20.426938635236649 ], [ -40.358361378456166, -20.426791151209695 ], [ -40.358309226931794, -20.42686694027752 ] ] ] } },
{ "type": "Feature", "properties": { "fid": 631 }, "geometry": { "type": "Polygon", "coordinates": [ [ [ -40.358048468501927, -20.427245885363693 ], [ -40.358100620268374, -20.427170096372365 ], [ -40.358152771985083, -20.427094307367678 ], [ -40.358204923652053, -20.427018518349598 ], [ -40.358124524928456, -20.426969356861477 ], [ -40.357968069700696, -20.427196723808407 ], [ -40.358048468501927, -20.427245885363693 ] ] ] } },
{ "type": "Feature", "properties": { "fid": 632 }, "geometry": { "type": "Polygon", "coordinates": [ [ [ -40.358204923652053, -20.427018518349598 ], [ -40.358257075269272, -20.426942729318139 ], [ -40.358309226836752, -20.426866940273314 ], [ -40.358361378354509, -20.426791151215131 ], [ -40.358280979709896, -20.426741989792205 ], [ -40.358124524928456, -20.426969356861477 ], [ -40.358204923652053, -20.427018518349598 ] ] ] } },
{ "type": "Feature", "properties": { "fid": 633 }, "geometry": { "type": "Polygon", "coordinates": [ [ [ -40.357968069700696, -20.427196723808407 ], [ -40.358124524928456, -20.426969356861477 ], [ -40.358044126227945, -20.426920195327245 ], [ -40.357887670921201, -20.427147562208976 ], [ -40.357968069700696, -20.427196723808407 ] ] ] } },
{ "type": "Feature", "properties": { "fid": 634 }, "geometry": { "type": "Polygon", "coordinates": [ [ [ -40.358124524928456, -20.426969356861477 ], [ -40.358280979709896, -20.426741989792205 ], [ -40.358200581085718, -20.426692828327056 ], [ -40.358044126227945, -20.426920195327245 ], [ -40.358124524928456, -20.426969356861477 ] ] ] } },
{ "type": "Feature", "properties": { "fid": 635 }, "geometry": { "type": "Polygon", "coordinates": [ [ [ -40.358044126227945, -20.426920195327245 ], [ -40.358200581085718, -20.426692828327056 ], [ -40.358120182511279, -20.42664366682164 ], [ -40.357963727574528, -20.426871033756598 ], [ -40.358044126227945, -20.426920195327245 ] ] ] } },
{ "type": "Feature", "properties": { "fid": 636 }, "geometry": { "type": "Polygon", "coordinates": [ [ [ -40.357887670921201, -20.427147562208976 ], [ -40.358044126227945, -20.426920195327245 ], [ -40.357963727574528, -20.426871033756598 ], [ -40.357807272191472, -20.427098400569239 ], [ -40.357887670921201, -20.427147562208976 ] ] ] } },
{ "type": "Feature", "properties": { "fid": 637 }, "geometry": { "type": "Polygon", "coordinates": [ [ [ -40.357807272191472, -20.427098400569239 ], [ -40.357963727574528, -20.426871033756598 ], [ -40.357883328973507, -20.426821872141769 ], [ -40.357726873511467, -20.427049238889236 ], [ -40.357807272191472, -20.427098400569239 ] ] ] } },
{ "type": "Feature", "properties": { "fid": 638 }, "geometry": { "type": "Polygon", "coordinates": [ [ [ -40.357963727574528, -20.426871033756598 ], [ -40.358120182511279, -20.42664366682164 ], [ -40.35803978398657, -20.426594505275908 ], [ -40.357883328973507, -20.426821872141769 ], [ -40.357963727574528, -20.426871033756598 ] ] ] } },
{ "type": "Feature", "properties": { "fid": 639 }, "geometry": { "type": "Polygon", "coordinates": [ [ [ -40.357883328973507, -20.426821872141769 ], [ -40.35803978398657, -20.426594505275908 ], [ -40.357959385511592, -20.426545343689892 ], [ -40.357802930419567, -20.42677271049055 ], [ -40.357883328973507, -20.426821872141769 ] ] ] } },
{ "type": "Feature", "properties": { "fid": 640 }, "geometry": { "type": "Polygon", "coordinates": [ [ [ -40.357726873511467, -20.427049238889236 ], [ -40.357883328973507, -20.426821872141769 ], [ -40.357802930419567, -20.42677271049055 ], [ -40.3576464748812, -20.427000077168909 ], [ -40.357726873511467, -20.427049238889236 ] ] ] } },
{ "type": "Feature", "properties": { "fid": 641 }, "geometry": { "type": "Polygon", "coordinates": [ [ [ -40.3576464748812, -20.427000077168909 ], [ -40.357802930419567, -20.42677271049055 ], [ -40.357722531916707, -20.426723548797121 ], [ -40.357566076300671, -20.426950915408305 ], [ -40.3576464748812, -20.427000077168909 ] ] ] } },
{ "type": "Feature", "properties": { "fid": 642 }, "geometry": { "type": "Polygon", "coordinates": [ [ [ -40.357722531916707, -20.426723548797121 ], [ -40.357802930419567, -20.42677271049055 ], [ -40.357959385511592, -20.426545343689892 ], [ -40.357878987086366, -20.426496182063588 ], [ -40.357722531916707, -20.426723548797121 ] ] ] } },
{ "type": "Feature", "properties": { "fid": 643 }, "geometry": { "type": "Polygon", "coordinates": [ [ [ -40.357722531916707, -20.426723548797121 ], [ -40.357878987086366, -20.426496182063588 ], [ -40.357758389539804, -20.42642243955147 ], [ -40.357706237857791, -20.426498228451365 ], [ -40.357654086096169, -20.426574017328285 ], [ -40.357601934253637, -20.426649806184237 ], [ -40.357722531916707, -20.426723548797121 ] ] ] } },
{ "type": "Feature", "properties": { "fid": 644 }, "geometry": { "type": "Polygon", "coordinates": [ [ [ -40.357566076300671, -20.426950915408305 ], [ -40.357722531916707, -20.426723548797121 ], [ -40.357601934253637, -20.426649806184237 ], [ -40.357549782423732, -20.426725595042079 ], [ -40.357497630512917, -20.426801383878921 ], [ -40.357445478521171, -20.426877172694716 ], [ -40.357566076300671, -20.426950915408305 ] ] ] } },
{ "type": "Feature", "properties": { "fid": 645 }, "geometry": { "type": "Polygon", "coordinates": [ [ [ -40.357445478521171, -20.426877172694716 ], [ -40.357497630512917, -20.426801383878921 ], [ -40.35725643534272, -20.426653898229684 ], [ -40.357204283304512, -20.426729686985993 ], [ -40.357445478521171, -20.426877172694716 ] ] ] } },
{ "type": "Feature", "properties": { "fid": 646 }, "geometry": { "type": "Polygon", "coordinates": [ [ [ -40.357497630512917, -20.426801383878921 ], [ -40.357549782423732, -20.426725595042079 ], [ -40.357308587337812, -20.4265781094504 ], [ -40.35725643534272, -20.426653898229684 ], [ -40.357497630512917, -20.426801383878921 ] ] ] } },
{ "type": "Feature", "properties": { "fid": 647 }, "geometry": { "type": "Polygon", "coordinates": [ [ [ -40.357549782423732, -20.426725595042079 ], [ -40.357601934253637, -20.426649806184237 ], [ -40.357360739283159, -20.426502320657729 ], [ -40.357308587337812, -20.4265781094504 ], [ -40.357549782423732, -20.426725595042079 ] ] ] } },
{ "type": "Feature", "properties": { "fid": 648 }, "geometry": { "type": "Polygon", "coordinates": [ [ [ -40.357601934253637, -20.426649806184237 ], [ -40.357654086096169, -20.426574017328285 ], [ -40.357412891178761, -20.426426531851682 ], [ -40.357360739283159, -20.426502320657729 ], [ -40.357601934253637, -20.426649806184237 ] ] ] } },
{ "type": "Feature", "properties": { "fid": 649 }, "geometry": { "type": "Polygon", "coordinates": [ [ [ -40.357654086096169, -20.426574017328285 ], [ -40.357706237857791, -20.426498228451365 ], [ -40.357465043024625, -20.42635074303228 ], [ -40.357412891178761, -20.426426531851682 ], [ -40.357654086096169, -20.426574017328285 ] ] ] } },
{ "type": "Feature", "properties": { "fid": 650 }, "geometry": { "type": "Polygon", "coordinates": [ [ [ -40.357706237857791, -20.426498228451365 ], [ -40.357758389539804, -20.42642243955147 ], [ -40.35751719482078, -20.426274954199471 ], [ -40.357465043024625, -20.42635074303228 ], [ -40.357706237857791, -20.426498228451365 ] ] ] } },
{ "type": "Feature", "properties": { "fid": 651 }, "geometry": { "type": "Polygon", "coordinates": [ [ [ -40.355277225459659, -20.42632655330684 ], [ -40.355518321918098, -20.426473982847082 ], [ -40.355570474736219, -20.426398194551975 ], [ -40.355329381131384, -20.426250766775883 ], [ -40.355277225459659, -20.42632655330684 ] ] ] } },
{ "type": "Feature", "properties": { "fid": 652 }, "geometry": { "type": "Polygon", "coordinates": [ [ [ -40.355329381131384, -20.426250766775883 ], [ -40.355570474736219, -20.426398194551975 ], [ -40.355622627504744, -20.426322406243592 ], [ -40.355381533977514, -20.426174978534615 ], [ -40.355329381131384, -20.426250766775883 ] ] ] } },
{ "type": "Feature", "properties": { "fid": 653 }, "geometry": { "type": "Polygon", "coordinates": [ [ [ -40.355381533977514, -20.426174978534615 ], [ -40.355622627504744, -20.426322406243592 ], [ -40.355674780223524, -20.426246617921816 ], [ -40.355433686773885, -20.426099190279952 ], [ -40.355381533977514, -20.426174978534615 ] ] ] } },
{ "type": "Feature", "properties": { "fid": 654 }, "geometry": { "type": "Polygon", "coordinates": [ [ [ -40.355433686773885, -20.426099190279952 ], [ -40.355674780223524, -20.426246617921816 ], [ -40.355726932892566, -20.426170829586642 ], [ -40.355485839520526, -20.426023402011932 ], [ -40.355433686773885, -20.426099190279952 ] ] ] } },
{ "type": "Feature", "properties": { "fid": 655 }, "geometry": { "type": "Polygon", "coordinates": [ [ [ -40.355485839520526, -20.426023402011932 ], [ -40.355726932892566, -20.426170829586642 ], [ -40.35577908551187, -20.426095041238117 ], [ -40.355537992217421, -20.425947613730521 ], [ -40.355485839520526, -20.426023402011932 ] ] ] } },
{ "type": "Feature", "properties": { "fid": 656 }, "geometry": { "type": "Polygon", "coordinates": [ [ [ -40.355537992217421, -20.425947613730521 ], [ -40.35577908551187, -20.426095041238117 ], [ -40.355831238081436, -20.426019252876177 ], [ -40.355590144864578, -20.425871825435717 ], [ -40.355537992217421, -20.425947613730521 ] ] ] } },
{ "type": "Feature", "properties": { "fid": 657 }, "geometry": { "type": "Polygon", "coordinates": [ [ [ -40.355652747855878, -20.425780941096136 ], [ -40.355893797122874, -20.425928341637281 ], [ -40.355945949582903, -20.425852553245807 ], [ -40.355704906868382, -20.425705156731162 ], [ -40.355652747855878, -20.425780941096136 ] ] ] } },
{ "type": "Feature", "properties": { "fid": 658 }, "geometry": { "type": "Polygon", "coordinates": [ [ [ -40.355704906868382, -20.425705156731162 ], [ -40.355945949582903, -20.425852553245807 ], [ -40.355998101999816, -20.425776764831397 ], [ -40.355757065837757, -20.425629372343209 ], [ -40.355704906868382, -20.425705156731162 ] ] ] } },
{ "type": "Feature", "properties": { "fid": 659 }, "geometry": { "type": "Polygon", "coordinates": [ [ [ -40.355757065837757, -20.425629372343209 ], [ -40.355998101999816, -20.425776764831397 ], [ -40.356050254366998, -20.425700976403586 ], [ -40.355809224757394, -20.425553587941906 ], [ -40.355757065837757, -20.425629372343209 ] ] ] } },
{ "type": "Feature", "properties": { "fid": 660 }, "geometry": { "type": "Polygon", "coordinates": [ [ [ -40.355809224757394, -20.425553587941906 ], [ -40.356050254366998, -20.425700976403586 ], [ -40.356102406684428, -20.425625187962375 ], [ -40.355861383627293, -20.42547780352718 ], [ -40.355809224757394, -20.425553587941906 ] ] ] } },
{ "type": "Feature", "properties": { "fid": 661 }, "geometry": { "type": "Polygon", "coordinates": [ [ [ -40.355861383627293, -20.42547780352718 ], [ -40.356102406684428, -20.425625187962375 ], [ -40.35615455895212, -20.425549399507805 ], [ -40.355913542447453, -20.425402019099078 ], [ -40.355861383627293, -20.42547780352718 ] ] ] } },
{ "type": "Feature", "properties": { "fid": 662 }, "geometry": { "type": "Polygon", "coordinates": [ [ [ -40.355913542447453, -20.425402019099078 ], [ -40.35615455895212, -20.425549399507805 ], [ -40.356206711167346, -20.425473611015942 ], [ -40.355965701228641, -20.42532623464194 ], [ -40.355913542447453, -20.425402019099078 ] ] ] } },
{ "type": "Feature", "properties": { "fid": 663 }, "geometry": { "type": "Polygon", "coordinates": [ [ [ -40.356049155103385, -20.425204979586891 ], [ -40.356290154610662, -20.425352349550636 ], [ -40.356342306692689, -20.425276561057505 ], [ -40.356101313737852, -20.425129195120181 ], [ -40.356049155103385, -20.425204979586891 ] ] ] } },
{ "type": "Feature", "properties": { "fid": 664 }, "geometry": { "type": "Polygon", "coordinates": [ [ [ -40.356101313737852, -20.425129195120181 ], [ -40.356342306692689, -20.425276561057505 ], [ -40.3563944587316, -20.425200772541398 ], [ -40.356153472329197, -20.425053410630547 ], [ -40.356101313737852, -20.425129195120181 ] ] ] } },
{ "type": "Feature", "properties": { "fid": 665 }, "geometry": { "type": "Polygon", "coordinates": [ [ [ -40.356153472329197, -20.425053410630547 ], [ -40.3563944587316, -20.425200772541398 ], [ -40.356446610720759, -20.425124984011887 ], [ -40.356205630870789, -20.424977626127511 ], [ -40.356153472329197, -20.425053410630547 ] ] ] } },
{ "type": "Feature", "properties": { "fid": 666 }, "geometry": { "type": "Polygon", "coordinates": [ [ [ -40.356205630870789, -20.424977626127511 ], [ -40.356446610720759, -20.425124984011887 ], [ -40.356498762660202, -20.425049195469004 ], [ -40.356257789362672, -20.424901841611078 ], [ -40.356205630870789, -20.424977626127511 ] ] ] } },
{ "type": "Feature", "properties": { "fid": 667 }, "geometry": { "type": "Polygon", "coordinates": [ [ [ -40.356257789362672, -20.424901841611078 ], [ -40.356498762660202, -20.425049195469004 ], [ -40.356550914549899, -20.424973406912784 ], [ -40.356309947804796, -20.424826057081269 ], [ -40.356257789362672, -20.424901841611078 ] ] ] } },
{ "type": "Feature", "properties": { "fid": 668 }, "geometry": { "type": "Polygon", "coordinates": [ [ [ -40.356309947804796, -20.424826057081269 ], [ -40.356550914549899, -20.424973406912784 ], [ -40.356603066387137, -20.424897618319207 ], [ -40.356362106207968, -20.424750272522413 ], [ -40.356309947804796, -20.424826057081269 ] ] ] } },
{ "type": "Feature", "properties": { "fid": 669 }, "geometry": { "type": "Polygon", "coordinates": [ [ [ -40.356476854437723, -20.424583546565167 ], [ -40.356717800149056, -20.424730883471682 ], [ -40.356769951829882, -20.424655094859261 ], [ -40.356529012670954, -20.424507761979147 ], [ -40.356476854437723, -20.424583546565167 ] ] ] } },
{ "type": "Feature", "properties": { "fid": 670 }, "geometry": { "type": "Polygon", "coordinates": [ [ [ -40.356529012670954, -20.424507761979147 ], [ -40.356769951829882, -20.424655094859261 ], [ -40.356822103460956, -20.424579306233433 ], [ -40.35658117085444, -20.424431977379747 ], [ -40.356529012670954, -20.424507761979147 ] ] ] } },
{ "type": "Feature", "properties": { "fid": 671 }, "geometry": { "type": "Polygon", "coordinates": [ [ [ -40.35658117085444, -20.424431977379747 ], [ -40.356822103460956, -20.424579306233433 ], [ -40.356874255042293, -20.424503517594246 ], [ -40.356633328988181, -20.424356192766979 ], [ -40.35658117085444, -20.424431977379747 ] ] ] } },
{ "type": "Feature", "properties": { "fid": 672 }, "geometry": { "type": "Polygon", "coordinates": [ [ [ -40.356633328988181, -20.424356192766979 ], [ -40.356874255042293, -20.424503517594246 ], [ -40.356926406573912, -20.424427728941673 ], [ -40.35668548707222, -20.424280408140781 ], [ -40.356633328988181, -20.424356192766979 ] ] ] } },
{ "type": "Feature", "properties": { "fid": 673 }, "geometry": { "type": "Polygon", "coordinates": [ [ [ -40.35668548707222, -20.424280408140781 ], [ -40.356926406573912, -20.424427728941673 ], [ -40.356978558053065, -20.424351940251782 ], [ -40.356737645117263, -20.424204623485593 ], [ -40.35668548707222, -20.424280408140781 ] ] ] } },
{ "type": "Feature", "properties": { "fid": 674 }, "geometry": { "type": "Polygon", "coordinates": [ [ [ -40.356800234640936, -20.424113681975747 ], [ -40.357041139766388, -20.424260993942358 ], [ -40.357093291132237, -20.424185205256602 ], [ -40.356852392559169, -20.424037897316367 ], [ -40.356800234640936, -20.424113681975747 ] ] ] } },
{ "type": "Feature", "properties": { "fid": 675 }, "geometry": { "type": "Polygon", "coordinates": [ [ [ -40.356852392559169, -20.424037897316367 ], [ -40.357093291132237, -20.424185205256602 ], [ -40.357145442454971, -20.424109416547822 ], [ -40.356904550434301, -20.423962112634015 ], [ -40.356852392559169, -20.424037897316367 ] ] ] } },
{ "type": "Feature", "properties": { "fid": 676 }, "geometry": { "type": "Polygon", "coordinates": [ [ [ -40.356904550434301, -20.423962112634015 ], [ -40.357145442454971, -20.424109416547822 ], [ -40.357197593727967, -20.424033627825718 ], [ -40.356956708259673, -20.423886327938266 ], [ -40.356904550434301, -20.423962112634015 ] ] ] } },
{ "type": "Feature", "properties": { "fid": 677 }, "geometry": { "type": "Polygon", "coordinates": [ [ [ -40.356956708259673, -20.423886327938266 ], [ -40.357197593727967, -20.424033627825718 ], [ -40.357249744951247, -20.423957839090203 ], [ -40.357008866035322, -20.423810543229159 ], [ -40.356956708259673, -20.423886327938266 ] ] ] } },
{ "type": "Feature", "properties": { "fid": 678 }, "geometry": { "type": "Polygon", "coordinates": [ [ [ -40.357008866035322, -20.423810543229159 ], [ -40.357249744951247, -20.423957839090203 ], [ -40.357301896124781, -20.423882050341287 ], [ -40.357061023761247, -20.423734758506658 ], [ -40.357008866035322, -20.423810543229159 ] ] ] } },
{ "type": "Feature", "properties": { "fid": 679 }, "geometry": { "type": "Polygon", "coordinates": [ [ [ -40.357061023761247, -20.423734758506658 ], [ -40.357301896124781, -20.423882050341287 ], [ -40.35735404724587, -20.423806261555114 ], [ -40.357113181448206, -20.423658973755103 ], [ -40.357061023761247, -20.423734758506658 ] ] ] } },
{ "type": "Feature", "properties": { "fid": 680 }, "geometry": { "type": "Polygon", "coordinates": [ [ [ -40.357186202058195, -20.423552875179595 ], [ -40.357427058813315, -20.423700157422633 ], [ -40.357479209811146, -20.423624368637871 ], [ -40.357238359608388, -20.423477090421219 ], [ -40.357186202058195, -20.423552875179595 ] ] ] } },
{ "type": "Feature", "properties": { "fid": 681 }, "geometry": { "type": "Polygon", "coordinates": [ [ [ -40.357238359608388, -20.423477090421219 ], [ -40.357479209811146, -20.423624368637871 ], [ -40.357531360765883, -20.423548579830157 ], [ -40.357290517115466, -20.42340130563985 ], [ -40.357238359608388, -20.423477090421219 ] ] ] } },
{ "type": "Feature", "properties": { "fid": 682 }, "geometry": { "type": "Polygon", "coordinates": [ [ [ -40.357290517115466, -20.42340130563985 ], [ -40.357531360765883, -20.423548579830157 ], [ -40.357583511670867, -20.42347279100904 ], [ -40.35734267457282, -20.423325520845115 ], [ -40.357290517115466, -20.42340130563985 ] ] ] } },
{ "type": "Feature", "properties": { "fid": 683 }, "geometry": { "type": "Polygon", "coordinates": [ [ [ -40.35734267457282, -20.423325520845115 ], [ -40.357583511670867, -20.42347279100904 ], [ -40.357635662526157, -20.42339700217455 ], [ -40.357394831980436, -20.423249736036961 ], [ -40.35734267457282, -20.423325520845115 ] ] ] } },
{ "type": "Feature", "properties": { "fid": 684 }, "geometry": { "type": "Polygon", "coordinates": [ [ [ -40.357394831980436, -20.423249736036961 ], [ -40.357635662526157, -20.42339700217455 ], [ -40.35768781333168, -20.42332121332667 ], [ -40.357446989338328, -20.423173951215453 ], [ -40.357394831980436, -20.423249736036961 ] ] ] } },
{ "type": "Feature", "properties": { "fid": 685 }, "geometry": { "type": "Polygon", "coordinates": [ [ [ -40.357446989338328, -20.423173951215453 ], [ -40.35768781333168, -20.42332121332667 ], [ -40.357739964084786, -20.423245424441518 ], [ -40.357499146657261, -20.423098166364891 ], [ -40.357446989338328, -20.423173951215453 ] ] ] } },
{ "type": "Feature", "properties": { "fid": 686 }, "geometry": { "type": "Polygon", "coordinates": [ [ [ -40.357561735309588, -20.423007224620626 ], [ -40.357802544979336, -20.423154477929867 ], [ -40.357854695619132, -20.423078689048808 ], [ -40.357613892501718, -20.42293143976595 ], [ -40.357561735309588, -20.423007224620626 ] ] ] } },
{ "type": "Feature", "properties": { "fid": 687 }, "geometry": { "type": "Polygon", "coordinates": [ [ [ -40.357613892501718, -20.42293143976595 ], [ -40.357854695619132, -20.423078689048808 ], [ -40.357906846215805, -20.423002900144798 ], [ -40.35766604965071, -20.42285565488827 ], [ -40.357613892501718, -20.42293143976595 ] ] ] } },
{ "type": "Feature", "properties": { "fid": 688 }, "geometry": { "type": "Polygon", "coordinates": [ [ [ -40.35766604965071, -20.42285565488827 ], [ -40.357906846215805, -20.423002900144798 ], [ -40.357958996762761, -20.422927111227363 ], [ -40.35771820675, -20.422779869997193 ], [ -40.35766604965071, -20.42285565488827 ] ] ] } },
{ "type": "Feature", "properties": { "fid": 689 }, "geometry": { "type": "Polygon", "coordinates": [ [ [ -40.35771820675, -20.422779869997193 ], [ -40.357958996762761, -20.422927111227363 ], [ -40.358011147260001, -20.422851322296626 ], [ -40.357770363799553, -20.422704085092715 ], [ -40.35771820675, -20.422779869997193 ] ] ] } },
{ "type": "Feature", "properties": { "fid": 690 }, "geometry": { "type": "Polygon", "coordinates": [ [ [ -40.357770363799553, -20.422704085092715 ], [ -40.358011147260001, -20.422851322296626 ], [ -40.35806329770751, -20.422775533352461 ], [ -40.357822520799374, -20.422628300174885 ], [ -40.357770363799553, -20.422704085092715 ] ] ] } },
{ "type": "Feature", "properties": { "fid": 691 }, "geometry": { "type": "Polygon", "coordinates": [ [ [ -40.357822520799374, -20.422628300174885 ], [ -40.35806329770751, -20.422775533352461 ], [ -40.358115448102559, -20.422699744370991 ], [ -40.357874677760236, -20.422552515228041 ], [ -40.357822520799374, -20.422628300174885 ] ] ] } },
{ "type": "Feature", "properties": { "fid": 692 }, "geometry": { "type": "Polygon", "coordinates": [ [ [ -40.358178028443064, -20.422608797667731 ], [ -40.358230178724838, -20.422533008690412 ], [ -40.357989422816956, -20.422385788417191 ], [ -40.357937265982891, -20.42246157336821 ], [ -40.358178028443064, -20.422608797667731 ] ] ] } },
{ "type": "Feature", "properties": { "fid": 693 }, "geometry": { "type": "Polygon", "coordinates": [ [ [ -40.357989422816956, -20.422385788417191 ], [ -40.358230178724838, -20.422533008690412 ], [ -40.35828232896349, -20.422457219690084 ], [ -40.3580415796079, -20.422310003443165 ], [ -40.357989422816956, -20.422385788417191 ] ] ] } },
{ "type": "Feature", "properties": { "fid": 694 }, "geometry": { "type": "Polygon", "coordinates": [ [ [ -40.3580415796079, -20.422310003443165 ], [ -40.35828232896349, -20.422457219690084 ], [ -40.358334479152411, -20.422381430676406 ], [ -40.358093736349133, -20.422234218455788 ], [ -40.3580415796079, -20.422310003443165 ] ] ] } },
{ "type": "Feature", "properties": { "fid": 695 }, "geometry": { "type": "Polygon", "coordinates": [ [ [ -40.358093736349133, -20.422234218455788 ], [ -40.358334479152411, -20.422381430676406 ], [ -40.358386629291623, -20.422305641649348 ], [ -40.358145893040614, -20.42215843345501 ], [ -40.358093736349133, -20.422234218455788 ] ] ] } },
{ "type": "Feature", "properties": { "fid": 696 }, "geometry": { "type": "Polygon", "coordinates": [ [ [ -40.358145893040614, -20.42215843345501 ], [ -40.358386629291623, -20.422305641649348 ], [ -40.358438779381103, -20.422229852608886 ], [ -40.358198049682379, -20.422082648440899 ], [ -40.358145893040614, -20.42215843345501 ] ] ] } },
{ "type": "Feature", "properties": { "fid": 697 }, "geometry": { "type": "Polygon", "coordinates": [ [ [ -40.358198049682379, -20.422082648440899 ], [ -40.358438779381103, -20.422229852608886 ], [ -40.358490929418124, -20.42215406353116 ], [ -40.358250206285184, -20.422006863397709 ], [ -40.358198049682379, -20.422082648440899 ] ] ] } },
{ "type": "Feature", "properties": { "fid": 698 }, "geometry": { "type": "Polygon", "coordinates": [ [ [ -40.358698750823208, -20.421355111755386 ], [ -40.358939417663535, -20.421502277297666 ], [ -40.358991567219348, -20.421426488125114 ], [ -40.358750906931242, -20.421279326609096 ], [ -40.358698750823208, -20.421355111755386 ] ] ] } },
{ "type": "Feature", "properties": { "fid": 699 }, "geometry": { "type": "Polygon", "coordinates": [ [ [ -40.358750906931242, -20.421279326609096 ], [ -40.358991567219348, -20.421426488125114 ], [ -40.359043716732039, -20.421350698929587 ], [ -40.358803062996188, -20.421203541439812 ], [ -40.358750906931242, -20.421279326609096 ] ] ] } },
{ "type": "Feature", "properties": { "fid": 700 }, "geometry": { "type": "Polygon", "coordinates": [ [ [ -40.358803062996188, -20.421203541439812 ], [ -40.359043716732039, -20.421350698929587 ], [ -40.35909586619502, -20.421274909720655 ], [ -40.358855219011403, -20.421127756257157 ], [ -40.358803062996188, -20.421203541439812 ] ] ] } },
{ "type": "Feature", "properties": { "fid": 701 }, "geometry": { "type": "Polygon", "coordinates": [ [ [ -40.358855219011403, -20.421127756257157 ], [ -40.35909586619502, -20.421274909720655 ], [ -40.359148015608284, -20.421199120498411 ], [ -40.358907374976887, -20.421051971061107 ], [ -40.358855219011403, -20.421127756257157 ] ] ] } },
{ "type": "Feature", "properties": { "fid": 702 }, "geometry": { "type": "Polygon", "coordinates": [ [ [ -40.358907374976887, -20.421051971061107 ], [ -40.359148015608284, -20.421199120498411 ], [ -40.359200164971831, -20.421123331262756 ], [ -40.358959530892641, -20.420976185851721 ], [ -40.358907374976887, -20.421051971061107 ] ] ] } },
{ "type": "Feature", "properties": { "fid": 703 }, "geometry": { "type": "Polygon", "coordinates": [ [ [ -40.358959530892641, -20.420976185851721 ], [ -40.359200164971831, -20.421123331262756 ], [ -40.359252314282905, -20.421047541989815 ], [ -40.35901120136355, -20.42090010379362 ], [ -40.358959530892641, -20.420976185851721 ] ] ] } },
{ "type": "Feature", "properties": { "fid": 704 }, "geometry": { "type": "Polygon", "coordinates": [ [ [ -40.359252314282905, -20.421047541989815 ], [ -40.359304463539893, -20.420971752736765 ], [ -40.359063276272607, -20.420824269097086 ], [ -40.35901120136355, -20.42090010379362 ], [ -40.359252314282905, -20.421047541989815 ] ] ] } },
{ "type": "Feature", "properties": { "fid": 705 }, "geometry": { "type": "Polygon", "coordinates": [ [ [ -40.359948282936713, -20.422011504621064 ], [ -40.360189472891371, -20.42215898686403 ], [ -40.360241622018449, -20.422083197335123 ], [ -40.360000432141447, -20.421935715159293 ], [ -40.359948282936713, -20.422011504621064 ] ] ] } },
{ "type": "Feature", "properties": { "fid": 706 }, "geometry": { "type": "Polygon", "coordinates": [ [ [ -40.360189472891371, -20.42215898686403 ], [ -40.359948282936713, -20.422011504621064 ], [ -40.359896133647858, -20.422087294021761 ], [ -40.360137323680185, -20.422234776331848 ], [ -40.360189472891371, -20.42215898686403 ] ] ] } },
{ "type": "Feature", "properties": { "fid": 707 }, "geometry": { "type": "Polygon", "coordinates": [ [ [ -40.360000432141447, -20.421935715159293 ], [ -40.360241622018449, -20.422083197335123 ], [ -40.360293771095805, -20.42200740779283 ], [ -40.360052581296443, -20.421859925684124 ], [ -40.360000432141447, -20.421935715159293 ] ] ] } },
{ "type": "Feature", "properties": { "fid": 708 }, "geometry": { "type": "Polygon", "coordinates": [ [ [ -40.360052581296443, -20.421859925684124 ], [ -40.360293771095805, -20.42200740779283 ], [ -40.360345920123436, -20.421931618237156 ], [ -40.360104730401723, -20.421784136195566 ], [ -40.360078661849066, -20.421822022230632 ], [ -40.360052581296443, -20.421859925684124 ] ] ] } },
{ "type": "Feature", "properties": { "fid": 709 }, "geometry": { "type": "Polygon", "coordinates": [ [ [ -40.360104730401723, -20.421784136195566 ], [ -40.360345920123436, -20.421931618237156 ], [ -40.360398069101343, -20.421855828668157 ], [ -40.360156879457286, -20.421708346693681 ], [ -40.360104730401723, -20.421784136195566 ] ] ] } },
{ "type": "Feature", "properties": { "fid": 710 }, "geometry": { "type": "Polygon", "coordinates": [ [ [ -40.360156879457286, -20.421708346693681 ], [ -40.360398069101343, -20.421855828668157 ], [ -40.360450218029541, -20.42178003908575 ], [ -40.360209028463103, -20.421632557178398 ], [ -40.360156879457286, -20.421708346693681 ] ] ] } },
{ "type": "Feature", "properties": { "fid": 711 }, "geometry": { "type": "Polygon", "coordinates": [ [ [ -40.360209028463103, -20.421632557178398 ], [ -40.360450218029541, -20.42178003908575 ], [ -40.360502378833139, -20.421704232061046 ], [ -40.360261189344364, -20.421556750220862 ], [ -40.360209028463103, -20.421632557178398 ] ] ] } },
{ "type": "Feature", "properties": { "fid": 712 }, "geometry": { "type": "Polygon", "coordinates": [ [ [ -40.359815737069859, -20.422038133171156 ], [ -40.359998264515632, -20.42177286259011 ], [ -40.359917867279258, -20.421723702938252 ], [ -40.359735340543132, -20.421988972277941 ], [ -40.359815737069859, -20.422038133171156 ] ] ] } },
{ "type": "Feature", "properties": { "fid": 713 }, "geometry": { "type": "Polygon", "coordinates": [ [ [ -40.359998264515632, -20.42177286259011 ], [ -40.359815737069859, -20.422038133171156 ], [ -40.359896133647858, -20.422087294021761 ], [ -40.359948282936713, -20.422011504621064 ], [ -40.360000432141447, -20.421935715159293 ], [ -40.360052581296443, -20.421859925684124 ], [ -40.360078661849066, -20.421822022230632 ], [ -40.359998264515632, -20.42177286259011 ] ] ] } },
{ "type": "Feature", "properties": { "fid": 714 }, "geometry": { "type": "Polygon", "coordinates": [ [ [ -40.359998264515632, -20.42177286259011 ], [ -40.360180792947546, -20.421507589526872 ], [ -40.360100396600139, -20.421458428793063 ], [ -40.359917867279258, -20.421723702938252 ], [ -40.359998264515632, -20.42177286259011 ] ] ] } },
{ "type": "Feature", "properties": { "fid": 715 }, "geometry": { "type": "Polygon", "coordinates": [ [ [ -40.360180792947546, -20.421507589526872 ], [ -40.359998264515632, -20.42177286259011 ], [ -40.360078661849066, -20.421822022230632 ], [ -40.360104730401723, -20.421784136195566 ], [ -40.360156879457286, -20.421708346693681 ], [ -40.360209028463103, -20.421632557178398 ], [ -40.360261189344364, -20.421556750220862 ], [ -40.360180792947546, -20.421507589526872 ] ] ] } },
{ "type": "Feature", "properties": { "fid": 716 }, "geometry": { "type": "Polygon", "coordinates": [ [ [ -40.359735340543132, -20.421988972277941 ], [ -40.359917867279258, -20.421723702938252 ], [ -40.359837470092621, -20.421674543246102 ], [ -40.359654944066179, -20.421939811344437 ], [ -40.359735340543132, -20.421988972277941 ] ] ] } },
{ "type": "Feature", "properties": { "fid": 717 }, "geometry": { "type": "Polygon", "coordinates": [ [ [ -40.359917867279258, -20.421723702938252 ], [ -40.360100396600139, -20.421458428793063 ], [ -40.360020000302441, -20.421409268018991 ], [ -40.359837470092621, -20.421674543246102 ], [ -40.359917867279258, -20.421723702938252 ] ] ] } },
{ "type": "Feature", "properties": { "fid": 718 }, "geometry": { "type": "Polygon", "coordinates": [ [ [ -40.359654944066179, -20.421939811344437 ], [ -40.359837470092621, -20.421674543246102 ], [ -40.359757072955702, -20.421625383513675 ], [ -40.359574547638907, -20.421890650370681 ], [ -40.359654944066179, -20.421939811344437 ] ] ] } },
{ "type": "Feature", "properties": { "fid": 719 }, "geometry": { "type": "Polygon", "coordinates": [ [ [ -40.359837470092621, -20.421674543246102 ], [ -40.360020000302441, -20.421409268018991 ], [ -40.359939604054475, -20.421360107204606 ], [ -40.359757072955702, -20.421625383513675 ], [ -40.359837470092621, -20.421674543246102 ] ] ] } },
{ "type": "Feature", "properties": { "fid": 720 }, "geometry": { "type": "Polygon", "coordinates": [ [ [ -40.359574547638907, -20.421890650370681 ], [ -40.359757072955702, -20.421625383513675 ], [ -40.359676675868506, -20.421576223740956 ], [ -40.359494151261401, -20.421841489356616 ], [ -40.359574547638907, -20.421890650370681 ] ] ] } },
{ "type": "Feature", "properties": { "fid": 721 }, "geometry": { "type": "Polygon", "coordinates": [ [ [ -40.359757072955702, -20.421625383513675 ], [ -40.359939604054475, -20.421360107204606 ], [ -40.359859207856204, -20.421310946349926 ], [ -40.359676675868506, -20.421576223740956 ], [ -40.359757072955702, -20.421625383513675 ] ] ] } },
{ "type": "Feature", "properties": { "fid": 722 }, "geometry": { "type": "Polygon", "coordinates": [ [ [ -40.359494151261401, -20.421841489356616 ], [ -40.359676675868506, -20.421576223740956 ], [ -40.35959627883102, -20.421527063927947 ], [ -40.359413754934103, -20.421792328301549 ], [ -40.359494151261401, -20.421841489356616 ] ] ] } },
{ "type": "Feature", "properties": { "fid": 723 }, "geometry": { "type": "Polygon", "coordinates": [ [ [ -40.359676675868506, -20.421576223740956 ], [ -40.359859207856204, -20.421310946349926 ], [ -40.359778811707663, -20.421261785454952 ], [ -40.35959627883102, -20.421527063927947 ], [ -40.359676675868506, -20.421576223740956 ] ] ] } },
{ "type": "Feature", "properties": { "fid": 724 }, "geometry": { "type": "Polygon", "coordinates": [ [ [ -40.35959627883102, -20.421527063927947 ], [ -40.359778811707663, -20.421261785454952 ], [ -40.359658217578556, -20.421188044036299 ], [ -40.359606056478732, -20.421263850763665 ], [ -40.359553907278794, -20.421339640111153 ], [ -40.359501758029126, -20.42141542944524 ], [ -40.359475683393654, -20.421453324148573 ], [ -40.35959627883102, -20.421527063927947 ] ] ] } },
{ "type": "Feature", "properties": { "fid": 725 }, "geometry": { "type": "Polygon", "coordinates": [ [ [ -40.359413754934103, -20.421792328301549 ], [ -40.35959627883102, -20.421527063927947 ], [ -40.359475683393654, -20.421453324148573 ], [ -40.35944960872974, -20.421491218766 ], [ -40.359397459380617, -20.421567008073318 ], [ -40.359345309981791, -20.421642797367333 ], [ -40.359293160533248, -20.421718586647938 ], [ -40.359413754934103, -20.421792328301549 ] ] ] } },
{ "type": "Feature", "properties": { "fid": 726 }, "geometry": { "type": "Polygon", "coordinates": [ [ [ -40.359606056478732, -20.421263850763665 ], [ -40.359658217578556, -20.421188044036299 ], [ -40.359417029655951, -20.421040560927025 ], [ -40.35936486847848, -20.421116367587274 ], [ -40.359606056478732, -20.421263850763665 ] ] ] } },
{ "type": "Feature", "properties": { "fid": 727 }, "geometry": { "type": "Polygon", "coordinates": [ [ [ -40.359553907278794, -20.421339640111153 ], [ -40.359606056478732, -20.421263850763665 ], [ -40.35936486847848, -20.421116367587274 ], [ -40.359312719200908, -20.421192156867637 ], [ -40.359553907278794, -20.421339640111153 ] ] ] } },
{ "type": "Feature", "properties": { "fid": 728 }, "geometry": { "type": "Polygon", "coordinates": [ [ [ -40.359501758029126, -20.42141542944524 ], [ -40.359553907278794, -20.421339640111153 ], [ -40.359312719200908, -20.421192156867637 ], [ -40.359260569873577, -20.421267946134602 ], [ -40.359501758029126, -20.42141542944524 ] ] ] } },
{ "type": "Feature", "properties": { "fid": 729 }, "geometry": { "type": "Polygon", "coordinates": [ [ [ -40.359475683393654, -20.421453324148573 ], [ -40.359501758029126, -20.42141542944524 ], [ -40.359260569873577, -20.421267946134602 ], [ -40.359208420496572, -20.421343735388181 ], [ -40.35944960872974, -20.421491218766 ], [ -40.359475683393654, -20.421453324148573 ] ] ] } },
{ "type": "Feature", "properties": { "fid": 730 }, "geometry": { "type": "Polygon", "coordinates": [ [ [ -40.359397459380617, -20.421567008073318 ], [ -40.35944960872974, -20.421491218766 ], [ -40.359208420496572, -20.421343735388181 ], [ -40.359156271069821, -20.421419524628426 ], [ -40.359397459380617, -20.421567008073318 ] ] ] } },
{ "type": "Feature", "properties": { "fid": 731 }, "geometry": { "type": "Polygon", "coordinates": [ [ [ -40.359345309981791, -20.421642797367333 ], [ -40.359397459380617, -20.421567008073318 ], [ -40.359156271069821, -20.421419524628426 ], [ -40.35910412159334, -20.421495313855292 ], [ -40.359345309981791, -20.421642797367333 ] ] ] } },
{ "type": "Feature", "properties": { "fid": 732 }, "geometry": { "type": "Polygon", "coordinates": [ [ [ -40.359293160533248, -20.421718586647938 ], [ -40.359345309981791, -20.421642797367333 ], [ -40.35910412159334, -20.421495313855292 ], [ -40.359051972067157, -20.421571103068771 ], [ -40.359293160533248, -20.421718586647938 ] ] ] } },
{ "type": "Feature", "properties": { "fid": 733 }, "geometry": { "type": "Polygon", "coordinates": [ [ [ -40.359520657678033, -20.422632977649972 ], [ -40.359761848269407, -20.422780460443388 ], [ -40.359814474389019, -20.42270397839841 ], [ -40.359573283875996, -20.422556495672737 ], [ -40.359572807283854, -20.422557188307408 ], [ -40.359520657678033, -20.422632977649972 ] ] ] } },
{ "type": "Feature", "properties": { "fid": 734 }, "geometry": { "type": "Polygon", "coordinates": [ [ [ -40.359520657678033, -20.422632977649972 ], [ -40.359572807283854, -20.422557188307408 ], [ -40.359573283875996, -20.422556495672737 ], [ -40.359625433438275, -20.422480706307088 ], [ -40.359677106277786, -20.422405609539545 ], [ -40.359596709620391, -20.422356448596897 ], [ -40.359440260874429, -20.422583816597541 ], [ -40.359520657678033, -20.422632977649972 ] ] ] } },
{ "type": "Feature", "properties": { "fid": 735 }, "geometry": { "type": "Polygon", "coordinates": [ [ [ -40.359573283875996, -20.422556495672737 ], [ -40.359814474389019, -20.42270397839841 ], [ -40.35986662387365, -20.422628188965597 ], [ -40.359625433438275, -20.422480706307088 ], [ -40.359573283875996, -20.422556495672737 ] ] ] } },
{ "type": "Feature", "properties": { "fid": 736 }, "geometry": { "type": "Polygon", "coordinates": [ [ [ -40.359625433438275, -20.422480706307088 ], [ -40.35986662387365, -20.422628188965597 ], [ -40.359918296718014, -20.42255309215496 ], [ -40.359677106359577, -20.422405609562965 ], [ -40.359625433438275, -20.422480706307088 ] ] ] } },
{ "type": "Feature", "properties": { "fid": 737 }, "geometry": { "type": "Polygon", "coordinates": [ [ [ -40.359625433438275, -20.422480706307088 ], [ -40.359677106359577, -20.422405609562965 ], [ -40.359677582950816, -20.422404916928027 ], [ -40.359729255822842, -20.422329820170653 ], [ -40.359781405236411, -20.422254030765018 ], [ -40.35983355460025, -20.422178241346014 ], [ -40.3598335544986, -20.422178241351432 ], [ -40.359781405141383, -20.422254030760815 ], [ -40.359729255734457, -20.422329820156875 ], [ -40.359677106277786, -20.422405609539545 ], [ -40.359625433438275, -20.422480706307088 ] ] ] } },
{ "type": "Feature", "properties": { "fid": 738 }, "geometry": { "type": "Polygon", "coordinates": [ [ [ -40.359677582950816, -20.422404916928027 ], [ -40.359677106359577, -20.422405609562965 ], [ -40.359918296718014, -20.42255309215496 ], [ -40.359970446084162, -20.422477302723898 ], [ -40.359729255822842, -20.422329820170653 ], [ -40.359677582950816, -20.422404916928027 ] ] ] } },
{ "type": "Feature", "properties": { "fid": 739 }, "geometry": { "type": "Polygon", "coordinates": [ [ [ -40.359781405236411, -20.422254030765018 ], [ -40.359729255822842, -20.422329820170653 ], [ -40.359970446084162, -20.422477302723898 ], [ -40.360022595439553, -20.422401513222798 ], [ -40.359781405236411, -20.422254030765018 ] ] ] } },
{ "type": "Feature", "properties": { "fid": 740 }, "geometry": { "type": "Polygon", "coordinates": [ [ [ -40.359781405236411, -20.422254030765018 ], [ -40.360022595439553, -20.422401513222798 ], [ -40.36007474472575, -20.422325723736641 ], [ -40.35983355460025, -20.422178241346014 ], [ -40.359781405236411, -20.422254030765018 ] ] ] } },
{ "type": "Feature", "properties": { "fid": 741 }, "geometry": { "type": "Polygon", "coordinates": [ [ [ -40.359677106277786, -20.422405609539545 ], [ -40.359729255734457, -20.422329820156875 ], [ -40.359781405141383, -20.422254030760815 ], [ -40.3598335544986, -20.422178241351432 ], [ -40.359753157920167, -20.422129080473972 ], [ -40.359596709620391, -20.422356448596897 ], [ -40.359677106277786, -20.422405609539545 ] ] ] } },
{ "type": "Feature", "properties": { "fid": 742 }, "geometry": { "type": "Polygon", "coordinates": [ [ [ -40.359440260874429, -20.422583816597541 ], [ -40.359596709620391, -20.422356448596897 ], [ -40.359516312986052, -20.422307287608152 ], [ -40.359359864161121, -20.422534655543608 ], [ -40.359440260874429, -20.422583816597541 ] ] ] } },
{ "type": "Feature", "properties": { "fid": 743 }, "geometry": { "type": "Polygon", "coordinates": [ [ [ -40.359596709620391, -20.422356448596897 ], [ -40.359753157920167, -20.422129080473972 ], [ -40.35967276136217, -20.422079919554307 ], [ -40.359516312986052, -20.422307287608152 ], [ -40.359596709620391, -20.422356448596897 ] ] ] } },
{ "type": "Feature", "properties": { "fid": 744 }, "geometry": { "type": "Polygon", "coordinates": [ [ [ -40.359516312986052, -20.422307287608152 ], [ -40.35967276136217, -20.422079919554307 ], [ -40.359592364853874, -20.422030758594332 ], [ -40.359435916398802, -20.422258126582989 ], [ -40.359516312986052, -20.422307287608152 ] ] ] } },
{ "type": "Feature", "properties": { "fid": 745 }, "geometry": { "type": "Polygon", "coordinates": [ [ [ -40.359359864161121, -20.422534655543608 ], [ -40.359516312986052, -20.422307287608152 ], [ -40.359435916398802, -20.422258126582989 ], [ -40.359279467497544, -20.422485494449408 ], [ -40.359359864161121, -20.422534655543608 ] ] ] } },
{ "type": "Feature", "properties": { "fid": 746 }, "geometry": { "type": "Polygon", "coordinates": [ [ [ -40.359279467497544, -20.422485494449408 ], [ -40.359435916398802, -20.422258126582989 ], [ -40.359355519863925, -20.422208965513668 ], [ -40.359199070883712, -20.422436333314877 ], [ -40.359279467497544, -20.422485494449408 ] ] ] } },
{ "type": "Feature", "properties": { "fid": 747 }, "geometry": { "type": "Polygon", "coordinates": [ [ [ -40.359435916398802, -20.422258126582989 ], [ -40.359592364853874, -20.422030758594332 ], [ -40.359511491743483, -20.421982290317271 ], [ -40.359355519863925, -20.422208965513668 ], [ -40.359435916398802, -20.422258126582989 ] ] ] } },
{ "type": "Feature", "properties": { "fid": 748 }, "geometry": { "type": "Polygon", "coordinates": [ [ [ -40.359355519863925, -20.422208965513668 ], [ -40.359511491743483, -20.421982290317271 ], [ -40.359431571986484, -20.421932436553536 ], [ -40.359275123376122, -20.422159804407951 ], [ -40.359355519863925, -20.422208965513668 ] ] ] } },
{ "type": "Feature", "properties": { "fid": 749 }, "geometry": { "type": "Polygon", "coordinates": [ [ [ -40.359199070883712, -20.422436333314877 ], [ -40.359355519863925, -20.422208965513668 ], [ -40.359275123376122, -20.422159804407951 ], [ -40.359118674319582, -20.422387172140095 ], [ -40.359199070883712, -20.422436333314877 ] ] ] } },
{ "type": "Feature", "properties": { "fid": 750 }, "geometry": { "type": "Polygon", "coordinates": [ [ [ -40.359118674319582, -20.422387172140095 ], [ -40.359275123376122, -20.422159804407951 ], [ -40.35919472693935, -20.422110643259998 ], [ -40.35903827780519, -20.422338010925003 ], [ -40.359118674319582, -20.422387172140095 ] ] ] } },
{ "type": "Feature", "properties": { "fid": 751 }, "geometry": { "type": "Polygon", "coordinates": [ [ [ -40.35919472693935, -20.422110643259998 ], [ -40.359275123376122, -20.422159804407951 ], [ -40.359431571986484, -20.421932436553536 ], [ -40.359351175627374, -20.421883275472752 ], [ -40.35919472693935, -20.422110643259998 ] ] ] } },
{ "type": "Feature", "properties": { "fid": 752 }, "geometry": { "type": "Polygon", "coordinates": [ [ [ -40.35919472693935, -20.422110643259998 ], [ -40.359351175627374, -20.421883275472752 ], [ -40.359230581179922, -20.421809533778845 ], [ -40.359178431658442, -20.421885323029983 ], [ -40.359126282057389, -20.421961112258202 ], [ -40.359074132375468, -20.422036901465415 ], [ -40.35919472693935, -20.422110643259998 ] ] ] } },
{ "type": "Feature", "properties": { "fid": 753 }, "geometry": { "type": "Polygon", "coordinates": [ [ [ -40.35903827780519, -20.422338010925003 ], [ -40.35919472693935, -20.422110643259998 ], [ -40.359074132375468, -20.422036901465415 ], [ -40.359021982706146, -20.422112690674528 ], [ -40.358970309549846, -20.422187787229483 ], [ -40.358969832955943, -20.422188479862623 ], [ -40.358918159750374, -20.42226357640434 ], [ -40.358917683124815, -20.422264269029736 ], [ -40.35903827780519, -20.422338010925003 ] ] ] } },
{ "type": "Feature", "properties": { "fid": 754 }, "geometry": { "type": "Polygon", "coordinates": [ [ [ -40.358917683124815, -20.422264269029736 ], [ -40.358918159750374, -20.42226357640434 ], [ -40.358969832955943, -20.422188479862623 ], [ -40.358728643983923, -20.422040995850022 ], [ -40.358676494106369, -20.422116784957616 ], [ -40.358917683124815, -20.422264269029736 ] ] ] } },
{ "type": "Feature", "properties": { "fid": 755 }, "geometry": { "type": "Polygon", "coordinates": [ [ [ -40.358969832955943, -20.422188479862623 ], [ -40.358970309549846, -20.422187787229483 ], [ -40.359021982706146, -20.422112690674528 ], [ -40.358780793818404, -20.421965206719449 ], [ -40.358728643983923, -20.422040995850022 ], [ -40.358969832955943, -20.422188479862623 ] ] ] } },
{ "type": "Feature", "properties": { "fid": 756 }, "geometry": { "type": "Polygon", "coordinates": [ [ [ -40.359021982706146, -20.422112690674528 ], [ -40.359074132375468, -20.422036901465415 ], [ -40.358832943603154, -20.421889417575443 ], [ -40.358780793818404, -20.421965206719449 ], [ -40.359021982706146, -20.422112690674528 ] ] ] } },
{ "type": "Feature", "properties": { "fid": 757 }, "geometry": { "type": "Polygon", "coordinates": [ [ [ -40.359074132375468, -20.422036901465415 ], [ -40.359126282057389, -20.421961112258202 ], [ -40.358885093338166, -20.421813628418146 ], [ -40.358832943603154, -20.421889417575443 ], [ -40.359074132375468, -20.422036901465415 ] ] ] } },
{ "type": "Feature", "properties": { "fid": 758 }, "geometry": { "type": "Polygon", "coordinates": [ [ [ -40.359126282057389, -20.421961112258202 ], [ -40.359178431658442, -20.421885323029983 ], [ -40.358937243023469, -20.421737839247381 ], [ -40.358885093338166, -20.421813628418146 ], [ -40.359126282057389, -20.421961112258202 ] ] ] } },
{ "type": "Feature", "properties": { "fid": 759 }, "geometry": { "type": "Polygon", "coordinates": [ [ [ -40.359178431658442, -20.421885323029983 ], [ -40.359230581179922, -20.421809533778845 ], [ -40.358989392659048, -20.421662050063318 ], [ -40.358937243023469, -20.421737839247381 ], [ -40.359178431658442, -20.421885323029983 ] ] ] } },
{ "type": "Feature", "properties": { "fid": 760 }, "geometry": { "type": "Polygon", "coordinates": [ [ [ -40.359375940130747, -20.423341301607749 ], [ -40.35942809002691, -20.423265512297021 ], [ -40.359186898938596, -20.423118029073986 ], [ -40.359134854873581, -20.423193664401111 ], [ -40.359375940130747, -20.423341301607749 ] ] ] } },
{ "type": "Feature", "properties": { "fid": 761 }, "geometry": { "type": "Polygon", "coordinates": [ [ [ -40.359134854804687, -20.423193664358926 ], [ -40.359134854873581, -20.423193664401111 ], [ -40.359186898938596, -20.423118029073986 ], [ -40.359239048869277, -20.423042239807359 ], [ -40.359291198750228, -20.422966450527404 ], [ -40.359343348581476, -20.422890661234028 ], [ -40.359395498362979, -20.422814871927351 ], [ -40.359447648094758, -20.422739082607226 ], [ -40.359447647993122, -20.422739082612676 ], [ -40.359395498267951, -20.422814871923162 ], [ -40.359343348493056, -20.422890661220229 ], [ -40.359291198668451, -20.422966450503981 ], [ -40.359239048794109, -20.423042239774357 ], [ -40.359186898870014, -20.423118029031343 ], [ -40.359134854804687, -20.423193664358926 ] ] ] } },
{ "type": "Feature", "properties": { "fid": 762 }, "geometry": { "type": "Polygon", "coordinates": [ [ [ -40.35905449317336, -20.423144451889378 ], [ -40.359134854804687, -20.423193664358926 ], [ -40.359186898870014, -20.423118029031343 ], [ -40.359239048794109, -20.423042239774357 ], [ -40.359291198668451, -20.422966450503981 ], [ -40.359210801819522, -20.422917289395745 ], [ -40.35905449317336, -20.423144451889378 ] ] ] } },
{ "type": "Feature", "properties": { "fid": 763 }, "geometry": { "type": "Polygon", "coordinates": [ [ [ -40.35897413157025, -20.423095239366383 ], [ -40.35905449317336, -20.423144451889378 ], [ -40.359210801819522, -20.422917289395745 ], [ -40.359130404993671, -20.422868128241426 ], [ -40.35897413157025, -20.423095239366383 ] ] ] } },
{ "type": "Feature", "properties": { "fid": 764 }, "geometry": { "type": "Polygon", "coordinates": [ [ [ -40.358893770016898, -20.423046026803132 ], [ -40.35897413157025, -20.423095239366383 ], [ -40.359130404993671, -20.422868128241426 ], [ -40.359130881562038, -20.42286743564663 ], [ -40.359050484783516, -20.422818274456095 ], [ -40.359050008214894, -20.422818967050674 ], [ -40.358893770016898, -20.423046026803132 ] ] ] } },
{ "type": "Feature", "properties": { "fid": 765 }, "geometry": { "type": "Polygon", "coordinates": [ [ [ -40.358813408513299, -20.422996814199617 ], [ -40.358893770016898, -20.423046026803132 ], [ -40.359050008214894, -20.422818967050674 ], [ -40.35896961148849, -20.422769805815772 ], [ -40.358813408513299, -20.422996814199617 ] ] ] } },
{ "type": "Feature", "properties": { "fid": 766 }, "geometry": { "type": "Polygon", "coordinates": [ [ [ -40.358733047059467, -20.42294760155584 ], [ -40.358813408513299, -20.422996814199617 ], [ -40.35896961148849, -20.422769805815772 ], [ -40.358889214809174, -20.422720644544462 ], [ -40.358733047059467, -20.42294760155584 ] ] ] } },
{ "type": "Feature", "properties": { "fid": 767 }, "geometry": { "type": "Polygon", "coordinates": [ [ [ -40.3586526856554, -20.422898388871818 ], [ -40.358733047059467, -20.42294760155584 ], [ -40.358889214809174, -20.422720644544462 ], [ -40.358808818180904, -20.422671483230911 ], [ -40.358652844513522, -20.422898158005491 ], [ -40.3586526856554, -20.422898388871818 ] ] ] } },
{ "type": "Feature", "properties": { "fid": 768 }, "geometry": { "type": "Polygon", "coordinates": [ [ [ -40.358532143642776, -20.422824569770398 ], [ -40.3586526856554, -20.422898388871818 ], [ -40.358652844513522, -20.422898158005491 ], [ -40.358808818180904, -20.422671483230911 ], [ -40.358688223329743, -20.422597741187964 ], [ -40.358636549862588, -20.422672837704592 ], [ -40.358636073292466, -20.422673530298148 ], [ -40.358584399744878, -20.422748626793865 ], [ -40.358583923174294, -20.422749319387293 ], [ -40.358532143642776, -20.422824569770398 ] ] ] } },
{ "type": "Feature", "properties": { "fid": 769 }, "geometry": { "type": "Polygon", "coordinates": [ [ [ -40.358532143642776, -20.422824569770398 ], [ -40.358291059952883, -20.422676931295506 ], [ -40.358290583382249, -20.422677623886592 ], [ -40.358531772975226, -20.422825108455442 ], [ -40.358532143642776, -20.422824569770398 ] ] ] } },
{ "type": "Feature", "properties": { "fid": 770 }, "geometry": { "type": "Polygon", "coordinates": [ [ [ -40.358291059952883, -20.422676931295506 ], [ -40.358532143642776, -20.422824569770398 ], [ -40.358583923174294, -20.422749319387293 ], [ -40.358342733627779, -20.422601834877923 ], [ -40.358291059952883, -20.422676931295506 ] ] ] } },
{ "type": "Feature", "properties": { "fid": 771 }, "geometry": { "type": "Polygon", "coordinates": [ [ [ -40.359186898938596, -20.423118029073986 ], [ -40.35942809002691, -20.423265512297021 ], [ -40.35948023987995, -20.423189722963293 ], [ -40.359239048869277, -20.423042239807359 ], [ -40.359186898938596, -20.423118029073986 ] ] ] } },
{ "type": "Feature", "properties": { "fid": 772 }, "geometry": { "type": "Polygon", "coordinates": [ [ [ -40.359239048869277, -20.423042239807359 ], [ -40.35948023987995, -20.423189722963293 ], [ -40.35953238968326, -20.423113933616186 ], [ -40.359291198750228, -20.422966450527404 ], [ -40.359239048869277, -20.423042239807359 ] ] ] } },
{ "type": "Feature", "properties": { "fid": 773 }, "geometry": { "type": "Polygon", "coordinates": [ [ [ -40.359291198750228, -20.422966450527404 ], [ -40.35953238968326, -20.423113933616186 ], [ -40.35958453943686, -20.423038144255699 ], [ -40.359343348581476, -20.422890661234028 ], [ -40.359291198750228, -20.422966450527404 ] ] ] } },
{ "type": "Feature", "properties": { "fid": 774 }, "geometry": { "type": "Polygon", "coordinates": [ [ [ -40.359343348581476, -20.422890661234028 ], [ -40.35958453943686, -20.423038144255699 ], [ -40.359636689140721, -20.422962354881829 ], [ -40.359395498362979, -20.422814871927351 ], [ -40.359343348581476, -20.422890661234028 ] ] ] } },
{ "type": "Feature", "properties": { "fid": 775 }, "geometry": { "type": "Polygon", "coordinates": [ [ [ -40.359395498362979, -20.422814871927351 ], [ -40.359636689140721, -20.422962354881829 ], [ -40.35968883879486, -20.422886565494633 ], [ -40.359447648094758, -20.422739082607226 ], [ -40.359395498362979, -20.422814871927351 ] ] ] } },
{ "type": "Feature", "properties": { "fid": 776 }, "geometry": { "type": "Polygon", "coordinates": [ [ [ -40.359291198668451, -20.422966450503981 ], [ -40.359343348493056, -20.422890661220229 ], [ -40.359395498267951, -20.422814871923162 ], [ -40.359447647993122, -20.422739082612676 ], [ -40.359367251223162, -20.422689921569621 ], [ -40.359210801819522, -20.422917289395745 ], [ -40.359291198668451, -20.422966450503981 ] ] ] } },
{ "type": "Feature", "properties": { "fid": 777 }, "geometry": { "type": "Polygon", "coordinates": [ [ [ -40.359210801819522, -20.422917289395745 ], [ -40.359367251223162, -20.422689921569621 ], [ -40.359286854473645, -20.422640760484363 ], [ -40.359130881562038, -20.42286743564663 ], [ -40.359130404993671, -20.422868128241426 ], [ -40.359210801819522, -20.422917289395745 ] ] ] } },
{ "type": "Feature", "properties": { "fid": 778 }, "geometry": { "type": "Polygon", "coordinates": [ [ [ -40.359130881562038, -20.42286743564663 ], [ -40.359286854473645, -20.422640760484363 ], [ -40.359206457773844, -20.422591599358846 ], [ -40.359050484783516, -20.422818274456095 ], [ -40.359130881562038, -20.42286743564663 ] ] ] } },
{ "type": "Feature", "properties": { "fid": 779 }, "geometry": { "type": "Polygon", "coordinates": [ [ [ -40.359050008214894, -20.422818967050674 ], [ -40.359050484783516, -20.422818274456095 ], [ -40.359206457773844, -20.422591599358846 ], [ -40.359126061123753, -20.422542438192991 ], [ -40.35896961148849, -20.422769805815772 ], [ -40.359050008214894, -20.422818967050674 ] ] ] } },
{ "type": "Feature", "properties": { "fid": 780 }, "geometry": { "type": "Polygon", "coordinates": [ [ [ -40.35896961148849, -20.422769805815772 ], [ -40.359126061123753, -20.422542438192991 ], [ -40.359045664523393, -20.422493276986874 ], [ -40.358889214809174, -20.422720644544462 ], [ -40.35896961148849, -20.422769805815772 ] ] ] } },
{ "type": "Feature", "properties": { "fid": 781 }, "geometry": { "type": "Polygon", "coordinates": [ [ [ -40.358808818180904, -20.422671483230911 ], [ -40.358889214809174, -20.422720644544462 ], [ -40.359045664523393, -20.422493276986874 ], [ -40.358965267972756, -20.422444115740458 ], [ -40.358809294750223, -20.422670790636943 ], [ -40.358808818180904, -20.422671483230911 ] ] ] } },
{ "type": "Feature", "properties": { "fid": 782 }, "geometry": { "type": "Polygon", "coordinates": [ [ [ -40.358809294750223, -20.422670790636943 ], [ -40.358965267972756, -20.422444115740458 ], [ -40.358844673238053, -20.422370373798191 ], [ -40.358792999917398, -20.422445470356511 ], [ -40.358792523348633, -20.422446162950422 ], [ -40.358740373379661, -20.422521952079695 ], [ -40.358688223329743, -20.422597741187964 ], [ -40.358808818180904, -20.422671483230911 ], [ -40.358809294750223, -20.422670790636943 ] ] ] } },
{ "type": "Feature", "properties": { "fid": 783 }, "geometry": { "type": "Polygon", "coordinates": [ [ [ -40.358583923174294, -20.422749319387293 ], [ -40.358584399744878, -20.422748626793865 ], [ -40.358636073292466, -20.422673530298148 ], [ -40.358394883830208, -20.422526045846258 ], [ -40.358342733627779, -20.422601834877923 ], [ -40.358583923174294, -20.422749319387293 ] ] ] } },
{ "type": "Feature", "properties": { "fid": 784 }, "geometry": { "type": "Polygon", "coordinates": [ [ [ -40.358636073292466, -20.422673530298148 ], [ -40.358636549862588, -20.422672837704592 ], [ -40.358688223329743, -20.422597741187964 ], [ -40.35844703398292, -20.422450256801277 ], [ -40.358394883830208, -20.422526045846258 ], [ -40.358636073292466, -20.422673530298148 ] ] ] } },
{ "type": "Feature", "properties": { "fid": 785 }, "geometry": { "type": "Polygon", "coordinates": [ [ [ -40.358688223329743, -20.422597741187964 ], [ -40.358740373379661, -20.422521952079695 ], [ -40.358499184085879, -20.422374467742856 ], [ -40.35844703398292, -20.422450256801277 ], [ -40.358688223329743, -20.422597741187964 ] ] ] } },
{ "type": "Feature", "properties": { "fid": 786 }, "geometry": { "type": "Polygon", "coordinates": [ [ [ -40.358740373379661, -20.422521952079695 ], [ -40.358792523348633, -20.422446162950422 ], [ -40.35855133413915, -20.422298678671105 ], [ -40.358499184085879, -20.422374467742856 ], [ -40.358740373379661, -20.422521952079695 ] ] ] } },
{ "type": "Feature", "properties": { "fid": 787 }, "geometry": { "type": "Polygon", "coordinates": [ [ [ -40.358792523348633, -20.422446162950422 ], [ -40.358792999917398, -20.422445470356511 ], [ -40.358844673238053, -20.422370373798191 ], [ -40.358603484142655, -20.422222889585978 ], [ -40.35855133413915, -20.422298678671105 ], [ -40.358792523348633, -20.422446162950422 ] ] ] } },
{ "type": "Feature", "properties": { "fid": 788 }, "geometry": { "type": "Polygon", "coordinates": [ [ [ -40.358759267746208, -20.42373950051411 ], [ -40.359000459471225, -20.42388698428762 ], [ -40.35905260972541, -20.423811195073167 ], [ -40.358811418078041, -20.423663711366736 ], [ -40.358759267746208, -20.42373950051411 ] ] ] } },
{ "type": "Feature", "properties": { "fid": 789 }, "geometry": { "type": "Polygon", "coordinates": [ [ [ -40.358759267746208, -20.42373950051411 ], [ -40.358811418078041, -20.423663711366736 ], [ -40.358863568366758, -20.423587922196411 ], [ -40.358915718605743, -20.423512133012707 ], [ -40.358967868795027, -20.423436343815631 ], [ -40.359020018934558, -20.423360554605171 ], [ -40.359072169024358, -20.423284765381357 ], [ -40.359072168922722, -20.423284765386761 ], [ -40.35902001883953, -20.423360554600997 ], [ -40.358967868706621, -20.423436343801818 ], [ -40.35891571852396, -20.423512132989295 ], [ -40.358863568291596, -20.423587922163364 ], [ -40.358811418009481, -20.423663711324096 ], [ -40.358759267677648, -20.423739500471466 ], [ -40.358759267746208, -20.42373950051411 ] ] ] } },
{ "type": "Feature", "properties": { "fid": 790 }, "geometry": { "type": "Polygon", "coordinates": [ [ [ -40.358811418078041, -20.423663711366736 ], [ -40.35905260972541, -20.423811195073167 ], [ -40.3591047599365, -20.423735405835682 ], [ -40.358863568366758, -20.423587922196411 ], [ -40.358811418078041, -20.423663711366736 ] ] ] } },
{ "type": "Feature", "properties": { "fid": 791 }, "geometry": { "type": "Polygon", "coordinates": [ [ [ -40.358863568366758, -20.423587922196411 ], [ -40.3591047599365, -20.423735405835682 ], [ -40.359156910097823, -20.423659616584825 ], [ -40.358915718605743, -20.423512133012707 ], [ -40.358863568366758, -20.423587922196411 ] ] ] } },
{ "type": "Feature", "properties": { "fid": 792 }, "geometry": { "type": "Polygon", "coordinates": [ [ [ -40.358915718605743, -20.423512133012707 ], [ -40.359156910097823, -20.423659616584825 ], [ -40.359209060209452, -20.423583827320634 ], [ -40.358967868795027, -20.423436343815631 ], [ -40.358915718605743, -20.423512133012707 ] ] ] } },
{ "type": "Feature", "properties": { "fid": 793 }, "geometry": { "type": "Polygon", "coordinates": [ [ [ -40.358967868795027, -20.423436343815631 ], [ -40.359209060209452, -20.423583827320634 ], [ -40.359261210271342, -20.423508038043039 ], [ -40.359020018934558, -20.423360554605171 ], [ -40.358967868795027, -20.423436343815631 ] ] ] } },
{ "type": "Feature", "properties": { "fid": 794 }, "geometry": { "type": "Polygon", "coordinates": [ [ [ -40.359020018934558, -20.423360554605171 ], [ -40.359261210271342, -20.423508038043039 ], [ -40.359313360283501, -20.423432248752064 ], [ -40.359072169024358, -20.423284765381357 ], [ -40.359020018934558, -20.423360554605171 ] ] ] } },
{ "type": "Feature", "properties": { "fid": 795 }, "geometry": { "type": "Polygon", "coordinates": [ [ [ -40.358759267677648, -20.423739500471466 ], [ -40.358811418009481, -20.423663711324096 ], [ -40.358863568291596, -20.423587922163364 ], [ -40.35891571852396, -20.423512132989295 ], [ -40.358835321488691, -20.423462971719925 ], [ -40.358678870564738, -20.423690339134971 ], [ -40.358759267677648, -20.423739500471466 ] ] ] } },
{ "type": "Feature", "properties": { "fid": 796 }, "geometry": { "type": "Polygon", "coordinates": [ [ [ -40.35891571852396, -20.423512132989295 ], [ -40.358967868706621, -20.423436343801818 ], [ -40.35902001883953, -20.423360554600997 ], [ -40.359072168922722, -20.423284765386761 ], [ -40.358991771966423, -20.423235604182626 ], [ -40.358836274525068, -20.423461586686333 ], [ -40.358835321488691, -20.423462971719925 ], [ -40.35891571852396, -20.423512132989295 ] ] ] } },
{ "type": "Feature", "properties": { "fid": 797 }, "geometry": { "type": "Polygon", "coordinates": [ [ [ -40.358678870564738, -20.423690339134971 ], [ -40.358835321488691, -20.423462971719925 ], [ -40.358836274525068, -20.423461586686333 ], [ -40.358755877510681, -20.423412425375183 ], [ -40.358754924476493, -20.423413810404494 ], [ -40.358598473473592, -20.423641177754298 ], [ -40.358678870564738, -20.423690339134971 ] ] ] } },
{ "type": "Feature", "properties": { "fid": 798 }, "geometry": { "type": "Polygon", "coordinates": [ [ [ -40.358836274525068, -20.423461586686333 ], [ -40.358991771966423, -20.423235604182626 ], [ -40.358911375030551, -20.423186442936277 ], [ -40.358755877510681, -20.423412425375183 ], [ -40.358836274525068, -20.423461586686333 ] ] ] } },
{ "type": "Feature", "properties": { "fid": 799 }, "geometry": { "type": "Polygon", "coordinates": [ [ [ -40.358754924476493, -20.423413810404494 ], [ -40.358755877510681, -20.423412425375183 ], [ -40.358675480546061, -20.423363264023703 ], [ -40.358674527511397, -20.42336464905264 ], [ -40.358518076432162, -20.423592016333405 ], [ -40.358598473473592, -20.423641177754298 ], [ -40.358754924476493, -20.423413810404494 ] ] ] } },
{ "type": "Feature", "properties": { "fid": 800 }, "geometry": { "type": "Polygon", "coordinates": [ [ [ -40.358755877510681, -20.423412425375183 ], [ -40.358911375030551, -20.423186442936277 ], [ -40.358830978144411, -20.423137281649606 ], [ -40.358675480546061, -20.423363264023703 ], [ -40.358755877510681, -20.423412425375183 ] ] ] } },
{ "type": "Feature", "properties": { "fid": 801 }, "geometry": { "type": "Polygon", "coordinates": [ [ [ -40.358518076432162, -20.423592016333405 ], [ -40.358674527511397, -20.42336464905264 ], [ -40.358675480546061, -20.423363264023703 ], [ -40.35859508363378, -20.423314102628126 ], [ -40.358594130598647, -20.423315487656623 ], [ -40.358437679440463, -20.423542854872164 ], [ -40.358518076432162, -20.423592016333405 ] ] ] } },
{ "type": "Feature", "properties": { "fid": 802 }, "geometry": { "type": "Polygon", "coordinates": [ [ [ -40.358675480546061, -20.423363264023703 ], [ -40.358830978144411, -20.423137281649606 ], [ -40.358750581307987, -20.42308812032266 ], [ -40.35859508363378, -20.423314102628126 ], [ -40.358675480546061, -20.423363264023703 ] ] ] } },
{ "type": "Feature", "properties": { "fid": 803 }, "geometry": { "type": "Polygon", "coordinates": [ [ [ -40.358594130598647, -20.423315487656623 ], [ -40.35859508363378, -20.423314102628126 ], [ -40.358514686768615, -20.423264941196095 ], [ -40.358513733733005, -20.423266326224187 ], [ -40.358357282498474, -20.423493693370673 ], [ -40.358437679440463, -20.423542854872164 ], [ -40.358594130598647, -20.423315487656623 ] ] ] } },
{ "type": "Feature", "properties": { "fid": 804 }, "geometry": { "type": "Polygon", "coordinates": [ [ [ -40.35859508363378, -20.423314102628126 ], [ -40.358750581307987, -20.42308812032266 ], [ -40.358670184521294, -20.423038958955416 ], [ -40.358514686768615, -20.423264941196095 ], [ -40.35859508363378, -20.423314102628126 ] ] ] } },
{ "type": "Feature", "properties": { "fid": 805 }, "geometry": { "type": "Polygon", "coordinates": [ [ [ -40.358357282498474, -20.423493693370673 ], [ -40.358513733733005, -20.423266326224187 ], [ -40.358433336918395, -20.423217164749538 ], [ -40.358276885606223, -20.423444531828888 ], [ -40.358357282498474, -20.423493693370673 ] ] ] } },
{ "type": "Feature", "properties": { "fid": 806 }, "geometry": { "type": "Polygon", "coordinates": [ [ [ -40.358433336918395, -20.423217164749538 ], [ -40.358513733733005, -20.423266326224187 ], [ -40.358514686768615, -20.423264941196095 ], [ -40.358670184521294, -20.423038958955416 ], [ -40.358589787784325, -20.422989797547892 ], [ -40.358433336918395, -20.423217164749538 ] ] ] } },
{ "type": "Feature", "properties": { "fid": 807 }, "geometry": { "type": "Polygon", "coordinates": [ [ [ -40.358433336918395, -20.423217164749538 ], [ -40.358589787784325, -20.422989797547892 ], [ -40.358469192770123, -20.422916055363952 ], [ -40.358417042522674, -20.42299184441989 ], [ -40.358364892195652, -20.423067633452877 ], [ -40.358312741787735, -20.423143422464893 ], [ -40.358433336918395, -20.423217164749538 ] ] ] } },
{ "type": "Feature", "properties": { "fid": 808 }, "geometry": { "type": "Polygon", "coordinates": [ [ [ -40.358276885606223, -20.423444531828888 ], [ -40.358433336918395, -20.423217164749538 ], [ -40.358312741787735, -20.423143422464893 ], [ -40.358260591392416, -20.423219211478774 ], [ -40.358208440916222, -20.423295000471668 ], [ -40.358156290359112, -20.423370789443535 ], [ -40.358276885606223, -20.423444531828888 ] ] ] } },
{ "type": "Feature", "properties": { "fid": 809 }, "geometry": { "type": "Polygon", "coordinates": [ [ [ -40.358156290359112, -20.423370789443535 ], [ -40.358208440916222, -20.423295000471668 ], [ -40.357967250810724, -20.423147515478931 ], [ -40.357915100207165, -20.423223304391314 ], [ -40.358156290359112, -20.423370789443535 ] ] ] } },
{ "type": "Feature", "properties": { "fid": 810 }, "geometry": { "type": "Polygon", "coordinates": [ [ [ -40.358208440916222, -20.423295000471668 ], [ -40.358260591392416, -20.423219211478774 ], [ -40.358019401371187, -20.423071726543576 ], [ -40.358003128860602, -20.423095374932405 ], [ -40.357967250810724, -20.423147515478931 ], [ -40.358208440916222, -20.423295000471668 ] ] ] } },
{ "type": "Feature", "properties": { "fid": 811 }, "geometry": { "type": "Polygon", "coordinates": [ [ [ -40.358260591392416, -20.423219211478774 ], [ -40.358312741787735, -20.423143422464893 ], [ -40.358071551881913, -20.42299593759483 ], [ -40.358039067241471, -20.423043146667958 ], [ -40.358019401371187, -20.423071726543576 ], [ -40.358260591392416, -20.423219211478774 ] ] ] } },
{ "type": "Feature", "properties": { "fid": 812 }, "geometry": { "type": "Polygon", "coordinates": [ [ [ -40.358312741787735, -20.423143422464893 ], [ -40.358364892195652, -20.423067633452877 ], [ -40.358123702342901, -20.422920148632734 ], [ -40.358071551881913, -20.42299593759483 ], [ -40.358312741787735, -20.423143422464893 ] ] ] } },
{ "type": "Feature", "properties": { "fid": 813 }, "geometry": { "type": "Polygon", "coordinates": [ [ [ -40.358364892195652, -20.423067633452877 ], [ -40.358417042522674, -20.42299184441989 ], [ -40.358175852754187, -20.42284435965724 ], [ -40.358171748269477, -20.422850324612188 ], [ -40.358123702342901, -20.422920148632734 ], [ -40.358364892195652, -20.423067633452877 ] ] ] } },
{ "type": "Feature", "properties": { "fid": 814 }, "geometry": { "type": "Polygon", "coordinates": [ [ [ -40.358417042522674, -20.42299184441989 ], [ -40.358469192770123, -20.422916055363952 ], [ -40.358228003115741, -20.422768570668385 ], [ -40.358175852754187, -20.42284435965724 ], [ -40.358417042522674, -20.42299184441989 ] ] ] } },
{ "type": "Feature", "properties": { "fid": 815 }, "geometry": { "type": "Polygon", "coordinates": [ [ [ -40.358624976053754, -20.424432666164197 ], [ -40.358677126665988, -20.424356877046019 ], [ -40.358435934459571, -20.424209392856227 ], [ -40.358383783769682, -20.424285181907312 ], [ -40.358624976053754, -20.424432666164197 ] ] ] } },
{ "type": "Feature", "properties": { "fid": 816 }, "geometry": { "type": "Polygon", "coordinates": [ [ [ -40.358383783769682, -20.424285181907312 ], [ -40.358435934459571, -20.424209392856227 ], [ -40.358488085106345, -20.424133603782192 ], [ -40.358540235703394, -20.424057814694752 ], [ -40.358592386250699, -20.423982025593933 ], [ -40.358644536748258, -20.423906236479777 ], [ -40.358696687196129, -20.423830447352241 ], [ -40.358696687094486, -20.42383044735767 ], [ -40.358644536653244, -20.423906236475595 ], [ -40.358592386162279, -20.423982025580155 ], [ -40.358540235621589, -20.424057814671357 ], [ -40.358488085031169, -20.424133603749151 ], [ -40.358435934391032, -20.424209392813591 ], [ -40.358383783701136, -20.424285181864672 ], [ -40.358383783769682, -20.424285181907312 ] ] ] } },
{ "type": "Feature", "properties": { "fid": 817 }, "geometry": { "type": "Polygon", "coordinates": [ [ [ -40.358435934459571, -20.424209392856227 ], [ -40.358677126665988, -20.424356877046019 ], [ -40.35872927723512, -20.424281087904824 ], [ -40.358488085106345, -20.424133603782192 ], [ -40.358435934459571, -20.424209392856227 ] ] ] } },
{ "type": "Feature", "properties": { "fid": 818 }, "geometry": { "type": "Polygon", "coordinates": [ [ [ -40.358488085106345, -20.424133603782192 ], [ -40.35872927723512, -20.424281087904824 ], [ -40.358781427754501, -20.424205298750245 ], [ -40.358540235703394, -20.424057814694752 ], [ -40.358488085106345, -20.424133603782192 ] ] ] } },
{ "type": "Feature", "properties": { "fid": 819 }, "geometry": { "type": "Polygon", "coordinates": [ [ [ -40.358540235703394, -20.424057814694752 ], [ -40.358781427754501, -20.424205298750245 ], [ -40.358833578224171, -20.424129509582311 ], [ -40.358592386250699, -20.423982025593933 ], [ -40.358540235703394, -20.424057814694752 ] ] ] } },
{ "type": "Feature", "properties": { "fid": 820 }, "geometry": { "type": "Polygon", "coordinates": [ [ [ -40.358592386250699, -20.423982025593933 ], [ -40.358833578224171, -20.424129509582311 ], [ -40.358885728644104, -20.424053720401016 ], [ -40.358644536748258, -20.423906236479777 ], [ -40.358592386250699, -20.423982025593933 ] ] ] } },
{ "type": "Feature", "properties": { "fid": 821 }, "geometry": { "type": "Polygon", "coordinates": [ [ [ -40.358644536748258, -20.423906236479777 ], [ -40.358885728644104, -20.424053720401016 ], [ -40.358937879014306, -20.423977931206341 ], [ -40.358696687196129, -20.423830447352241 ], [ -40.358644536748258, -20.423906236479777 ] ] ] } },
{ "type": "Feature", "properties": { "fid": 822 }, "geometry": { "type": "Polygon", "coordinates": [ [ [ -40.358383783701136, -20.424285181864672 ], [ -40.358435934391032, -20.424209392813591 ], [ -40.358488085031169, -20.424133603749151 ], [ -40.358540235621589, -20.424057814671357 ], [ -40.358459838400002, -20.424008653240875 ], [ -40.358303386401879, -20.424236020367029 ], [ -40.358383783701136, -20.424285181864672 ] ] ] } },
{ "type": "Feature", "properties": { "fid": 823 }, "geometry": { "type": "Polygon", "coordinates": [ [ [ -40.358540235621589, -20.424057814671357 ], [ -40.358592386162279, -20.423982025580155 ], [ -40.358644536653244, -20.423906236475595 ], [ -40.358696687094486, -20.42383044735767 ], [ -40.358616289951833, -20.423781285992423 ], [ -40.358459838400002, -20.424008653240875 ], [ -40.358540235621589, -20.424057814671357 ] ] ] } },
{ "type": "Feature", "properties": { "fid": 824 }, "geometry": { "type": "Polygon", "coordinates": [ [ [ -40.358303386401879, -20.424236020367029 ], [ -40.358459838400002, -20.424008653240875 ], [ -40.358379441201457, -20.423959491764286 ], [ -40.358222989124386, -20.424186858825273 ], [ -40.358303386401879, -20.424236020367029 ] ] ] } },
{ "type": "Feature", "properties": { "fid": 825 }, "geometry": { "type": "Polygon", "coordinates": [ [ [ -40.358459838400002, -20.424008653240875 ], [ -40.358616289951833, -20.423781285992423 ], [ -40.358535892829622, -20.423732124584905 ], [ -40.358379441201457, -20.423959491764286 ], [ -40.358459838400002, -20.424008653240875 ] ] ] } },
{ "type": "Feature", "properties": { "fid": 826 }, "geometry": { "type": "Polygon", "coordinates": [ [ [ -40.358379441201457, -20.423959491764286 ], [ -40.358535892829622, -20.423732124584905 ], [ -40.358455495757127, -20.423682963137118 ], [ -40.358299044049993, -20.42391033025131 ], [ -40.358379441201457, -20.423959491764286 ] ] ] } },
{ "type": "Feature", "properties": { "fid": 827 }, "geometry": { "type": "Polygon", "coordinates": [ [ [ -40.358222989124386, -20.424186858825273 ], [ -40.358379441201457, -20.423959491764286 ], [ -40.358299044049993, -20.42391033025131 ], [ -40.358142591896616, -20.424137697243186 ], [ -40.358222989124386, -20.424186858825273 ] ] ] } },
{ "type": "Feature", "properties": { "fid": 828 }, "geometry": { "type": "Polygon", "coordinates": [ [ [ -40.358142591896616, -20.424137697243186 ], [ -40.358299044049993, -20.42391033025131 ], [ -40.358218646950924, -20.423861168694177 ], [ -40.35806219471857, -20.424088535620868 ], [ -40.358142591896616, -20.424137697243186 ] ] ] } },
{ "type": "Feature", "properties": { "fid": 829 }, "geometry": { "type": "Polygon", "coordinates": [ [ [ -40.358299044049993, -20.42391033025131 ], [ -40.358455495757127, -20.423682963137118 ], [ -40.358375098734371, -20.423633801649025 ], [ -40.358218646950924, -20.423861168694177 ], [ -40.358299044049993, -20.42391033025131 ] ] ] } },
{ "type": "Feature", "properties": { "fid": 830 }, "geometry": { "type": "Polygon", "coordinates": [ [ [ -40.358218646950924, -20.423861168694177 ], [ -40.358375098734371, -20.423633801649025 ], [ -40.358294701761345, -20.423584640120694 ], [ -40.358138249898943, -20.423812007100601 ], [ -40.358218646950924, -20.423861168694177 ] ] ] } },
{ "type": "Feature", "properties": { "fid": 831 }, "geometry": { "type": "Polygon", "coordinates": [ [ [ -40.35806219471857, -20.424088535620868 ], [ -40.358218646950924, -20.423861168694177 ], [ -40.358138249898943, -20.423812007100601 ], [ -40.357981797590277, -20.424039373958252 ], [ -40.35806219471857, -20.424088535620868 ] ] ] } },
{ "type": "Feature", "properties": { "fid": 832 }, "geometry": { "type": "Polygon", "coordinates": [ [ [ -40.357981797590277, -20.424039373958252 ], [ -40.358138249898943, -20.423812007100601 ], [ -40.358057852897993, -20.423762845464836 ], [ -40.357901400511686, -20.423990212255315 ], [ -40.357981797590277, -20.424039373958252 ] ] ] } },
{ "type": "Feature", "properties": { "fid": 833 }, "geometry": { "type": "Polygon", "coordinates": [ [ [ -40.358057852897993, -20.423762845464836 ], [ -40.358138249898943, -20.423812007100601 ], [ -40.358294701761345, -20.423584640120694 ], [ -40.358214304838036, -20.423535478552044 ], [ -40.358057852897993, -20.423762845464836 ] ] ] } },
{ "type": "Feature", "properties": { "fid": 834 }, "geometry": { "type": "Polygon", "coordinates": [ [ [ -40.358057852897993, -20.423762845464836 ], [ -40.358214304838036, -20.423535478552044 ], [ -40.358093709544349, -20.423461736126416 ], [ -40.358041558938865, -20.423537525086051 ], [ -40.357989408253815, -20.423613314022766 ], [ -40.357937257487833, -20.423689102938503 ], [ -40.358057852897993, -20.423762845464836 ] ] ] } },
{ "type": "Feature", "properties": { "fid": 835 }, "geometry": { "type": "Polygon", "coordinates": [ [ [ -40.357901400511686, -20.423990212255315 ], [ -40.358057852897993, -20.423762845464836 ], [ -40.357937257487833, -20.423689102938503 ], [ -40.357885106734493, -20.423764891856091 ], [ -40.35783295590025, -20.42384068075269 ], [ -40.357780804985083, -20.423916469628288 ], [ -40.357901400511686, -20.423990212255315 ] ] ] } },
{ "type": "Feature", "properties": { "fid": 836 }, "geometry": { "type": "Polygon", "coordinates": [ [ [ -40.357780804985083, -20.423916469628288 ], [ -40.35783295590025, -20.42384068075269 ], [ -40.357591765235775, -20.423693195276577 ], [ -40.357539614274174, -20.423768984092668 ], [ -40.357780804985083, -20.423916469628288 ] ] ] } },
{ "type": "Feature", "properties": { "fid": 837 }, "geometry": { "type": "Polygon", "coordinates": [ [ [ -40.35783295590025, -20.42384068075269 ], [ -40.357885106734493, -20.423764891856091 ], [ -40.357643916154281, -20.423617406437508 ], [ -40.357591765235775, -20.423693195276577 ], [ -40.35783295590025, -20.42384068075269 ] ] ] } },
{ "type": "Feature", "properties": { "fid": 838 }, "geometry": { "type": "Polygon", "coordinates": [ [ [ -40.357885106734493, -20.423764891856091 ], [ -40.357937257487833, -20.423689102938503 ], [ -40.357696067023063, -20.423541617585069 ], [ -40.357643916154281, -20.423617406437508 ], [ -40.357885106734493, -20.423764891856091 ] ] ] } },
{ "type": "Feature", "properties": { "fid": 839 }, "geometry": { "type": "Polygon", "coordinates": [ [ [ -40.357937257487833, -20.423689102938503 ], [ -40.357989408253815, -20.423613314022766 ], [ -40.357748217842094, -20.423465828719237 ], [ -40.357696067023063, -20.423541617585069 ], [ -40.357937257487833, -20.423689102938503 ] ] ] } },
{ "type": "Feature", "properties": { "fid": 840 }, "geometry": { "type": "Polygon", "coordinates": [ [ [ -40.357989408253815, -20.423613314022766 ], [ -40.358041558938865, -20.423537525086051 ], [ -40.3578003686114, -20.423390039840054 ], [ -40.357748217842094, -20.423465828719237 ], [ -40.357989408253815, -20.423613314022766 ] ] ] } },
{ "type": "Feature", "properties": { "fid": 841 }, "geometry": { "type": "Polygon", "coordinates": [ [ [ -40.358041558938865, -20.423537525086051 ], [ -40.358093709544349, -20.423461736126416 ], [ -40.357852519330997, -20.423314250947456 ], [ -40.3578003686114, -20.423390039840054 ], [ -40.358041558938865, -20.423537525086051 ] ] ] } },
{ "type": "Feature", "properties": { "fid": 842 }, "geometry": { "type": "Polygon", "coordinates": [ [ [ -40.358239059855009, -20.424993505216666 ], [ -40.358291210835269, -20.424917716197424 ], [ -40.3580500180543, -20.424770231510806 ], [ -40.357997866996406, -20.424846020462937 ], [ -40.358239059855009, -20.424993505216666 ] ] ] } },
{ "type": "Feature", "properties": { "fid": 843 }, "geometry": { "type": "Polygon", "coordinates": [ [ [ -40.3580500180543, -20.424770231510806 ], [ -40.358291210835269, -20.424917716197424 ], [ -40.358343361772405, -20.424841927155196 ], [ -40.358102169069063, -20.424694442535746 ], [ -40.3580500180543, -20.424770231510806 ] ] ] } },
{ "type": "Feature", "properties": { "fid": 844 }, "geometry": { "type": "Polygon", "coordinates": [ [ [ -40.358102169069063, -20.424694442535746 ], [ -40.358343361772405, -20.424841927155196 ], [ -40.358395512659804, -20.424766138099606 ], [ -40.358154320034117, -20.424618653547267 ], [ -40.358102169069063, -20.424694442535746 ] ] ] } },
{ "type": "Feature", "properties": { "fid": 845 }, "geometry": { "type": "Polygon", "coordinates": [ [ [ -40.358154320034117, -20.424618653547267 ], [ -40.358395512659804, -20.424766138099606 ], [ -40.358447663497465, -20.424690349030634 ], [ -40.358206470949433, -20.42454286454543 ], [ -40.358154320034117, -20.424618653547267 ] ] ] } },
{ "type": "Feature", "properties": { "fid": 846 }, "geometry": { "type": "Polygon", "coordinates": [ [ [ -40.358206470949433, -20.42454286454543 ], [ -40.358447663497465, -20.424690349030634 ], [ -40.358499814285416, -20.424614559948278 ], [ -40.358258621815018, -20.424467075530238 ], [ -40.358206470949433, -20.42454286454543 ] ] ] } },
{ "type": "Feature", "properties": { "fid": 847 }, "geometry": { "type": "Polygon", "coordinates": [ [ [ -40.358258621815018, -20.424467075530238 ], [ -40.358499814285416, -20.424614559948278 ], [ -40.358551965023629, -20.424538770852553 ], [ -40.358310772630873, -20.424391286501645 ], [ -40.358258621815018, -20.424467075530238 ] ] ] } },
{ "type": "Feature", "properties": { "fid": 848 }, "geometry": { "type": "Polygon", "coordinates": [ [ [ -40.357997866927839, -20.424846020420279 ], [ -40.358050017985732, -20.424770231468166 ], [ -40.358102168993895, -20.424694442502712 ], [ -40.35815431995232, -20.424618653523854 ], [ -40.358073922539198, -20.42456949192778 ], [ -40.357917469437083, -20.424796858757031 ], [ -40.357997866927839, -20.424846020420279 ] ] ] } },
{ "type": "Feature", "properties": { "fid": 849 }, "geometry": { "type": "Polygon", "coordinates": [ [ [ -40.35815431995232, -20.424618653523854 ], [ -40.358206470861028, -20.424542864531645 ], [ -40.358258621720005, -20.424467075526064 ], [ -40.358310772529222, -20.424391286507078 ], [ -40.358230375195077, -20.424342124976196 ], [ -40.358073922539198, -20.42456949192778 ], [ -40.35815431995232, -20.424618653523854 ] ] ] } },
{ "type": "Feature", "properties": { "fid": 850 }, "geometry": { "type": "Polygon", "coordinates": [ [ [ -40.357917469437083, -20.424796858757031 ], [ -40.358073922539198, -20.42456949192778 ], [ -40.357993525149169, -20.424520330285596 ], [ -40.357837071968056, -20.424747697049664 ], [ -40.357917469437083, -20.424796858757031 ] ] ] } },
{ "type": "Feature", "properties": { "fid": 851 }, "geometry": { "type": "Polygon", "coordinates": [ [ [ -40.358073922539198, -20.42456949192778 ], [ -40.358230375195077, -20.424342124976196 ], [ -40.358149977881347, -20.42429296340309 ], [ -40.357993525149169, -20.424520330285596 ], [ -40.358073922539198, -20.42456949192778 ] ] ] } },
{ "type": "Feature", "properties": { "fid": 852 }, "geometry": { "type": "Polygon", "coordinates": [ [ [ -40.357993525149169, -20.424520330285596 ], [ -40.358149977881347, -20.42429296340309 ], [ -40.358069580617347, -20.424243801789704 ], [ -40.357913127806185, -20.424471168607006 ], [ -40.357993525149169, -20.424520330285596 ] ] ] } },
{ "type": "Feature", "properties": { "fid": 853 }, "geometry": { "type": "Polygon", "coordinates": [ [ [ -40.357837071968056, -20.424747697049664 ], [ -40.357993525149169, -20.424520330285596 ], [ -40.357913127806185, -20.424471168607006 ], [ -40.357756674548789, -20.424698535301996 ], [ -40.357837071968056, -20.424747697049664 ] ] ] } },
{ "type": "Feature", "properties": { "fid": 854 }, "geometry": { "type": "Polygon", "coordinates": [ [ [ -40.357756674548789, -20.424698535301996 ], [ -40.357913127806185, -20.424471168607006 ], [ -40.357832730515625, -20.424422006884271 ], [ -40.357676277179252, -20.424649373514036 ], [ -40.357756674548789, -20.424698535301996 ] ] ] } },
{ "type": "Feature", "properties": { "fid": 855 }, "geometry": { "type": "Polygon", "coordinates": [ [ [ -40.357913127806185, -20.424471168607006 ], [ -40.358069580617347, -20.424243801789704 ], [ -40.35798918340307, -20.424194640136012 ], [ -40.357832730515625, -20.424422006884271 ], [ -40.357913127806185, -20.424471168607006 ] ] ] } },
{ "type": "Feature", "properties": { "fid": 856 }, "geometry": { "type": "Polygon", "coordinates": [ [ [ -40.357832730515625, -20.424422006884271 ], [ -40.35798918340307, -20.424194640136012 ], [ -40.357908786238539, -20.424145478442064 ], [ -40.35775233327211, -20.424372845125099 ], [ -40.357832730515625, -20.424422006884271 ] ] ] } },
{ "type": "Feature", "properties": { "fid": 857 }, "geometry": { "type": "Polygon", "coordinates": [ [ [ -40.357676277179252, -20.424649373514036 ], [ -40.357832730515625, -20.424422006884271 ], [ -40.35775233327211, -20.424372845125099 ], [ -40.357595879859417, -20.424600211685778 ], [ -40.357676277179252, -20.424649373514036 ] ] ] } },
{ "type": "Feature", "properties": { "fid": 858 }, "geometry": { "type": "Polygon", "coordinates": [ [ [ -40.357595879859417, -20.424600211685778 ], [ -40.35775233327211, -20.424372845125099 ], [ -40.357671936079647, -20.424323683323699 ], [ -40.357515482589356, -20.424551049817243 ], [ -40.357595879859417, -20.424600211685778 ] ] ] } },
{ "type": "Feature", "properties": { "fid": 859 }, "geometry": { "type": "Polygon", "coordinates": [ [ [ -40.357671936079647, -20.424323683323699 ], [ -40.35775233327211, -20.424372845125099 ], [ -40.357908786238539, -20.424145478442064 ], [ -40.357828389123725, -20.424096316707811 ], [ -40.357671936079647, -20.424323683323699 ] ] ] } },
{ "type": "Feature", "properties": { "fid": 860 }, "geometry": { "type": "Polygon", "coordinates": [ [ [ -40.357671936079647, -20.424323683323699 ], [ -40.357828389123725, -20.424096316707811 ], [ -40.357707793542772, -20.424022574033774 ], [ -40.357655642569291, -20.424098362894451 ], [ -40.357603491516215, -20.42417415173222 ], [ -40.357551340382258, -20.424249940548957 ], [ -40.357671936079647, -20.424323683323699 ] ] ] } },
{ "type": "Feature", "properties": { "fid": 861 }, "geometry": { "type": "Polygon", "coordinates": [ [ [ -40.357515482589356, -20.424551049817243 ], [ -40.357671936079647, -20.424323683323699 ], [ -40.357551340382258, -20.424249940548957 ], [ -40.357499189260906, -20.424325729367563 ], [ -40.357447038058645, -20.424401518165201 ], [ -40.357394886775474, -20.424477306941807 ], [ -40.357515482589356, -20.424551049817243 ] ] ] } },
{ "type": "Feature", "properties": { "fid": 862 }, "geometry": { "type": "Polygon", "coordinates": [ [ [ -40.357394886775474, -20.424477306941807 ], [ -40.357447038058645, -20.424401518165201 ], [ -40.357205846819681, -20.424254032192245 ], [ -40.357153695490062, -20.424329820909328 ], [ -40.357394886775474, -20.424477306941807 ] ] ] } },
{ "type": "Feature", "properties": { "fid": 863 }, "geometry": { "type": "Polygon", "coordinates": [ [ [ -40.357447038058645, -20.424401518165201 ], [ -40.357499189260906, -20.424325729367563 ], [ -40.357257998106199, -20.424178243452147 ], [ -40.357205846819681, -20.424254032192245 ], [ -40.357447038058645, -20.424401518165201 ] ] ] } },
{ "type": "Feature", "properties": { "fid": 864 }, "geometry": { "type": "Polygon", "coordinates": [ [ [ -40.357499189260906, -20.424325729367563 ], [ -40.357551340382258, -20.424249940548957 ], [ -40.357310149342979, -20.42410245469868 ], [ -40.357257998106199, -20.424178243452147 ], [ -40.357499189260906, -20.424325729367563 ] ] ] } },
{ "type": "Feature", "properties": { "fid": 865 }, "geometry": { "type": "Polygon", "coordinates": [ [ [ -40.357551340382258, -20.424249940548957 ], [ -40.357603491516215, -20.42417415173222 ], [ -40.357362300530021, -20.42402666593183 ], [ -40.357310149342979, -20.42410245469868 ], [ -40.357551340382258, -20.424249940548957 ] ] ] } },
{ "type": "Feature", "properties": { "fid": 866 }, "geometry": { "type": "Polygon", "coordinates": [ [ [ -40.357603491516215, -20.42417415173222 ], [ -40.357655642569291, -20.424098362894451 ], [ -40.357414451667339, -20.423950877151622 ], [ -40.357362300530021, -20.42402666593183 ], [ -40.357603491516215, -20.42417415173222 ] ] ] } },
{ "type": "Feature", "properties": { "fid": 867 }, "geometry": { "type": "Polygon", "coordinates": [ [ [ -40.357655642569291, -20.424098362894451 ], [ -40.357707793542772, -20.424022574033774 ], [ -40.357466602754911, -20.42387508835802 ], [ -40.357414451667339, -20.423950877151622 ], [ -40.357655642569291, -20.424098362894451 ] ] ] } },
{ "type": "Feature", "properties": { "fid": 868 }, "geometry": { "type": "Polygon", "coordinates": [ [ [ -40.357863571262257, -20.425539185719501 ], [ -40.357915722600595, -20.425463396796534 ], [ -40.357674529260585, -20.425315911626523 ], [ -40.357622377844635, -20.425391700482312 ], [ -40.357863571262257, -20.425539185719501 ] ] ] } },
{ "type": "Feature", "properties": { "fid": 869 }, "geometry": { "type": "Polygon", "coordinates": [ [ [ -40.357674529260585, -20.425315911626523 ], [ -40.357915722600595, -20.425463396796534 ], [ -40.357967873895817, -20.425387607850645 ], [ -40.357726680633462, -20.425240122747734 ], [ -40.357674529260585, -20.425315911626523 ] ] ] } },
{ "type": "Feature", "properties": { "fid": 870 }, "geometry": { "type": "Polygon", "coordinates": [ [ [ -40.357726680633462, -20.425240122747734 ], [ -40.357967873895817, -20.425387607850645 ], [ -40.358020025141293, -20.425311818891341 ], [ -40.35777883195658, -20.425164333855584 ], [ -40.357726680633462, -20.425240122747734 ] ] ] } },
{ "type": "Feature", "properties": { "fid": 871 }, "geometry": { "type": "Polygon", "coordinates": [ [ [ -40.35777883195658, -20.425164333855584 ], [ -40.358020025141293, -20.425311818891341 ], [ -40.358072176337039, -20.425236029918636 ], [ -40.357830983229981, -20.425088544950047 ], [ -40.35777883195658, -20.425164333855584 ] ] ] } },
{ "type": "Feature", "properties": { "fid": 872 }, "geometry": { "type": "Polygon", "coordinates": [ [ [ -40.357830983229981, -20.425088544950047 ], [ -40.358072176337039, -20.425236029918636 ], [ -40.358124327483047, -20.425160240932577 ], [ -40.35788313445363, -20.425012756031137 ], [ -40.357830983229981, -20.425088544950047 ] ] ] } },
{ "type": "Feature", "properties": { "fid": 873 }, "geometry": { "type": "Polygon", "coordinates": [ [ [ -40.35788313445363, -20.425012756031137 ], [ -40.358124327483047, -20.425160240932577 ], [ -40.358176478579324, -20.425084451933177 ], [ -40.357935285627548, -20.424936967098848 ], [ -40.35788313445363, -20.425012756031137 ] ] ] } },
{ "type": "Feature", "properties": { "fid": 874 }, "geometry": { "type": "Polygon", "coordinates": [ [ [ -40.35762237777606, -20.425391700439668 ], [ -40.357674529192032, -20.425315911583876 ], [ -40.357726680558287, -20.42524012271469 ], [ -40.357778831874789, -20.425164333832171 ], [ -40.357698434275321, -20.425115172074936 ], [ -40.357541980098951, -20.42534253861529 ], [ -40.35762237777606, -20.425391700439668 ] ] ] } },
{ "type": "Feature", "properties": { "fid": 875 }, "geometry": { "type": "Polygon", "coordinates": [ [ [ -40.357778831874789, -20.425164333832171 ], [ -40.357830983141554, -20.425088544936223 ], [ -40.357883134358595, -20.425012756026938 ], [ -40.357935285525905, -20.424936967104276 ], [ -40.35785488800542, -20.424887805412268 ], [ -40.357698434275321, -20.425115172074936 ], [ -40.357778831874789, -20.425164333832171 ] ] ] } },
{ "type": "Feature", "properties": { "fid": 876 }, "geometry": { "type": "Polygon", "coordinates": [ [ [ -40.357541980098951, -20.42534253861529 ], [ -40.357698434275321, -20.425115172074936 ], [ -40.357618036698938, -20.425066010271618 ], [ -40.357461582443612, -20.425293376746787 ], [ -40.357541980098951, -20.42534253861529 ] ] ] } },
{ "type": "Feature", "properties": { "fid": 877 }, "geometry": { "type": "Polygon", "coordinates": [ [ [ -40.357698434275321, -20.425115172074936 ], [ -40.35785488800542, -20.424887805412268 ], [ -40.357774490505342, -20.424838643678036 ], [ -40.357618036698938, -20.425066010271618 ], [ -40.357698434275321, -20.425115172074936 ] ] ] } },
{ "type": "Feature", "properties": { "fid": 878 }, "geometry": { "type": "Polygon", "coordinates": [ [ [ -40.357618036698938, -20.425066010271618 ], [ -40.357774490505342, -20.424838643678036 ], [ -40.357694093055017, -20.424789481903495 ], [ -40.357537639169642, -20.425016848431866 ], [ -40.357618036698938, -20.425066010271618 ] ] ] } },
{ "type": "Feature", "properties": { "fid": 879 }, "geometry": { "type": "Polygon", "coordinates": [ [ [ -40.357461582443612, -20.425293376746787 ], [ -40.357618036698938, -20.425066010271618 ], [ -40.357537639169642, -20.425016848431866 ], [ -40.357381184838005, -20.425244214837978 ], [ -40.357461582443612, -20.425293376746787 ] ] ] } },
{ "type": "Feature", "properties": { "fid": 880 }, "geometry": { "type": "Polygon", "coordinates": [ [ [ -40.357381184838005, -20.425244214837978 ], [ -40.357537639169642, -20.425016848431866 ], [ -40.357457241692728, -20.424967686547987 ], [ -40.357300787282121, -20.42519505288886 ], [ -40.357381184838005, -20.425244214837978 ] ] ] } },
{ "type": "Feature", "properties": { "fid": 881 }, "geometry": { "type": "Polygon", "coordinates": [ [ [ -40.357537639169642, -20.425016848431866 ], [ -40.357694093055017, -20.424789481903495 ], [ -40.3576136956544, -20.424740320088699 ], [ -40.357457241692728, -20.424967686547987 ], [ -40.357537639169642, -20.425016848431866 ] ] ] } },
{ "type": "Feature", "properties": { "fid": 882 }, "geometry": { "type": "Polygon", "coordinates": [ [ [ -40.357457241692728, -20.424967686547987 ], [ -40.3576136956544, -20.424740320088699 ], [ -40.35753329830353, -20.424691158233582 ], [ -40.357376844262909, -20.424918524627692 ], [ -40.357457241692728, -20.424967686547987 ] ] ] } },
{ "type": "Feature", "properties": { "fid": 883 }, "geometry": { "type": "Polygon", "coordinates": [ [ [ -40.357300787282121, -20.42519505288886 ], [ -40.357457241692728, -20.424967686547987 ], [ -40.357376844262909, -20.424918524627692 ], [ -40.357220389775968, -20.425145890899469 ], [ -40.357300787282121, -20.42519505288886 ] ] ] } },
{ "type": "Feature", "properties": { "fid": 884 }, "geometry": { "type": "Polygon", "coordinates": [ [ [ -40.357220389775968, -20.425145890899469 ], [ -40.357376844262909, -20.424918524627692 ], [ -40.357296446884128, -20.424869362665167 ], [ -40.357139992319567, -20.425096728869775 ], [ -40.357220389775968, -20.425145890899469 ] ] ] } },
{ "type": "Feature", "properties": { "fid": 885 }, "geometry": { "type": "Polygon", "coordinates": [ [ [ -40.357296446884128, -20.424869362665167 ], [ -40.357376844262909, -20.424918524627692 ], [ -40.35753329830353, -20.424691158233582 ], [ -40.357452901002397, -20.424641996338199 ], [ -40.357296446884128, -20.424869362665167 ] ] ] } },
{ "type": "Feature", "properties": { "fid": 886 }, "geometry": { "type": "Polygon", "coordinates": [ [ [ -40.357296446884128, -20.424869362665167 ], [ -40.357452901002397, -20.424641996338199 ], [ -40.357332305141959, -20.424568253422446 ], [ -40.357280153810407, -20.42464404218682 ], [ -40.357228002399275, -20.424719830928279 ], [ -40.35717585090724, -20.424795619648705 ], [ -40.357296446884128, -20.424869362665167 ] ] ] } },
{ "type": "Feature", "properties": { "fid": 887 }, "geometry": { "type": "Polygon", "coordinates": [ [ [ -40.357139992319567, -20.425096728869775 ], [ -40.357296446884128, -20.424869362665167 ], [ -40.35717585090724, -20.424795619648705 ], [ -40.357123699427781, -20.424871408371011 ], [ -40.357071547867463, -20.424947197072328 ], [ -40.357019396226228, -20.425022985752598 ], [ -40.357139992319567, -20.425096728869775 ] ] ] } },
{ "type": "Feature", "properties": { "fid": 888 }, "geometry": { "type": "Polygon", "coordinates": [ [ [ -40.357019396226228, -20.425022985752598 ], [ -40.357071547867463, -20.424947197072328 ], [ -40.356830356069551, -20.424799710615922 ], [ -40.356778204381847, -20.424875499236741 ], [ -40.357019396226228, -20.425022985752598 ] ] ] } },
{ "type": "Feature", "properties": { "fid": 889 }, "geometry": { "type": "Polygon", "coordinates": [ [ [ -40.357071547867463, -20.424947197072328 ], [ -40.357123699427781, -20.424871408371011 ], [ -40.356882507714126, -20.424723921972149 ], [ -40.356830356069551, -20.424799710615922 ], [ -40.357071547867463, -20.424947197072328 ] ] ] } },
{ "type": "Feature", "properties": { "fid": 890 }, "geometry": { "type": "Polygon", "coordinates": [ [ [ -40.357123699427781, -20.424871408371011 ], [ -40.35717585090724, -20.424795619648705 ], [ -40.356934659308997, -20.424648133314996 ], [ -40.356882507714126, -20.424723921972149 ], [ -40.357123699427781, -20.424871408371011 ] ] ] } },
{ "type": "Feature", "properties": { "fid": 891 }, "geometry": { "type": "Polygon", "coordinates": [ [ [ -40.35717585090724, -20.424795619648705 ], [ -40.357228002399275, -20.424719830928279 ], [ -40.356986810854103, -20.424572344644439 ], [ -40.356934659308997, -20.424648133314996 ], [ -40.35717585090724, -20.424795619648705 ] ] ] } },
{ "type": "Feature", "properties": { "fid": 892 }, "geometry": { "type": "Polygon", "coordinates": [ [ [ -40.357228002399275, -20.424719830928279 ], [ -40.357280153810407, -20.42464404218682 ], [ -40.357038962349499, -20.424496555960562 ], [ -40.356986810854103, -20.424572344644439 ], [ -40.357228002399275, -20.424719830928279 ] ] ] } },
{ "type": "Feature", "properties": { "fid": 893 }, "geometry": { "type": "Polygon", "coordinates": [ [ [ -40.357280153810407, -20.42464404218682 ], [ -40.357332305141959, -20.424568253422446 ], [ -40.357091113795143, -20.424420767263253 ], [ -40.357038962349499, -20.424496555960562 ], [ -40.357280153810407, -20.42464404218682 ] ] ] } },
{ "type": "Feature", "properties": { "fid": 894 }, "geometry": { "type": "Polygon", "coordinates": [ [ [ -40.357488080251898, -20.426084865627157 ], [ -40.35754023194832, -20.42600907680054 ], [ -40.357299038049312, -20.42586159114704 ], [ -40.357246886275242, -20.425937379906529 ], [ -40.357488080251898, -20.426084865627157 ] ] ] } },
{ "type": "Feature", "properties": { "fid": 895 }, "geometry": { "type": "Polygon", "coordinates": [ [ [ -40.357299038049312, -20.42586159114704 ], [ -40.35754023194832, -20.42600907680054 ], [ -40.357592383601641, -20.425933287950937 ], [ -40.357351189780253, -20.425785802364597 ], [ -40.357299038049312, -20.42586159114704 ] ] ] } },
{ "type": "Feature", "properties": { "fid": 896 }, "geometry": { "type": "Polygon", "coordinates": [ [ [ -40.357351189780253, -20.425785802364597 ], [ -40.357592383601641, -20.425933287950937 ], [ -40.35764453520521, -20.425857499087925 ], [ -40.357403341461485, -20.425710013568718 ], [ -40.357351189780253, -20.425785802364597 ] ] ] } },
{ "type": "Feature", "properties": { "fid": 897 }, "geometry": { "type": "Polygon", "coordinates": [ [ [ -40.357403341461485, -20.425710013568718 ], [ -40.35764453520521, -20.425857499087925 ], [ -40.357696686759049, -20.425781710211542 ], [ -40.357455493092957, -20.425634224759502 ], [ -40.357403341461485, -20.425710013568718 ] ] ] } },
{ "type": "Feature", "properties": { "fid": 898 }, "geometry": { "type": "Polygon", "coordinates": [ [ [ -40.357455493092957, -20.425634224759502 ], [ -40.357696686759049, -20.425781710211542 ], [ -40.357748838263163, -20.425705921321814 ], [ -40.357507644674705, -20.425558435936892 ], [ -40.357455493092957, -20.425634224759502 ] ] ] } },
{ "type": "Feature", "properties": { "fid": 899 }, "geometry": { "type": "Polygon", "coordinates": [ [ [ -40.357507644674705, -20.425558435936892 ], [ -40.357748838263163, -20.425705921321814 ], [ -40.357800989717539, -20.425630132418664 ], [ -40.357559796206715, -20.425482647100921 ], [ -40.357507644674705, -20.425558435936892 ] ] ] } },
{ "type": "Feature", "properties": { "fid": 900 }, "geometry": { "type": "Polygon", "coordinates": [ [ [ -40.357246886206674, -20.425937379863885 ], [ -40.357299037980752, -20.425861591104393 ], [ -40.357351189705078, -20.425785802331539 ], [ -40.35740334137968, -20.425710013545313 ], [ -40.357322943593893, -20.42566085162694 ], [ -40.357166488343239, -20.425888217878342 ], [ -40.357246886206674, -20.425937379863885 ] ] ] } },
{ "type": "Feature", "properties": { "fid": 901 }, "geometry": { "type": "Polygon", "coordinates": [ [ [ -40.35740334137968, -20.425710013545313 ], [ -40.357455493004558, -20.425634224745679 ], [ -40.357507644579691, -20.425558435932697 ], [ -40.357559796105079, -20.425482647106328 ], [ -40.357479398398247, -20.425433485253173 ], [ -40.357322943593893, -20.42566085162694 ], [ -40.35740334137968, -20.425710013545313 ] ] ] } },
{ "type": "Feature", "properties": { "fid": 902 }, "geometry": { "type": "Polygon", "coordinates": [ [ [ -40.357166488343239, -20.425888217878342 ], [ -40.357322943593893, -20.42566085162694 ], [ -40.357242545831177, -20.42561168966246 ], [ -40.357086090501561, -20.425839055848662 ], [ -40.357166488343239, -20.425888217878342 ] ] ] } },
{ "type": "Feature", "properties": { "fid": 903 }, "geometry": { "type": "Polygon", "coordinates": [ [ [ -40.357322943593893, -20.42566085162694 ], [ -40.357479398398247, -20.425433485253173 ], [ -40.35739900071183, -20.425384323357804 ], [ -40.357242545831177, -20.42561168966246 ], [ -40.357322943593893, -20.42566085162694 ] ] ] } },
{ "type": "Feature", "properties": { "fid": 904 }, "geometry": { "type": "Polygon", "coordinates": [ [ [ -40.357242545831177, -20.42561168966246 ], [ -40.35739900071183, -20.425384323357804 ], [ -40.357318603075171, -20.425335161422119 ], [ -40.357162148115528, -20.42556252766159 ], [ -40.357242545831177, -20.42561168966246 ] ] ] } },
{ "type": "Feature", "properties": { "fid": 905 }, "geometry": { "type": "Polygon", "coordinates": [ [ [ -40.357086090501561, -20.425839055848662 ], [ -40.357242545831177, -20.42561168966246 ], [ -40.357162148115528, -20.42556252766159 ], [ -40.357005692709599, -20.42578989377871 ], [ -40.357086090501561, -20.425839055848662 ] ] ] } },
{ "type": "Feature", "properties": { "fid": 906 }, "geometry": { "type": "Polygon", "coordinates": [ [ [ -40.357005692709599, -20.42578989377871 ], [ -40.357162148115528, -20.42556252766159 ], [ -40.357081750452295, -20.425513365616542 ], [ -40.356925294967411, -20.425740731668444 ], [ -40.357005692709599, -20.42578989377871 ] ] ] } },
{ "type": "Feature", "properties": { "fid": 907 }, "geometry": { "type": "Polygon", "coordinates": [ [ [ -40.357162148115528, -20.42556252766159 ], [ -40.357318603075171, -20.425335161422119 ], [ -40.357238205488237, -20.425285999446142 ], [ -40.357081750452295, -20.425513365616542 ], [ -40.357162148115528, -20.42556252766159 ] ] ] } },
{ "type": "Feature", "properties": { "fid": 908 }, "geometry": { "type": "Polygon", "coordinates": [ [ [ -40.357081750452295, -20.425513365616542 ], [ -40.357238205488237, -20.425285999446142 ], [ -40.35715780795104, -20.425236837429903 ], [ -40.357001352836136, -20.425464203535093 ], [ -40.357081750452295, -20.425513365616542 ] ] ] } },
{ "type": "Feature", "properties": { "fid": 909 }, "geometry": { "type": "Polygon", "coordinates": [ [ [ -40.356925294967411, -20.425740731668444 ], [ -40.357081750452295, -20.425513365616542 ], [ -40.357001352836136, -20.425464203535093 ], [ -40.356844897274939, -20.42569156951792 ], [ -40.356925294967411, -20.425740731668444 ] ] ] } },
{ "type": "Feature", "properties": { "fid": 910 }, "geometry": { "type": "Polygon", "coordinates": [ [ [ -40.356844897274939, -20.42569156951792 ], [ -40.357001352836136, -20.425464203535093 ], [ -40.356920955271036, -20.425415041411402 ], [ -40.356764499632199, -20.425642407327079 ], [ -40.356844897274939, -20.42569156951792 ] ] ] } },
{ "type": "Feature", "properties": { "fid": 911 }, "geometry": { "type": "Polygon", "coordinates": [ [ [ -40.356920955271036, -20.425415041411402 ], [ -40.357001352836136, -20.425464203535093 ], [ -40.35715780795104, -20.425236837429903 ], [ -40.357077410463582, -20.42518767537338 ], [ -40.356920955271036, -20.425415041411402 ] ] ] } },
{ "type": "Feature", "properties": { "fid": 912 }, "geometry": { "type": "Polygon", "coordinates": [ [ [ -40.356920955271036, -20.425415041411402 ], [ -40.357077410463582, -20.42518767537338 ], [ -40.356956814323652, -20.425113932215918 ], [ -40.356904662634015, -20.425189720883985 ], [ -40.356852510864783, -20.425265509529101 ], [ -40.356800359014663, -20.425341298153214 ], [ -40.356920955271036, -20.425415041411402 ] ] ] } },
{ "type": "Feature", "properties": { "fid": 913 }, "geometry": { "type": "Polygon", "coordinates": [ [ [ -40.356764499632199, -20.425642407327079 ], [ -40.356920955271036, -20.425415041411402 ], [ -40.356800359014663, -20.425341298153214 ], [ -40.356748207177155, -20.425417086779195 ], [ -40.356696055258709, -20.425492875384176 ], [ -40.356643903259375, -20.425568663968182 ], [ -40.356764499632199, -20.425642407327079 ] ] ] } },
{ "type": "Feature", "properties": { "fid": 914 }, "geometry": { "type": "Polygon", "coordinates": [ [ [ -40.356643903259375, -20.425568663968182 ], [ -40.356696055258709, -20.425492875384176 ], [ -40.356454862901849, -20.425345388444338 ], [ -40.356402710856052, -20.425421176968797 ], [ -40.356643903259375, -20.425568663968182 ] ] ] } },
{ "type": "Feature", "properties": { "fid": 915 }, "geometry": { "type": "Polygon", "coordinates": [ [ [ -40.356696055258709, -20.425492875384176 ], [ -40.356748207177155, -20.425417086779195 ], [ -40.356507014904516, -20.425269599896879 ], [ -40.356454862901849, -20.425345388444338 ], [ -40.356696055258709, -20.425492875384176 ] ] ] } },
{ "type": "Feature", "properties": { "fid": 916 }, "geometry": { "type": "Polygon", "coordinates": [ [ [ -40.356748207177155, -20.425417086779195 ], [ -40.356800359014663, -20.425341298153214 ], [ -40.356559166857465, -20.425193811336054 ], [ -40.356507014904516, -20.425269599896879 ], [ -40.356748207177155, -20.425417086779195 ] ] ] } },
{ "type": "Feature", "properties": { "fid": 917 }, "geometry": { "type": "Polygon", "coordinates": [ [ [ -40.356800359014663, -20.425341298153214 ], [ -40.356852510864783, -20.425265509529101 ], [ -40.356611318760663, -20.425118022761843 ], [ -40.356559166857465, -20.425193811336054 ], [ -40.356800359014663, -20.425341298153214 ] ] ] } },
{ "type": "Feature", "properties": { "fid": 918 }, "geometry": { "type": "Polygon", "coordinates": [ [ [ -40.356852510864783, -20.425265509529101 ], [ -40.356904662634015, -20.425189720883985 ], [ -40.35666347061413, -20.425042234174249 ], [ -40.356611318760663, -20.425118022761843 ], [ -40.356852510864783, -20.425265509529101 ] ] ] } },
{ "type": "Feature", "properties": { "fid": 919 }, "geometry": { "type": "Polygon", "coordinates": [ [ [ -40.356904662634015, -20.425189720883985 ], [ -40.356956814323652, -20.425113932215918 ], [ -40.356715622417866, -20.424966445573293 ], [ -40.35666347061413, -20.425042234174249 ], [ -40.356904662634015, -20.425189720883985 ] ] ] } },
{ "type": "Feature", "properties": { "fid": 920 }, "geometry": { "type": "Polygon", "coordinates": [ [ [ -40.357091725666734, -20.426660860231504 ], [ -40.35714387774118, -20.42658507150658 ], [ -40.356902683252095, -20.426437585342743 ], [ -40.356850531100008, -20.426513374000521 ], [ -40.357091725666734, -20.426660860231504 ] ] ] } },
{ "type": "Feature", "properties": { "fid": 921 }, "geometry": { "type": "Polygon", "coordinates": [ [ [ -40.356902683252095, -20.426437585342743 ], [ -40.35714387774118, -20.42658507150658 ], [ -40.357196029772496, -20.426509282758609 ], [ -40.356954835361044, -20.426361796661947 ], [ -40.356902683252095, -20.426437585342743 ] ] ] } },
{ "type": "Feature", "properties": { "fid": 922 }, "geometry": { "type": "Polygon", "coordinates": [ [ [ -40.356954835361044, -20.426361796661947 ], [ -40.357196029772496, -20.426509282758609 ], [ -40.357248181754073, -20.426433493997283 ], [ -40.357006987420277, -20.426286007967754 ], [ -40.356954835361044, -20.426361796661947 ] ] ] } },
{ "type": "Feature", "properties": { "fid": 923 }, "geometry": { "type": "Polygon", "coordinates": [ [ [ -40.357006987420277, -20.426286007967754 ], [ -40.357248181754073, -20.426433493997283 ], [ -40.35730033368592, -20.426357705222607 ], [ -40.357059139429765, -20.426210219260206 ], [ -40.357006987420277, -20.426286007967754 ] ] ] } },
{ "type": "Feature", "properties": { "fid": 924 }, "geometry": { "type": "Polygon", "coordinates": [ [ [ -40.357059139429765, -20.426210219260206 ], [ -40.35730033368592, -20.426357705222607 ], [ -40.357352485568022, -20.426281916434494 ], [ -40.357111291389515, -20.426134430539285 ], [ -40.357059139429765, -20.426210219260206 ] ] ] } },
{ "type": "Feature", "properties": { "fid": 925 }, "geometry": { "type": "Polygon", "coordinates": [ [ [ -40.357111291389515, -20.426134430539285 ], [ -40.357352485568022, -20.426281916434494 ], [ -40.3574046374004, -20.426206127633009 ], [ -40.357163443299513, -20.426058641804953 ], [ -40.357111291389515, -20.426134430539285 ] ] ] } },
{ "type": "Feature", "properties": { "fid": 926 }, "geometry": { "type": "Polygon", "coordinates": [ [ [ -40.356850531031434, -20.426513373957896 ], [ -40.356902683183534, -20.4264375853001 ], [ -40.356954835285876, -20.42636179662891 ], [ -40.357006987338487, -20.426286007944356 ], [ -40.356926589356007, -20.426236845855858 ], [ -40.35677013297132, -20.426464211802266 ], [ -40.356850531031434, -20.426513373957896 ] ] ] } },
{ "type": "Feature", "properties": { "fid": 927 }, "geometry": { "type": "Polygon", "coordinates": [ [ [ -40.357006987338487, -20.426286007944356 ], [ -40.357059139341345, -20.426210219246414 ], [ -40.357111291294473, -20.426134430535086 ], [ -40.357163443197862, -20.426058641810393 ], [ -40.357083045294353, -20.426009479787108 ], [ -40.356926589356007, -20.426236845855858 ], [ -40.357006987338487, -20.426286007944356 ] ] ] } },
{ "type": "Feature", "properties": { "fid": 928 }, "geometry": { "type": "Polygon", "coordinates": [ [ [ -40.35677013297132, -20.426464211802266 ], [ -40.356926589356007, -20.426236845855858 ], [ -40.356846191396599, -20.426187683721281 ], [ -40.356689734932964, -20.426415049602458 ], [ -40.35677013297132, -20.426464211802266 ] ] ] } },
{ "type": "Feature", "properties": { "fid": 929 }, "geometry": { "type": "Polygon", "coordinates": [ [ [ -40.356926589356007, -20.426236845855858 ], [ -40.357083045294353, -20.426009479787108 ], [ -40.357002647411271, -20.425960317721625 ], [ -40.356846191396599, -20.426187683721281 ], [ -40.356926589356007, -20.426236845855858 ] ] ] } },
{ "type": "Feature", "properties": { "fid": 930 }, "geometry": { "type": "Polygon", "coordinates": [ [ [ -40.356846191396599, -20.426187683721281 ], [ -40.357002647411271, -20.425960317721625 ], [ -40.356922249577913, -20.425911155615829 ], [ -40.356765793484286, -20.426138521550264 ], [ -40.356846191396599, -20.426187683721281 ] ] ] } },
{ "type": "Feature", "properties": { "fid": 931 }, "geometry": { "type": "Polygon", "coordinates": [ [ [ -40.356689734932964, -20.426415049602458 ], [ -40.356846191396599, -20.426187683721281 ], [ -40.356765793484286, -20.426138521550264 ], [ -40.356609336944331, -20.42636588736238 ], [ -40.356689734932964, -20.426415049602458 ] ] ] } },
{ "type": "Feature", "properties": { "fid": 932 }, "geometry": { "type": "Polygon", "coordinates": [ [ [ -40.356609336944331, -20.42636588736238 ], [ -40.356765793484286, -20.426138521550264 ], [ -40.356685395624353, -20.426089359335144 ], [ -40.356528939005436, -20.426316725082003 ], [ -40.356609336944331, -20.42636588736238 ] ] ] } },
{ "type": "Feature", "properties": { "fid": 933 }, "geometry": { "type": "Polygon", "coordinates": [ [ [ -40.356765793484286, -20.426138521550264 ], [ -40.356922249577913, -20.425911155615829 ], [ -40.356841851794293, -20.425861993469777 ], [ -40.356685395624353, -20.426089359335144 ], [ -40.356765793484286, -20.426138521550264 ] ] ] } },
{ "type": "Feature", "properties": { "fid": 934 }, "geometry": { "type": "Polygon", "coordinates": [ [ [ -40.356685395624353, -20.426089359335144 ], [ -40.356841851794293, -20.425861993469777 ], [ -40.356761454060411, -20.425812831283441 ], [ -40.35660499781153, -20.426040197083548 ], [ -40.356685395624353, -20.426089359335144 ] ] ] } },
{ "type": "Feature", "properties": { "fid": 935 }, "geometry": { "type": "Polygon", "coordinates": [ [ [ -40.356528939005436, -20.426316725082003 ], [ -40.356685395624353, -20.426089359335144 ], [ -40.35660499781153, -20.426040197083548 ], [ -40.356448541116308, -20.426267562761346 ], [ -40.356528939005436, -20.426316725082003 ] ] ] } },
{ "type": "Feature", "properties": { "fid": 936 }, "geometry": { "type": "Polygon", "coordinates": [ [ [ -40.356448541116308, -20.426267562761346 ], [ -40.35660499781153, -20.426040197083548 ], [ -40.356524600049759, -20.425991034789771 ], [ -40.356368143276903, -20.426218400400405 ], [ -40.356448541116308, -20.426267562761346 ] ] ] } },
{ "type": "Feature", "properties": { "fid": 937 }, "geometry": { "type": "Polygon", "coordinates": [ [ [ -40.356524600049759, -20.425991034789771 ], [ -40.35660499781153, -20.426040197083548 ], [ -40.356761454060411, -20.425812831283441 ], [ -40.356681056376274, -20.425763669056792 ], [ -40.356524600049759, -20.425991034789771 ] ] ] } },
{ "type": "Feature", "properties": { "fid": 938 }, "geometry": { "type": "Polygon", "coordinates": [ [ [ -40.356524600049759, -20.425991034789771 ], [ -40.356681056376274, -20.425763669056792 ], [ -40.356560459941349, -20.425689925644146 ], [ -40.356508307873725, -20.425765714210549 ], [ -40.356456155726505, -20.425841502753983 ], [ -40.356404003498362, -20.42591729127642 ], [ -40.356524600049759, -20.425991034789771 ] ] ] } },
{ "type": "Feature", "properties": { "fid": 939 }, "geometry": { "type": "Polygon", "coordinates": [ [ [ -40.356368143276903, -20.426218400400405 ], [ -40.356524600049759, -20.425991034789771 ], [ -40.356404003498362, -20.42591729127642 ], [ -40.356351851282831, -20.425993079800719 ], [ -40.356299698986405, -20.426068868304029 ], [ -40.356247546609055, -20.42614465678632 ], [ -40.356368143276903, -20.426218400400405 ] ] ] } },
{ "type": "Feature", "properties": { "fid": 940 }, "geometry": { "type": "Polygon", "coordinates": [ [ [ -40.356247546609055, -20.42614465678632 ], [ -40.356299698986405, -20.426068868304029 ], [ -40.356058506039552, -20.42592138085385 ], [ -40.356006353615733, -20.425997169276624 ], [ -40.356247546609055, -20.42614465678632 ] ] ] } },
{ "type": "Feature", "properties": { "fid": 941 }, "geometry": { "type": "Polygon", "coordinates": [ [ [ -40.356299698986405, -20.426068868304029 ], [ -40.356351851282831, -20.425993079800719 ], [ -40.356110658420228, -20.425845592408077 ], [ -40.356058506039552, -20.42592138085385 ], [ -40.356299698986405, -20.426068868304029 ] ] ] } },
{ "type": "Feature", "properties": { "fid": 942 }, "geometry": { "type": "Polygon", "coordinates": [ [ [ -40.356351851282831, -20.425993079800719 ], [ -40.356404003498362, -20.42591729127642 ], [ -40.356162810751179, -20.425769803948945 ], [ -40.356110658420228, -20.425845592408077 ], [ -40.356351851282831, -20.425993079800719 ] ] ] } },
{ "type": "Feature", "properties": { "fid": 943 }, "geometry": { "type": "Polygon", "coordinates": [ [ [ -40.356404003498362, -20.42591729127642 ], [ -40.356456155726505, -20.425841502753983 ], [ -40.356214963032372, -20.425694015476399 ], [ -40.356162810751179, -20.425769803948945 ], [ -40.356404003498362, -20.42591729127642 ] ] ] } },
{ "type": "Feature", "properties": { "fid": 944 }, "geometry": { "type": "Polygon", "coordinates": [ [ [ -40.356456155726505, -20.425841502753983 ], [ -40.356508307873725, -20.425765714210549 ], [ -40.356267115263847, -20.425618226990473 ], [ -40.356214963032372, -20.425694015476399 ], [ -40.356456155726505, -20.425841502753983 ] ] ] } },
{ "type": "Feature", "properties": { "fid": 945 }, "geometry": { "type": "Polygon", "coordinates": [ [ [ -40.356508307873725, -20.425765714210549 ], [ -40.356560459941349, -20.425689925644146 ], [ -40.356319267445571, -20.425542438491213 ], [ -40.356267115263847, -20.425618226990473 ], [ -40.356508307873725, -20.425765714210549 ] ] ] } },
{ "type": "Feature", "properties": { "fid": 946 }, "geometry": { "type": "Polygon", "coordinates": [ [ [ -40.356716229303736, -20.427206538681524 ], [ -40.356768381736302, -20.427130750052886 ], [ -40.356527186688233, -20.426983263405585 ], [ -40.356475034178011, -20.42705905196706 ], [ -40.356716229303736, -20.427206538681524 ] ] ] } },
{ "type": "Feature", "properties": { "fid": 947 }, "geometry": { "type": "Polygon", "coordinates": [ [ [ -40.356527186688233, -20.426983263405585 ], [ -40.356768381736302, -20.427130750052886 ], [ -40.356820534125745, -20.427054961401282 ], [ -40.356579339155317, -20.426907474821114 ], [ -40.356527186688233, -20.426983263405585 ] ] ] } },
{ "type": "Feature", "properties": { "fid": 948 }, "geometry": { "type": "Polygon", "coordinates": [ [ [ -40.356579339155317, -20.426907474821114 ], [ -40.356820534125745, -20.427054961401282 ], [ -40.356872686465465, -20.426979172736289 ], [ -40.356631491572664, -20.426831686223267 ], [ -40.356579339155317, -20.426907474821114 ] ] ] } },
{ "type": "Feature", "properties": { "fid": 949 }, "geometry": { "type": "Polygon", "coordinates": [ [ [ -40.356631491572664, -20.426831686223267 ], [ -40.356872686465465, -20.426979172736289 ], [ -40.356924838755432, -20.426903384057884 ], [ -40.356683643940279, -20.426755897612029 ], [ -40.356631491572664, -20.426831686223267 ] ] ] } },
{ "type": "Feature", "properties": { "fid": 950 }, "geometry": { "type": "Polygon", "coordinates": [ [ [ -40.356683643940279, -20.426755897612029 ], [ -40.356924838755432, -20.426903384057884 ], [ -40.356976990995662, -20.426827595366127 ], [ -40.356735796258121, -20.426680108987416 ], [ -40.356683643940279, -20.426755897612029 ] ] ] } },
{ "type": "Feature", "properties": { "fid": 951 }, "geometry": { "type": "Polygon", "coordinates": [ [ [ -40.356735796258121, -20.426680108987416 ], [ -40.356976990995662, -20.426827595366127 ], [ -40.357029143186146, -20.426751806660992 ], [ -40.356787948526275, -20.426604320349441 ], [ -40.356735796258121, -20.426680108987416 ] ] ] } },
{ "type": "Feature", "properties": { "fid": 952 }, "geometry": { "type": "Polygon", "coordinates": [ [ [ -40.356475034109451, -20.42705905192442 ], [ -40.356527186619658, -20.426983263362931 ], [ -40.356579339080135, -20.426907474788067 ], [ -40.356631491490866, -20.426831686199829 ], [ -40.356551093322054, -20.426782523950195 ], [ -40.356394635862998, -20.427009889607589 ], [ -40.356475034109451, -20.42705905192442 ] ] ] } },
{ "type": "Feature", "properties": { "fid": 953 }, "geometry": { "type": "Polygon", "coordinates": [ [ [ -40.356631491490866, -20.426831686199829 ], [ -40.356683643851852, -20.426755897598234 ], [ -40.356735796163115, -20.426680108983227 ], [ -40.356787948424625, -20.426604320354866 ], [ -40.356707550334775, -20.426555158170448 ], [ -40.356551093322054, -20.426782523950195 ], [ -40.356631491490866, -20.426831686199829 ] ] ] } },
{ "type": "Feature", "properties": { "fid": 954 }, "geometry": { "type": "Polygon", "coordinates": [ [ [ -40.356394635862998, -20.427009889607589 ], [ -40.356551093322054, -20.426782523950195 ], [ -40.356470695176313, -20.426733361654446 ], [ -40.356314237638308, -20.426960727246616 ], [ -40.356394635862998, -20.427009889607589 ] ] ] } },
{ "type": "Feature", "properties": { "fid": 955 }, "geometry": { "type": "Polygon", "coordinates": [ [ [ -40.356551093322054, -20.426782523950195 ], [ -40.356707550334775, -20.426555158170448 ], [ -40.356627152265361, -20.426505995943771 ], [ -40.356470695176313, -20.426733361654446 ], [ -40.356551093322054, -20.426782523950195 ] ] ] } },
{ "type": "Feature", "properties": { "fid": 956 }, "geometry": { "type": "Polygon", "coordinates": [ [ [ -40.356470695176313, -20.426733361654446 ], [ -40.356627152265361, -20.426505995943771 ], [ -40.356546754245677, -20.426456833676848 ], [ -40.356390297077674, -20.426684199322281 ], [ -40.356470695176313, -20.426733361654446 ] ] ] } },
{ "type": "Feature", "properties": { "fid": 957 }, "geometry": { "type": "Polygon", "coordinates": [ [ [ -40.356314237638308, -20.426960727246616 ], [ -40.356470695176313, -20.426733361654446 ], [ -40.356390297077674, -20.426684199322281 ], [ -40.356233839463364, -20.426911564845373 ], [ -40.356314237638308, -20.426960727246616 ] ] ] } },
{ "type": "Feature", "properties": { "fid": 958 }, "geometry": { "type": "Polygon", "coordinates": [ [ [ -40.356233839463364, -20.426911564845373 ], [ -40.356390297077674, -20.426684199322281 ], [ -40.356309899031437, -20.426635036945971 ], [ -40.356153441338144, -20.426862402403817 ], [ -40.356233839463364, -20.426911564845373 ] ] ] } },
{ "type": "Feature", "properties": { "fid": 959 }, "geometry": { "type": "Polygon", "coordinates": [ [ [ -40.356390297077674, -20.426684199322281 ], [ -40.356546754245677, -20.426456833676848 ], [ -40.356466356275732, -20.426407671369606 ], [ -40.356309899031437, -20.426635036945971 ], [ -40.356390297077674, -20.426684199322281 ] ] ] } },
{ "type": "Feature", "properties": { "fid": 960 }, "geometry": { "type": "Polygon", "coordinates": [ [ [ -40.356309899031437, -20.426635036945971 ], [ -40.356466356275732, -20.426407671369606 ], [ -40.356385958355531, -20.426358509022087 ], [ -40.356229501032267, -20.426585874533234 ], [ -40.356309899031437, -20.426635036945971 ] ] ] } },
{ "type": "Feature", "properties": { "fid": 961 }, "geometry": { "type": "Polygon", "coordinates": [ [ [ -40.356153441338144, -20.426862402403817 ], [ -40.356309899031437, -20.426635036945971 ], [ -40.356229501032267, -20.426585874533234 ], [ -40.356073043262683, -20.426813239921991 ], [ -40.356153441338144, -20.426862402403817 ] ] ] } },
{ "type": "Feature", "properties": { "fid": 962 }, "geometry": { "type": "Polygon", "coordinates": [ [ [ -40.356073043262683, -20.426813239921991 ], [ -40.356229501032267, -20.426585874533234 ], [ -40.356149103084178, -20.426536712078271 ], [ -40.355992645236952, -20.426764077399891 ], [ -40.356073043262683, -20.426813239921991 ] ] ] } },
{ "type": "Feature", "properties": { "fid": 963 }, "geometry": { "type": "Polygon", "coordinates": [ [ [ -40.356149103084178, -20.426536712078271 ], [ -40.356229501032267, -20.426585874533234 ], [ -40.356385958355531, -20.426358509022087 ], [ -40.356305560485083, -20.426309346634291 ], [ -40.356149103084178, -20.426536712078271 ] ] ] } },
{ "type": "Feature", "properties": { "fid": 964 }, "geometry": { "type": "Polygon", "coordinates": [ [ [ -40.356149103084178, -20.426536712078271 ], [ -40.356305560485083, -20.426309346634291 ], [ -40.356184963770644, -20.426235602979933 ], [ -40.356132811344899, -20.426311391449968 ], [ -40.356080658839588, -20.426387179897077 ], [ -40.35602850625331, -20.426462968323136 ], [ -40.356149103084178, -20.426536712078271 ] ] ] } },
{ "type": "Feature", "properties": { "fid": 965 }, "geometry": { "type": "Polygon", "coordinates": [ [ [ -40.355992645236952, -20.426764077399891 ], [ -40.356149103084178, -20.426536712078271 ], [ -40.35602850625331, -20.426462968323136 ], [ -40.355976353679679, -20.42653875675115 ], [ -40.355924201025111, -20.426614545158088 ], [ -40.355872048289633, -20.426690333544052 ], [ -40.355992645236952, -20.426764077399891 ] ] ] } },
{ "type": "Feature", "properties": { "fid": 966 }, "geometry": { "type": "Polygon", "coordinates": [ [ [ -40.355872048289633, -20.426690333544052 ], [ -40.355924201025111, -20.426614545158088 ], [ -40.355683007519318, -20.426467057224396 ], [ -40.355630854737399, -20.426542845550848 ], [ -40.355872048289633, -20.426690333544052 ] ] ] } },
{ "type": "Feature", "properties": { "fid": 967 }, "geometry": { "type": "Polygon", "coordinates": [ [ [ -40.355924201025111, -20.426614545158088 ], [ -40.355976353679679, -20.42653875675115 ], [ -40.355735160258128, -20.426391268874998 ], [ -40.355683007519318, -20.426467057224396 ], [ -40.355924201025111, -20.426614545158088 ] ] ] } },
{ "type": "Feature", "properties": { "fid": 968 }, "geometry": { "type": "Polygon", "coordinates": [ [ [ -40.355976353679679, -20.42653875675115 ], [ -40.35602850625331, -20.426462968323136 ], [ -40.355787312947186, -20.426315480512169 ], [ -40.355735160258128, -20.426391268874998 ], [ -40.355976353679679, -20.42653875675115 ] ] ] } },
{ "type": "Feature", "properties": { "fid": 969 }, "geometry": { "type": "Polygon", "coordinates": [ [ [ -40.35602850625331, -20.426462968323136 ], [ -40.356080658839588, -20.426387179897077 ], [ -40.35583946558652, -20.42623969213599 ], [ -40.355787312947186, -20.426315480512169 ], [ -40.35602850625331, -20.426462968323136 ] ] ] } },
{ "type": "Feature", "properties": { "fid": 970 }, "geometry": { "type": "Polygon", "coordinates": [ [ [ -40.356080658839588, -20.426387179897077 ], [ -40.356132811344899, -20.426311391449968 ], [ -40.355891618176095, -20.426163903746417 ], [ -40.35583946558652, -20.42623969213599 ], [ -40.356080658839588, -20.426387179897077 ] ] ] } },
{ "type": "Feature", "properties": { "fid": 971 }, "geometry": { "type": "Polygon", "coordinates": [ [ [ -40.356132811344899, -20.426311391449968 ], [ -40.356184963770644, -20.426235602979933 ], [ -40.355943770715946, -20.426088115343475 ], [ -40.355891618176095, -20.426163903746417 ], [ -40.356132811344899, -20.426311391449968 ] ] ] } },
{ "type": "Feature", "properties": { "fid": 972 }, "geometry": { "type": "Polygon", "coordinates": [ [ [ -40.35868601701474, -20.426817372697194 ], [ -40.358738168325537, -20.426741583537073 ], [ -40.35849697220327, -20.426594099684667 ], [ -40.358444820814839, -20.426669888777671 ], [ -40.35868601701474, -20.426817372697194 ] ] ] } },
{ "type": "Feature", "properties": { "fid": 973 }, "geometry": { "type": "Polygon", "coordinates": [ [ [ -40.35849697220327, -20.426594099684667 ], [ -40.358738168325537, -20.426741583537073 ], [ -40.35879031959319, -20.426665794353948 ], [ -40.358549123548585, -20.426518310568717 ], [ -40.35849697220327, -20.426594099684667 ] ] ] } },
{ "type": "Feature", "properties": { "fid": 974 }, "geometry": { "type": "Polygon", "coordinates": [ [ [ -40.358549123548585, -20.426518310568717 ], [ -40.35879031959319, -20.426665794353948 ], [ -40.358842470811112, -20.42659000515745 ], [ -40.358601274844155, -20.42644252143937 ], [ -40.358549123548585, -20.426518310568717 ] ] ] } },
{ "type": "Feature", "properties": { "fid": 975 }, "geometry": { "type": "Polygon", "coordinates": [ [ [ -40.358601274844155, -20.42644252143937 ], [ -40.358842470811112, -20.42659000515745 ], [ -40.358894621979282, -20.426514215947588 ], [ -40.358653426089994, -20.426366732296621 ], [ -40.358601274844155, -20.42644252143937 ] ] ] } },
{ "type": "Feature", "properties": { "fid": 976 }, "geometry": { "type": "Polygon", "coordinates": [ [ [ -40.358653426089994, -20.426366732296621 ], [ -40.358894621979282, -20.426514215947588 ], [ -40.358946773097749, -20.426438426724346 ], [ -40.358705577286088, -20.426290943140561 ], [ -40.358653426089994, -20.426366732296621 ] ] ] } },
{ "type": "Feature", "properties": { "fid": 977 }, "geometry": { "type": "Polygon", "coordinates": [ [ [ -40.358705577286088, -20.426290943140561 ], [ -40.358946773097749, -20.426438426724346 ], [ -40.35899892416645, -20.426362637487742 ], [ -40.358757728432458, -20.426215153971061 ], [ -40.358705577286088, -20.426290943140561 ] ] ] } },
{ "type": "Feature", "properties": { "fid": 978 }, "geometry": { "type": "Polygon", "coordinates": [ [ [ -40.358444820746278, -20.42666988873502 ], [ -40.358496972134709, -20.426594099642038 ], [ -40.358549123473402, -20.42651831053567 ], [ -40.358601274762357, -20.426442521415957 ], [ -40.358520876235495, -20.426393360097933 ], [ -40.358364422141747, -20.426620727349835 ], [ -40.358444820746278, -20.42666988873502 ] ] ] } },
{ "type": "Feature", "properties": { "fid": 979 }, "geometry": { "type": "Polygon", "coordinates": [ [ [ -40.358601274762357, -20.426442521415957 ], [ -40.358653426001574, -20.426366732282837 ], [ -40.35870557719106, -20.426290943136365 ], [ -40.358757728330808, -20.426215153976521 ], [ -40.358677329882902, -20.426165992723703 ], [ -40.358520876235495, -20.426393360097933 ], [ -40.358601274762357, -20.426442521415957 ] ] ] } },
{ "type": "Feature", "properties": { "fid": 980 }, "geometry": { "type": "Polygon", "coordinates": [ [ [ -40.358364422141747, -20.426620727349835 ], [ -40.358520876235495, -20.426393360097933 ], [ -40.358440477731698, -20.426344198733815 ], [ -40.358284023558987, -20.426571565920511 ], [ -40.358364422141747, -20.426620727349835 ] ] ] } },
{ "type": "Feature", "properties": { "fid": 981 }, "geometry": { "type": "Polygon", "coordinates": [ [ [ -40.358520876235495, -20.426393360097933 ], [ -40.358677329882902, -20.426165992723703 ], [ -40.358596931455445, -20.426116831428658 ], [ -40.358440477731698, -20.426344198733815 ], [ -40.358520876235495, -20.426393360097933 ] ] ] } },
{ "type": "Feature", "properties": { "fid": 982 }, "geometry": { "type": "Polygon", "coordinates": [ [ [ -40.358440477731698, -20.426344198733815 ], [ -40.358596931455445, -20.426116831428658 ], [ -40.35851653307774, -20.426067670093342 ], [ -40.358360079275002, -20.426295037333276 ], [ -40.358440477731698, -20.426344198733815 ] ] ] } },
{ "type": "Feature", "properties": { "fid": 983 }, "geometry": { "type": "Polygon", "coordinates": [ [ [ -40.358284023558987, -20.426571565920511 ], [ -40.358440477731698, -20.426344198733815 ], [ -40.358360079275002, -20.426295037333276 ], [ -40.358203625025965, -20.426522404450882 ], [ -40.358284023558987, -20.426571565920511 ] ] ] } },
{ "type": "Feature", "properties": { "fid": 984 }, "geometry": { "type": "Polygon", "coordinates": [ [ [ -40.358203625025965, -20.426522404450882 ], [ -40.358360079275002, -20.426295037333276 ], [ -40.35827968087068, -20.426245875888583 ], [ -40.358123226542666, -20.426473242940983 ], [ -40.358203625025965, -20.426522404450882 ] ] ] } },
{ "type": "Feature", "properties": { "fid": 985 }, "geometry": { "type": "Polygon", "coordinates": [ [ [ -40.358360079275002, -20.426295037333276 ], [ -40.35851653307774, -20.426067670093342 ], [ -40.358436134749745, -20.426018508717721 ], [ -40.35827968087068, -20.426245875888583 ], [ -40.358360079275002, -20.426295037333276 ] ] ] } },
{ "type": "Feature", "properties": { "fid": 986 }, "geometry": { "type": "Polygon", "coordinates": [ [ [ -40.35827968087068, -20.426245875888583 ], [ -40.358436134749745, -20.426018508717721 ], [ -40.358355736471481, -20.425969347301812 ], [ -40.358199282513453, -20.42619671440746 ], [ -40.35827968087068, -20.426245875888583 ] ] ] } },
{ "type": "Feature", "properties": { "fid": 987 }, "geometry": { "type": "Polygon", "coordinates": [ [ [ -40.358123226542666, -20.426473242940983 ], [ -40.35827968087068, -20.426245875888583 ], [ -40.358199282513453, -20.42619671440746 ], [ -40.358042828109127, -20.426424081390774 ], [ -40.358123226542666, -20.426473242940983 ] ] ] } },
{ "type": "Feature", "properties": { "fid": 988 }, "geometry": { "type": "Polygon", "coordinates": [ [ [ -40.358042828109127, -20.426424081390774 ], [ -40.358199282513453, -20.42619671440746 ], [ -40.358118884207286, -20.42614755288411 ], [ -40.357962429725291, -20.426374919800296 ], [ -40.358042828109127, -20.426424081390774 ] ] ] } },
{ "type": "Feature", "properties": { "fid": 989 }, "geometry": { "type": "Polygon", "coordinates": [ [ [ -40.358118884207286, -20.42614755288411 ], [ -40.358199282513453, -20.42619671440746 ], [ -40.358355736471481, -20.425969347301812 ], [ -40.358275338242976, -20.42592018584563 ], [ -40.358118884207286, -20.42614755288411 ] ] ] } },
{ "type": "Feature", "properties": { "fid": 990 }, "geometry": { "type": "Polygon", "coordinates": [ [ [ -40.358118884207286, -20.42614755288411 ], [ -40.358275338242976, -20.42592018584563 ], [ -40.358154740991452, -20.425846443588668 ], [ -40.358102589687434, -20.425922232590175 ], [ -40.35805043830382, -20.425998021568819 ], [ -40.357998286839305, -20.426073810526418 ], [ -40.358118884207286, -20.42614755288411 ] ] ] } },
{ "type": "Feature", "properties": { "fid": 991 }, "geometry": { "type": "Polygon", "coordinates": [ [ [ -40.357962429725291, -20.426374919800296 ], [ -40.358118884207286, -20.42614755288411 ], [ -40.357998286839305, -20.426073810526418 ], [ -40.357946135387415, -20.426149599485917 ], [ -40.357893983854581, -20.426225388424406 ], [ -40.357841832240851, -20.426301177341898 ], [ -40.357962429725291, -20.426374919800296 ] ] ] } },
{ "type": "Feature", "properties": { "fid": 992 }, "geometry": { "type": "Polygon", "coordinates": [ [ [ -40.357841832240851, -20.426301177341898 ], [ -40.357893983854581, -20.426225388424406 ], [ -40.357652789274482, -20.426077903285528 ], [ -40.35760063761429, -20.426153692143501 ], [ -40.357841832240851, -20.426301177341898 ] ] ] } },
{ "type": "Feature", "properties": { "fid": 993 }, "geometry": { "type": "Polygon", "coordinates": [ [ [ -40.357893983854581, -20.426225388424406 ], [ -40.357946135387415, -20.426149599485917 ], [ -40.357704940891558, -20.426002114404557 ], [ -40.357652789274482, -20.426077903285528 ], [ -40.357893983854581, -20.426225388424406 ] ] ] } },
{ "type": "Feature", "properties": { "fid": 994 }, "geometry": { "type": "Polygon", "coordinates": [ [ [ -40.357946135387415, -20.426149599485917 ], [ -40.357998286839305, -20.426073810526418 ], [ -40.357757092458911, -20.425926325510218 ], [ -40.357704940891558, -20.426002114404557 ], [ -40.357946135387415, -20.426149599485917 ] ] ] } },
{ "type": "Feature", "properties": { "fid": 995 }, "geometry": { "type": "Polygon", "coordinates": [ [ [ -40.357998286839305, -20.426073810526418 ], [ -40.35805043830382, -20.425998021568819 ], [ -40.357809243976511, -20.425850536602525 ], [ -40.357757092458911, -20.425926325510218 ], [ -40.357998286839305, -20.426073810526418 ] ] ] } },
{ "type": "Feature", "properties": { "fid": 996 }, "geometry": { "type": "Polygon", "coordinates": [ [ [ -40.35805043830382, -20.425998021568819 ], [ -40.358102589687434, -20.425922232590175 ], [ -40.357861395444388, -20.425774747681455 ], [ -40.357809243976511, -20.425850536602525 ], [ -40.35805043830382, -20.425998021568819 ] ] ] } },
{ "type": "Feature", "properties": { "fid": 997 }, "geometry": { "type": "Polygon", "coordinates": [ [ [ -40.358102589687434, -20.425922232590175 ], [ -40.358154740991452, -20.425846443588668 ], [ -40.357913546862513, -20.42569895874697 ], [ -40.357861395444388, -20.425774747681455 ], [ -40.358102589687434, -20.425922232590175 ] ] ] } },
{ "type": "Feature", "properties": { "fid": 998 }, "geometry": { "type": "Polygon", "coordinates": [ [ [ -40.359061505248384, -20.426271690388379 ], [ -40.359113656201067, -20.42619590113198 ], [ -40.358872460637926, -20.42604841776301 ], [ -40.358820309607601, -20.426124206952284 ], [ -40.359061505248384, -20.426271690388379 ] ] ] } },
{ "type": "Feature", "properties": { "fid": 999 }, "geometry": { "type": "Polygon", "coordinates": [ [ [ -40.358872460637926, -20.42604841776301 ], [ -40.359113656201067, -20.42619590113198 ], [ -40.359165807110607, -20.426120111852562 ], [ -40.358924611625127, -20.425972628550753 ], [ -40.358872460637926, -20.42604841776301 ] ] ] } },
{ "type": "Feature", "properties": { "fid": 1000 }, "geometry": { "type": "Polygon", "coordinates": [ [ [ -40.358924611625127, -20.425972628550753 ], [ -40.359165807110607, -20.426120111852562 ], [ -40.359217957970429, -20.426044322559772 ], [ -40.358976762562605, -20.425896839325102 ], [ -40.358924611625127, -20.425972628550753 ] ] ] } },
{ "type": "Feature", "properties": { "fid": 1001 }, "geometry": { "type": "Polygon", "coordinates": [ [ [ -40.358976762562605, -20.425896839325102 ], [ -40.359217957970429, -20.426044322559772 ], [ -40.359270108780528, -20.425968533253609 ], [ -40.359028913450331, -20.4258210500861 ], [ -40.358976762562605, -20.425896839325102 ] ] ] } },
{ "type": "Feature", "properties": { "fid": 1002 }, "geometry": { "type": "Polygon", "coordinates": [ [ [ -40.359028913450331, -20.4258210500861 ], [ -40.359270108780528, -20.425968533253609 ], [ -40.359322259540868, -20.425892743934071 ], [ -40.359081064288354, -20.425745260833718 ], [ -40.359028913450331, -20.4258210500861 ] ] ] } },
{ "type": "Feature", "properties": { "fid": 1003 }, "geometry": { "type": "Polygon", "coordinates": [ [ [ -40.359081064288354, -20.425745260833718 ], [ -40.359322259540868, -20.425892743934071 ], [ -40.359374410251483, -20.425816954601174 ], [ -40.359133215076632, -20.425669471567929 ], [ -40.359081064288354, -20.425745260833718 ] ] ] } },
{ "type": "Feature", "properties": { "fid": 1004 }, "geometry": { "type": "Polygon", "coordinates": [ [ [ -40.358820309539027, -20.426124206909655 ], [ -40.358872460569351, -20.426048417720367 ], [ -40.358924611549945, -20.425972628517705 ], [ -40.358976762480829, -20.425896839301693 ], [ -40.358896364140307, -20.425847678144805 ], [ -40.358739911120864, -20.426075045685625 ], [ -40.358820309539027, -20.426124206909655 ] ] ] } },
{ "type": "Feature", "properties": { "fid": 1005 }, "geometry": { "type": "Polygon", "coordinates": [ [ [ -40.358976762480829, -20.425896839301693 ], [ -40.359028913361925, -20.425821050072305 ], [ -40.359081064193326, -20.42574526082954 ], [ -40.359133214974975, -20.425669471573375 ], [ -40.359052816713458, -20.425620310481719 ], [ -40.358896364140307, -20.425847678144805 ], [ -40.358976762480829, -20.425896839301693 ] ] ] } },
{ "type": "Feature", "properties": { "fid": 1006 }, "geometry": { "type": "Polygon", "coordinates": [ [ [ -40.358739911120864, -20.426075045685625 ], [ -40.358896364140307, -20.425847678144805 ], [ -40.358815965822885, -20.425798516941857 ], [ -40.358659512724472, -20.426025884417445 ], [ -40.358739911120864, -20.426075045685625 ] ] ] } },
{ "type": "Feature", "properties": { "fid": 1007 }, "geometry": { "type": "Polygon", "coordinates": [ [ [ -40.358896364140307, -20.425847678144805 ], [ -40.359052816713458, -20.425620310481719 ], [ -40.358972418472362, -20.425571149347824 ], [ -40.358815965822885, -20.425798516941857 ], [ -40.358896364140307, -20.425847678144805 ] ] ] } },
{ "type": "Feature", "properties": { "fid": 1008 }, "geometry": { "type": "Polygon", "coordinates": [ [ [ -40.358815965822885, -20.425798516941857 ], [ -40.358972418472362, -20.425571149347824 ], [ -40.358892020281012, -20.42552198817366 ], [ -40.358735567552543, -20.425749355702447 ], [ -40.358815965822885, -20.425798516941857 ] ] ] } },
{ "type": "Feature", "properties": { "fid": 1009 }, "geometry": { "type": "Polygon", "coordinates": [ [ [ -40.358659512724472, -20.426025884417445 ], [ -40.358815965822885, -20.425798516941857 ], [ -40.358735567552543, -20.425749355702447 ], [ -40.358579114377797, -20.425976723108977 ], [ -40.358659512724472, -20.426025884417445 ] ] ] } },
{ "type": "Feature", "properties": { "fid": 1010 }, "geometry": { "type": "Polygon", "coordinates": [ [ [ -40.358579114377797, -20.425976723108977 ], [ -40.358735567552543, -20.425749355702447 ], [ -40.35865516933459, -20.425700194418912 ], [ -40.358498716080859, -20.425927561760219 ], [ -40.358579114377797, -20.425976723108977 ] ] ] } },
{ "type": "Feature", "properties": { "fid": 1011 }, "geometry": { "type": "Polygon", "coordinates": [ [ [ -40.358735567552543, -20.425749355702447 ], [ -40.358892020281012, -20.42552198817366 ], [ -40.358811622139363, -20.425472826959187 ], [ -40.35865516933459, -20.425700194418912 ], [ -40.358735567552543, -20.425749355702447 ] ] ] } },
{ "type": "Feature", "properties": { "fid": 1012 }, "geometry": { "type": "Polygon", "coordinates": [ [ [ -40.35865516933459, -20.425700194418912 ], [ -40.358811622139363, -20.425472826959187 ], [ -40.358731224047482, -20.425423665704393 ], [ -40.358574771163717, -20.42565103309893 ], [ -40.35865516933459, -20.425700194418912 ] ] ] } },
{ "type": "Feature", "properties": { "fid": 1013 }, "geometry": { "type": "Polygon", "coordinates": [ [ [ -40.358498716080859, -20.425927561760219 ], [ -40.35865516933459, -20.425700194418912 ], [ -40.358574771163717, -20.42565103309893 ], [ -40.358418317833667, -20.425878400371161 ], [ -40.358498716080859, -20.425927561760219 ] ] ] } },
{ "type": "Feature", "properties": { "fid": 1014 }, "geometry": { "type": "Polygon", "coordinates": [ [ [ -40.358418317833667, -20.425878400371161 ], [ -40.358574771163717, -20.42565103309893 ], [ -40.358494373043911, -20.42560187173672 ], [ -40.35833791963622, -20.425829238941819 ], [ -40.358418317833667, -20.425878400371161 ] ] ] } },
{ "type": "Feature", "properties": { "fid": 1015 }, "geometry": { "type": "Polygon", "coordinates": [ [ [ -40.358494373043911, -20.42560187173672 ], [ -40.358574771163717, -20.42565103309893 ], [ -40.358731224047482, -20.425423665704393 ], [ -40.358650826005317, -20.425374504409344 ], [ -40.358494373043911, -20.42560187173672 ] ] ] } },
{ "type": "Feature", "properties": { "fid": 1016 }, "geometry": { "type": "Polygon", "coordinates": [ [ [ -40.358494373043911, -20.42560187173672 ], [ -40.358650826005317, -20.425374504409344 ], [ -40.358530229033349, -20.425300762394084 ], [ -40.358478078087408, -20.425376551491919 ], [ -40.358425927061894, -20.425452340566846 ], [ -40.358373775955457, -20.425528129620769 ], [ -40.358494373043911, -20.42560187173672 ] ] ] } },
{ "type": "Feature", "properties": { "fid": 1017 }, "geometry": { "type": "Polygon", "coordinates": [ [ [ -40.35833791963622, -20.425829238941819 ], [ -40.358494373043911, -20.42560187173672 ], [ -40.358373775955457, -20.425528129620769 ], [ -40.358321624861659, -20.425603918676561 ], [ -40.358269473686924, -20.42567970771136 ], [ -40.358217322431301, -20.425755496725138 ], [ -40.35833791963622, -20.425829238941819 ] ] ] } },
{ "type": "Feature", "properties": { "fid": 1018 }, "geometry": { "type": "Polygon", "coordinates": [ [ [ -40.358217322431301, -20.425755496725138 ], [ -40.358269473686924, -20.42567970771136 ], [ -40.358028279665888, -20.425532223055903 ], [ -40.357976128363788, -20.425608012010194 ], [ -40.358217322431301, -20.425755496725138 ] ] ] } },
{ "type": "Feature", "properties": { "fid": 1019 }, "geometry": { "type": "Polygon", "coordinates": [ [ [ -40.358269473686924, -20.42567970771136 ], [ -40.358321624861659, -20.425603918676561 ], [ -40.358080430924858, -20.425456434078662 ], [ -40.358028279665888, -20.425532223055903 ], [ -40.358269473686924, -20.42567970771136 ] ] ] } },
{ "type": "Feature", "properties": { "fid": 1020 }, "geometry": { "type": "Polygon", "coordinates": [ [ [ -40.358321624861659, -20.425603918676561 ], [ -40.358373775955457, -20.425528129620769 ], [ -40.358132582134104, -20.425380645088005 ], [ -40.358080430924858, -20.425456434078662 ], [ -40.358321624861659, -20.425603918676561 ] ] ] } },
{ "type": "Feature", "properties": { "fid": 1021 }, "geometry": { "type": "Polygon", "coordinates": [ [ [ -40.358373775955457, -20.425528129620769 ], [ -40.358425927061894, -20.425452340566846 ], [ -40.358184733293619, -20.425304856084011 ], [ -40.358132582134104, -20.425380645088005 ], [ -40.358373775955457, -20.425528129620769 ] ] ] } },
{ "type": "Feature", "properties": { "fid": 1022 }, "geometry": { "type": "Polygon", "coordinates": [ [ [ -40.358425927061894, -20.425452340566846 ], [ -40.358478078087408, -20.425376551491919 ], [ -40.358236884403397, -20.425229067066606 ], [ -40.358184733293619, -20.425304856084011 ], [ -40.358425927061894, -20.425452340566846 ] ] ] } },
{ "type": "Feature", "properties": { "fid": 1023 }, "geometry": { "type": "Polygon", "coordinates": [ [ [ -40.358478078087408, -20.425376551491919 ], [ -40.358530229033349, -20.425300762394084 ], [ -40.35828903546345, -20.42515327803585 ], [ -40.358236884403397, -20.425229067066606 ], [ -40.358478078087408, -20.425376551491919 ] ] ] } },
{ "type": "Feature", "properties": { "fid": 1024 }, "geometry": { "type": "Polygon", "coordinates": [ [ [ -40.359436991064356, -20.425726007484528 ], [ -40.359489141658962, -20.425650218131835 ], [ -40.359247946654932, -20.425502735246297 ], [ -40.359195795982686, -20.425578524531876 ], [ -40.359436991064356, -20.425726007484528 ] ] ] } },
{ "type": "Feature", "properties": { "fid": 1025 }, "geometry": { "type": "Polygon", "coordinates": [ [ [ -40.359247946654932, -20.425502735246297 ], [ -40.359489141658962, -20.425650218131835 ], [ -40.35954129221043, -20.425574428756121 ], [ -40.359300097284063, -20.425426945937733 ], [ -40.359247946654932, -20.425502735246297 ] ] ] } },
{ "type": "Feature", "properties": { "fid": 1026 }, "geometry": { "type": "Polygon", "coordinates": [ [ [ -40.359300097284063, -20.425426945937733 ], [ -40.35954129221043, -20.425574428756121 ], [ -40.359593442712161, -20.425498639367067 ], [ -40.359352247863463, -20.4253511566158 ], [ -40.359300097284063, -20.425426945937733 ] ] ] } },
{ "type": "Feature", "properties": { "fid": 1027 }, "geometry": { "type": "Polygon", "coordinates": [ [ [ -40.359352247863463, -20.4253511566158 ], [ -40.359593442712161, -20.425498639367067 ], [ -40.359645593164174, -20.425422849964608 ], [ -40.35940439839311, -20.425275367280513 ], [ -40.359352247863463, -20.4253511566158 ] ] ] } },
{ "type": "Feature", "properties": { "fid": 1028 }, "geometry": { "type": "Polygon", "coordinates": [ [ [ -40.35940439839311, -20.425275367280513 ], [ -40.359645593164174, -20.425422849964608 ], [ -40.359697743566443, -20.425347060548827 ], [ -40.359456548873034, -20.425199577931842 ], [ -40.35940439839311, -20.425275367280513 ] ] ] } },
{ "type": "Feature", "properties": { "fid": 1029 }, "geometry": { "type": "Polygon", "coordinates": [ [ [ -40.359456548873034, -20.425199577931842 ], [ -40.359697743566443, -20.425347060548827 ], [ -40.359749893918988, -20.425271271119616 ], [ -40.359508699303248, -20.425123788569785 ], [ -40.359456548873034, -20.425199577931842 ] ] ] } },
{ "type": "Feature", "properties": { "fid": 1030 }, "geometry": { "type": "Polygon", "coordinates": [ [ [ -40.359195795914125, -20.425578524489186 ], [ -40.359247946586379, -20.425502735203633 ], [ -40.35930009720888, -20.425426945904704 ], [ -40.359352247781651, -20.425351156592374 ], [ -40.359271849627518, -20.425301995596666 ], [ -40.359115397682338, -20.425529363426342 ], [ -40.359195795914125, -20.425578524489186 ] ] ] } },
{ "type": "Feature", "properties": { "fid": 1031 }, "geometry": { "type": "Polygon", "coordinates": [ [ [ -40.359352247781651, -20.425351156592374 ], [ -40.359404398304704, -20.425275367266703 ], [ -40.35945654877802, -20.425199577927668 ], [ -40.359508699201591, -20.425123788575231 ], [ -40.359428301126428, -20.425074627644712 ], [ -40.359271849627518, -20.425301995596666 ], [ -40.359352247781651, -20.425351156592374 ] ] ] } },
{ "type": "Feature", "properties": { "fid": 1032 }, "geometry": { "type": "Polygon", "coordinates": [ [ [ -40.359115397682338, -20.425529363426342 ], [ -40.359271849627518, -20.425301995596666 ], [ -40.35919145149645, -20.425252834554854 ], [ -40.359034999472307, -20.425480202319292 ], [ -40.359115397682338, -20.425529363426342 ] ] ] } },
{ "type": "Feature", "properties": { "fid": 1033 }, "geometry": { "type": "Polygon", "coordinates": [ [ [ -40.359271849627518, -20.425301995596666 ], [ -40.359428301126428, -20.425074627644712 ], [ -40.359347903071722, -20.425025466671936 ], [ -40.35919145149645, -20.425252834554854 ], [ -40.359271849627518, -20.425301995596666 ] ] ] } },
{ "type": "Feature", "properties": { "fid": 1034 }, "geometry": { "type": "Polygon", "coordinates": [ [ [ -40.35919145149645, -20.425252834554854 ], [ -40.359347903071722, -20.425025466671936 ], [ -40.359267505066725, -20.42497630565893 ], [ -40.359111053412498, -20.425203673476609 ], [ -40.35919145149645, -20.425252834554854 ] ] ] } },
{ "type": "Feature", "properties": { "fid": 1035 }, "geometry": { "type": "Polygon", "coordinates": [ [ [ -40.359034999472307, -20.425480202319292 ], [ -40.35919145149645, -20.425252834554854 ], [ -40.359111053412498, -20.425203673476609 ], [ -40.358954601312014, -20.425431041171965 ], [ -40.359034999472307, -20.425480202319292 ] ] ] } },
{ "type": "Feature", "properties": { "fid": 1036 }, "geometry": { "type": "Polygon", "coordinates": [ [ [ -40.358954601312014, -20.425431041171965 ], [ -40.359111053412498, -20.425203673476609 ], [ -40.359030655380899, -20.425154512354169 ], [ -40.358874203201445, -20.425381879984336 ], [ -40.358954601312014, -20.425431041171965 ] ] ] } },
{ "type": "Feature", "properties": { "fid": 1037 }, "geometry": { "type": "Polygon", "coordinates": [ [ [ -40.359111053412498, -20.425203673476609 ], [ -40.359267505066725, -20.42497630565893 ], [ -40.359187107111467, -20.424927144605572 ], [ -40.359030655380899, -20.425154512354169 ], [ -40.359111053412498, -20.425203673476609 ] ] ] } },
{ "type": "Feature", "properties": { "fid": 1038 }, "geometry": { "type": "Polygon", "coordinates": [ [ [ -40.359030655380899, -20.425154512354169 ], [ -40.359187107111467, -20.424927144605572 ], [ -40.359106709205939, -20.424877983511923 ], [ -40.358950257396401, -20.425105351195327 ], [ -40.359030655380899, -20.425154512354169 ] ] ] } },
{ "type": "Feature", "properties": { "fid": 1039 }, "geometry": { "type": "Polygon", "coordinates": [ [ [ -40.358874203201445, -20.425381879984336 ], [ -40.359030655380899, -20.425154512354169 ], [ -40.358950257396401, -20.425105351195327 ], [ -40.358793805140614, -20.42533271875643 ], [ -40.358874203201445, -20.425381879984336 ] ] ] } },
{ "type": "Feature", "properties": { "fid": 1040 }, "geometry": { "type": "Polygon", "coordinates": [ [ [ -40.358713407129507, -20.425283557488211 ], [ -40.358793805140614, -20.42533271875643 ], [ -40.358950257396401, -20.425105351195327 ], [ -40.358869859462956, -20.425056189994251 ], [ -40.358713407129507, -20.425283557488211 ] ] ] } },
{ "type": "Feature", "properties": { "fid": 1041 }, "geometry": { "type": "Polygon", "coordinates": [ [ [ -40.358869859462956, -20.425056189994251 ], [ -40.358950257396401, -20.425105351195327 ], [ -40.359106709205939, -20.424877983511923 ], [ -40.359026311350128, -20.424828822378011 ], [ -40.358869859462956, -20.425056189994251 ] ] ] } },
{ "type": "Feature", "properties": { "fid": 1042 }, "geometry": { "type": "Polygon", "coordinates": [ [ [ -40.358869859462956, -20.425056189994251 ], [ -40.359026311350128, -20.424828822378011 ], [ -40.358905714657681, -20.424755080604466 ], [ -40.358853564069818, -20.424830869798587 ], [ -40.358801413402375, -20.424906658969807 ], [ -40.358749262654044, -20.424982448120009 ], [ -40.358869859462956, -20.425056189994251 ] ] ] } },
{ "type": "Feature", "properties": { "fid": 1043 }, "geometry": { "type": "Polygon", "coordinates": [ [ [ -40.358713407129507, -20.425283557488211 ], [ -40.358869859462956, -20.425056189994251 ], [ -40.358749262654044, -20.424982448120009 ], [ -40.358697111918303, -20.425058237272097 ], [ -40.358644961101668, -20.425134026403182 ], [ -40.358592810204122, -20.425209815513281 ], [ -40.358713407129507, -20.425283557488211 ] ] ] } },
{ "type": "Feature", "properties": { "fid": 1044 }, "geometry": { "type": "Polygon", "coordinates": [ [ [ -40.358592810204122, -20.425209815513281 ], [ -40.358644961101668, -20.425134026403182 ], [ -40.358403767639672, -20.424986542231171 ], [ -40.358351616695664, -20.425062331281744 ], [ -40.358592810204122, -20.425209815513281 ] ] ] } },
{ "type": "Feature", "properties": { "fid": 1045 }, "geometry": { "type": "Polygon", "coordinates": [ [ [ -40.358644961101668, -20.425134026403182 ], [ -40.358697111918303, -20.425058237272097 ], [ -40.358455918540585, -20.424910753157619 ], [ -40.358403767639672, -20.424986542231171 ], [ -40.358644961101668, -20.425134026403182 ] ] ] } },
{ "type": "Feature", "properties": { "fid": 1046 }, "geometry": { "type": "Polygon", "coordinates": [ [ [ -40.358697111918303, -20.425058237272097 ], [ -40.358749262654044, -20.424982448120009 ], [ -40.358508069391753, -20.424834964070698 ], [ -40.358455918540585, -20.424910753157619 ], [ -40.358697111918303, -20.425058237272097 ] ] ] } },
{ "type": "Feature", "properties": { "fid": 1047 }, "geometry": { "type": "Polygon", "coordinates": [ [ [ -40.358749262654044, -20.424982448120009 ], [ -40.358801413402375, -20.424906658969807 ], [ -40.358560220193183, -20.424759174970387 ], [ -40.358508069391753, -20.424834964070698 ], [ -40.358749262654044, -20.424982448120009 ] ] ] } },
{ "type": "Feature", "properties": { "fid": 1048 }, "geometry": { "type": "Polygon", "coordinates": [ [ [ -40.358801413402375, -20.424906658969807 ], [ -40.358853564069818, -20.424830869798587 ], [ -40.35861237094489, -20.424683385856692 ], [ -40.358560220193183, -20.424759174970387 ], [ -40.358801413402375, -20.424906658969807 ] ] ] } },
{ "type": "Feature", "properties": { "fid": 1049 }, "geometry": { "type": "Polygon", "coordinates": [ [ [ -40.358853564069818, -20.424830869798587 ], [ -40.358905714657681, -20.424755080604466 ], [ -40.358664521646872, -20.424607596729661 ], [ -40.35861237094489, -20.424683385856692 ], [ -40.358853564069818, -20.424830869798587 ] ] ] } },
{ "type": "Feature", "properties": { "fid": 1050 }, "geometry": { "type": "Polygon", "coordinates": [ [ [ -40.359875054635715, -20.425089376512823 ], [ -40.359875531093969, -20.425088684079981 ], [ -40.359927204819179, -20.425013587038201 ], [ -40.359686010467456, -20.424866104716614 ], [ -40.359633860206344, -20.424941894124146 ], [ -40.359875054635715, -20.425089376512823 ] ] ] } },
{ "type": "Feature", "properties": { "fid": 1051 }, "geometry": { "type": "Polygon", "coordinates": [ [ [ -40.359823380867859, -20.425164473531773 ], [ -40.359875054635715, -20.425089376512823 ], [ -40.359633860206344, -20.424941894124146 ], [ -40.359582080439161, -20.425017144914584 ], [ -40.359823380867859, -20.425164473531773 ] ] ] } },
{ "type": "Feature", "properties": { "fid": 1052 }, "geometry": { "type": "Polygon", "coordinates": [ [ [ -40.359686010467456, -20.424866104716614 ], [ -40.359927204819179, -20.425013587038201 ], [ -40.359979354952898, -20.424937797550189 ], [ -40.359738160678852, -20.42479031529577 ], [ -40.359686010467456, -20.424866104716614 ] ] ] } },
{ "type": "Feature", "properties": { "fid": 1053 }, "geometry": { "type": "Polygon", "coordinates": [ [ [ -40.359738160678852, -20.42479031529577 ], [ -40.359979354952898, -20.424937797550189 ], [ -40.360031505036886, -20.424862008048798 ], [ -40.359790310840502, -20.424714525861503 ], [ -40.359738160678852, -20.42479031529577 ] ] ] } },
{ "type": "Feature", "properties": { "fid": 1054 }, "geometry": { "type": "Polygon", "coordinates": [ [ [ -40.359790310840502, -20.424714525861503 ], [ -40.360031505036886, -20.424862008048798 ], [ -40.360083655071151, -20.424786218534052 ], [ -40.359842460952407, -20.42463873641389 ], [ -40.359790310840502, -20.424714525861503 ] ] ] } },
{ "type": "Feature", "properties": { "fid": 1055 }, "geometry": { "type": "Polygon", "coordinates": [ [ [ -40.359842460952407, -20.42463873641389 ], [ -40.360083655071151, -20.424786218534052 ], [ -40.360135805055684, -20.42471042900593 ], [ -40.35989461094492, -20.424562946956438 ], [ -40.359842460952407, -20.42463873641389 ] ] ] } },
{ "type": "Feature", "properties": { "fid": 1056 }, "geometry": { "type": "Polygon", "coordinates": [ [ [ -40.35950164707797, -20.424968035304431 ], [ -40.359657762634463, -20.424741154442188 ], [ -40.359577364694964, -20.424691993565975 ], [ -40.359421213766581, -20.424918925654005 ], [ -40.35950164707797, -20.424968035304431 ] ] ] } },
{ "type": "Feature", "properties": { "fid": 1057 }, "geometry": { "type": "Polygon", "coordinates": [ [ [ -40.359657762634463, -20.424741154442188 ], [ -40.35950164707797, -20.424968035304431 ], [ -40.359582080439161, -20.425017144914584 ], [ -40.359633860206344, -20.424941894124146 ], [ -40.359686010467456, -20.424866104716614 ], [ -40.359738160678852, -20.42479031529577 ], [ -40.359657762634463, -20.424741154442188 ] ] ] } },
{ "type": "Feature", "properties": { "fid": 1058 }, "geometry": { "type": "Polygon", "coordinates": [ [ [ -40.359657762634463, -20.424741154442188 ], [ -40.359738160678852, -20.42479031529577 ], [ -40.359790310840502, -20.424714525861503 ], [ -40.359842460952407, -20.42463873641389 ], [ -40.35989461094492, -20.424562946956438 ], [ -40.359814213029352, -20.424513786193415 ], [ -40.359657762634463, -20.424741154442188 ] ] ] } },
{ "type": "Feature", "properties": { "fid": 1059 }, "geometry": { "type": "Polygon", "coordinates": [ [ [ -40.359657762634463, -20.424741154442188 ], [ -40.359814213029352, -20.424513786193415 ], [ -40.359733815166187, -20.424464625386278 ], [ -40.359577364694964, -20.424691993565975 ], [ -40.359657762634463, -20.424741154442188 ] ] ] } },
{ "type": "Feature", "properties": { "fid": 1060 }, "geometry": { "type": "Polygon", "coordinates": [ [ [ -40.359577364694964, -20.424691993565975 ], [ -40.359733815166187, -20.424464625386278 ], [ -40.359653417352725, -20.4244154645388 ], [ -40.359496966802531, -20.42464283265334 ], [ -40.359577364694964, -20.424691993565975 ] ] ] } },
{ "type": "Feature", "properties": { "fid": 1061 }, "geometry": { "type": "Polygon", "coordinates": [ [ [ -40.359421213766581, -20.424918925654005 ], [ -40.359577364694964, -20.424691993565975 ], [ -40.359496966802531, -20.42464283265334 ], [ -40.359340780504887, -20.424869815963273 ], [ -40.359421213766581, -20.424918925654005 ] ] ] } },
{ "type": "Feature", "properties": { "fid": 1062 }, "geometry": { "type": "Polygon", "coordinates": [ [ [ -40.359340780504887, -20.424869815963273 ], [ -40.359496966802531, -20.42464283265334 ], [ -40.359416568962494, -20.42459367169652 ], [ -40.359260347292881, -20.424820706232197 ], [ -40.359340780504887, -20.424869815963273 ] ] ] } },
{ "type": "Feature", "properties": { "fid": 1063 }, "geometry": { "type": "Polygon", "coordinates": [ [ [ -40.359496966802531, -20.42464283265334 ], [ -40.359653417352725, -20.4244154645388 ], [ -40.359573019589014, -20.424366303651091 ], [ -40.359416568962494, -20.42459367169652 ], [ -40.359496966802531, -20.42464283265334 ] ] ] } },
{ "type": "Feature", "properties": { "fid": 1064 }, "geometry": { "type": "Polygon", "coordinates": [ [ [ -40.359416568962494, -20.42459367169652 ], [ -40.359573019589014, -20.424366303651091 ], [ -40.359492621875013, -20.424317142723055 ], [ -40.359336171169524, -20.424544510703303 ], [ -40.359416568962494, -20.42459367169652 ] ] ] } },
{ "type": "Feature", "properties": { "fid": 1065 }, "geometry": { "type": "Polygon", "coordinates": [ [ [ -40.359260347292881, -20.424820706232197 ], [ -40.359416568962494, -20.42459367169652 ], [ -40.359336171169524, -20.424544510703303 ], [ -40.359179914130586, -20.424771596460822 ], [ -40.359260347292881, -20.424820706232197 ] ] ] } },
{ "type": "Feature", "properties": { "fid": 1066 }, "geometry": { "type": "Polygon", "coordinates": [ [ [ -40.359179914130586, -20.424771596460822 ], [ -40.359336171169524, -20.424544510703303 ], [ -40.359255773427606, -20.424495349667826 ], [ -40.359099481017978, -20.424722486649113 ], [ -40.359179914130586, -20.424771596460822 ] ] ] } },
{ "type": "Feature", "properties": { "fid": 1067 }, "geometry": { "type": "Polygon", "coordinates": [ [ [ -40.359255773427606, -20.424495349667826 ], [ -40.359336171169524, -20.424544510703303 ], [ -40.359492621875013, -20.424317142723055 ], [ -40.359412224210757, -20.424267981754745 ], [ -40.359256249888418, -20.424494657234632 ], [ -40.359255773427606, -20.424495349667826 ] ] ] } },
{ "type": "Feature", "properties": { "fid": 1068 }, "geometry": { "type": "Polygon", "coordinates": [ [ [ -40.359256249888418, -20.424494657234632 ], [ -40.359412224210757, -20.424267981754745 ], [ -40.359291627805632, -20.4241942402296 ], [ -40.359239477587685, -20.424270029466935 ], [ -40.359187327281639, -20.424345818746733 ], [ -40.359135176905994, -20.424421608042003 ], [ -40.359255773427606, -20.424495349667826 ], [ -40.359256249888418, -20.424494657234632 ] ] ] } },
{ "type": "Feature", "properties": { "fid": 1069 }, "geometry": { "type": "Polygon", "coordinates": [ [ [ -40.359099481017978, -20.424722486649113 ], [ -40.359255773427606, -20.424495349667826 ], [ -40.359135176905994, -20.424421608042003 ], [ -40.359083026520345, -20.424497397266165 ], [ -40.359030876065091, -20.424573186505867 ], [ -40.358978831442272, -20.424648821855957 ], [ -40.359099481017978, -20.424722486649113 ] ] ] } },
{ "type": "Feature", "properties": { "fid": 1070 }, "geometry": { "type": "Polygon", "coordinates": [ [ [ -40.358978831442272, -20.424648821855957 ], [ -40.359030876065091, -20.424573186505867 ], [ -40.358789683202254, -20.424425702847902 ], [ -40.358737532626257, -20.424501491997436 ], [ -40.358978831442272, -20.424648821855957 ] ] ] } },
{ "type": "Feature", "properties": { "fid": 1071 }, "geometry": { "type": "Polygon", "coordinates": [ [ [ -40.359030876065091, -20.424573186505867 ], [ -40.359083026520345, -20.424497397266165 ], [ -40.358841833735134, -20.42434991367541 ], [ -40.358789683202254, -20.424425702847902 ], [ -40.359030876065091, -20.424573186505867 ] ] ] } },
{ "type": "Feature", "properties": { "fid": 1072 }, "geometry": { "type": "Polygon", "coordinates": [ [ [ -40.359083026520345, -20.424497397266165 ], [ -40.359135176905994, -20.424421608042003 ], [ -40.358893984218291, -20.4242741244895 ], [ -40.358841833735134, -20.42434991367541 ], [ -40.359083026520345, -20.424497397266165 ] ] ] } },
{ "type": "Feature", "properties": { "fid": 1073 }, "geometry": { "type": "Polygon", "coordinates": [ [ [ -40.359135176905994, -20.424421608042003 ], [ -40.359187327281639, -20.424345818746733 ], [ -40.358946134651738, -20.424198335290235 ], [ -40.358893984218291, -20.4242741244895 ], [ -40.359135176905994, -20.424421608042003 ] ] ] } },
{ "type": "Feature", "properties": { "fid": 1074 }, "geometry": { "type": "Polygon", "coordinates": [ [ [ -40.359187327281639, -20.424345818746733 ], [ -40.359239477587685, -20.424270029466935 ], [ -40.358998285035433, -20.424122546077591 ], [ -40.358946134651738, -20.424198335290235 ], [ -40.359187327281639, -20.424345818746733 ] ] ] } },
{ "type": "Feature", "properties": { "fid": 1075 }, "geometry": { "type": "Polygon", "coordinates": [ [ [ -40.359239477587685, -20.424270029466935 ], [ -40.359291627805632, -20.4241942402296 ], [ -40.359050435369404, -20.424046756851574 ], [ -40.358998285035433, -20.424122546077591 ], [ -40.359239477587685, -20.424270029466935 ] ] ] } },
{ "type": "Feature", "properties": { "fid": 1076 }, "geometry": { "type": "Polygon", "coordinates": [ [ [ -40.360250534885196, -20.424543692187275 ], [ -40.360251011404984, -20.424542999659362 ], [ -40.360302684710604, -20.42446790261635 ], [ -40.360061490918028, -20.424320420778177 ], [ -40.360009341014987, -20.424396210281945 ], [ -40.360250534885196, -20.424543692187275 ] ] ] } },
{ "type": "Feature", "properties": { "fid": 1077 }, "geometry": { "type": "Polygon", "coordinates": [ [ [ -40.360198861536915, -20.4246187892074 ], [ -40.360250534885196, -20.424543692187275 ], [ -40.360009341014987, -20.424396210281945 ], [ -40.359957191068808, -20.424471999762726 ], [ -40.360198861536915, -20.4246187892074 ] ] ] } },
{ "type": "Feature", "properties": { "fid": 1078 }, "geometry": { "type": "Polygon", "coordinates": [ [ [ -40.359957191068808, -20.424471999762726 ], [ -40.360009341014987, -20.424396210281945 ], [ -40.360061490918028, -20.424320420778177 ], [ -40.36011364077136, -20.424244631261036 ], [ -40.36016579057496, -20.424168841730545 ], [ -40.360217940328845, -20.424093052186659 ], [ -40.360459133888419, -20.424240533823479 ], [ -40.360459610406387, -20.424239841295069 ], [ -40.360511760032423, -20.424164051670541 ], [ -40.360270089984532, -20.424017262557513 ], [ -40.360165790486548, -20.424168841716732 ], [ -40.360113640689569, -20.424244631237617 ], [ -40.360061490842853, -20.424320420745165 ], [ -40.360009340946412, -20.424396210239298 ], [ -40.359957191000227, -20.42447199972009 ], [ -40.359957191068808, -20.424471999762726 ] ] ] } },
{ "type": "Feature", "properties": { "fid": 1079 }, "geometry": { "type": "Polygon", "coordinates": [ [ [ -40.360302684710604, -20.42446790261635 ], [ -40.360303161229922, -20.424467210088338 ], [ -40.360354834486273, -20.424392113032116 ], [ -40.36011364077136, -20.424244631261036 ], [ -40.360061490918028, -20.424320420778177 ], [ -40.360302684710604, -20.42446790261635 ] ] ] } },
{ "type": "Feature", "properties": { "fid": 1080 }, "geometry": { "type": "Polygon", "coordinates": [ [ [ -40.360354834486273, -20.424392113032116 ], [ -40.360355311005137, -20.424391420503927 ], [ -40.360406984212212, -20.424316323434457 ], [ -40.36016579057496, -20.424168841730545 ], [ -40.36011364077136, -20.424244631261036 ], [ -40.360354834486273, -20.424392113032116 ] ] ] } },
{ "type": "Feature", "properties": { "fid": 1081 }, "geometry": { "type": "Polygon", "coordinates": [ [ [ -40.360406984212212, -20.424316323434457 ], [ -40.360407460730627, -20.424315630906182 ], [ -40.360459133888419, -20.424240533823479 ], [ -40.360217940328845, -20.424093052186659 ], [ -40.36016579057496, -20.424168841730545 ], [ -40.360406984212212, -20.424316323434457 ] ] ] } },
{ "type": "Feature", "properties": { "fid": 1082 }, "geometry": { "type": "Polygon", "coordinates": [ [ [ -40.359957191000227, -20.42447199972009 ], [ -40.360009340946412, -20.424396210239298 ], [ -40.360061490842853, -20.424320420745165 ], [ -40.360113640689569, -20.424244631237617 ], [ -40.36003324291336, -20.42419547056862 ], [ -40.359876793146377, -20.424422838983965 ], [ -40.359957191000227, -20.42447199972009 ] ] ] } },
{ "type": "Feature", "properties": { "fid": 1083 }, "geometry": { "type": "Polygon", "coordinates": [ [ [ -40.360113640689569, -20.424244631237617 ], [ -40.360165790486548, -20.424168841716732 ], [ -40.360270089984532, -20.424017262557513 ], [ -40.360189692234115, -20.423968102031044 ], [ -40.36003324291336, -20.42419547056862 ], [ -40.360113640689569, -20.424244631237617 ] ] ] } },
{ "type": "Feature", "properties": { "fid": 1084 }, "geometry": { "type": "Polygon", "coordinates": [ [ [ -40.359876793146377, -20.424422838983965 ], [ -40.36003324291336, -20.42419547056862 ], [ -40.359952845160215, -20.424146309853537 ], [ -40.359796695344741, -20.4243732421705 ], [ -40.359876793146377, -20.424422838983965 ] ] ] } },
{ "type": "Feature", "properties": { "fid": 1085 }, "geometry": { "type": "Polygon", "coordinates": [ [ [ -40.36003324291336, -20.42419547056862 ], [ -40.360189692234115, -20.423968102031044 ], [ -40.360109294557311, -20.42391894138504 ], [ -40.359952845160215, -20.424146309853537 ], [ -40.36003324291336, -20.42419547056862 ] ] ] } },
{ "type": "Feature", "properties": { "fid": 1086 }, "geometry": { "type": "Polygon", "coordinates": [ [ [ -40.359952845160215, -20.424146309853537 ], [ -40.360109294557311, -20.42391894138504 ], [ -40.360028896930238, -20.423869780698688 ], [ -40.359872447454158, -20.424097149101982 ], [ -40.359952845160215, -20.424146309853537 ] ] ] } },
{ "type": "Feature", "properties": { "fid": 1087 }, "geometry": { "type": "Polygon", "coordinates": [ [ [ -40.359796695344741, -20.4243732421705 ], [ -40.359952845160215, -20.424146309853537 ], [ -40.359872447454158, -20.424097149101982 ], [ -40.359715997531879, -20.424324517383059 ], [ -40.359796695344741, -20.4243732421705 ] ] ] } },
{ "type": "Feature", "properties": { "fid": 1088 }, "geometry": { "type": "Polygon", "coordinates": [ [ [ -40.359715997531879, -20.424324517383059 ], [ -40.359872447454158, -20.424097149101982 ], [ -40.359792049830936, -20.424047988262085 ], [ -40.359635599799233, -20.424275356522173 ], [ -40.359715997531879, -20.424324517383059 ] ] ] } },
{ "type": "Feature", "properties": { "fid": 1089 }, "geometry": { "type": "Polygon", "coordinates": [ [ [ -40.359872447454158, -20.424097149101982 ], [ -40.360028896930238, -20.423869780698688 ], [ -40.359948728818786, -20.423820286488411 ], [ -40.359792049830936, -20.424047988262085 ], [ -40.359872447454158, -20.424097149101982 ] ] ] } },
{ "type": "Feature", "properties": { "fid": 1090 }, "geometry": { "type": "Polygon", "coordinates": [ [ [ -40.359792049830936, -20.424047988262085 ], [ -40.359948728818786, -20.423820286488411 ], [ -40.359868578311598, -20.423770766726353 ], [ -40.359711652193887, -20.423998827474204 ], [ -40.359792049830936, -20.424047988262085 ] ] ] } },
{ "type": "Feature", "properties": { "fid": 1091 }, "geometry": { "type": "Polygon", "coordinates": [ [ [ -40.359635599799233, -20.424275356522173 ], [ -40.359792049830936, -20.424047988262085 ], [ -40.359711652193887, -20.423998827474204 ], [ -40.359555678670155, -20.424225503048728 ], [ -40.359635599799233, -20.424275356522173 ] ] ] } },
{ "type": "Feature", "properties": { "fid": 1092 }, "geometry": { "type": "Polygon", "coordinates": [ [ [ -40.359555678670155, -20.424225503048728 ], [ -40.359711652193887, -20.423998827474204 ], [ -40.359631254638352, -20.423949666599889 ], [ -40.359474804483099, -20.424177034679513 ], [ -40.359555678670155, -20.424225503048728 ] ] ] } },
{ "type": "Feature", "properties": { "fid": 1093 }, "geometry": { "type": "Polygon", "coordinates": [ [ [ -40.359631254638352, -20.423949666599889 ], [ -40.359711652193887, -20.423998827474204 ], [ -40.359868578311598, -20.423770766726353 ], [ -40.359787704347362, -20.423722298397966 ], [ -40.359631254638352, -20.423949666599889 ] ] ] } },
{ "type": "Feature", "properties": { "fid": 1094 }, "geometry": { "type": "Polygon", "coordinates": [ [ [ -40.359631254638352, -20.423949666599889 ], [ -40.359787704347362, -20.423722298397966 ], [ -40.35966758474175, -20.423647864588116 ], [ -40.35966710822175, -20.423648557114483 ], [ -40.359614958359955, -20.423724346503885 ], [ -40.359562808418559, -20.423800135870291 ], [ -40.35951065839626, -20.423875925215732 ], [ -40.359631254638352, -20.423949666599889 ] ] ] } },
{ "type": "Feature", "properties": { "fid": 1095 }, "geometry": { "type": "Polygon", "coordinates": [ [ [ -40.359474804483099, -20.424177034679513 ], [ -40.359631254638352, -20.423949666599889 ], [ -40.35951065839626, -20.423875925215732 ], [ -40.359458508386595, -20.423951714563035 ], [ -40.359406834818294, -20.424026811363568 ], [ -40.35940635829602, -20.424027503889342 ], [ -40.359354684678443, -20.424102600676651 ], [ -40.359474804483099, -20.424177034679513 ] ] ] } },
{ "type": "Feature", "properties": { "fid": 1096 }, "geometry": { "type": "Polygon", "coordinates": [ [ [ -40.359354684678443, -20.424102600676651 ], [ -40.35940635829602, -20.424027503889342 ], [ -40.359165165967696, -20.423880020697556 ], [ -40.359113015749735, -20.423955809943354 ], [ -40.359354684678443, -20.424102600676651 ] ] ] } },
{ "type": "Feature", "properties": { "fid": 1097 }, "geometry": { "type": "Polygon", "coordinates": [ [ [ -40.35940635829602, -20.424027503889342 ], [ -40.359406834818294, -20.424026811363568 ], [ -40.359458508386595, -20.423951714563035 ], [ -40.359217316142519, -20.423804231428736 ], [ -40.359165165967696, -20.423880020697556 ], [ -40.35940635829602, -20.424027503889342 ] ] ] } },
{ "type": "Feature", "properties": { "fid": 1098 }, "geometry": { "type": "Polygon", "coordinates": [ [ [ -40.359458508386595, -20.423951714563035 ], [ -40.35951065839626, -20.423875925215732 ], [ -40.359269466267641, -20.423728442146569 ], [ -40.359217316142519, -20.423804231428736 ], [ -40.359458508386595, -20.423951714563035 ] ] ] } },
{ "type": "Feature", "properties": { "fid": 1099 }, "geometry": { "type": "Polygon", "coordinates": [ [ [ -40.35951065839626, -20.423875925215732 ], [ -40.359562808418559, -20.423800135870291 ], [ -40.359321616343024, -20.423652652851054 ], [ -40.359269466267641, -20.423728442146569 ], [ -40.35951065839626, -20.423875925215732 ] ] ] } },
{ "type": "Feature", "properties": { "fid": 1100 }, "geometry": { "type": "Polygon", "coordinates": [ [ [ -40.359562808418559, -20.423800135870291 ], [ -40.359614958359955, -20.423724346503885 ], [ -40.359373766368684, -20.423576863542102 ], [ -40.359321616343024, -20.423652652851054 ], [ -40.359562808418559, -20.423800135870291 ] ] ] } },
{ "type": "Feature", "properties": { "fid": 1101 }, "geometry": { "type": "Polygon", "coordinates": [ [ [ -40.359614958359955, -20.423724346503885 ], [ -40.35966710822175, -20.423648557114483 ], [ -40.35966758474175, -20.423647864588116 ], [ -40.35942591634462, -20.423501074219839 ], [ -40.359373766368684, -20.423576863542102 ], [ -40.359614958359955, -20.423724346503885 ] ] ] } },
{ "type": "Feature", "properties": { "fid": 1102 }, "geometry": { "type": "Polygon", "coordinates": [ [ [ -40.360626012442914, -20.423998006962393 ], [ -40.360626488987364, -20.423997314393006 ], [ -40.360655932007198, -20.423954524384598 ], [ -40.360678161910279, -20.423922217295281 ], [ -40.360436968676851, -20.423774735940416 ], [ -40.360384819131831, -20.423850525540409 ], [ -40.360626012442914, -20.423998006962393 ] ] ] } },
{ "type": "Feature", "properties": { "fid": 1103 }, "geometry": { "type": "Polygon", "coordinates": [ [ [ -40.360574339477353, -20.424073104037319 ], [ -40.360626012442914, -20.423998006962393 ], [ -40.360384819131831, -20.423850525540409 ], [ -40.360332986888821, -20.423925743899737 ], [ -40.360574339477353, -20.424073104037319 ] ] ] } },
{ "type": "Feature", "properties": { "fid": 1104 }, "geometry": { "type": "Polygon", "coordinates": [ [ [ -40.360332986888821, -20.423925743899737 ], [ -40.360384819131831, -20.423850525540409 ], [ -40.360436968676851, -20.423774735940416 ], [ -40.360489118172147, -20.423698946327015 ], [ -40.360541267617698, -20.423623156700277 ], [ -40.360593417013547, -20.423547367060124 ], [ -40.360645566359672, -20.423471577406659 ], [ -40.360645566258022, -20.423471577412077 ], [ -40.360593416918512, -20.423547367055953 ], [ -40.360541267529285, -20.423623156686471 ], [ -40.360489118090342, -20.423698946303617 ], [ -40.360408720500523, -20.423649785795714 ], [ -40.360252607152937, -20.42387666713941 ], [ -40.360332986888821, -20.423925743899737 ] ] ] } },
{ "type": "Feature", "properties": { "fid": 1105 }, "geometry": { "type": "Polygon", "coordinates": [ [ [ -40.360436968676851, -20.423774735940416 ], [ -40.360678161910279, -20.423922217295281 ], [ -40.360730311327906, -20.423846427614741 ], [ -40.360489118172147, -20.423698946327015 ], [ -40.360436968676851, -20.423774735940416 ] ] ] } },
{ "type": "Feature", "properties": { "fid": 1106 }, "geometry": { "type": "Polygon", "coordinates": [ [ [ -40.360489118172147, -20.423698946327015 ], [ -40.360730311327906, -20.423846427614741 ], [ -40.360756074115983, -20.423808986062852 ], [ -40.360782460695816, -20.423770637920835 ], [ -40.360541267617698, -20.423623156700277 ], [ -40.360489118172147, -20.423698946327015 ] ] ] } },
{ "type": "Feature", "properties": { "fid": 1107 }, "geometry": { "type": "Polygon", "coordinates": [ [ [ -40.360541267617698, -20.423623156700277 ], [ -40.360782460695816, -20.423770637920835 ], [ -40.360807450499777, -20.423734319720808 ], [ -40.360834610013995, -20.423694848213604 ], [ -40.360593417013547, -20.423547367060124 ], [ -40.360541267617698, -20.423623156700277 ] ] ] } },
{ "type": "Feature", "properties": { "fid": 1108 }, "geometry": { "type": "Polygon", "coordinates": [ [ [ -40.360593417013547, -20.423547367060124 ], [ -40.360834610013995, -20.423694848213604 ], [ -40.360886759282444, -20.423619058492971 ], [ -40.360645566359672, -20.423471577406659 ], [ -40.360593417013547, -20.423547367060124 ] ] ] } },
{ "type": "Feature", "properties": { "fid": 1109 }, "geometry": { "type": "Polygon", "coordinates": [ [ [ -40.360489118090342, -20.423698946303617 ], [ -40.360541267529285, -20.423623156686471 ], [ -40.360593416918512, -20.423547367055953 ], [ -40.360645566258022, -20.423471577412077 ], [ -40.360565168747172, -20.423422416969366 ], [ -40.360408720500523, -20.423649785795714 ], [ -40.360489118090342, -20.423698946303617 ] ] ] } },
{ "type": "Feature", "properties": { "fid": 1110 }, "geometry": { "type": "Polygon", "coordinates": [ [ [ -40.360252607152937, -20.42387666713941 ], [ -40.360408720500523, -20.423649785795714 ], [ -40.360328322933739, -20.423600625241733 ], [ -40.360172174207889, -20.423827557821348 ], [ -40.360252607152937, -20.42387666713941 ] ] ] } },
{ "type": "Feature", "properties": { "fid": 1111 }, "geometry": { "type": "Polygon", "coordinates": [ [ [ -40.360408720500523, -20.423649785795714 ], [ -40.360565168747172, -20.423422416969366 ], [ -40.360484771256729, -20.423373256484439 ], [ -40.360328799478481, -20.423599932673099 ], [ -40.360328322933739, -20.423600625241733 ], [ -40.360408720500523, -20.423649785795714 ] ] ] } },
{ "type": "Feature", "properties": { "fid": 1112 }, "geometry": { "type": "Polygon", "coordinates": [ [ [ -40.360328322933739, -20.423600625241733 ], [ -40.360328799478481, -20.423599932673099 ], [ -40.360248401959048, -20.423550772082901 ], [ -40.360247925414072, -20.423551464651322 ], [ -40.360091741312559, -20.423778448462979 ], [ -40.360172174207889, -20.423827557821348 ], [ -40.360328322933739, -20.423600625241733 ] ] ] } },
{ "type": "Feature", "properties": { "fid": 1113 }, "geometry": { "type": "Polygon", "coordinates": [ [ [ -40.360328799478481, -20.423599932673099 ], [ -40.360484771256729, -20.423373256484439 ], [ -40.360404373816031, -20.423324095959241 ], [ -40.360248401959048, -20.423550772082901 ], [ -40.360328799478481, -20.423599932673099 ] ] ] } },
{ "type": "Feature", "properties": { "fid": 1114 }, "geometry": { "type": "Polygon", "coordinates": [ [ [ -40.360091741312559, -20.423778448462979 ], [ -40.360247925414072, -20.423551464651322 ], [ -40.360248401959048, -20.423550772082901 ], [ -40.360168004491968, -20.423501611448554 ], [ -40.36016752794675, -20.42350230401675 ], [ -40.360011308466923, -20.423729339064288 ], [ -40.360091741312559, -20.423778448462979 ] ] ] } },
{ "type": "Feature", "properties": { "fid": 1115 }, "geometry": { "type": "Polygon", "coordinates": [ [ [ -40.360248401959048, -20.423550772082901 ], [ -40.360404373816031, -20.423324095959241 ], [ -40.360323976425065, -20.423274935393739 ], [ -40.360168004491968, -20.423501611448554 ], [ -40.360248401959048, -20.423550772082901 ] ] ] } },
{ "type": "Feature", "properties": { "fid": 1116 }, "geometry": { "type": "Polygon", "coordinates": [ [ [ -40.36016752794675, -20.42350230401675 ], [ -40.360168004491968, -20.423501611448554 ], [ -40.360087607071975, -20.423452450777773 ], [ -40.360087130526523, -20.423453143345768 ], [ -40.359930875670976, -20.423680229625266 ], [ -40.360011308466923, -20.423729339064288 ], [ -40.36016752794675, -20.42350230401675 ] ] ] } },
{ "type": "Feature", "properties": { "fid": 1117 }, "geometry": { "type": "Polygon", "coordinates": [ [ [ -40.360168004491968, -20.423501611448554 ], [ -40.360323976425065, -20.423274935393739 ], [ -40.3602435790838, -20.423225774787941 ], [ -40.360087607071975, -20.423452450777773 ], [ -40.360168004491968, -20.423501611448554 ] ] ] } },
{ "type": "Feature", "properties": { "fid": 1118 }, "geometry": { "type": "Polygon", "coordinates": [ [ [ -40.359930875670976, -20.423680229625266 ], [ -40.360087130526523, -20.423453143345768 ], [ -40.360087607071975, -20.423452450777773 ], [ -40.360007209703042, -20.423403290064766 ], [ -40.360006733157363, -20.423403982632543 ], [ -40.35985044292471, -20.423631120145917 ], [ -40.359930875670976, -20.423680229625266 ] ] ] } },
{ "type": "Feature", "properties": { "fid": 1119 }, "geometry": { "type": "Polygon", "coordinates": [ [ [ -40.360007209703042, -20.423403290064766 ], [ -40.360087607071975, -20.423452450777773 ], [ -40.3602435790838, -20.423225774787941 ], [ -40.360163181792281, -20.423176614141852 ], [ -40.360007209703042, -20.423403290064766 ] ] ] } },
{ "type": "Feature", "properties": { "fid": 1120 }, "geometry": { "type": "Polygon", "coordinates": [ [ [ -40.360007209703042, -20.423403290064766 ], [ -40.360163181792281, -20.423176614141852 ], [ -40.360042585946239, -20.423102873100049 ], [ -40.359990436442466, -20.423178662585677 ], [ -40.359938763404656, -20.423253759480776 ], [ -40.359938286859091, -20.423254452048365 ], [ -40.359886613740848, -20.423329548922574 ], [ -40.360007209703042, -20.423403290064766 ] ] ] } },
{ "type": "Feature", "properties": { "fid": 1121 }, "geometry": { "type": "Polygon", "coordinates": [ [ [ -40.360006733157363, -20.423403982632543 ], [ -40.360007209703042, -20.423403290064766 ], [ -40.359886613740848, -20.423329548922574 ], [ -40.359886137194813, -20.423330241490039 ], [ -40.35983446408968, -20.423405338366262 ], [ -40.359833987525228, -20.423406030906769 ], [ -40.359782314357581, -20.423481127788978 ], [ -40.359781837810644, -20.423481820356223 ], [ -40.359729793898481, -20.423557455851299 ], [ -40.35985044292471, -20.423631120145917 ], [ -40.360006733157363, -20.423403982632543 ] ] ] } },
{ "type": "Feature", "properties": { "fid": 1122 }, "geometry": { "type": "Polygon", "coordinates": [ [ [ -40.359729793898481, -20.423557455851299 ], [ -40.359781837810644, -20.423481820356223 ], [ -40.359540646041395, -20.423334337647781 ], [ -40.359488496181463, -20.423410126989879 ], [ -40.359729793898481, -20.423557455851299 ] ] ] } },
{ "type": "Feature", "properties": { "fid": 1123 }, "geometry": { "type": "Polygon", "coordinates": [ [ [ -40.359781837810644, -20.423481820356223 ], [ -40.359782314357581, -20.423481127788978 ], [ -40.359833987525228, -20.423406030906769 ], [ -40.359592795858191, -20.42325854828271 ], [ -40.359566107360472, -20.423297334705726 ], [ -40.359540646041395, -20.423334337647781 ], [ -40.359781837810644, -20.423481820356223 ] ] ] } },
{ "type": "Feature", "properties": { "fid": 1124 }, "geometry": { "type": "Polygon", "coordinates": [ [ [ -40.359833987525228, -20.423406030906769 ], [ -40.35983446408968, -20.423405338366262 ], [ -40.359886137194813, -20.423330241490039 ], [ -40.35964494562527, -20.423182758904279 ], [ -40.359592795858191, -20.42325854828271 ], [ -40.359833987525228, -20.423406030906769 ] ] ] } },
{ "type": "Feature", "properties": { "fid": 1125 }, "geometry": { "type": "Polygon", "coordinates": [ [ [ -40.359886137194813, -20.423330241490039 ], [ -40.359886613740848, -20.423329548922574 ], [ -40.359938286859091, -20.423254452048365 ], [ -40.359697095342632, -20.423106969512457 ], [ -40.35964494562527, -20.423182758904279 ], [ -40.359886137194813, -20.423330241490039 ] ] ] } },
{ "type": "Feature", "properties": { "fid": 1126 }, "geometry": { "type": "Polygon", "coordinates": [ [ [ -40.359938286859091, -20.423254452048365 ], [ -40.359938763404656, -20.423253759480776 ], [ -40.359938748313077, -20.423253781413486 ], [ -40.359938286859091, -20.423254452048365 ] ] ] } },
{ "type": "Feature", "properties": { "fid": 1127 }, "geometry": { "type": "Polygon", "coordinates": [ [ [ -40.359938763404656, -20.423253759480776 ], [ -40.359990436442466, -20.423178662585677 ], [ -40.359749245010256, -20.423031180107287 ], [ -40.359697095342632, -20.423106969512457 ], [ -40.359938286859091, -20.423254452048365 ], [ -40.359938748313077, -20.423253781413486 ], [ -40.359938763404656, -20.423253759480776 ] ] ] } },
{ "type": "Feature", "properties": { "fid": 1128 }, "geometry": { "type": "Polygon", "coordinates": [ [ [ -40.359990436442466, -20.423178662585677 ], [ -40.360042585946239, -20.423102873100049 ], [ -40.359801394628164, -20.422955390688756 ], [ -40.359749245010256, -20.423031180107287 ], [ -40.359990436442466, -20.423178662585677 ] ] ] } },
{ "type": "Feature", "properties": { "fid": 1129 }, "geometry": { "type": "Polygon", "coordinates": [ [ [ -40.360959768217043, -20.423512952974956 ], [ -40.361011917359548, -20.423437163231856 ], [ -40.360770724623144, -20.42328968230666 ], [ -40.360718575402984, -20.423365471982613 ], [ -40.360959768217043, -20.423512952974956 ] ] ] } },
{ "type": "Feature", "properties": { "fid": 1130 }, "geometry": { "type": "Polygon", "coordinates": [ [ [ -40.360770724623144, -20.42328968230666 ], [ -40.361011917359548, -20.423437163231856 ], [ -40.361064066458937, -20.423361373465827 ], [ -40.360822873800188, -20.423213892607688 ], [ -40.360770724623144, -20.42328968230666 ] ] ] } },
{ "type": "Feature", "properties": { "fid": 1131 }, "geometry": { "type": "Polygon", "coordinates": [ [ [ -40.360822873800188, -20.423213892607688 ], [ -40.361064066458937, -20.423361373465827 ], [ -40.361116215508602, -20.423285583686365 ], [ -40.360875022927516, -20.423138102895418 ], [ -40.360822873800188, -20.423213892607688 ] ] ] } },
{ "type": "Feature", "properties": { "fid": 1132 }, "geometry": { "type": "Polygon", "coordinates": [ [ [ -40.360875022927516, -20.423138102895418 ], [ -40.361116215508602, -20.423285583686365 ], [ -40.361168364508544, -20.423209793893573 ], [ -40.360927172005134, -20.423062313169716 ], [ -40.360875022927516, -20.423138102895418 ] ] ] } },
{ "type": "Feature", "properties": { "fid": 1133 }, "geometry": { "type": "Polygon", "coordinates": [ [ [ -40.360927172005134, -20.423062313169716 ], [ -40.361168364508544, -20.423209793893573 ], [ -40.361220513458768, -20.423134004087398 ], [ -40.360979321033, -20.42298652343068 ], [ -40.360927172005134, -20.423062313169716 ] ] ] } },
{ "type": "Feature", "properties": { "fid": 1134 }, "geometry": { "type": "Polygon", "coordinates": [ [ [ -40.360979321033, -20.42298652343068 ], [ -40.361220513458768, -20.423134004087398 ], [ -40.361272662359262, -20.423058214267861 ], [ -40.36103147001117, -20.422910733678282 ], [ -40.360979321033, -20.42298652343068 ] ] ] } },
{ "type": "Feature", "properties": { "fid": 1135 }, "geometry": { "type": "Polygon", "coordinates": [ [ [ -40.36071857533441, -20.42336547193997 ], [ -40.360770724554577, -20.423289682264013 ], [ -40.360822873725013, -20.423213892574697 ], [ -40.360875022845732, -20.423138102872009 ], [ -40.360794625447454, -20.423088942529681 ], [ -40.360638177858497, -20.42331631153052 ], [ -40.36071857533441, -20.42336547193997 ] ] ] } },
{ "type": "Feature", "properties": { "fid": 1136 }, "geometry": { "type": "Polygon", "coordinates": [ [ [ -40.360875022845732, -20.423138102872009 ], [ -40.360927171916714, -20.423062313155917 ], [ -40.360979320937993, -20.422986523426495 ], [ -40.361031469909527, -20.422910733683711 ], [ -40.360951072590225, -20.422861573406603 ], [ -40.360794625447454, -20.423088942529681 ], [ -40.360875022845732, -20.423138102872009 ] ] ] } },
{ "type": "Feature", "properties": { "fid": 1137 }, "geometry": { "type": "Polygon", "coordinates": [ [ [ -40.360638177858497, -20.42331631153052 ], [ -40.360794625447454, -20.423088942529681 ], [ -40.360714228072247, -20.42303978214127 ], [ -40.360557780404299, -20.423267151076931 ], [ -40.360638177858497, -20.42331631153052 ] ] ] } },
{ "type": "Feature", "properties": { "fid": 1138 }, "geometry": { "type": "Polygon", "coordinates": [ [ [ -40.360794625447454, -20.423088942529681 ], [ -40.360951072590225, -20.422861573406603 ], [ -40.360870675291366, -20.422812413087254 ], [ -40.360714228072247, -20.42303978214127 ], [ -40.360794625447454, -20.423088942529681 ] ] ] } },
{ "type": "Feature", "properties": { "fid": 1139 }, "geometry": { "type": "Polygon", "coordinates": [ [ [ -40.360714228072247, -20.42303978214127 ], [ -40.360870675291366, -20.422812413087254 ], [ -40.360790278042217, -20.422763252727641 ], [ -40.360633830744099, -20.422990621716451 ], [ -40.360714228072247, -20.42303978214127 ] ] ] } },
{ "type": "Feature", "properties": { "fid": 1140 }, "geometry": { "type": "Polygon", "coordinates": [ [ [ -40.360557780404299, -20.423267151076931 ], [ -40.360714228072247, -20.42303978214127 ], [ -40.360633830744099, -20.422990621716451 ], [ -40.360477382999839, -20.423217990583058 ], [ -40.360557780404299, -20.423267151076931 ] ] ] } },
{ "type": "Feature", "properties": { "fid": 1141 }, "geometry": { "type": "Polygon", "coordinates": [ [ [ -40.360477382999839, -20.423217990583058 ], [ -40.360633830744099, -20.422990621716451 ], [ -40.360553433468361, -20.422941461247465 ], [ -40.360396985645096, -20.423168830048873 ], [ -40.360477382999839, -20.423217990583058 ] ] ] } },
{ "type": "Feature", "properties": { "fid": 1142 }, "geometry": { "type": "Polygon", "coordinates": [ [ [ -40.360633830744099, -20.422990621716451 ], [ -40.360790278042217, -20.422763252727641 ], [ -40.360709880842791, -20.422714092327681 ], [ -40.360553433468361, -20.422941461247465 ], [ -40.360633830744099, -20.422990621716451 ] ] ] } },
{ "type": "Feature", "properties": { "fid": 1143 }, "geometry": { "type": "Polygon", "coordinates": [ [ [ -40.360553433468361, -20.422941461247465 ], [ -40.360709880842791, -20.422714092327681 ], [ -40.360629483693074, -20.422664931887464 ], [ -40.360473512808454, -20.422891608134321 ], [ -40.360473036239682, -20.422892300742049 ], [ -40.360553433468361, -20.422941461247465 ] ] ] } },
{ "type": "Feature", "properties": { "fid": 1144 }, "geometry": { "type": "Polygon", "coordinates": [ [ [ -40.360396985645096, -20.423168830048873 ], [ -40.360553433468361, -20.422941461247465 ], [ -40.360473036239682, -20.422892300742049 ], [ -40.360317064911555, -20.423118976865108 ], [ -40.360316588340091, -20.423119669474389 ], [ -40.360396985645096, -20.423168830048873 ] ] ] } },
{ "type": "Feature", "properties": { "fid": 1145 }, "geometry": { "type": "Polygon", "coordinates": [ [ [ -40.360316588340091, -20.423119669474389 ], [ -40.360317064911555, -20.423118976865108 ], [ -40.360473036239682, -20.422892300742049 ], [ -40.360392639062049, -20.422843140194416 ], [ -40.360236667655172, -20.423069816252468 ], [ -40.360236191084795, -20.423070508859634 ], [ -40.360316588340091, -20.423119669474389 ] ] ] } },
{ "type": "Feature", "properties": { "fid": 1146 }, "geometry": { "type": "Polygon", "coordinates": [ [ [ -40.360473036239682, -20.422892300742049 ], [ -40.360473512808454, -20.422891608134321 ], [ -40.360629483693074, -20.422664931887464 ], [ -40.360549086593103, -20.422615771406971 ], [ -40.360416314472872, -20.422808732225988 ], [ -40.360393115631055, -20.422842447586895 ], [ -40.360392639062049, -20.422843140194416 ], [ -40.360473036239682, -20.422892300742049 ] ] ] } },
{ "type": "Feature", "properties": { "fid": 1147 }, "geometry": { "type": "Polygon", "coordinates": [ [ [ -40.360416314472872, -20.422808732225988 ], [ -40.360549086593103, -20.422615771406971 ], [ -40.360428491034362, -20.422542030613545 ], [ -40.360376341898537, -20.422617820198084 ], [ -40.36032419268313, -20.422693609759691 ], [ -40.360272043386843, -20.422769399300304 ], [ -40.360392639062049, -20.422843140194416 ], [ -40.360393115631055, -20.422842447586895 ], [ -40.360416314472872, -20.422808732225988 ] ] ] } },
{ "type": "Feature", "properties": { "fid": 1148 }, "geometry": { "type": "Polygon", "coordinates": [ [ [ -40.360236667655172, -20.423069816252468 ], [ -40.360392639062049, -20.422843140194416 ], [ -40.360272043386843, -20.422769399300304 ], [ -40.360219894103153, -20.422845188842818 ], [ -40.360167744738575, -20.422920978364342 ], [ -40.360115595293109, -20.42299676786482 ], [ -40.360236191084795, -20.423070508859634 ], [ -40.360236667655172, -20.423069816252468 ] ] ] } },
{ "type": "Feature", "properties": { "fid": 1149 }, "geometry": { "type": "Polygon", "coordinates": [ [ [ -40.360115595293109, -20.42299676786482 ], [ -40.360167744738575, -20.422920978364342 ], [ -40.359926553543943, -20.422773496152644 ], [ -40.359874404052, -20.422849285593649 ], [ -40.360115595293109, -20.42299676786482 ] ] ] } },
{ "type": "Feature", "properties": { "fid": 1150 }, "geometry": { "type": "Polygon", "coordinates": [ [ [ -40.360167744738575, -20.422920978364342 ], [ -40.360219894103153, -20.422845188842818 ], [ -40.359978702992784, -20.422697706688641 ], [ -40.359926553543943, -20.422773496152644 ], [ -40.360167744738575, -20.422920978364342 ] ] ] } },
{ "type": "Feature", "properties": { "fid": 1151 }, "geometry": { "type": "Polygon", "coordinates": [ [ [ -40.360219894103153, -20.422845188842818 ], [ -40.360272043386843, -20.422769399300304 ], [ -40.360030852391901, -20.422621917211284 ], [ -40.359978702992784, -20.422697706688641 ], [ -40.360219894103153, -20.422845188842818 ] ] ] } },
{ "type": "Feature", "properties": { "fid": 1152 }, "geometry": { "type": "Polygon", "coordinates": [ [ [ -40.360272043386843, -20.422769399300304 ], [ -40.36032419268313, -20.422693609759691 ], [ -40.360083001741295, -20.422546127720523 ], [ -40.360030852391901, -20.422621917211284 ], [ -40.360272043386843, -20.422769399300304 ] ] ] } },
{ "type": "Feature", "properties": { "fid": 1153 }, "geometry": { "type": "Polygon", "coordinates": [ [ [ -40.36032419268313, -20.422693609759691 ], [ -40.360376341898537, -20.422617820198084 ], [ -40.360135151040964, -20.42247033821646 ], [ -40.360083001741295, -20.422546127720523 ], [ -40.36032419268313, -20.422693609759691 ] ] ] } },
{ "type": "Feature", "properties": { "fid": 1154 }, "geometry": { "type": "Polygon", "coordinates": [ [ [ -40.360376341898537, -20.422617820198084 ], [ -40.360428491034362, -20.422542030613545 ], [ -40.360187300290903, -20.422394548698961 ], [ -40.360135151040964, -20.42247033821646 ], [ -40.360376341898537, -20.422617820198084 ] ] ] } },
{ "type": "Feature", "properties": { "fid": 1155 }, "geometry": { "type": "Polygon", "coordinates": [ [ [ -40.361335240891883, -20.422967266501121 ], [ -40.361387389676381, -20.422891476661786 ], [ -40.361146197499131, -20.422743996219882 ], [ -40.361094048599035, -20.422819785949422 ], [ -40.361335240891883, -20.422967266501121 ] ] ] } },
{ "type": "Feature", "properties": { "fid": 1156 }, "geometry": { "type": "Polygon", "coordinates": [ [ [ -40.361146197499131, -20.422743996219882 ], [ -40.361387389676381, -20.422891476661786 ], [ -40.361439538417763, -20.422815686799517 ], [ -40.361198346318169, -20.422668206424689 ], [ -40.361146197499131, -20.422743996219882 ] ] ] } },
{ "type": "Feature", "properties": { "fid": 1157 }, "geometry": { "type": "Polygon", "coordinates": [ [ [ -40.361198346318169, -20.422668206424689 ], [ -40.361439538417763, -20.422815686799517 ], [ -40.361491687109421, -20.422739896923822 ], [ -40.361250495087496, -20.422592416616162 ], [ -40.361198346318169, -20.422668206424689 ] ] ] } },
{ "type": "Feature", "properties": { "fid": 1158 }, "geometry": { "type": "Polygon", "coordinates": [ [ [ -40.361250495087496, -20.422592416616162 ], [ -40.361491687109421, -20.422739896923822 ], [ -40.361543835751355, -20.422664107034812 ], [ -40.361302643807115, -20.422516626794248 ], [ -40.361276575446198, -20.422554512997475 ], [ -40.361250495087496, -20.422592416616162 ] ] ] } },
{ "type": "Feature", "properties": { "fid": 1159 }, "geometry": { "type": "Polygon", "coordinates": [ [ [ -40.361302643807115, -20.422516626794248 ], [ -40.361543835751355, -20.422664107034812 ], [ -40.361595984343587, -20.422588317132412 ], [ -40.361354792476995, -20.422440836958984 ], [ -40.361302643807115, -20.422516626794248 ] ] ] } },
{ "type": "Feature", "properties": { "fid": 1160 }, "geometry": { "type": "Polygon", "coordinates": [ [ [ -40.361354792476995, -20.422440836958984 ], [ -40.361595984343587, -20.422588317132412 ], [ -40.361648132886089, -20.422512527216657 ], [ -40.361406941097144, -20.422365047110322 ], [ -40.361354792476995, -20.422440836958984 ] ] ] } },
{ "type": "Feature", "properties": { "fid": 1161 }, "geometry": { "type": "Polygon", "coordinates": [ [ [ -40.361648132886089, -20.422512527216657 ], [ -40.36170029335851, -20.422436719876899 ], [ -40.361459101598619, -20.422289239810642 ], [ -40.361406941097144, -20.422365047110322 ], [ -40.361648132886089, -20.422512527216657 ] ] ] } },
{ "type": "Feature", "properties": { "fid": 1162 }, "geometry": { "type": "Polygon", "coordinates": [ [ [ -40.36101365127886, -20.422770625701091 ], [ -40.361170097793803, -20.422543256411533 ], [ -40.361196178170587, -20.422505352796563 ], [ -40.361115780992058, -20.422456192584324 ], [ -40.361089700605007, -20.422494096184217 ], [ -40.360933254011059, -20.422721465408593 ], [ -40.36101365127886, -20.422770625701091 ] ] ] } },
{ "type": "Feature", "properties": { "fid": 1163 }, "geometry": { "type": "Polygon", "coordinates": [ [ [ -40.361170097793803, -20.422543256411533 ], [ -40.36101365127886, -20.422770625701091 ], [ -40.361094048599035, -20.422819785949422 ], [ -40.361146197499131, -20.422743996219882 ], [ -40.361198346318169, -20.422668206424689 ], [ -40.361250495087496, -20.422592416616162 ], [ -40.361276575446198, -20.422554512997475 ], [ -40.361196178170587, -20.422505352796563 ], [ -40.361170097793803, -20.422543256411533 ] ] ] } },
{ "type": "Feature", "properties": { "fid": 1164 }, "geometry": { "type": "Polygon", "coordinates": [ [ [ -40.361196178170587, -20.422505352796563 ], [ -40.361378704460982, -20.422240079717 ], [ -40.361298307372742, -20.422190919583521 ], [ -40.361115780992058, -20.422456192584324 ], [ -40.361196178170587, -20.422505352796563 ] ] ] } },
{ "type": "Feature", "properties": { "fid": 1165 }, "geometry": { "type": "Polygon", "coordinates": [ [ [ -40.361378704460982, -20.422240079717 ], [ -40.361196178170587, -20.422505352796563 ], [ -40.361276575446198, -20.422554512997475 ], [ -40.361302643807115, -20.422516626794248 ], [ -40.361354792476995, -20.422440836958984 ], [ -40.361406941097144, -20.422365047110322 ], [ -40.361459101598619, -20.422289239810642 ], [ -40.361378704460982, -20.422240079717 ] ] ] } },
{ "type": "Feature", "properties": { "fid": 1166 }, "geometry": { "type": "Polygon", "coordinates": [ [ [ -40.361089700605007, -20.422494096184217 ], [ -40.361115780992058, -20.422456192584324 ], [ -40.361035383863246, -20.422407032331776 ], [ -40.36100930346322, -20.422444935920506 ], [ -40.360852856792967, -20.42267230507581 ], [ -40.360933254011059, -20.422721465408593 ], [ -40.361089700605007, -20.422494096184217 ] ] ] } },
{ "type": "Feature", "properties": { "fid": 1167 }, "geometry": { "type": "Polygon", "coordinates": [ [ [ -40.361115780992058, -20.422456192584324 ], [ -40.361298307372742, -20.422190919583521 ], [ -40.361217910334204, -20.422141759409758 ], [ -40.361035383863246, -20.422407032331776 ], [ -40.361115780992058, -20.422456192584324 ] ] ] } },
{ "type": "Feature", "properties": { "fid": 1168 }, "geometry": { "type": "Polygon", "coordinates": [ [ [ -40.360852856792967, -20.42267230507581 ], [ -40.36100930346322, -20.422444935920506 ], [ -40.361035383863246, -20.422407032331776 ], [ -40.360954986784151, -20.422357872038937 ], [ -40.36092890637385, -20.422395775612603 ], [ -40.360772459624599, -20.42262314470273 ], [ -40.360852856792967, -20.42267230507581 ] ] ] } },
{ "type": "Feature", "properties": { "fid": 1169 }, "geometry": { "type": "Polygon", "coordinates": [ [ [ -40.361035383863246, -20.422407032331776 ], [ -40.361217910334204, -20.422141759409758 ], [ -40.361137513345412, -20.422092599195693 ], [ -40.360954986784151, -20.422357872038937 ], [ -40.361035383863246, -20.422407032331776 ] ] ] } },
{ "type": "Feature", "properties": { "fid": 1170 }, "geometry": { "type": "Polygon", "coordinates": [ [ [ -40.36092890637385, -20.422395775612603 ], [ -40.360954986784151, -20.422357872038937 ], [ -40.360874589754779, -20.422308711705814 ], [ -40.360848509331539, -20.422346615268296 ], [ -40.360692062505969, -20.422573984289368 ], [ -40.360772459624599, -20.42262314470273 ], [ -40.36092890637385, -20.422395775612603 ] ] ] } },
{ "type": "Feature", "properties": { "fid": 1171 }, "geometry": { "type": "Polygon", "coordinates": [ [ [ -40.360954986784151, -20.422357872038937 ], [ -40.361137513345412, -20.422092599195693 ], [ -40.3610571164063, -20.422043438941323 ], [ -40.360874589754779, -20.422308711705814 ], [ -40.360954986784151, -20.422357872038937 ] ] ] } },
{ "type": "Feature", "properties": { "fid": 1172 }, "geometry": { "type": "Polygon", "coordinates": [ [ [ -40.360692062505969, -20.422573984289368 ], [ -40.360848509331539, -20.422346615268296 ], [ -40.360874589754779, -20.422308711705814 ], [ -40.360794192775145, -20.422259551332406 ], [ -40.360768112340281, -20.42229745488175 ], [ -40.360611665437048, -20.422524823835708 ], [ -40.360692062505969, -20.422573984289368 ] ] ] } },
{ "type": "Feature", "properties": { "fid": 1173 }, "geometry": { "type": "Polygon", "coordinates": [ [ [ -40.360874589754779, -20.422308711705814 ], [ -40.3610571164063, -20.422043438941323 ], [ -40.360976719516962, -20.421994278646693 ], [ -40.360794192775145, -20.422259551332406 ], [ -40.360874589754779, -20.422308711705814 ] ] ] } },
{ "type": "Feature", "properties": { "fid": 1174 }, "geometry": { "type": "Polygon", "coordinates": [ [ [ -40.360794192775145, -20.422259551332406 ], [ -40.360976719516962, -20.421994278646693 ], [ -40.360856124276125, -20.421920538129168 ], [ -40.360803963556535, -20.421996345198046 ], [ -40.36075181474223, -20.422072134878889 ], [ -40.360699665878208, -20.422147924546344 ], [ -40.3606735973989, -20.422185810696739 ], [ -40.360794192775145, -20.422259551332406 ] ] ] } },
{ "type": "Feature", "properties": { "fid": 1175 }, "geometry": { "type": "Polygon", "coordinates": [ [ [ -40.360768112340281, -20.42229745488175 ], [ -40.360794192775145, -20.422259551332406 ], [ -40.3606735973989, -20.422185810696739 ], [ -40.360647516964455, -20.422223714200449 ], [ -40.360595368001, -20.422299503841188 ], [ -40.3605432189878, -20.422375293468555 ], [ -40.360491069924912, -20.422451083082571 ], [ -40.360611665437048, -20.422524823835708 ], [ -40.360768112340281, -20.42229745488175 ] ] ] } },
{ "type": "Feature", "properties": { "fid": 1176 }, "geometry": { "type": "Polygon", "coordinates": [ [ [ -40.360491069924912, -20.422451083082571 ], [ -40.3605432189878, -20.422375293468555 ], [ -40.360302028376815, -20.42222781175742 ], [ -40.360249879287807, -20.422303601327162 ], [ -40.360491069924912, -20.422451083082571 ] ] ] } },
{ "type": "Feature", "properties": { "fid": 1177 }, "geometry": { "type": "Polygon", "coordinates": [ [ [ -40.3605432189878, -20.422375293468555 ], [ -40.360595368001, -20.422299503841188 ], [ -40.360354177467663, -20.422152022197182 ], [ -40.360302028376815, -20.42222781175742 ], [ -40.3605432189878, -20.422375293468555 ] ] ] } },
{ "type": "Feature", "properties": { "fid": 1178 }, "geometry": { "type": "Polygon", "coordinates": [ [ [ -40.360595368001, -20.422299503841188 ], [ -40.360647516964455, -20.422223714200449 ], [ -40.360406326508787, -20.422076232623578 ], [ -40.360354177467663, -20.422152022197182 ], [ -40.360595368001, -20.422299503841188 ] ] ] } },
{ "type": "Feature", "properties": { "fid": 1179 }, "geometry": { "type": "Polygon", "coordinates": [ [ [ -40.360647516964455, -20.422223714200449 ], [ -40.3606735973989, -20.422185810696739 ], [ -40.360699665878208, -20.422147924546344 ], [ -40.360458475500181, -20.422000443036573 ], [ -40.360406326508787, -20.422076232623578 ], [ -40.360647516964455, -20.422223714200449 ] ] ] } },
{ "type": "Feature", "properties": { "fid": 1180 }, "geometry": { "type": "Polygon", "coordinates": [ [ [ -40.360699665878208, -20.422147924546344 ], [ -40.36075181474223, -20.422072134878889 ], [ -40.360510624441844, -20.421924653436221 ], [ -40.360458475500181, -20.422000443036573 ], [ -40.360699665878208, -20.422147924546344 ] ] ] } },
{ "type": "Feature", "properties": { "fid": 1181 }, "geometry": { "type": "Polygon", "coordinates": [ [ [ -40.36075181474223, -20.422072134878889 ], [ -40.360803963556535, -20.421996345198046 ], [ -40.360562773333811, -20.421848863822515 ], [ -40.360510624441844, -20.421924653436221 ], [ -40.36075181474223, -20.422072134878889 ] ] ] } },
{ "type": "Feature", "properties": { "fid": 1182 }, "geometry": { "type": "Polygon", "coordinates": [ [ [ -40.360803963556535, -20.421996345198046 ], [ -40.360856124276125, -20.421920538129168 ], [ -40.360614934177462, -20.421773056851141 ], [ -40.360562773333811, -20.421848863822515 ], [ -40.360803963556535, -20.421996345198046 ] ] ] } },
{ "type": "Feature", "properties": { "fid": 1183 }, "geometry": { "type": "Polygon", "coordinates": [ [ [ -40.362878228238124, -20.423264651632373 ], [ -40.362930376351578, -20.423188861385213 ], [ -40.362689182358146, -20.423041383195603 ], [ -40.362637034167037, -20.423117173375633 ], [ -40.362878228238124, -20.423264651632373 ] ] ] } },
{ "type": "Feature", "properties": { "fid": 1184 }, "geometry": { "type": "Polygon", "coordinates": [ [ [ -40.362826080091757, -20.423340441890431 ], [ -40.362878228238124, -20.423264651632373 ], [ -40.362637034167037, -20.423117173375633 ], [ -40.362584885942972, -20.423192963566592 ], [ -40.362826080091757, -20.423340441890431 ] ] ] } },
{ "type": "Feature", "properties": { "fid": 1185 }, "geometry": { "type": "Polygon", "coordinates": [ [ [ -40.36277393189566, -20.423416232135143 ], [ -40.362826080091757, -20.423340441890431 ], [ -40.362584885942972, -20.423192963566592 ], [ -40.362532737669206, -20.423268753744196 ], [ -40.36277393189566, -20.423416232135143 ] ] ] } },
{ "type": "Feature", "properties": { "fid": 1186 }, "geometry": { "type": "Polygon", "coordinates": [ [ [ -40.362721783649846, -20.423492022366492 ], [ -40.36277393189566, -20.423416232135143 ], [ -40.362532737669206, -20.423268753744196 ], [ -40.362506663519497, -20.423306648819498 ], [ -40.362480589345729, -20.423344543908428 ], [ -40.362721783649846, -20.423492022366492 ] ] ] } },
{ "type": "Feature", "properties": { "fid": 1187 }, "geometry": { "type": "Polygon", "coordinates": [ [ [ -40.362669635354301, -20.423567812584523 ], [ -40.362721783649846, -20.423492022366492 ], [ -40.362480589345729, -20.423344543908428 ], [ -40.362428440972508, -20.423420334059323 ], [ -40.362669635354301, -20.423567812584523 ] ] ] } },
{ "type": "Feature", "properties": { "fid": 1188 }, "geometry": { "type": "Polygon", "coordinates": [ [ [ -40.362617487009047, -20.423643602789099 ], [ -40.362669635354301, -20.423567812584523 ], [ -40.362428440972508, -20.423420334059323 ], [ -40.362376292549563, -20.423496124196813 ], [ -40.362617487009047, -20.423643602789099 ] ] ] } },
{ "type": "Feature", "properties": { "fid": 1189 }, "geometry": { "type": "Polygon", "coordinates": [ [ [ -40.362565338646768, -20.42371939298156 ], [ -40.362617487009047, -20.423643602789099 ], [ -40.362376292549563, -20.423496124196813 ], [ -40.3623241441096, -20.423571914322103 ], [ -40.362565338646768, -20.42371939298156 ] ] ] } },
{ "type": "Feature", "properties": { "fid": 1190 }, "geometry": { "type": "Polygon", "coordinates": [ [ [ -40.362637034167037, -20.423117173375633 ], [ -40.362689182358146, -20.423041383195603 ], [ -40.362608784385692, -20.422992223679707 ], [ -40.362426265480387, -20.423257489239152 ], [ -40.362506663519497, -20.423306648819498 ], [ -40.362532737669206, -20.423268753744196 ], [ -40.362584885942972, -20.423192963566592 ], [ -40.362637034167037, -20.423117173375633 ] ] ] } },
{ "type": "Feature", "properties": { "fid": 1191 }, "geometry": { "type": "Polygon", "coordinates": [ [ [ -40.362480589345729, -20.423344543908428 ], [ -40.362506663519497, -20.423306648819498 ], [ -40.362426265480387, -20.423257489239152 ], [ -40.362243745956576, -20.42352275464857 ], [ -40.3623241441096, -20.423571914322103 ], [ -40.362376292549563, -20.423496124196813 ], [ -40.362428440972508, -20.423420334059323 ], [ -40.362480589345729, -20.423344543908428 ] ] ] } },
{ "type": "Feature", "properties": { "fid": 1192 }, "geometry": { "type": "Polygon", "coordinates": [ [ [ -40.362426265480387, -20.423257489239152 ], [ -40.362608784385692, -20.422992223679707 ], [ -40.362528386536717, -20.422943064162727 ], [ -40.362345867538345, -20.423208329647448 ], [ -40.362426265480387, -20.423257489239152 ] ] ] } },
{ "type": "Feature", "properties": { "fid": 1193 }, "geometry": { "type": "Polygon", "coordinates": [ [ [ -40.362243745956576, -20.42352275464857 ], [ -40.362426265480387, -20.423257489239152 ], [ -40.362345867538345, -20.423208329647448 ], [ -40.36216334792671, -20.423473594974528 ], [ -40.362243745956576, -20.42352275464857 ] ] ] } },
{ "type": "Feature", "properties": { "fid": 1194 }, "geometry": { "type": "Polygon", "coordinates": [ [ [ -40.362345867538345, -20.423208329647448 ], [ -40.362528386536717, -20.422943064162727 ], [ -40.362447988737458, -20.422893904605477 ], [ -40.362265469646026, -20.423159170015449 ], [ -40.362345867538345, -20.423208329647448 ] ] ] } },
{ "type": "Feature", "properties": { "fid": 1195 }, "geometry": { "type": "Polygon", "coordinates": [ [ [ -40.36216334792671, -20.423473594974528 ], [ -40.362345867538345, -20.423208329647448 ], [ -40.362265469646026, -20.423159170015449 ], [ -40.362082949946547, -20.423424435260181 ], [ -40.36216334792671, -20.423473594974528 ] ] ] } },
{ "type": "Feature", "properties": { "fid": 1196 }, "geometry": { "type": "Polygon", "coordinates": [ [ [ -40.362265469646026, -20.423159170015449 ], [ -40.362447988737458, -20.422893904605477 ], [ -40.362367590987944, -20.422844745007907 ], [ -40.36218507180341, -20.423110010343148 ], [ -40.362265469646026, -20.423159170015449 ] ] ] } },
{ "type": "Feature", "properties": { "fid": 1197 }, "geometry": { "type": "Polygon", "coordinates": [ [ [ -40.362082949946547, -20.423424435260181 ], [ -40.362265469646026, -20.423159170015449 ], [ -40.36218507180341, -20.423110010343148 ], [ -40.362002552016101, -20.423375275505517 ], [ -40.362082949946547, -20.423424435260181 ] ] ] } },
{ "type": "Feature", "properties": { "fid": 1198 }, "geometry": { "type": "Polygon", "coordinates": [ [ [ -40.36218507180341, -20.423110010343148 ], [ -40.362367590987944, -20.422844745007907 ], [ -40.362287193288125, -20.422795585370071 ], [ -40.362104674010546, -20.423060850630566 ], [ -40.36218507180341, -20.423110010343148 ] ] ] } },
{ "type": "Feature", "properties": { "fid": 1199 }, "geometry": { "type": "Polygon", "coordinates": [ [ [ -40.362002552016101, -20.423375275505517 ], [ -40.36218507180341, -20.423110010343148 ], [ -40.362104674010546, -20.423060850630566 ], [ -40.361922154135421, -20.423326115710573 ], [ -40.362002552016101, -20.423375275505517 ] ] ] } },
{ "type": "Feature", "properties": { "fid": 1200 }, "geometry": { "type": "Polygon", "coordinates": [ [ [ -40.362104674010546, -20.423060850630566 ], [ -40.362287193288125, -20.422795585370071 ], [ -40.362206795638031, -20.422746425691912 ], [ -40.362024276267377, -20.423011690877669 ], [ -40.362104674010546, -20.423060850630566 ] ] ] } },
{ "type": "Feature", "properties": { "fid": 1201 }, "geometry": { "type": "Polygon", "coordinates": [ [ [ -40.361922154135421, -20.423326115710573 ], [ -40.362104674010546, -20.423060850630566 ], [ -40.362024276267377, -20.423011690877669 ], [ -40.361841756304415, -20.423276955875327 ], [ -40.361922154135421, -20.423326115710573 ] ] ] } },
{ "type": "Feature", "properties": { "fid": 1202 }, "geometry": { "type": "Polygon", "coordinates": [ [ [ -40.362024276267377, -20.423011690877669 ], [ -40.362206795638031, -20.422746425691912 ], [ -40.362086199251856, -20.422672686096512 ], [ -40.362034050920975, -20.422748476087168 ], [ -40.36198190250277, -20.422824266110336 ], [ -40.361929754034819, -20.42290005612011 ], [ -40.36190367975658, -20.422937951179325 ], [ -40.362024276267377, -20.423011690877669 ] ] ] } },
{ "type": "Feature", "properties": { "fid": 1203 }, "geometry": { "type": "Polygon", "coordinates": [ [ [ -40.361841756304415, -20.423276955875327 ], [ -40.362024276267377, -20.423011690877669 ], [ -40.36190367975658, -20.422937951179325 ], [ -40.361877605517165, -20.42297584611655 ], [ -40.361825456949759, -20.423051636099636 ], [ -40.361773308332658, -20.423127426069321 ], [ -40.361721159676819, -20.423203216062589 ], [ -40.361841756304415, -20.423276955875327 ] ] ] } },
{ "type": "Feature", "properties": { "fid": 1204 }, "geometry": { "type": "Polygon", "coordinates": [ [ [ -40.362034050920975, -20.422748476087168 ], [ -40.362086199251856, -20.422672686096512 ], [ -40.361845006822669, -20.422525206639566 ], [ -40.361792858416095, -20.422600996561105 ], [ -40.362034050920975, -20.422748476087168 ] ] ] } },
{ "type": "Feature", "properties": { "fid": 1205 }, "geometry": { "type": "Polygon", "coordinates": [ [ [ -40.36198190250277, -20.422824266110336 ], [ -40.362034050920975, -20.422748476087168 ], [ -40.361792858416095, -20.422600996561105 ], [ -40.361740709920205, -20.42267678651714 ], [ -40.36198190250277, -20.422824266110336 ] ] ] } },
{ "type": "Feature", "properties": { "fid": 1206 }, "geometry": { "type": "Polygon", "coordinates": [ [ [ -40.361929754034819, -20.42290005612011 ], [ -40.36198190250277, -20.422824266110336 ], [ -40.361740709920205, -20.42267678651714 ], [ -40.361688561374592, -20.422752576459814 ], [ -40.361929754034819, -20.42290005612011 ] ] ] } },
{ "type": "Feature", "properties": { "fid": 1207 }, "geometry": { "type": "Polygon", "coordinates": [ [ [ -40.36190367975658, -20.422937951179325 ], [ -40.361929754034819, -20.42290005612011 ], [ -40.361688561374592, -20.422752576459814 ], [ -40.361636412779255, -20.422828366389123 ], [ -40.361877605517165, -20.42297584611655 ], [ -40.36190367975658, -20.422937951179325 ] ] ] } },
{ "type": "Feature", "properties": { "fid": 1208 }, "geometry": { "type": "Polygon", "coordinates": [ [ [ -40.361825456949759, -20.423051636099636 ], [ -40.361877605517165, -20.42297584611655 ], [ -40.361636412779255, -20.422828366389123 ], [ -40.361584264134216, -20.422904156305062 ], [ -40.361825456949759, -20.423051636099636 ] ] ] } },
{ "type": "Feature", "properties": { "fid": 1209 }, "geometry": { "type": "Polygon", "coordinates": [ [ [ -40.361773308332658, -20.423127426069321 ], [ -40.361825456949759, -20.423051636099636 ], [ -40.361584264134216, -20.422904156305062 ], [ -40.361532115439431, -20.422979946207654 ], [ -40.361773308332658, -20.423127426069321 ] ] ] } },
{ "type": "Feature", "properties": { "fid": 1210 }, "geometry": { "type": "Polygon", "coordinates": [ [ [ -40.361721159676819, -20.423203216062589 ], [ -40.361773308332658, -20.423127426069321 ], [ -40.361532115439431, -20.422979946207654 ], [ -40.361479966697608, -20.423055736145876 ], [ -40.361721159676819, -20.423203216062589 ] ] ] } },
{ "type": "Feature", "properties": { "fid": 1211 }, "geometry": { "type": "Polygon", "coordinates": [ [ [ -40.362189868736905, -20.424265081998151 ], [ -40.362242017483254, -20.424189291912707 ], [ -40.36200082246453, -20.424041812837096 ], [ -40.361948673640462, -20.424117602855393 ], [ -40.362189868736905, -20.424265081998151 ] ] ] } },
{ "type": "Feature", "properties": { "fid": 1212 }, "geometry": { "type": "Polygon", "coordinates": [ [ [ -40.361948673640462, -20.424117602855393 ], [ -40.36200082246453, -20.424041812837096 ], [ -40.362052971245483, -20.423966022795828 ], [ -40.362105119976704, -20.42389023274113 ], [ -40.36215726865818, -20.423814442673148 ], [ -40.362209417289954, -20.423738652591744 ], [ -40.362261565872018, -20.423662862497014 ], [ -40.362261565770353, -20.423662862502443 ], [ -40.362209417194933, -20.423738652587563 ], [ -40.362157268569781, -20.423814442659342 ], [ -40.362105119894885, -20.423890232717742 ], [ -40.362052971170286, -20.423966022762773 ], [ -40.362000822395949, -20.424041812794449 ], [ -40.361948673571902, -20.42411760281275 ], [ -40.361948673640462, -20.424117602855393 ] ] ] } },
{ "type": "Feature", "properties": { "fid": 1213 }, "geometry": { "type": "Polygon", "coordinates": [ [ [ -40.36200082246453, -20.424041812837096 ], [ -40.362242017483254, -20.424189291912707 ], [ -40.362294166186544, -20.424113501804314 ], [ -40.362052971245483, -20.423966022795828 ], [ -40.36200082246453, -20.424041812837096 ] ] ] } },
{ "type": "Feature", "properties": { "fid": 1214 }, "geometry": { "type": "Polygon", "coordinates": [ [ [ -40.362052971245483, -20.423966022795828 ], [ -40.362294166186544, -20.424113501804314 ], [ -40.362346314840075, -20.424037711682512 ], [ -40.362105119976704, -20.42389023274113 ], [ -40.362052971245483, -20.423966022795828 ] ] ] } },
{ "type": "Feature", "properties": { "fid": 1215 }, "geometry": { "type": "Polygon", "coordinates": [ [ [ -40.362105119976704, -20.42389023274113 ], [ -40.362346314840075, -20.424037711682512 ], [ -40.362398463443924, -20.423961921547399 ], [ -40.36215726865818, -20.423814442673148 ], [ -40.362105119976704, -20.42389023274113 ] ] ] } },
{ "type": "Feature", "properties": { "fid": 1216 }, "geometry": { "type": "Polygon", "coordinates": [ [ [ -40.36215726865818, -20.423814442673148 ], [ -40.362398463443924, -20.423961921547399 ], [ -40.362450611998, -20.423886131398877 ], [ -40.362209417289954, -20.423738652591744 ], [ -40.36215726865818, -20.423814442673148 ] ] ] } },
{ "type": "Feature", "properties": { "fid": 1217 }, "geometry": { "type": "Polygon", "coordinates": [ [ [ -40.362209417289954, -20.423738652591744 ], [ -40.362450611998, -20.423886131398877 ], [ -40.36250276050238, -20.423810341237019 ], [ -40.362261565872018, -20.423662862497014 ], [ -40.362209417289954, -20.423738652591744 ] ] ] } },
{ "type": "Feature", "properties": { "fid": 1218 }, "geometry": { "type": "Polygon", "coordinates": [ [ [ -40.361948673571902, -20.42411760281275 ], [ -40.362000822395949, -20.424041812794449 ], [ -40.362052971170286, -20.423966022762773 ], [ -40.362105119894885, -20.423890232717742 ], [ -40.362024721735857, -20.423841072991952 ], [ -40.361868275335176, -20.424068443019838 ], [ -40.361948673571902, -20.42411760281275 ] ] ] } },
{ "type": "Feature", "properties": { "fid": 1219 }, "geometry": { "type": "Polygon", "coordinates": [ [ [ -40.362105119894885, -20.423890232717742 ], [ -40.362157268569781, -20.423814442659342 ], [ -40.362209417194933, -20.423738652587563 ], [ -40.362261565770353, -20.423662862502443 ], [ -40.362181167690302, -20.423613702841863 ], [ -40.362024721735857, -20.423841072991952 ], [ -40.362105119894885, -20.423890232717742 ] ] ] } },
{ "type": "Feature", "properties": { "fid": 1220 }, "geometry": { "type": "Polygon", "coordinates": [ [ [ -40.361868275335176, -20.424068443019838 ], [ -40.362024721735857, -20.423841072991952 ], [ -40.361944323599857, -20.423791913220089 ], [ -40.361787877120214, -20.424019283182758 ], [ -40.361868275335176, -20.424068443019838 ] ] ] } },
{ "type": "Feature", "properties": { "fid": 1221 }, "geometry": { "type": "Polygon", "coordinates": [ [ [ -40.362024721735857, -20.423841072991952 ], [ -40.362181167690302, -20.423613702841863 ], [ -40.362100769630672, -20.423564543139026 ], [ -40.361944323599857, -20.423791913220089 ], [ -40.362024721735857, -20.423841072991952 ] ] ] } },
{ "type": "Feature", "properties": { "fid": 1222 }, "geometry": { "type": "Polygon", "coordinates": [ [ [ -40.361944323599857, -20.423791913220089 ], [ -40.362100769630672, -20.423564543139026 ], [ -40.362020371620787, -20.423515383395916 ], [ -40.361863925510967, -20.423742753411766 ], [ -40.361944323599857, -20.423791913220089 ] ] ] } },
{ "type": "Feature", "properties": { "fid": 1223 }, "geometry": { "type": "Polygon", "coordinates": [ [ [ -40.361787877120214, -20.424019283182758 ], [ -40.361944323599857, -20.423791913220089 ], [ -40.361863925510967, -20.423742753411766 ], [ -40.361707478954948, -20.423970123305423 ], [ -40.361787877120214, -20.424019283182758 ] ] ] } },
{ "type": "Feature", "properties": { "fid": 1224 }, "geometry": { "type": "Polygon", "coordinates": [ [ [ -40.361707478954948, -20.423970123305423 ], [ -40.361863925510967, -20.423742753411766 ], [ -40.361783527474437, -20.423693593559332 ], [ -40.36162708083944, -20.423920963387737 ], [ -40.361707478954948, -20.423970123305423 ] ] ] } },
{ "type": "Feature", "properties": { "fid": 1225 }, "geometry": { "type": "Polygon", "coordinates": [ [ [ -40.361863925510967, -20.423742753411766 ], [ -40.362020371620787, -20.423515383395916 ], [ -40.361939973660597, -20.4234662236125 ], [ -40.361783527474437, -20.423693593559332 ], [ -40.361863925510967, -20.423742753411766 ] ] ] } },
{ "type": "Feature", "properties": { "fid": 1226 }, "geometry": { "type": "Polygon", "coordinates": [ [ [ -40.361783527474437, -20.423693593559332 ], [ -40.361939973660597, -20.4234662236125 ], [ -40.361859575750152, -20.423417063788801 ], [ -40.361703129484994, -20.42364443367039 ], [ -40.361783527474437, -20.423693593559332 ] ] ] } },
{ "type": "Feature", "properties": { "fid": 1227 }, "geometry": { "type": "Polygon", "coordinates": [ [ [ -40.36162708083944, -20.423920963387737 ], [ -40.361783527474437, -20.423693593559332 ], [ -40.361703129484994, -20.42364443367039 ], [ -40.361546682773643, -20.423871803429787 ], [ -40.36162708083944, -20.423920963387737 ] ] ] } },
{ "type": "Feature", "properties": { "fid": 1228 }, "geometry": { "type": "Polygon", "coordinates": [ [ [ -40.361546682773643, -20.423871803429787 ], [ -40.361703129484994, -20.42364443367039 ], [ -40.361622731546596, -20.423595273739267 ], [ -40.361466284757576, -20.423822643431517 ], [ -40.361546682773643, -20.423871803429787 ] ] ] } },
{ "type": "Feature", "properties": { "fid": 1229 }, "geometry": { "type": "Polygon", "coordinates": [ [ [ -40.361622731546596, -20.423595273739267 ], [ -40.361703129484994, -20.42364443367039 ], [ -40.361859575750152, -20.423417063788801 ], [ -40.361779177889403, -20.423367903924792 ], [ -40.361622731546596, -20.423595273739267 ] ] ] } },
{ "type": "Feature", "properties": { "fid": 1230 }, "geometry": { "type": "Polygon", "coordinates": [ [ [ -40.361622731546596, -20.423595273739267 ], [ -40.361779177889403, -20.423367903924792 ], [ -40.361658581189552, -20.423294164056106 ], [ -40.36160643244979, -20.423369953983006 ], [ -40.361554283630447, -20.423445743886948 ], [ -40.36150213473023, -20.423521533769897 ], [ -40.361622731546596, -20.423595273739267 ] ] ] } },
{ "type": "Feature", "properties": { "fid": 1231 }, "geometry": { "type": "Polygon", "coordinates": [ [ [ -40.361466284757576, -20.423822643431517 ], [ -40.361622731546596, -20.423595273739267 ], [ -40.36150213473023, -20.423521533769897 ], [ -40.361449985842633, -20.423597323654761 ], [ -40.361397836874133, -20.423673113518614 ], [ -40.361345687824723, -20.423748903361492 ], [ -40.361466284757576, -20.423822643431517 ] ] ] } },
{ "type": "Feature", "properties": { "fid": 1232 }, "geometry": { "type": "Polygon", "coordinates": [ [ [ -40.361345687824723, -20.423748903361492 ], [ -40.361397836874133, -20.423673113518614 ], [ -40.361156643397145, -20.423525633156419 ], [ -40.361104494301266, -20.423601422939772 ], [ -40.361345687824723, -20.423748903361492 ] ] ] } },
{ "type": "Feature", "properties": { "fid": 1233 }, "geometry": { "type": "Polygon", "coordinates": [ [ [ -40.361397836874133, -20.423673113518614 ], [ -40.361449985842633, -20.423597323654761 ], [ -40.361208792449929, -20.423449843350056 ], [ -40.361156643397145, -20.423525633156419 ], [ -40.361397836874133, -20.423673113518614 ] ] ] } },
{ "type": "Feature", "properties": { "fid": 1234 }, "geometry": { "type": "Polygon", "coordinates": [ [ [ -40.361449985842633, -20.423597323654761 ], [ -40.36150213473023, -20.423521533769897 ], [ -40.36126094145299, -20.423374053530328 ], [ -40.361208792449929, -20.423449843350056 ], [ -40.361449985842633, -20.423597323654761 ] ] ] } },
{ "type": "Feature", "properties": { "fid": 1235 }, "geometry": { "type": "Polygon", "coordinates": [ [ [ -40.36150213473023, -20.423521533769897 ], [ -40.361554283630447, -20.423445743886948 ], [ -40.361313090406348, -20.423298263697262 ], [ -40.36126094145299, -20.423374053530328 ], [ -40.36150213473023, -20.423521533769897 ] ] ] } },
{ "type": "Feature", "properties": { "fid": 1236 }, "geometry": { "type": "Polygon", "coordinates": [ [ [ -40.361554283630447, -20.423445743886948 ], [ -40.36160643244979, -20.423369953983006 ], [ -40.361365239309933, -20.423222473850803 ], [ -40.361313090406348, -20.423298263697262 ], [ -40.361554283630447, -20.423445743886948 ] ] ] } },
{ "type": "Feature", "properties": { "fid": 1237 }, "geometry": { "type": "Polygon", "coordinates": [ [ [ -40.36160643244979, -20.423369953983006 ], [ -40.361658581189552, -20.423294164056106 ], [ -40.361417388163837, -20.423146683991007 ], [ -40.361365239309933, -20.423222473850803 ], [ -40.36160643244979, -20.423369953983006 ] ] ] } },
{ "type": "Feature", "properties": { "fid": 1238 }, "geometry": { "type": "Polygon", "coordinates": [ [ [ -40.362064711457805, -20.424446978097222 ], [ -40.362116848410537, -20.424371205357634 ], [ -40.36187565313665, -20.424223726078388 ], [ -40.361823516174987, -20.424299498793381 ], [ -40.362064711457805, -20.424446978097222 ] ] ] } },
{ "type": "Feature", "properties": { "fid": 1239 }, "geometry": { "type": "Polygon", "coordinates": [ [ [ -40.362012562535753, -20.424522768146826 ], [ -40.362064711457805, -20.424446978097222 ], [ -40.361823516174987, -20.424299498793381 ], [ -40.361771367175244, -20.424375288775867 ], [ -40.362012562535753, -20.424522768146826 ] ] ] } },
{ "type": "Feature", "properties": { "fid": 1240 }, "geometry": { "type": "Polygon", "coordinates": [ [ [ -40.361960413563949, -20.424598558183092 ], [ -40.362012562535753, -20.424522768146826 ], [ -40.361771367175244, -20.424375288775867 ], [ -40.361719218056876, -20.424451078702855 ], [ -40.361960413563949, -20.424598558183092 ] ] ] } },
{ "type": "Feature", "properties": { "fid": 1241 }, "geometry": { "type": "Polygon", "coordinates": [ [ [ -40.361908264542443, -20.424674348205983 ], [ -40.361960413563949, -20.424598558183092 ], [ -40.361719218056876, -20.424451078702855 ], [ -40.361667069026595, -20.424526868700735 ], [ -40.361908264542443, -20.424674348205983 ] ] ] } },
{ "type": "Feature", "properties": { "fid": 1242 }, "geometry": { "type": "Polygon", "coordinates": [ [ [ -40.361856115471198, -20.424750138215479 ], [ -40.361908264542443, -20.424674348205983 ], [ -40.361667069026595, -20.424526868700735 ], [ -40.361614919877681, -20.424602658643142 ], [ -40.361856115471198, -20.424750138215479 ] ] ] } },
{ "type": "Feature", "properties": { "fid": 1243 }, "geometry": { "type": "Polygon", "coordinates": [ [ [ -40.361803966356838, -20.424825928202011 ], [ -40.361856115471198, -20.424750138215479 ], [ -40.361614919877681, -20.424602658643142 ], [ -40.361562770685637, -20.424678448562521 ], [ -40.361803966356838, -20.424825928202011 ] ] ] } },
{ "type": "Feature", "properties": { "fid": 1244 }, "geometry": { "type": "Polygon", "coordinates": [ [ [ -40.361562770685637, -20.424678448562521 ], [ -40.361614919877681, -20.424602658643142 ], [ -40.361562770617077, -20.424678448519899 ], [ -40.361562770685637, -20.424678448562521 ] ] ] } },
{ "type": "Feature", "properties": { "fid": 1245 }, "geometry": { "type": "Polygon", "coordinates": [ [ [ -40.361562770617077, -20.424678448519899 ], [ -40.361614919877681, -20.424602658643142 ], [ -40.361667069026595, -20.424526868700735 ], [ -40.361719218056876, -20.424451078702855 ], [ -40.361638819693347, -20.42440191883022 ], [ -40.361482372188775, -20.424629288561402 ], [ -40.361562770617077, -20.424678448519899 ] ] ] } },
{ "type": "Feature", "properties": { "fid": 1246 }, "geometry": { "type": "Polygon", "coordinates": [ [ [ -40.361719218056876, -20.424451078702855 ], [ -40.361771367175244, -20.424375288775867 ], [ -40.361823516174987, -20.424299498793381 ], [ -40.36187565313665, -20.424223726078388 ], [ -40.361795258393762, -20.424174561123714 ], [ -40.361638819693347, -20.42440191883022 ], [ -40.361719218056876, -20.424451078702855 ] ] ] } },
{ "type": "Feature", "properties": { "fid": 1247 }, "geometry": { "type": "Polygon", "coordinates": [ [ [ -40.361482372188775, -20.424629288561402 ], [ -40.361638819693347, -20.42440191883022 ], [ -40.361558421365785, -20.424352758892741 ], [ -40.361401973782208, -20.424580128558727 ], [ -40.361482372188775, -20.424629288561402 ] ] ] } },
{ "type": "Feature", "properties": { "fid": 1248 }, "geometry": { "type": "Polygon", "coordinates": [ [ [ -40.361638819693347, -20.42440191883022 ], [ -40.361795258393762, -20.424174561123714 ], [ -40.361714868500492, -20.424125389108411 ], [ -40.361558421365785, -20.424352758892741 ], [ -40.361638819693347, -20.42440191883022 ] ] ] } },
{ "type": "Feature", "properties": { "fid": 1249 }, "geometry": { "type": "Polygon", "coordinates": [ [ [ -40.361558421365785, -20.424352758892741 ], [ -40.361714868500492, -20.424125389108411 ], [ -40.361634470298995, -20.424076229199706 ], [ -40.361478023085304, -20.424303598918844 ], [ -40.361558421365785, -20.424352758892741 ] ] ] } },
{ "type": "Feature", "properties": { "fid": 1250 }, "geometry": { "type": "Polygon", "coordinates": [ [ [ -40.361401973782208, -20.424580128558727 ], [ -40.361558421365785, -20.424352758892741 ], [ -40.361478023085304, -20.424303598918844 ], [ -40.361321575425379, -20.424530968515807 ], [ -40.361401973782208, -20.424580128558727 ] ] ] } },
{ "type": "Feature", "properties": { "fid": 1251 }, "geometry": { "type": "Polygon", "coordinates": [ [ [ -40.361321575425379, -20.424530968515807 ], [ -40.361478023085304, -20.424303598918844 ], [ -40.36139762485719, -20.424254438900814 ], [ -40.361241177118288, -20.424481808432539 ], [ -40.361321575425379, -20.424530968515807 ] ] ] } },
{ "type": "Feature", "properties": { "fid": 1252 }, "geometry": { "type": "Polygon", "coordinates": [ [ [ -40.361478023085304, -20.424303598918844 ], [ -40.361634470298995, -20.424076229199706 ], [ -40.361554072147236, -20.42402706925073 ], [ -40.36139762485719, -20.424254438900814 ], [ -40.361478023085304, -20.424303598918844 ] ] ] } },
{ "type": "Feature", "properties": { "fid": 1253 }, "geometry": { "type": "Polygon", "coordinates": [ [ [ -40.36139762485719, -20.424254438900814 ], [ -40.361554072147236, -20.42402706925073 ], [ -40.361473669220011, -20.423977916274023 ], [ -40.361317226676157, -20.424205278846326 ], [ -40.36139762485719, -20.424254438900814 ] ] ] } },
{ "type": "Feature", "properties": { "fid": 1254 }, "geometry": { "type": "Polygon", "coordinates": [ [ [ -40.361241177118288, -20.424481808432539 ], [ -40.36139762485719, -20.424254438900814 ], [ -40.361317226676157, -20.424205278846326 ], [ -40.361160778860892, -20.424432648308997 ], [ -40.361241177118288, -20.424481808432539 ] ] ] } },
{ "type": "Feature", "properties": { "fid": 1255 }, "geometry": { "type": "Polygon", "coordinates": [ [ [ -40.361160778860892, -20.424432648308997 ], [ -40.361317226676157, -20.424205278846326 ], [ -40.361236828546168, -20.424156118749604 ], [ -40.361080380653263, -20.424383488145146 ], [ -40.361160778860892, -20.424432648308997 ] ] ] } },
{ "type": "Feature", "properties": { "fid": 1256 }, "geometry": { "type": "Polygon", "coordinates": [ [ [ -40.361236828546168, -20.424156118749604 ], [ -40.361317226676157, -20.424205278846326 ], [ -40.361473669220011, -20.423977916274023 ], [ -40.361393272050904, -20.423928754960869 ], [ -40.361236828546168, -20.424156118749604 ] ] ] } },
{ "type": "Feature", "properties": { "fid": 1257 }, "geometry": { "type": "Polygon", "coordinates": [ [ [ -40.361236828546168, -20.424156118749604 ], [ -40.361393272050904, -20.423928754960869 ], [ -40.361272676390456, -20.423855012915563 ], [ -40.361220529897935, -20.423930798942791 ], [ -40.361168380710637, -20.424006588747837 ], [ -40.361116231442466, -20.42408237853191 ], [ -40.361236828546168, -20.424156118749604 ] ] ] } },
{ "type": "Feature", "properties": { "fid": 1258 }, "geometry": { "type": "Polygon", "coordinates": [ [ [ -40.361080380653263, -20.424383488145146 ], [ -40.361236828546168, -20.424156118749604 ], [ -40.361116231442466, -20.42408237853191 ], [ -40.361064082186871, -20.424158168317831 ], [ -40.361011932850403, -20.424233958082773 ], [ -40.360959783433039, -20.424309747826726 ], [ -40.361080380653263, -20.424383488145146 ] ] ] } },
{ "type": "Feature", "properties": { "fid": 1259 }, "geometry": { "type": "Polygon", "coordinates": [ [ [ -40.360959783433039, -20.424309747826726 ], [ -40.361011932850403, -20.424233958082773 ], [ -40.360770738798706, -20.424086477223799 ], [ -40.360718589334851, -20.424162266908276 ], [ -40.360959783433039, -20.424309747826726 ] ] ] } },
{ "type": "Feature", "properties": { "fid": 1260 }, "geometry": { "type": "Polygon", "coordinates": [ [ [ -40.361011932850403, -20.424233958082773 ], [ -40.361064082186871, -20.424158168317831 ], [ -40.360822888219467, -20.4240106875164 ], [ -40.360770738798706, -20.424086477223799 ], [ -40.361011932850403, -20.424233958082773 ] ] ] } },
{ "type": "Feature", "properties": { "fid": 1261 }, "geometry": { "type": "Polygon", "coordinates": [ [ [ -40.361064082186871, -20.424158168317831 ], [ -40.361116231442466, -20.42408237853191 ], [ -40.360875037590503, -20.423934897795611 ], [ -40.360822888219467, -20.4240106875164 ], [ -40.361064082186871, -20.424158168317831 ] ] ] } },
{ "type": "Feature", "properties": { "fid": 1262 }, "geometry": { "type": "Polygon", "coordinates": [ [ [ -40.361116231442466, -20.42408237853191 ], [ -40.361168380710637, -20.424006588747837 ], [ -40.360927186911802, -20.423859108061404 ], [ -40.360875037590503, -20.423934897795611 ], [ -40.361116231442466, -20.42408237853191 ] ] ] } },
{ "type": "Feature", "properties": { "fid": 1263 }, "geometry": { "type": "Polygon", "coordinates": [ [ [ -40.361168380710637, -20.424006588747837 ], [ -40.361220529897935, -20.423930798942791 ], [ -40.360979336183377, -20.42378331831388 ], [ -40.360927186911802, -20.423859108061404 ], [ -40.361168380710637, -20.424006588747837 ] ] ] } },
{ "type": "Feature", "properties": { "fid": 1264 }, "geometry": { "type": "Polygon", "coordinates": [ [ [ -40.361220529897935, -20.423930798942791 ], [ -40.361272676390456, -20.423855012915563 ], [ -40.361031485405221, -20.423707528552978 ], [ -40.360979336183377, -20.42378331831388 ], [ -40.361220529897935, -20.423930798942791 ] ] ] } },
{ "type": "Feature", "properties": { "fid": 1265 }, "geometry": { "type": "Polygon", "coordinates": [ [ [ -40.361239362621497, -20.425148465009006 ], [ -40.361239432705752, -20.425148363154314 ], [ -40.361291582212743, -20.425072573308174 ], [ -40.361343731669976, -20.424996783448645 ], [ -40.361395881077485, -20.424920993575764 ], [ -40.361448030435277, -20.424845203689536 ], [ -40.361500179743331, -20.424769413789914 ], [ -40.361500179641688, -20.42476941379536 ], [ -40.361448030340249, -20.424845203685347 ], [ -40.361395880989079, -20.424920993561972 ], [ -40.361343731588164, -20.424996783425239 ], [ -40.361291582137547, -20.425072573275145 ], [ -40.361239432637177, -20.425148363111671 ], [ -40.361239362621497, -20.425148465009006 ] ] ] } },
{ "type": "Feature", "properties": { "fid": 1266 }, "geometry": { "type": "Polygon", "coordinates": [ [ [ -40.361239432705752, -20.425148363154314 ], [ -40.361480628858551, -20.425295843210009 ], [ -40.361532778287838, -20.425220053296769 ], [ -40.361291582212743, -20.425072573308174 ], [ -40.361239432705752, -20.425148363154314 ] ] ] } },
{ "type": "Feature", "properties": { "fid": 1267 }, "geometry": { "type": "Polygon", "coordinates": [ [ [ -40.361291582212743, -20.425072573308174 ], [ -40.361532778287838, -20.425220053296769 ], [ -40.361584927667415, -20.425144263370111 ], [ -40.361343731669976, -20.424996783448645 ], [ -40.361291582212743, -20.425072573308174 ] ] ] } },
{ "type": "Feature", "properties": { "fid": 1268 }, "geometry": { "type": "Polygon", "coordinates": [ [ [ -40.361343731669976, -20.424996783448645 ], [ -40.361584927667415, -20.425144263370111 ], [ -40.361637076997248, -20.425068473430088 ], [ -40.361395881077485, -20.424920993575764 ], [ -40.361343731669976, -20.424996783448645 ] ] ] } },
{ "type": "Feature", "properties": { "fid": 1269 }, "geometry": { "type": "Polygon", "coordinates": [ [ [ -40.361395881077485, -20.424920993575764 ], [ -40.361637076997248, -20.425068473430088 ], [ -40.361689226277377, -20.424992683476738 ], [ -40.361448030435277, -20.424845203689536 ], [ -40.361395881077485, -20.424920993575764 ] ] ] } },
{ "type": "Feature", "properties": { "fid": 1270 }, "geometry": { "type": "Polygon", "coordinates": [ [ [ -40.361448030435277, -20.424845203689536 ], [ -40.361689226277377, -20.424992683476738 ], [ -40.361741375507755, -20.424916893510012 ], [ -40.361500179743331, -20.424769413789914 ], [ -40.361448030435277, -20.424845203689536 ] ] ] } },
{ "type": "Feature", "properties": { "fid": 1271 }, "geometry": { "type": "Polygon", "coordinates": [ [ [ -40.361181899735158, -20.425232093576376 ], [ -40.361239362621497, -20.425148465009006 ], [ -40.361239432637177, -20.425148363111671 ], [ -40.361291582137547, -20.425072573275145 ], [ -40.361343731588164, -20.424996783425239 ], [ -40.361263333051127, -20.424947623372777 ], [ -40.361101237487141, -20.425183305604659 ], [ -40.361181899735158, -20.425232093576376 ] ] ] } },
{ "type": "Feature", "properties": { "fid": 1272 }, "geometry": { "type": "Polygon", "coordinates": [ [ [ -40.361343731588164, -20.424996783425239 ], [ -40.361395880989079, -20.424920993561972 ], [ -40.361448030340249, -20.424845203685347 ], [ -40.361500179641688, -20.42476941379536 ], [ -40.361419781183614, -20.424720253808072 ], [ -40.361263333051127, -20.424947623372777 ], [ -40.361343731588164, -20.424996783425239 ] ] ] } },
{ "type": "Feature", "properties": { "fid": 1273 }, "geometry": { "type": "Polygon", "coordinates": [ [ [ -40.361101237487141, -20.425183305604659 ], [ -40.361263333051127, -20.424947623372777 ], [ -40.361182934537148, -20.424898463274193 ], [ -40.361026485879414, -20.425125832651474 ], [ -40.361020948442928, -20.425134743290545 ], [ -40.361101237487141, -20.425183305604659 ] ] ] } },
{ "type": "Feature", "properties": { "fid": 1274 }, "geometry": { "type": "Polygon", "coordinates": [ [ [ -40.361263333051127, -20.424947623372777 ], [ -40.361419781183614, -20.424720253808072 ], [ -40.361339382745996, -20.424671093778585 ], [ -40.361182934537148, -20.424898463274193 ], [ -40.361263333051127, -20.424947623372777 ] ] ] } },
{ "type": "Feature", "properties": { "fid": 1275 }, "geometry": { "type": "Polygon", "coordinates": [ [ [ -40.361182934537148, -20.424898463274193 ], [ -40.361339382745996, -20.424671093778585 ], [ -40.361258984358088, -20.424621933708742 ], [ -40.361102536070241, -20.424849303139212 ], [ -40.361182934537148, -20.424898463274193 ] ] ] } },
{ "type": "Feature", "properties": { "fid": 1276 }, "geometry": { "type": "Polygon", "coordinates": [ [ [ -40.361020948442928, -20.425134743290545 ], [ -40.361026485879414, -20.425125832651474 ], [ -40.361182934537148, -20.424898463274193 ], [ -40.361102536070241, -20.424849303139212 ], [ -40.360939886410371, -20.425085713369263 ], [ -40.361020948442928, -20.425134743290545 ] ] ] } },
{ "type": "Feature", "properties": { "fid": 1277 }, "geometry": { "type": "Polygon", "coordinates": [ [ [ -40.360939886410371, -20.425085713369263 ], [ -40.361102536070241, -20.424849303139212 ], [ -40.361022137655731, -20.42480014296002 ], [ -40.360859177406773, -20.425037023293019 ], [ -40.360939886410371, -20.425085713369263 ] ] ] } },
{ "type": "Feature", "properties": { "fid": 1278 }, "geometry": { "type": "Polygon", "coordinates": [ [ [ -40.361102536070241, -20.424849303139212 ], [ -40.361258984358088, -20.424621933708742 ], [ -40.361178586019918, -20.424572773598666 ], [ -40.361022137655731, -20.42480014296002 ], [ -40.361102536070241, -20.424849303139212 ] ] ] } },
{ "type": "Feature", "properties": { "fid": 1279 }, "geometry": { "type": "Polygon", "coordinates": [ [ [ -40.361022137655731, -20.42480014296002 ], [ -40.361178586019918, -20.424572773598666 ], [ -40.361098187731471, -20.424523613448255 ], [ -40.360941739288286, -20.424750982744424 ], [ -40.361022137655731, -20.42480014296002 ] ] ] } },
{ "type": "Feature", "properties": { "fid": 1280 }, "geometry": { "type": "Polygon", "coordinates": [ [ [ -40.360859177406773, -20.425037023293019 ], [ -40.361022137655731, -20.42480014296002 ], [ -40.360941739288286, -20.424750982744424 ], [ -40.360778433469079, -20.424988059239382 ], [ -40.360859177406773, -20.425037023293019 ] ] ] } },
{ "type": "Feature", "properties": { "fid": 1281 }, "geometry": { "type": "Polygon", "coordinates": [ [ [ -40.360778433469079, -20.424988059239382 ], [ -40.360941739288286, -20.424750982744424 ], [ -40.360861340971887, -20.424701822486583 ], [ -40.360861340538257, -20.424701823116809 ], [ -40.360697907914769, -20.424939353592475 ], [ -40.360778433469079, -20.424988059239382 ] ] ] } },
{ "type": "Feature", "properties": { "fid": 1282 }, "geometry": { "type": "Polygon", "coordinates": [ [ [ -40.360861340971887, -20.424701822486583 ], [ -40.360941739288286, -20.424750982744424 ], [ -40.361098187731471, -20.424523613448255 ], [ -40.361017789492742, -20.42447445325756 ], [ -40.360861340971887, -20.424701822486583 ] ] ] } },
{ "type": "Feature", "properties": { "fid": 1283 }, "geometry": { "type": "Polygon", "coordinates": [ [ [ -40.360861340971887, -20.424701822486583 ], [ -40.361017789492742, -20.42447445325756 ], [ -40.36089719222592, -20.424400712898862 ], [ -40.360845042760147, -20.424476502630583 ], [ -40.360792893214807, -20.424552292339392 ], [ -40.360740743588579, -20.424628082027187 ], [ -40.360861340971887, -20.424701822486583 ] ] ] } },
{ "type": "Feature", "properties": { "fid": 1284 }, "geometry": { "type": "Polygon", "coordinates": [ [ [ -40.360861340538257, -20.424701823116809 ], [ -40.360861340971887, -20.424701822486583 ], [ -40.360740743588579, -20.424628082027187 ], [ -40.36068859397497, -20.424703871716879 ], [ -40.360636444280431, -20.424779661385571 ], [ -40.360576950336252, -20.424866192621597 ], [ -40.360697907914769, -20.424939353592475 ], [ -40.360861340538257, -20.424701823116809 ] ] ] } },
{ "type": "Feature", "properties": { "fid": 1285 }, "geometry": { "type": "Polygon", "coordinates": [ [ [ -40.360576950336252, -20.424866192621597 ], [ -40.360636444280431, -20.424779661385571 ], [ -40.360395249669558, -20.424632180043275 ], [ -40.360334940691608, -20.424719813053592 ], [ -40.360576950336252, -20.424866192621597 ] ] ] } },
{ "type": "Feature", "properties": { "fid": 1286 }, "geometry": { "type": "Polygon", "coordinates": [ [ [ -40.360636444280431, -20.424779661385571 ], [ -40.36068859397497, -20.424703871716879 ], [ -40.360447399448361, -20.424556390432063 ], [ -40.360395249669558, -20.424632180043275 ], [ -40.360636444280431, -20.424779661385571 ] ] ] } },
{ "type": "Feature", "properties": { "fid": 1287 }, "geometry": { "type": "Polygon", "coordinates": [ [ [ -40.36068859397497, -20.424703871716879 ], [ -40.360740743588579, -20.424628082027187 ], [ -40.360499549177433, -20.424480600807517 ], [ -40.360447399448361, -20.424556390432063 ], [ -40.36068859397497, -20.424703871716879 ] ] ] } },
{ "type": "Feature", "properties": { "fid": 1288 }, "geometry": { "type": "Polygon", "coordinates": [ [ [ -40.360740743588579, -20.424628082027187 ], [ -40.360792893214807, -20.424552292339392 ], [ -40.360551698856781, -20.424404811169602 ], [ -40.360499549177433, -20.424480600807517 ], [ -40.360740743588579, -20.424628082027187 ] ] ] } },
{ "type": "Feature", "properties": { "fid": 1289 }, "geometry": { "type": "Polygon", "coordinates": [ [ [ -40.360792893214807, -20.424552292339392 ], [ -40.360845042760147, -20.424476502630583 ], [ -40.360603848486392, -20.424329021518329 ], [ -40.360551698856781, -20.424404811169602 ], [ -40.360792893214807, -20.424552292339392 ] ] ] } },
{ "type": "Feature", "properties": { "fid": 1290 }, "geometry": { "type": "Polygon", "coordinates": [ [ [ -40.360845042760147, -20.424476502630583 ], [ -40.36089719222592, -20.424400712898862 ], [ -40.360655998066271, -20.424253231853669 ], [ -40.360603848486392, -20.424329021518329 ], [ -40.360845042760147, -20.424476502630583 ] ] ] } },
{ "type": "Feature", "properties": { "fid": 1291 }, "geometry": { "type": "Polygon", "coordinates": [ [ [ -40.361053013444774, -20.425917302624974 ], [ -40.361105163275241, -20.425841512830914 ], [ -40.360863966563237, -20.425694032291872 ], [ -40.360811816655101, -20.425769822018776 ], [ -40.361053013444774, -20.425917302624974 ] ] ] } },
{ "type": "Feature", "properties": { "fid": 1292 }, "geometry": { "type": "Polygon", "coordinates": [ [ [ -40.360811816655101, -20.425769822018776 ], [ -40.360863966563237, -20.425694032291872 ], [ -40.360916116428264, -20.425618242541947 ], [ -40.360968266243539, -20.425542452778689 ], [ -40.361020416009104, -20.425466663002062 ], [ -40.361072565724918, -20.425390873212052 ], [ -40.361124715391014, -20.425315083408695 ], [ -40.361124715289371, -20.425315083414134 ], [ -40.36107256562989, -20.425390873207881 ], [ -40.361020415920684, -20.425466662988271 ], [ -40.360968266161748, -20.425542452755284 ], [ -40.360916116353074, -20.425618242508918 ], [ -40.360863966494669, -20.425694032249204 ], [ -40.360811816586526, -20.425769821976111 ], [ -40.360811816655101, -20.425769822018776 ] ] ] } },
{ "type": "Feature", "properties": { "fid": 1293 }, "geometry": { "type": "Polygon", "coordinates": [ [ [ -40.360863966563237, -20.425694032291872 ], [ -40.361105163275241, -20.425841512830914 ], [ -40.361157313062577, -20.4257657230139 ], [ -40.360916116428264, -20.425618242541947 ], [ -40.360863966563237, -20.425694032291872 ] ] ] } },
{ "type": "Feature", "properties": { "fid": 1294 }, "geometry": { "type": "Polygon", "coordinates": [ [ [ -40.360916116428264, -20.425618242541947 ], [ -40.361157313062577, -20.4257657230139 ], [ -40.361209462800211, -20.425689933183495 ], [ -40.360968266243539, -20.425542452778689 ], [ -40.360916116428264, -20.425618242541947 ] ] ] } },
{ "type": "Feature", "properties": { "fid": 1295 }, "geometry": { "type": "Polygon", "coordinates": [ [ [ -40.360968266243539, -20.425542452778689 ], [ -40.361209462800211, -20.425689933183495 ], [ -40.361261612488086, -20.425614143339718 ], [ -40.361020416009104, -20.425466663002062 ], [ -40.360968266243539, -20.425542452778689 ] ] ] } },
{ "type": "Feature", "properties": { "fid": 1296 }, "geometry": { "type": "Polygon", "coordinates": [ [ [ -40.361020416009104, -20.425466663002062 ], [ -40.361261612488086, -20.425614143339718 ], [ -40.361313762126244, -20.425538353482601 ], [ -40.361072565724918, -20.425390873212052 ], [ -40.361020416009104, -20.425466663002062 ] ] ] } },
{ "type": "Feature", "properties": { "fid": 1297 }, "geometry": { "type": "Polygon", "coordinates": [ [ [ -40.361072565724918, -20.425390873212052 ], [ -40.361313762126244, -20.425538353482601 ], [ -40.361365911714678, -20.42546256361209 ], [ -40.361124715391014, -20.425315083408695 ], [ -40.361072565724918, -20.425390873212052 ] ] ] } },
{ "type": "Feature", "properties": { "fid": 1298 }, "geometry": { "type": "Polygon", "coordinates": [ [ [ -40.360811816586526, -20.425769821976111 ], [ -40.360863966494669, -20.425694032249204 ], [ -40.360916116353074, -20.425618242508918 ], [ -40.360968266161748, -20.425542452755284 ], [ -40.360887867438294, -20.425493292541699 ], [ -40.360731417785416, -20.425720661695379 ], [ -40.360811816586526, -20.425769821976111 ] ] ] } },
{ "type": "Feature", "properties": { "fid": 1299 }, "geometry": { "type": "Polygon", "coordinates": [ [ [ -40.360968266161748, -20.425542452755284 ], [ -40.361020415920684, -20.425466662988271 ], [ -40.36107256562989, -20.425390873207881 ], [ -40.361124715289371, -20.425315083414134 ], [ -40.3610443166449, -20.425265923265723 ], [ -40.360887867438294, -20.425493292541699 ], [ -40.360968266161748, -20.425542452755284 ] ] ] } },
{ "type": "Feature", "properties": { "fid": 1300 }, "geometry": { "type": "Polygon", "coordinates": [ [ [ -40.360731417785416, -20.425720661695379 ], [ -40.360887867438294, -20.425493292541699 ], [ -40.36080746873791, -20.425444132281999 ], [ -40.360651019006042, -20.42567150137052 ], [ -40.360731417785416, -20.425720661695379 ] ] ] } },
{ "type": "Feature", "properties": { "fid": 1301 }, "geometry": { "type": "Polygon", "coordinates": [ [ [ -40.360887867438294, -20.425493292541699 ], [ -40.3610443166449, -20.425265923265723 ], [ -40.360963918020872, -20.425216763075102 ], [ -40.36080746873791, -20.425444132281999 ], [ -40.360887867438294, -20.425493292541699 ] ] ] } },
{ "type": "Feature", "properties": { "fid": 1302 }, "geometry": { "type": "Polygon", "coordinates": [ [ [ -40.36080746873791, -20.425444132281999 ], [ -40.360963918020872, -20.425216763075102 ], [ -40.360883519446567, -20.425167602844191 ], [ -40.360727070084621, -20.425394971985888 ], [ -40.36080746873791, -20.425444132281999 ] ] ] } },
{ "type": "Feature", "properties": { "fid": 1303 }, "geometry": { "type": "Polygon", "coordinates": [ [ [ -40.360651019006042, -20.42567150137052 ], [ -40.36080746873791, -20.425444132281999 ], [ -40.360727070084621, -20.425394971985888 ], [ -40.360570620276405, -20.425622341005351 ], [ -40.360651019006042, -20.42567150137052 ] ] ] } },
{ "type": "Feature", "properties": { "fid": 1304 }, "geometry": { "type": "Polygon", "coordinates": [ [ [ -40.360570620276405, -20.425622341005351 ], [ -40.360727070084621, -20.425394971985888 ], [ -40.360646671483707, -20.425345811645613 ], [ -40.360490221596493, -20.425573180599851 ], [ -40.360570620276405, -20.425622341005351 ] ] ] } },
{ "type": "Feature", "properties": { "fid": 1305 }, "geometry": { "type": "Polygon", "coordinates": [ [ [ -40.360727070084621, -20.425394971985888 ], [ -40.360883519446567, -20.425167602844191 ], [ -40.360803120921993, -20.425118442572991 ], [ -40.360646671483707, -20.425345811645613 ], [ -40.360727070084621, -20.425394971985888 ] ] ] } },
{ "type": "Feature", "properties": { "fid": 1306 }, "geometry": { "type": "Polygon", "coordinates": [ [ [ -40.360646671483707, -20.425345811645613 ], [ -40.360803120921993, -20.425118442572991 ], [ -40.360722722447143, -20.425069282261475 ], [ -40.360566272929866, -20.425296651268908 ], [ -40.360646671483707, -20.425345811645613 ] ] ] } },
{ "type": "Feature", "properties": { "fid": 1307 }, "geometry": { "type": "Polygon", "coordinates": [ [ [ -40.360490221596493, -20.425573180599851 ], [ -40.360646671483707, -20.425345811645613 ], [ -40.360566272929866, -20.425296651268908 ], [ -40.360409822966325, -20.425524020154072 ], [ -40.360490221596493, -20.425573180599851 ] ] ] } },
{ "type": "Feature", "properties": { "fid": 1308 }, "geometry": { "type": "Polygon", "coordinates": [ [ [ -40.360409822966325, -20.425524020154072 ], [ -40.360566272929866, -20.425296651268908 ], [ -40.360485874427091, -20.425247490849934 ], [ -40.360329424385881, -20.425474859667979 ], [ -40.360409822966325, -20.425524020154072 ] ] ] } },
{ "type": "Feature", "properties": { "fid": 1309 }, "geometry": { "type": "Polygon", "coordinates": [ [ [ -40.360485874427091, -20.425247490849934 ], [ -40.360566272929866, -20.425296651268908 ], [ -40.360722722447143, -20.425069282261475 ], [ -40.360642324022038, -20.425020121909686 ], [ -40.360485874427091, -20.425247490849934 ] ] ] } },
{ "type": "Feature", "properties": { "fid": 1310 }, "geometry": { "type": "Polygon", "coordinates": [ [ [ -40.360485874427091, -20.425247490849934 ], [ -40.360642324022038, -20.425020121909686 ], [ -40.360521726475639, -20.424946381309276 ], [ -40.36046957665183, -20.425022170944775 ], [ -40.360417426748469, -20.425097960557302 ], [ -40.360365276764185, -20.425173750148872 ], [ -40.360485874427091, -20.425247490849934 ] ] ] } },
{ "type": "Feature", "properties": { "fid": 1311 }, "geometry": { "type": "Polygon", "coordinates": [ [ [ -40.360329424385881, -20.425474859667979 ], [ -40.360485874427091, -20.425247490849934 ], [ -40.360365276764185, -20.425173750148872 ], [ -40.360313126792519, -20.425249539742303 ], [ -40.360260976739944, -20.425325329314752 ], [ -40.360208826606467, -20.425401118866166 ], [ -40.360329424385881, -20.425474859667979 ] ] ] } },
{ "type": "Feature", "properties": { "fid": 1312 }, "geometry": { "type": "Polygon", "coordinates": [ [ [ -40.360208826606467, -20.425401118866166 ], [ -40.360260976739944, -20.425325329314752 ], [ -40.360019781569925, -20.425177847489092 ], [ -40.359967631389978, -20.425253636981019 ], [ -40.360208826606467, -20.425401118866166 ] ] ] } },
{ "type": "Feature", "properties": { "fid": 1313 }, "geometry": { "type": "Polygon", "coordinates": [ [ [ -40.360260976739944, -20.425325329314752 ], [ -40.360313126792519, -20.425249539742303 ], [ -40.360071931706777, -20.425102057974151 ], [ -40.360019781569925, -20.425177847489092 ], [ -40.360260976739944, -20.425325329314752 ] ] ] } },
{ "type": "Feature", "properties": { "fid": 1314 }, "geometry": { "type": "Polygon", "coordinates": [ [ [ -40.360313126792519, -20.425249539742303 ], [ -40.360365276764185, -20.425173750148872 ], [ -40.360124081793884, -20.425026268445855 ], [ -40.360071931706777, -20.425102057974151 ], [ -40.360313126792519, -20.425249539742303 ] ] ] } },
{ "type": "Feature", "properties": { "fid": 1315 }, "geometry": { "type": "Polygon", "coordinates": [ [ [ -40.360365276764185, -20.425173750148872 ], [ -40.360417426748469, -20.425097960557302 ], [ -40.360176231831268, -20.424950478904197 ], [ -40.360124081793884, -20.425026268445855 ], [ -40.360365276764185, -20.425173750148872 ] ] ] } },
{ "type": "Feature", "properties": { "fid": 1316 }, "geometry": { "type": "Polygon", "coordinates": [ [ [ -40.360417426748469, -20.425097960557302 ], [ -40.36046957665183, -20.425022170944775 ], [ -40.360228381818928, -20.424874689349139 ], [ -40.360176231831268, -20.424950478904197 ], [ -40.360417426748469, -20.425097960557302 ] ] ] } },
{ "type": "Feature", "properties": { "fid": 1317 }, "geometry": { "type": "Polygon", "coordinates": [ [ [ -40.36046957665183, -20.425022170944775 ], [ -40.360521726475639, -20.424946381309276 ], [ -40.360280531756842, -20.424798899780765 ], [ -40.360228381818928, -20.424874689349139 ], [ -40.36046957665183, -20.425022170944775 ] ] ] } },
{ "type": "Feature", "properties": { "fid": 1318 }, "geometry": { "type": "Polygon", "coordinates": [ [ [ -40.360667103008218, -20.426478146712121 ], [ -40.360719253206696, -20.426402357017015 ], [ -40.360478055919941, -20.42625487598114 ], [ -40.360425905643794, -20.426330665609136 ], [ -40.360667103008218, -20.426478146712121 ] ] ] } },
{ "type": "Feature", "properties": { "fid": 1319 }, "geometry": { "type": "Polygon", "coordinates": [ [ [ -40.360478055919941, -20.42625487598114 ], [ -40.360719253206696, -20.426402357017015 ], [ -40.360771403362079, -20.426326567298929 ], [ -40.36053020615298, -20.426179086330166 ], [ -40.360478055919941, -20.42625487598114 ] ] ] } },
{ "type": "Feature", "properties": { "fid": 1320 }, "geometry": { "type": "Polygon", "coordinates": [ [ [ -40.36053020615298, -20.426179086330166 ], [ -40.360771403362079, -20.426326567298929 ], [ -40.360823553467704, -20.426250777567443 ], [ -40.360582356336302, -20.426103296665847 ], [ -40.36053020615298, -20.426179086330166 ] ] ] } },
{ "type": "Feature", "properties": { "fid": 1321 }, "geometry": { "type": "Polygon", "coordinates": [ [ [ -40.360582356336302, -20.426103296665847 ], [ -40.360823553467704, -20.426250777567443 ], [ -40.360875703523618, -20.42617498782262 ], [ -40.360634506469864, -20.426027506988124 ], [ -40.360582356336302, -20.426103296665847 ] ] ] } },
{ "type": "Feature", "properties": { "fid": 1322 }, "geometry": { "type": "Polygon", "coordinates": [ [ [ -40.360634506469864, -20.426027506988124 ], [ -40.360875703523618, -20.42617498782262 ], [ -40.36092785352978, -20.426099198064406 ], [ -40.36068665655371, -20.425951717297071 ], [ -40.360634506469864, -20.426027506988124 ] ] ] } },
{ "type": "Feature", "properties": { "fid": 1323 }, "geometry": { "type": "Polygon", "coordinates": [ [ [ -40.36068665655371, -20.425951717297071 ], [ -40.36092785352978, -20.426099198064406 ], [ -40.360980003486212, -20.426023408292792 ], [ -40.360738806587818, -20.425875927592607 ], [ -40.36068665655371, -20.425951717297071 ] ] ] } },
{ "type": "Feature", "properties": { "fid": 1324 }, "geometry": { "type": "Polygon", "coordinates": [ [ [ -40.360425905575219, -20.426330665566482 ], [ -40.360478055851381, -20.426254875938515 ], [ -40.36053020607779, -20.42617908629715 ], [ -40.360582356254497, -20.426103296642424 ], [ -40.360501957339451, -20.426054136263243 ], [ -40.360345506582512, -20.426281505120166 ], [ -40.360425905575219, -20.426330665566482 ] ] ] } },
{ "type": "Feature", "properties": { "fid": 1325 }, "geometry": { "type": "Polygon", "coordinates": [ [ [ -40.360582356254497, -20.426103296642424 ], [ -40.360634506381444, -20.426027506974343 ], [ -40.360686656458675, -20.425951717292879 ], [ -40.360738806486168, -20.42587592759806 ], [ -40.360658407650114, -20.425826767284072 ], [ -40.360501957339451, -20.426054136263243 ], [ -40.360582356254497, -20.426103296642424 ] ] ] } },
{ "type": "Feature", "properties": { "fid": 1326 }, "geometry": { "type": "Polygon", "coordinates": [ [ [ -40.360345506582512, -20.426281505120166 ], [ -40.360501957339451, -20.426054136263243 ], [ -40.360421558447491, -20.426004975837941 ], [ -40.360265107611582, -20.426232344629646 ], [ -40.360345506582512, -20.426281505120166 ] ] ] } },
{ "type": "Feature", "properties": { "fid": 1327 }, "geometry": { "type": "Polygon", "coordinates": [ [ [ -40.360501957339451, -20.426054136263243 ], [ -40.360658407650114, -20.425826767284072 ], [ -40.360578008834487, -20.425777606927848 ], [ -40.360421558447491, -20.426004975837941 ], [ -40.360501957339451, -20.426054136263243 ] ] ] } },
{ "type": "Feature", "properties": { "fid": 1328 }, "geometry": { "type": "Polygon", "coordinates": [ [ [ -40.360421558447491, -20.426004975837941 ], [ -40.360578008834487, -20.425777606927848 ], [ -40.36049761006862, -20.425728446531316 ], [ -40.360341159602619, -20.425955815376231 ], [ -40.360421558447491, -20.426004975837941 ] ] ] } },
{ "type": "Feature", "properties": { "fid": 1329 }, "geometry": { "type": "Polygon", "coordinates": [ [ [ -40.360265107611582, -20.426232344629646 ], [ -40.360421558447491, -20.426004975837941 ], [ -40.360341159602619, -20.425955815376231 ], [ -40.360184708690355, -20.426183184098864 ], [ -40.360265107611582, -20.426232344629646 ] ] ] } },
{ "type": "Feature", "properties": { "fid": 1330 }, "geometry": { "type": "Polygon", "coordinates": [ [ [ -40.360184708690355, -20.426183184098864 ], [ -40.360341159602619, -20.425955815376231 ], [ -40.360260760810128, -20.425906654870317 ], [ -40.360104309818873, -20.426134023527787 ], [ -40.360184708690355, -20.426183184098864 ] ] ] } },
{ "type": "Feature", "properties": { "fid": 1331 }, "geometry": { "type": "Polygon", "coordinates": [ [ [ -40.360341159602619, -20.425955815376231 ], [ -40.36049761006862, -20.425728446531316 ], [ -40.36041721135247, -20.425679286094525 ], [ -40.360260760810128, -20.425906654870317 ], [ -40.360341159602619, -20.425955815376231 ] ] ] } },
{ "type": "Feature", "properties": { "fid": 1332 }, "geometry": { "type": "Polygon", "coordinates": [ [ [ -40.360260760810128, -20.425906654870317 ], [ -40.36041721135247, -20.425679286094525 ], [ -40.360336812686057, -20.425630125617374 ], [ -40.360180362064717, -20.425857494328039 ], [ -40.360260760810128, -20.425906654870317 ] ] ] } },
{ "type": "Feature", "properties": { "fid": 1333 }, "geometry": { "type": "Polygon", "coordinates": [ [ [ -40.360104309818873, -20.426134023527787 ], [ -40.360260760810128, -20.425906654870317 ], [ -40.360180362064717, -20.425857494328039 ], [ -40.360023910997121, -20.426084862916358 ], [ -40.360104309818873, -20.426134023527787 ] ] ] } },
{ "type": "Feature", "properties": { "fid": 1334 }, "geometry": { "type": "Polygon", "coordinates": [ [ [ -40.360023910997121, -20.426084862916358 ], [ -40.360180362064717, -20.425857494328039 ], [ -40.360099963370367, -20.425808333743468 ], [ -40.359943512225101, -20.426035702264688 ], [ -40.360023910997121, -20.426084862916358 ] ] ] } },
{ "type": "Feature", "properties": { "fid": 1335 }, "geometry": { "type": "Polygon", "coordinates": [ [ [ -40.360099963370367, -20.425808333743468 ], [ -40.360180362064717, -20.425857494328039 ], [ -40.360336812686057, -20.425630125617374 ], [ -40.360256414069354, -20.425580965099989 ], [ -40.360099963370367, -20.425808333743468 ] ] ] } },
{ "type": "Feature", "properties": { "fid": 1336 }, "geometry": { "type": "Polygon", "coordinates": [ [ [ -40.360099963370367, -20.425808333743468 ], [ -40.360256414069354, -20.425580965099989 ], [ -40.360135816235598, -20.425507224251206 ], [ -40.360083666043785, -20.425583013787726 ], [ -40.360031515772384, -20.425658803301385 ], [ -40.359979365420102, -20.425734592793955 ], [ -40.360099963370367, -20.425808333743468 ] ] ] } },
{ "type": "Feature", "properties": { "fid": 1337 }, "geometry": { "type": "Polygon", "coordinates": [ [ [ -40.359943512225101, -20.426035702264688 ], [ -40.360099963370367, -20.425808333743468 ], [ -40.359979365420102, -20.425734592793955 ], [ -40.35992721508044, -20.425810382288478 ], [ -40.359875064659846, -20.425886171761995 ], [ -40.359822914158336, -20.425961961214465 ], [ -40.359943512225101, -20.426035702264688 ] ] ] } },
{ "type": "Feature", "properties": { "fid": 1338 }, "geometry": { "type": "Polygon", "coordinates": [ [ [ -40.359822914158336, -20.425961961214465 ], [ -40.359875064659846, -20.425886171761995 ], [ -40.359633868915139, -20.425738689439484 ], [ -40.359581718367153, -20.425814478832482 ], [ -40.359822914158336, -20.425961961214465 ] ] ] } },
{ "type": "Feature", "properties": { "fid": 1339 }, "geometry": { "type": "Polygon", "coordinates": [ [ [ -40.359875064659846, -20.425886171761995 ], [ -40.35992721508044, -20.425810382288478 ], [ -40.359686019419996, -20.425662900023514 ], [ -40.359633868915139, -20.425738689439484 ], [ -40.359875064659846, -20.425886171761995 ] ] ] } },
{ "type": "Feature", "properties": { "fid": 1340 }, "geometry": { "type": "Polygon", "coordinates": [ [ [ -40.35992721508044, -20.425810382288478 ], [ -40.359979365420102, -20.425734592793955 ], [ -40.359738169875129, -20.42558711059414 ], [ -40.359686019419996, -20.425662900023514 ], [ -40.35992721508044, -20.425810382288478 ] ] ] } },
{ "type": "Feature", "properties": { "fid": 1341 }, "geometry": { "type": "Polygon", "coordinates": [ [ [ -40.359979365420102, -20.425734592793955 ], [ -40.360031515772384, -20.425658803301385 ], [ -40.359790320280517, -20.425511321151422 ], [ -40.359738169875129, -20.42558711059414 ], [ -40.359979365420102, -20.425734592793955 ] ] ] } },
{ "type": "Feature", "properties": { "fid": 1342 }, "geometry": { "type": "Polygon", "coordinates": [ [ [ -40.360031515772384, -20.425658803301385 ], [ -40.360083666043785, -20.425583013787726 ], [ -40.359842470636188, -20.425435531695335 ], [ -40.359790320280517, -20.425511321151422 ], [ -40.360031515772384, -20.425658803301385 ] ] ] } },
{ "type": "Feature", "properties": { "fid": 1343 }, "geometry": { "type": "Polygon", "coordinates": [ [ [ -40.360083666043785, -20.425583013787726 ], [ -40.360135816235598, -20.425507224251206 ], [ -40.359894620942129, -20.425359742225879 ], [ -40.359842470636188, -20.425435531695335 ], [ -40.360083666043785, -20.425583013787726 ] ] ] } },
{ "type": "Feature", "properties": { "fid": 1344 }, "geometry": { "type": "Polygon", "coordinates": [ [ [ -40.360291620012404, -20.427023832127553 ], [ -40.360343770568988, -20.426948042528721 ], [ -40.360102572723008, -20.426800561009429 ], [ -40.360050422088754, -20.426876350541143 ], [ -40.360291620012404, -20.427023832127553 ] ] ] } },
{ "type": "Feature", "properties": { "fid": 1345 }, "geometry": { "type": "Polygon", "coordinates": [ [ [ -40.360102572723008, -20.426800561009429 ], [ -40.360343770568988, -20.426948042528721 ], [ -40.360395921082443, -20.426872252906854 ], [ -40.360154723314118, -20.426724771454715 ], [ -40.360102572723008, -20.426800561009429 ] ] ] } },
{ "type": "Feature", "properties": { "fid": 1346 }, "geometry": { "type": "Polygon", "coordinates": [ [ [ -40.360154723314118, -20.426724771454715 ], [ -40.360395921082443, -20.426872252906854 ], [ -40.360448071546173, -20.42679646327165 ], [ -40.360206873855546, -20.426648981886657 ], [ -40.360154723314118, -20.426724771454715 ] ] ] } },
{ "type": "Feature", "properties": { "fid": 1347 }, "geometry": { "type": "Polygon", "coordinates": [ [ [ -40.360206873855546, -20.426648981886657 ], [ -40.360448071546173, -20.42679646327165 ], [ -40.360500221960159, -20.426720673623095 ], [ -40.360259024347201, -20.42657319230522 ], [ -40.360206873855546, -20.426648981886657 ] ] ] } },
{ "type": "Feature", "properties": { "fid": 1348 }, "geometry": { "type": "Polygon", "coordinates": [ [ [ -40.360259024347201, -20.42657319230522 ], [ -40.360500221960159, -20.426720673623095 ], [ -40.36055237232442, -20.426644883961149 ], [ -40.360311174789111, -20.426497402710392 ], [ -40.360259024347201, -20.42657319230522 ] ] ] } },
{ "type": "Feature", "properties": { "fid": 1349 }, "geometry": { "type": "Polygon", "coordinates": [ [ [ -40.360311174789111, -20.426497402710392 ], [ -40.36055237232442, -20.426644883961149 ], [ -40.360604522638937, -20.426569094285824 ], [ -40.360363325181297, -20.426421613102235 ], [ -40.360311174789111, -20.426497402710392 ] ] ] } },
{ "type": "Feature", "properties": { "fid": 1350 }, "geometry": { "type": "Polygon", "coordinates": [ [ [ -40.360050422020201, -20.426876350498482 ], [ -40.360102572654434, -20.426800560966765 ], [ -40.360154723238942, -20.426724771421696 ], [ -40.36020687377372, -20.426648981863231 ], [ -40.360126474672292, -20.426599821322903 ], [ -40.359970022841097, -20.426827189891007 ], [ -40.360050422020201, -20.426876350498482 ] ] ] } },
{ "type": "Feature", "properties": { "fid": 1351 }, "geometry": { "type": "Polygon", "coordinates": [ [ [ -40.36020687377372, -20.426648981863231 ], [ -40.360259024258774, -20.426573192291418 ], [ -40.360311174694075, -20.426497402706218 ], [ -40.360363325079646, -20.42642161310766 ], [ -40.360282926057209, -20.426372452632563 ], [ -40.360126474672292, -20.426599821322903 ], [ -40.36020687377372, -20.426648981863231 ] ] ] } },
{ "type": "Feature", "properties": { "fid": 1352 }, "geometry": { "type": "Polygon", "coordinates": [ [ [ -40.359970022841097, -20.426827189891007 ], [ -40.360126474672292, -20.426599821322903 ], [ -40.360046075593928, -20.426550660736499 ], [ -40.359889623683728, -20.426778029239383 ], [ -40.359970022841097, -20.426827189891007 ] ] ] } },
{ "type": "Feature", "properties": { "fid": 1353 }, "geometry": { "type": "Polygon", "coordinates": [ [ [ -40.360126474672292, -20.426599821322903 ], [ -40.360282926057209, -20.426372452632563 ], [ -40.360202527055193, -20.426323292115192 ], [ -40.360046075593928, -20.426550660736499 ], [ -40.360126474672292, -20.426599821322903 ] ] ] } },
{ "type": "Feature", "properties": { "fid": 1354 }, "geometry": { "type": "Polygon", "coordinates": [ [ [ -40.360046075593928, -20.426550660736499 ], [ -40.360202527055193, -20.426323292115192 ], [ -40.360122128102908, -20.42627413155753 ], [ -40.359965676562659, -20.426501500113631 ], [ -40.360046075593928, -20.426550660736499 ] ] ] } },
{ "type": "Feature", "properties": { "fid": 1355 }, "geometry": { "type": "Polygon", "coordinates": [ [ [ -40.359889623683728, -20.426778029239383 ], [ -40.360046075593928, -20.426550660736499 ], [ -40.359965676562659, -20.426501500113631 ], [ -40.359809224576118, -20.426728868547428 ], [ -40.359889623683728, -20.426778029239383 ] ] ] } },
{ "type": "Feature", "properties": { "fid": 1356 }, "geometry": { "type": "Polygon", "coordinates": [ [ [ -40.359809224576118, -20.426728868547428 ], [ -40.359965676562659, -20.426501500113631 ], [ -40.359885277583764, -20.426452339446591 ], [ -40.359728825518239, -20.426679707815214 ], [ -40.359809224576118, -20.426728868547428 ] ] ] } },
{ "type": "Feature", "properties": { "fid": 1357 }, "geometry": { "type": "Polygon", "coordinates": [ [ [ -40.359965676562659, -20.426501500113631 ], [ -40.360122128102908, -20.42627413155753 ], [ -40.360041729200361, -20.426224970959588 ], [ -40.359885277583764, -20.426452339446591 ], [ -40.359965676562659, -20.426501500113631 ] ] ] } },
{ "type": "Feature", "properties": { "fid": 1358 }, "geometry": { "type": "Polygon", "coordinates": [ [ [ -40.359885277583764, -20.426452339446591 ], [ -40.360041729200361, -20.426224970959588 ], [ -40.359961330347538, -20.426175810321347 ], [ -40.359804878651957, -20.426403178743147 ], [ -40.359885277583764, -20.426452339446591 ] ] ] } },
{ "type": "Feature", "properties": { "fid": 1359 }, "geometry": { "type": "Polygon", "coordinates": [ [ [ -40.359728825518239, -20.426679707815214 ], [ -40.359885277583764, -20.426452339446591 ], [ -40.359804878651957, -20.426403178743147 ], [ -40.359648426510098, -20.426630547042684 ], [ -40.359728825518239, -20.426679707815214 ] ] ] } },
{ "type": "Feature", "properties": { "fid": 1360 }, "geometry": { "type": "Polygon", "coordinates": [ [ [ -40.359648426510098, -20.426630547042684 ], [ -40.359804878651957, -20.426403178743147 ], [ -40.359724479771224, -20.42635401799744 ], [ -40.359568027551688, -20.42658138622987 ], [ -40.359648426510098, -20.426630547042684 ] ] ] } },
{ "type": "Feature", "properties": { "fid": 1361 }, "geometry": { "type": "Polygon", "coordinates": [ [ [ -40.359724479771224, -20.42635401799744 ], [ -40.359804878651957, -20.426403178743147 ], [ -40.359961330347538, -20.426175810321347 ], [ -40.35988093154446, -20.426126649642804 ], [ -40.359724479771224, -20.42635401799744 ] ] ] } },
{ "type": "Feature", "properties": { "fid": 1362 }, "geometry": { "type": "Polygon", "coordinates": [ [ [ -40.359724479771224, -20.42635401799744 ], [ -40.35988093154446, -20.426126649642804 ], [ -40.359760333431097, -20.426052908552325 ], [ -40.359708182881207, -20.426128697992592 ], [ -40.359656032251735, -20.426204487409922 ], [ -40.359603881541389, -20.42628027680626 ], [ -40.359724479771224, -20.42635401799744 ] ] ] } },
{ "type": "Feature", "properties": { "fid": 1363 }, "geometry": { "type": "Polygon", "coordinates": [ [ [ -40.359568027551688, -20.42658138622987 ], [ -40.359724479771224, -20.42635401799744 ], [ -40.359603881541389, -20.42628027680626 ], [ -40.359551730843599, -20.426356066204491 ], [ -40.359499580064941, -20.426431855581711 ], [ -40.359447429205346, -20.426507644937942 ], [ -40.359568027551688, -20.42658138622987 ] ] ] } },
{ "type": "Feature", "properties": { "fid": 1364 }, "geometry": { "type": "Polygon", "coordinates": [ [ [ -40.359447429205346, -20.426507644937942 ], [ -40.359499580064941, -20.426431855581711 ], [ -40.359258383761066, -20.4262843727758 ], [ -40.359206232854994, -20.426360162072516 ], [ -40.359447429205346, -20.426507644937942 ] ] ] } },
{ "type": "Feature", "properties": { "fid": 1365 }, "geometry": { "type": "Polygon", "coordinates": [ [ [ -40.359499580064941, -20.426431855581711 ], [ -40.359551730843599, -20.426356066204491 ], [ -40.359310534624015, -20.426208583456098 ], [ -40.359258383761066, -20.4262843727758 ], [ -40.359499580064941, -20.426431855581711 ] ] ] } },
{ "type": "Feature", "properties": { "fid": 1366 }, "geometry": { "type": "Polygon", "coordinates": [ [ [ -40.359551730843599, -20.426356066204491 ], [ -40.359603881541389, -20.42628027680626 ], [ -40.359362685437219, -20.426132794123028 ], [ -40.359310534624015, -20.426208583456098 ], [ -40.359551730843599, -20.426356066204491 ] ] ] } },
{ "type": "Feature", "properties": { "fid": 1367 }, "geometry": { "type": "Polygon", "coordinates": [ [ [ -40.359603881541389, -20.42628027680626 ], [ -40.359656032251735, -20.426204487409922 ], [ -40.35941483620072, -20.426057004776595 ], [ -40.359362685437219, -20.426132794123028 ], [ -40.359603881541389, -20.42628027680626 ] ] ] } },
{ "type": "Feature", "properties": { "fid": 1368 }, "geometry": { "type": "Polygon", "coordinates": [ [ [ -40.359656032251735, -20.426204487409922 ], [ -40.359708182881207, -20.426128697992592 ], [ -40.359466986914448, -20.425981215416773 ], [ -40.35941483620072, -20.426057004776595 ], [ -40.359656032251735, -20.426204487409922 ] ] ] } },
{ "type": "Feature", "properties": { "fid": 1369 }, "geometry": { "type": "Polygon", "coordinates": [ [ [ -40.359708182881207, -20.426128697992592 ], [ -40.359760333431097, -20.426052908552325 ], [ -40.359519137578467, -20.425905426043581 ], [ -40.359466986914448, -20.425981215416773 ], [ -40.359708182881207, -20.426128697992592 ] ] ] } },
{ "type": "Feature", "properties": { "fid": 1370 }, "geometry": { "type": "Polygon", "coordinates": [ [ [ -40.359916134574647, -20.427569516983322 ], [ -40.359968285489323, -20.427493727480755 ], [ -40.359727087084146, -20.427346245478031 ], [ -40.359674936091785, -20.427422034913448 ], [ -40.359916134574647, -20.427569516983322 ] ] ] } },
{ "type": "Feature", "properties": { "fid": 1371 }, "geometry": { "type": "Polygon", "coordinates": [ [ [ -40.359727087084146, -20.427346245478031 ], [ -40.359968285489323, -20.427493727480755 ], [ -40.360020436360884, -20.427417937955187 ], [ -40.359779238033369, -20.427270456019617 ], [ -40.359727087084146, -20.427346245478031 ] ] ] } },
{ "type": "Feature", "properties": { "fid": 1372 }, "geometry": { "type": "Polygon", "coordinates": [ [ [ -40.359779238033369, -20.427270456019617 ], [ -40.360020436360884, -20.427417937955187 ], [ -40.360072587182721, -20.427342148416237 ], [ -40.359831388932868, -20.427194666547816 ], [ -40.359779238033369, -20.427270456019617 ] ] ] } },
{ "type": "Feature", "properties": { "fid": 1373 }, "geometry": { "type": "Polygon", "coordinates": [ [ [ -40.359831388932868, -20.427194666547816 ], [ -40.360072587182721, -20.427342148416237 ], [ -40.360124737954813, -20.42726635886396 ], [ -40.359883539782622, -20.427118877062668 ], [ -40.359831388932868, -20.427194666547816 ] ] ] } },
{ "type": "Feature", "properties": { "fid": 1374 }, "geometry": { "type": "Polygon", "coordinates": [ [ [ -40.359883539782622, -20.427118877062668 ], [ -40.360124737954813, -20.42726635886396 ], [ -40.360176888677159, -20.427190569298279 ], [ -40.359935690582638, -20.427043087564101 ], [ -40.359883539782622, -20.427118877062668 ] ] ] } },
{ "type": "Feature", "properties": { "fid": 1375 }, "geometry": { "type": "Polygon", "coordinates": [ [ [ -40.359935690582638, -20.427043087564101 ], [ -40.360176888677159, -20.427190569298279 ], [ -40.360229039349782, -20.427114779719233 ], [ -40.359987841332931, -20.426967298052222 ], [ -40.359935690582638, -20.427043087564101 ] ] ] } },
{ "type": "Feature", "properties": { "fid": 1376 }, "geometry": { "type": "Polygon", "coordinates": [ [ [ -40.359674936023204, -20.427422034870808 ], [ -40.35972708701555, -20.427346245435377 ], [ -40.359779237958186, -20.427270455986552 ], [ -40.359831388851063, -20.427194666524404 ], [ -40.359750989563217, -20.427145505822917 ], [ -40.359594536657703, -20.427372874102186 ], [ -40.359674936023204, -20.427422034870808 ] ] ] } },
{ "type": "Feature", "properties": { "fid": 1377 }, "geometry": { "type": "Polygon", "coordinates": [ [ [ -40.359831388851063, -20.427194666524404 ], [ -40.359883539694195, -20.427118877048851 ], [ -40.35993569048761, -20.427043087559916 ], [ -40.359987841231252, -20.426967298057647 ], [ -40.359907442022433, -20.426918137421385 ], [ -40.359750989563217, -20.427145505822917 ], [ -40.359831388851063, -20.427194666524404 ] ] ] } },
{ "type": "Feature", "properties": { "fid": 1378 }, "geometry": { "type": "Polygon", "coordinates": [ [ [ -40.359594536657703, -20.427372874102186 ], [ -40.359750989563217, -20.427145505822917 ], [ -40.359670590298457, -20.427096345075348 ], [ -40.359514137313944, -20.42732371328939 ], [ -40.359594536657703, -20.427372874102186 ] ] ] } },
{ "type": "Feature", "properties": { "fid": 1379 }, "geometry": { "type": "Polygon", "coordinates": [ [ [ -40.359750989563217, -20.427145505822917 ], [ -40.359907442022433, -20.426918137421385 ], [ -40.35982704283402, -20.426868976742895 ], [ -40.359670590298457, -20.427096345075348 ], [ -40.359750989563217, -20.427145505822917 ] ] ] } },
{ "type": "Feature", "properties": { "fid": 1380 }, "geometry": { "type": "Polygon", "coordinates": [ [ [ -40.359670590298457, -20.427096345075348 ], [ -40.35982704283402, -20.426868976742895 ], [ -40.359746643695317, -20.4268198160241 ], [ -40.359590191080791, -20.427047184291357 ], [ -40.359670590298457, -20.427096345075348 ] ] ] } },
{ "type": "Feature", "properties": { "fid": 1381 }, "geometry": { "type": "Polygon", "coordinates": [ [ [ -40.359514137313944, -20.42732371328939 ], [ -40.359670590298457, -20.427096345075348 ], [ -40.359590191080791, -20.427047184291357 ], [ -40.359433738019938, -20.427274552436337 ], [ -40.359514137313944, -20.42732371328939 ] ] ] } },
{ "type": "Feature", "properties": { "fid": 1382 }, "geometry": { "type": "Polygon", "coordinates": [ [ [ -40.359433738019938, -20.427274552436337 ], [ -40.359590191080791, -20.427047184291357 ], [ -40.359509791915507, -20.426998023463209 ], [ -40.359353338775676, -20.427225391542947 ], [ -40.359433738019938, -20.427274552436337 ] ] ] } },
{ "type": "Feature", "properties": { "fid": 1383 }, "geometry": { "type": "Polygon", "coordinates": [ [ [ -40.359590191080791, -20.427047184291357 ], [ -40.359746643695317, -20.4268198160241 ], [ -40.35966624460638, -20.426770655265003 ], [ -40.359509791915507, -20.426998023463209 ], [ -40.359590191080791, -20.427047184291357 ] ] ] } },
{ "type": "Feature", "properties": { "fid": 1384 }, "geometry": { "type": "Polygon", "coordinates": [ [ [ -40.359509791915507, -20.426998023463209 ], [ -40.35966624460638, -20.426770655265003 ], [ -40.359585845567182, -20.426721494465614 ], [ -40.35942939279731, -20.426948862598596 ], [ -40.359509791915507, -20.426998023463209 ] ] ] } },
{ "type": "Feature", "properties": { "fid": 1385 }, "geometry": { "type": "Polygon", "coordinates": [ [ [ -40.359353338775676, -20.427225391542947 ], [ -40.359509791915507, -20.426998023463209 ], [ -40.35942939279731, -20.426948862598596 ], [ -40.359272939581146, -20.42717623060927 ], [ -40.359353338775676, -20.427225391542947 ] ] ] } },
{ "type": "Feature", "properties": { "fid": 1386 }, "geometry": { "type": "Polygon", "coordinates": [ [ [ -40.359272939581146, -20.42717623060927 ], [ -40.35942939279731, -20.426948862598596 ], [ -40.359348993730173, -20.426899701691767 ], [ -40.359192540436347, -20.42712706963529 ], [ -40.359272939581146, -20.42717623060927 ] ] ] } },
{ "type": "Feature", "properties": { "fid": 1387 }, "geometry": { "type": "Polygon", "coordinates": [ [ [ -40.359348993730173, -20.426899701691767 ], [ -40.35942939279731, -20.426948862598596 ], [ -40.359585845567182, -20.426721494465614 ], [ -40.359505446577707, -20.426672333625923 ], [ -40.359348993730173, -20.426899701691767 ] ] ] } },
{ "type": "Feature", "properties": { "fid": 1388 }, "geometry": { "type": "Polygon", "coordinates": [ [ [ -40.359348993730173, -20.426899701691767 ], [ -40.359505446577707, -20.426672333625923 ], [ -40.359384848184774, -20.426598592293747 ], [ -40.359332697276791, -20.426674381637746 ], [ -40.359280546289213, -20.426750170958812 ], [ -40.35922839522074, -20.426825960258839 ], [ -40.359348993730173, -20.426899701691767 ] ] ] } },
{ "type": "Feature", "properties": { "fid": 1389 }, "geometry": { "type": "Polygon", "coordinates": [ [ [ -40.359192540436347, -20.42712706963529 ], [ -40.359348993730173, -20.426899701691767 ], [ -40.35922839522074, -20.426825960258839 ], [ -40.359176244164878, -20.426901749560795 ], [ -40.359124093028107, -20.426977538841729 ], [ -40.359071941810427, -20.427053328101671 ], [ -40.359192540436347, -20.42712706963529 ] ] ] } },
{ "type": "Feature", "properties": { "fid": 1390 }, "geometry": { "type": "Polygon", "coordinates": [ [ [ -40.359071941810427, -20.427053328101671 ], [ -40.359124093028107, -20.426977538841729 ], [ -40.358882896165092, -20.426830055552372 ], [ -40.358830744900914, -20.426905844752785 ], [ -40.359071941810427, -20.427053328101671 ] ] ] } },
{ "type": "Feature", "properties": { "fid": 1391 }, "geometry": { "type": "Polygon", "coordinates": [ [ [ -40.359124093028107, -20.426977538841729 ], [ -40.359176244164878, -20.426901749560795 ], [ -40.358935047386154, -20.426754266328956 ], [ -40.358882896165092, -20.426830055552372 ], [ -40.359124093028107, -20.426977538841729 ] ] ] } },
{ "type": "Feature", "properties": { "fid": 1392 }, "geometry": { "type": "Polygon", "coordinates": [ [ [ -40.359176244164878, -20.426901749560795 ], [ -40.35922839522074, -20.426825960258839 ], [ -40.358987198557458, -20.426678477092207 ], [ -40.358935047386154, -20.426754266328956 ], [ -40.359176244164878, -20.426901749560795 ] ] ] } },
{ "type": "Feature", "properties": { "fid": 1393 }, "geometry": { "type": "Polygon", "coordinates": [ [ [ -40.35922839522074, -20.426825960258839 ], [ -40.359280546289213, -20.426750170958812 ], [ -40.359039349679037, -20.426602687842017 ], [ -40.358987198557458, -20.426678477092207 ], [ -40.35922839522074, -20.426825960258839 ] ] ] } },
{ "type": "Feature", "properties": { "fid": 1394 }, "geometry": { "type": "Polygon", "coordinates": [ [ [ -40.359280546289213, -20.426750170958812 ], [ -40.359332697276791, -20.426674381637746 ], [ -40.359091500750871, -20.426526898578498 ], [ -40.359039349679037, -20.426602687842017 ], [ -40.359280546289213, -20.426750170958812 ] ] ] } },
{ "type": "Feature", "properties": { "fid": 1395 }, "geometry": { "type": "Polygon", "coordinates": [ [ [ -40.359332697276791, -20.426674381637746 ], [ -40.359384848184774, -20.426598592293747 ], [ -40.359143651772982, -20.426451109301592 ], [ -40.359091500750871, -20.426526898578498 ], [ -40.359332697276791, -20.426674381637746 ] ] ] } },
{ "type": "Feature", "properties": { "fid": 1396 }, "geometry": { "type": "Polygon", "coordinates": [ [ [ -40.359519785897668, -20.428145516773107 ], [ -40.359571937190353, -20.428069727372158 ], [ -40.359330738194892, -20.427922244859136 ], [ -40.359278586824509, -20.427998034192893 ], [ -40.359519785897668, -20.428145516773107 ] ] ] } },
{ "type": "Feature", "properties": { "fid": 1397 }, "geometry": { "type": "Polygon", "coordinates": [ [ [ -40.359330738194892, -20.427922244859136 ], [ -40.359571937190353, -20.428069727372158 ], [ -40.359624088439929, -20.42799393794823 ], [ -40.359382889522138, -20.427846455502333 ], [ -40.359330738194892, -20.427922244859136 ] ] ] } },
{ "type": "Feature", "properties": { "fid": 1398 }, "geometry": { "type": "Polygon", "coordinates": [ [ [ -40.359382889522138, -20.427846455502333 ], [ -40.359624088439929, -20.42799393794823 ], [ -40.359676239639775, -20.42791814851093 ], [ -40.359435040799646, -20.42777066613219 ], [ -40.359382889522138, -20.427846455502333 ] ] ] } },
{ "type": "Feature", "properties": { "fid": 1399 }, "geometry": { "type": "Polygon", "coordinates": [ [ [ -40.359435040799646, -20.42777066613219 ], [ -40.359676239639775, -20.42791814851093 ], [ -40.359728390789876, -20.427842359060246 ], [ -40.359487192027423, -20.42769487674866 ], [ -40.359435040799646, -20.42777066613219 ] ] ] } },
{ "type": "Feature", "properties": { "fid": 1400 }, "geometry": { "type": "Polygon", "coordinates": [ [ [ -40.359487192027423, -20.42769487674866 ], [ -40.359728390789876, -20.427842359060246 ], [ -40.359780541890252, -20.427766569596187 ], [ -40.359539343205434, -20.427619087351729 ], [ -40.359487192027423, -20.42769487674866 ] ] ] } },
{ "type": "Feature", "properties": { "fid": 1401 }, "geometry": { "type": "Polygon", "coordinates": [ [ [ -40.359539343205434, -20.427619087351729 ], [ -40.359780541890252, -20.427766569596187 ], [ -40.35983269294087, -20.42769078011878 ], [ -40.359591494333735, -20.427543297941487 ], [ -40.359539343205434, -20.427619087351729 ] ] ] } },
{ "type": "Feature", "properties": { "fid": 1402 }, "geometry": { "type": "Polygon", "coordinates": [ [ [ -40.359278586755941, -20.427998034150246 ], [ -40.359330738126317, -20.427922244816486 ], [ -40.359382889446955, -20.427846455469286 ], [ -40.359435040717834, -20.427770666108753 ], [ -40.35935464123326, -20.427721505237173 ], [ -40.359198187193691, -20.427948873211523 ], [ -40.359278586755941, -20.427998034150246 ] ] ] } },
{ "type": "Feature", "properties": { "fid": 1403 }, "geometry": { "type": "Polygon", "coordinates": [ [ [ -40.359435040717834, -20.427770666108753 ], [ -40.359487191939003, -20.427694876734858 ], [ -40.359539343110406, -20.427619087347544 ], [ -40.359591494232092, -20.427543297946922 ], [ -40.35951109482648, -20.427494137140581 ], [ -40.35935464123326, -20.427721505237173 ], [ -40.359435040717834, -20.427770666108753 ] ] ] } },
{ "type": "Feature", "properties": { "fid": 1404 }, "geometry": { "type": "Polygon", "coordinates": [ [ [ -40.359198187193691, -20.427948873211523 ], [ -40.35935464123326, -20.427721505237173 ], [ -40.359274241771743, -20.4276723443195 ], [ -40.359117787653183, -20.427899712228641 ], [ -40.359198187193691, -20.427948873211523 ] ] ] } },
{ "type": "Feature", "properties": { "fid": 1405 }, "geometry": { "type": "Polygon", "coordinates": [ [ [ -40.35935464123326, -20.427721505237173 ], [ -40.35951109482648, -20.427494137140581 ], [ -40.359430695441318, -20.427444976291955 ], [ -40.359274241771743, -20.4276723443195 ], [ -40.35935464123326, -20.427721505237173 ] ] ] } },
{ "type": "Feature", "properties": { "fid": 1406 }, "geometry": { "type": "Polygon", "coordinates": [ [ [ -40.359274241771743, -20.4276723443195 ], [ -40.359430695441318, -20.427444976291955 ], [ -40.35935029610588, -20.427395815403081 ], [ -40.359193842357307, -20.42762318336538 ], [ -40.359274241771743, -20.4276723443195 ] ] ] } },
{ "type": "Feature", "properties": { "fid": 1407 }, "geometry": { "type": "Polygon", "coordinates": [ [ [ -40.359117787653183, -20.427899712228641 ], [ -40.359274241771743, -20.4276723443195 ], [ -40.359193842357307, -20.42762318336538 ], [ -40.359037388162427, -20.427850551205445 ], [ -40.359117787653183, -20.427899712228641 ] ] ] } },
{ "type": "Feature", "properties": { "fid": 1408 }, "geometry": { "type": "Polygon", "coordinates": [ [ [ -40.359037388162427, -20.427850551205445 ], [ -40.359193842357307, -20.42762318336538 ], [ -40.35911344299528, -20.427574022367143 ], [ -40.358956988721403, -20.427801390141958 ], [ -40.359037388162427, -20.427850551205445 ] ] ] } },
{ "type": "Feature", "properties": { "fid": 1409 }, "geometry": { "type": "Polygon", "coordinates": [ [ [ -40.359193842357307, -20.42762318336538 ], [ -40.35935029610588, -20.427395815403081 ], [ -40.359269896820194, -20.427346654473887 ], [ -40.35911344299528, -20.427574022367143 ], [ -40.359193842357307, -20.42762318336538 ] ] ] } },
{ "type": "Feature", "properties": { "fid": 1410 }, "geometry": { "type": "Polygon", "coordinates": [ [ [ -40.35911344299528, -20.427574022367143 ], [ -40.359269896820194, -20.427346654473887 ], [ -40.359189497584232, -20.427297493504394 ], [ -40.359033043680334, -20.427524861332422 ], [ -40.35911344299528, -20.427574022367143 ] ] ] } },
{ "type": "Feature", "properties": { "fid": 1411 }, "geometry": { "type": "Polygon", "coordinates": [ [ [ -40.358956988721403, -20.427801390141958 ], [ -40.35911344299528, -20.427574022367143 ], [ -40.359033043680334, -20.427524861332422 ], [ -40.358876589330137, -20.42775222903817 ], [ -40.358956988721403, -20.427801390141958 ] ] ] } },
{ "type": "Feature", "properties": { "fid": 1412 }, "geometry": { "type": "Polygon", "coordinates": [ [ [ -40.358876589330137, -20.42775222903817 ], [ -40.359033043680334, -20.427524861332422 ], [ -40.358952644416462, -20.427475700255474 ], [ -40.358796189988603, -20.427703067894107 ], [ -40.358876589330137, -20.42775222903817 ] ] ] } },
{ "type": "Feature", "properties": { "fid": 1413 }, "geometry": { "type": "Polygon", "coordinates": [ [ [ -40.358952644416462, -20.427475700255474 ], [ -40.359033043680334, -20.427524861332422 ], [ -40.359189497584232, -20.427297493504394 ], [ -40.359109098398022, -20.427248332494607 ], [ -40.358952644416462, -20.427475700255474 ] ] ] } },
{ "type": "Feature", "properties": { "fid": 1414 }, "geometry": { "type": "Polygon", "coordinates": [ [ [ -40.358952644416462, -20.427475700255474 ], [ -40.359109098398022, -20.427248332494607 ], [ -40.358988499709966, -20.427174590907249 ], [ -40.358936348423981, -20.427250380149598 ], [ -40.358884197058416, -20.427326169369007 ], [ -40.358832045611926, -20.427401958567415 ], [ -40.358952644416462, -20.427475700255474 ] ] ] } },
{ "type": "Feature", "properties": { "fid": 1415 }, "geometry": { "type": "Polygon", "coordinates": [ [ [ -40.358796189988603, -20.427703067894107 ], [ -40.358952644416462, -20.427475700255474 ], [ -40.358832045611926, -20.427401958567415 ], [ -40.358779894178056, -20.427477747767732 ], [ -40.358727742663255, -20.427553536947009 ], [ -40.358675591067559, -20.427629326105304 ], [ -40.358796189988603, -20.427703067894107 ] ] ] } },
{ "type": "Feature", "properties": { "fid": 1416 }, "geometry": { "type": "Polygon", "coordinates": [ [ [ -40.358675591067559, -20.427629326105304 ], [ -40.358727742663255, -20.427553536947009 ], [ -40.358486545210042, -20.427406053147337 ], [ -40.358434393567862, -20.427481842246099 ], [ -40.358675591067559, -20.427629326105304 ] ] ] } },
{ "type": "Feature", "properties": { "fid": 1417 }, "geometry": { "type": "Polygon", "coordinates": [ [ [ -40.358727742663255, -20.427553536947009 ], [ -40.358779894178056, -20.427477747767732 ], [ -40.358538696809113, -20.427330264025571 ], [ -40.358486545210042, -20.427406053147337 ], [ -40.358727742663255, -20.427553536947009 ] ] ] } },
{ "type": "Feature", "properties": { "fid": 1418 }, "geometry": { "type": "Polygon", "coordinates": [ [ [ -40.358779894178056, -20.427477747767732 ], [ -40.358832045611926, -20.427401958567415 ], [ -40.358590848358425, -20.427254474890439 ], [ -40.358538696809113, -20.427330264025571 ], [ -40.358779894178056, -20.427477747767732 ] ] ] } },
{ "type": "Feature", "properties": { "fid": 1419 }, "geometry": { "type": "Polygon", "coordinates": [ [ [ -40.358832045611926, -20.427401958567415 ], [ -40.358884197058416, -20.427326169369007 ], [ -40.358642999858034, -20.427178685741932 ], [ -40.358590848358425, -20.427254474890439 ], [ -40.358832045611926, -20.427401958567415 ] ] ] } },
{ "type": "Feature", "properties": { "fid": 1420 }, "geometry": { "type": "Polygon", "coordinates": [ [ [ -40.358884197058416, -20.427326169369007 ], [ -40.358936348423981, -20.427250380149598 ], [ -40.35869515130787, -20.427102896580035 ], [ -40.358642999858034, -20.427178685741932 ], [ -40.358884197058416, -20.427326169369007 ] ] ] } },
{ "type": "Feature", "properties": { "fid": 1421 }, "geometry": { "type": "Polygon", "coordinates": [ [ [ -40.358936348423981, -20.427250380149598 ], [ -40.358988499709966, -20.427174590907249 ], [ -40.358747302707968, -20.427027107404765 ], [ -40.35869515130787, -20.427102896580035 ], [ -40.358936348423981, -20.427250380149598 ] ] ] } },
{ "type": "Feature", "properties": { "fid": 1422 }, "geometry": { "type": "Polygon", "coordinates": [ [ [ -40.359144295107136, -20.428691200171684 ], [ -40.359196446757956, -20.42861541086706 ], [ -40.358955247203305, -20.428467927870521 ], [ -40.358903095474787, -20.428543717108003 ], [ -40.359144295107136, -20.428691200171684 ] ] ] } },
{ "type": "Feature", "properties": { "fid": 1423 }, "geometry": { "type": "Polygon", "coordinates": [ [ [ -40.358955247203305, -20.428467927870521 ], [ -40.359196446757956, -20.42861541086706 ], [ -40.359248598365703, -20.428539621539397 ], [ -40.359007398888686, -20.428392138610057 ], [ -40.358955247203305, -20.428467927870521 ] ] ] } },
{ "type": "Feature", "properties": { "fid": 1424 }, "geometry": { "type": "Polygon", "coordinates": [ [ [ -40.359007398888686, -20.428392138610057 ], [ -40.359248598365703, -20.428539621539397 ], [ -40.359300749923655, -20.428463832198421 ], [ -40.359059550524329, -20.428316349336189 ], [ -40.359007398888686, -20.428392138610057 ] ] ] } },
{ "type": "Feature", "properties": { "fid": 1425 }, "geometry": { "type": "Polygon", "coordinates": [ [ [ -40.359059550524329, -20.428316349336189 ], [ -40.359300749923655, -20.428463832198421 ], [ -40.359352901431912, -20.42838804284402 ], [ -40.359111702110233, -20.42824056004897 ], [ -40.359059550524329, -20.428316349336189 ] ] ] } },
{ "type": "Feature", "properties": { "fid": 1426 }, "geometry": { "type": "Polygon", "coordinates": [ [ [ -40.359111702110233, -20.42824056004897 ], [ -40.359352901431912, -20.42838804284402 ], [ -40.359405052890416, -20.428312253476289 ], [ -40.3591638536464, -20.428164770748346 ], [ -40.359111702110233, -20.42824056004897 ] ] ] } },
{ "type": "Feature", "properties": { "fid": 1427 }, "geometry": { "type": "Polygon", "coordinates": [ [ [ -40.3591638536464, -20.428164770748346 ], [ -40.359405052890416, -20.428312253476289 ], [ -40.359457204299154, -20.428236464095143 ], [ -40.359216005132815, -20.428088981434389 ], [ -40.3591638536464, -20.428164770748346 ] ] ] } },
{ "type": "Feature", "properties": { "fid": 1428 }, "geometry": { "type": "Polygon", "coordinates": [ [ [ -40.358903095406234, -20.428543717065356 ], [ -40.35895524713473, -20.428467927827878 ], [ -40.359007398813503, -20.428392138577021 ], [ -40.359059550442531, -20.428316349312773 ], [ -40.358979150771525, -20.428267188280035 ], [ -40.358822695657572, -20.428494555965461 ], [ -40.358903095406234, -20.428543717065356 ] ] ] } },
{ "type": "Feature", "properties": { "fid": 1429 }, "geometry": { "type": "Polygon", "coordinates": [ [ [ -40.359059550442531, -20.428316349312773 ], [ -40.359111702021806, -20.42824056003515 ], [ -40.359163853551372, -20.428164770744164 ], [ -40.359216005031172, -20.428088981439782 ], [ -40.359135605439164, -20.428039820472272 ], [ -40.358979150771525, -20.428267188280035 ], [ -40.359059550442531, -20.428316349312773 ] ] ] } },
{ "type": "Feature", "properties": { "fid": 1430 }, "geometry": { "type": "Polygon", "coordinates": [ [ [ -40.358822695657572, -20.428494555965461 ], [ -40.358979150771525, -20.428267188280035 ], [ -40.358898751123647, -20.428218027201201 ], [ -40.358742295930661, -20.428445394821392 ], [ -40.358822695657572, -20.428494555965461 ] ] ] } },
{ "type": "Feature", "properties": { "fid": 1431 }, "geometry": { "type": "Polygon", "coordinates": [ [ [ -40.358979150771525, -20.428267188280035 ], [ -40.359135605439164, -20.428039820472272 ], [ -40.359055205867591, -20.427990659462509 ], [ -40.358898751123647, -20.428218027201201 ], [ -40.358979150771525, -20.428267188280035 ] ] ] } },
{ "type": "Feature", "properties": { "fid": 1432 }, "geometry": { "type": "Polygon", "coordinates": [ [ [ -40.358898751123647, -20.428218027201201 ], [ -40.359055205867591, -20.427990659462509 ], [ -40.358974806345771, -20.427941498412487 ], [ -40.3588183515228, -20.428168866085926 ], [ -40.358898751123647, -20.428218027201201 ] ] ] } },
{ "type": "Feature", "properties": { "fid": 1433 }, "geometry": { "type": "Polygon", "coordinates": [ [ [ -40.358742295930661, -20.428445394821392 ], [ -40.358898751123647, -20.428218027201201 ], [ -40.3588183515228, -20.428168866085926 ], [ -40.358661896253508, -20.428396233637081 ], [ -40.358742295930661, -20.428445394821392 ] ] ] } },
{ "type": "Feature", "properties": { "fid": 1434 }, "geometry": { "type": "Polygon", "coordinates": [ [ [ -40.358661896253508, -20.428396233637081 ], [ -40.3588183515228, -20.428168866085926 ], [ -40.358737951974391, -20.428119704926509 ], [ -40.358581496626115, -20.428347072412404 ], [ -40.358661896253508, -20.428396233637081 ] ] ] } },
{ "type": "Feature", "properties": { "fid": 1435 }, "geometry": { "type": "Polygon", "coordinates": [ [ [ -40.3588183515228, -20.428168866085926 ], [ -40.358974806345771, -20.427941498412487 ], [ -40.358894406873688, -20.427892337322142 ], [ -40.358737951974391, -20.428119704926509 ], [ -40.3588183515228, -20.428168866085926 ] ] ] } },
{ "type": "Feature", "properties": { "fid": 1436 }, "geometry": { "type": "Polygon", "coordinates": [ [ [ -40.358737951974391, -20.428119704926509 ], [ -40.358894406873688, -20.427892337322142 ], [ -40.35881400745135, -20.427843176191487 ], [ -40.358657552473076, -20.428070543730662 ], [ -40.358737951974391, -20.428119704926509 ] ] ] } },
{ "type": "Feature", "properties": { "fid": 1437 }, "geometry": { "type": "Polygon", "coordinates": [ [ [ -40.358581496626115, -20.428347072412404 ], [ -40.358737951974391, -20.428119704926509 ], [ -40.358657552473076, -20.428070543730662 ], [ -40.358501097048439, -20.428297911147467 ], [ -40.358581496626115, -20.428347072412404 ] ] ] } },
{ "type": "Feature", "properties": { "fid": 1438 }, "geometry": { "type": "Polygon", "coordinates": [ [ [ -40.358501097048439, -20.428297911147467 ], [ -40.358657552473076, -20.428070543730662 ], [ -40.358577153022807, -20.428021382492567 ], [ -40.35842069752055, -20.428248749842233 ], [ -40.358501097048439, -20.428297911147467 ] ] ] } },
{ "type": "Feature", "properties": { "fid": 1439 }, "geometry": { "type": "Polygon", "coordinates": [ [ [ -40.358577153022807, -20.428021382492567 ], [ -40.358657552473076, -20.428070543730662 ], [ -40.35881400745135, -20.427843176191487 ], [ -40.358733608078744, -20.427794015020556 ], [ -40.358577153022807, -20.428021382492567 ] ] ] } },
{ "type": "Feature", "properties": { "fid": 1440 }, "geometry": { "type": "Polygon", "coordinates": [ [ [ -40.358577153022807, -20.428021382492567 ], [ -40.358733608078744, -20.427794015020556 ], [ -40.35861300911111, -20.427720273191465 ], [ -40.358560857466998, -20.427796062337514 ], [ -40.358508705743304, -20.427871851460605 ], [ -40.358456553938694, -20.427947640562753 ], [ -40.358577153022807, -20.428021382492567 ] ] ] } },
{ "type": "Feature", "properties": { "fid": 1441 }, "geometry": { "type": "Polygon", "coordinates": [ [ [ -40.35842069752055, -20.428248749842233 ], [ -40.358577153022807, -20.428021382492567 ], [ -40.358456553938694, -20.427947640562753 ], [ -40.358404402146682, -20.428023429666723 ], [ -40.358352250273761, -20.42809921874969 ], [ -40.358300098319916, -20.428175007811689 ], [ -40.35842069752055, -20.428248749842233 ] ] ] } },
{ "type": "Feature", "properties": { "fid": 1442 }, "geometry": { "type": "Polygon", "coordinates": [ [ [ -40.358300098319916, -20.428175007811689 ], [ -40.358352250273761, -20.42809921874969 ], [ -40.358111052261407, -20.427951734466529 ], [ -40.358058900261085, -20.428027523469009 ], [ -40.358300098319916, -20.428175007811689 ] ] ] } },
{ "type": "Feature", "properties": { "fid": 1443 }, "geometry": { "type": "Polygon", "coordinates": [ [ [ -40.358352250273761, -20.42809921874969 ], [ -40.358404402146682, -20.428023429666723 ], [ -40.358163204218606, -20.427875945441059 ], [ -40.358111052261407, -20.427951734466529 ], [ -40.358352250273761, -20.42809921874969 ] ] ] } },
{ "type": "Feature", "properties": { "fid": 1444 }, "geometry": { "type": "Polygon", "coordinates": [ [ [ -40.358404402146682, -20.428023429666723 ], [ -40.358456553938694, -20.427947640562753 ], [ -40.358215356126067, -20.42780015640226 ], [ -40.358163204218606, -20.427875945441059 ], [ -40.358404402146682, -20.428023429666723 ] ] ] } },
{ "type": "Feature", "properties": { "fid": 1445 }, "geometry": { "type": "Polygon", "coordinates": [ [ [ -40.358456553938694, -20.427947640562753 ], [ -40.358508705743304, -20.427871851460605 ], [ -40.358267507983783, -20.427724367350034 ], [ -40.358215356126067, -20.42780015640226 ], [ -40.358456553938694, -20.427947640562753 ] ] ] } },
{ "type": "Feature", "properties": { "fid": 1446 }, "geometry": { "type": "Polygon", "coordinates": [ [ [ -40.358508705743304, -20.427871851460605 ], [ -40.358560857466998, -20.427796062337514 ], [ -40.358319659791732, -20.427648578284455 ], [ -40.358267507983783, -20.427724367350034 ], [ -40.358508705743304, -20.427871851460605 ] ] ] } },
{ "type": "Feature", "properties": { "fid": 1447 }, "geometry": { "type": "Polygon", "coordinates": [ [ [ -40.358560857466998, -20.427796062337514 ], [ -40.35861300911111, -20.427720273191465 ], [ -40.358371811549979, -20.42757278920552 ], [ -40.358319659791732, -20.427648578284455 ], [ -40.358560857466998, -20.427796062337514 ] ] ] } },
{ "type": "Feature", "properties": { "fid": 1448 }, "geometry": { "type": "Polygon", "coordinates": [ [ [ -40.358527601555821, -20.429089399368245 ], [ -40.358768801747367, -20.429236882915429 ], [ -40.358820953756364, -20.429161093707084 ], [ -40.358579753642495, -20.429013610227074 ], [ -40.358527601555821, -20.429089399368245 ] ] ] } },
{ "type": "Feature", "properties": { "fid": 1449 }, "geometry": { "type": "Polygon", "coordinates": [ [ [ -40.358579753642495, -20.429013610227074 ], [ -40.358820953756364, -20.429161093707084 ], [ -40.358873105722246, -20.42908530447577 ], [ -40.358631905686039, -20.428937821062899 ], [ -40.358579753642495, -20.429013610227074 ] ] ] } },
{ "type": "Feature", "properties": { "fid": 1450 }, "geometry": { "type": "Polygon", "coordinates": [ [ [ -40.358631905686039, -20.428937821062899 ], [ -40.358873105722246, -20.42908530447577 ], [ -40.358925257638369, -20.42900951523108 ], [ -40.358684057679824, -20.428862031885334 ], [ -40.358631905686039, -20.428937821062899 ] ] ] } },
{ "type": "Feature", "properties": { "fid": 1451 }, "geometry": { "type": "Polygon", "coordinates": [ [ [ -40.358684057679824, -20.428862031885334 ], [ -40.358925257638369, -20.42900951523108 ], [ -40.35897740950476, -20.428933725972993 ], [ -40.358736209623885, -20.428786242694425 ], [ -40.358684057679824, -20.428862031885334 ] ] ] } },
{ "type": "Feature", "properties": { "fid": 1452 }, "geometry": { "type": "Polygon", "coordinates": [ [ [ -40.358736209623885, -20.428786242694425 ], [ -40.35897740950476, -20.428933725972993 ], [ -40.3590295613214, -20.428857936701522 ], [ -40.358788361518194, -20.428710453490115 ], [ -40.358736209623885, -20.428786242694425 ] ] ] } },
{ "type": "Feature", "properties": { "fid": 1453 }, "geometry": { "type": "Polygon", "coordinates": [ [ [ -40.358788361518194, -20.428710453490115 ], [ -40.3590295613214, -20.428857936701522 ], [ -40.35908171308828, -20.428782147416694 ], [ -40.358840513362743, -20.428634664272437 ], [ -40.358788361518194, -20.428710453490115 ] ] ] } },
{ "type": "Feature", "properties": { "fid": 1454 }, "geometry": { "type": "Polygon", "coordinates": [ [ [ -40.35852760148726, -20.429089399325573 ], [ -40.35857975357392, -20.429013610184409 ], [ -40.358631905610849, -20.428937821029884 ], [ -40.358684057598033, -20.428862031861922 ], [ -40.35860365774063, -20.428812870668001 ], [ -40.358447201552202, -20.42904023806452 ], [ -40.35847026626368, -20.429054341196352 ], [ -40.35852760148726, -20.429089399325573 ] ] ] } },
{ "type": "Feature", "properties": { "fid": 1455 }, "geometry": { "type": "Polygon", "coordinates": [ [ [ -40.358684057598033, -20.428862031861922 ], [ -40.358736209535465, -20.428786242680633 ], [ -40.358788361423144, -20.428710453485934 ], [ -40.358840513261093, -20.428634664277862 ], [ -40.358760113482703, -20.428585503149193 ], [ -40.35860365774063, -20.428812870668001 ], [ -40.358684057598033, -20.428862031861922 ] ] ] } },
{ "type": "Feature", "properties": { "fid": 1456 }, "geometry": { "type": "Polygon", "coordinates": [ [ [ -40.358447201552202, -20.42904023806452 ], [ -40.35860365774063, -20.428812870668001 ], [ -40.358523257906356, -20.428763709428022 ], [ -40.358366801638923, -20.428991076759303 ], [ -40.358447201552202, -20.42904023806452 ] ] ] } },
{ "type": "Feature", "properties": { "fid": 1457 }, "geometry": { "type": "Polygon", "coordinates": [ [ [ -40.35860365774063, -20.428812870668001 ], [ -40.358760113482703, -20.428585503149193 ], [ -40.35867971372474, -20.428536341978297 ], [ -40.358523257906356, -20.428763709428022 ], [ -40.35860365774063, -20.428812870668001 ] ] ] } },
{ "type": "Feature", "properties": { "fid": 1458 }, "geometry": { "type": "Polygon", "coordinates": [ [ [ -40.358523257906356, -20.428763709428022 ], [ -40.35867971372474, -20.428536341978297 ], [ -40.358599314016523, -20.428487180767064 ], [ -40.35844285811914, -20.428714548151586 ], [ -40.358523257906356, -20.428763709428022 ] ] ] } },
{ "type": "Feature", "properties": { "fid": 1459 }, "geometry": { "type": "Polygon", "coordinates": [ [ [ -40.358366801638923, -20.428991076759303 ], [ -40.358523257906356, -20.428763709428022 ], [ -40.35844285811914, -20.428714548151586 ], [ -40.358286401775374, -20.428941915413773 ], [ -40.358366801638923, -20.428991076759303 ] ] ] } },
{ "type": "Feature", "properties": { "fid": 1460 }, "geometry": { "type": "Polygon", "coordinates": [ [ [ -40.358286401775374, -20.428941915413773 ], [ -40.35844285811914, -20.428714548151586 ], [ -40.358362458384335, -20.428665386830993 ], [ -40.358206001961591, -20.428892754027952 ], [ -40.358286401775374, -20.428941915413773 ] ] ] } },
{ "type": "Feature", "properties": { "fid": 1461 }, "geometry": { "type": "Polygon", "coordinates": [ [ [ -40.35844285811914, -20.428714548151586 ], [ -40.358599314016523, -20.428487180767064 ], [ -40.358518914358058, -20.428438019515536 ], [ -40.358362458384335, -20.428665386830993 ], [ -40.35844285811914, -20.428714548151586 ] ] ] } },
{ "type": "Feature", "properties": { "fid": 1462 }, "geometry": { "type": "Polygon", "coordinates": [ [ [ -40.358362458384335, -20.428665386830993 ], [ -40.358518914358058, -20.428438019515536 ], [ -40.358438514749317, -20.428388858223737 ], [ -40.358282058696631, -20.428616225473942 ], [ -40.358362458384335, -20.428665386830993 ] ] ] } },
{ "type": "Feature", "properties": { "fid": 1463 }, "geometry": { "type": "Polygon", "coordinates": [ [ [ -40.358206001961591, -20.428892754027952 ], [ -40.358362458384335, -20.428665386830993 ], [ -40.358282058696631, -20.428616225473942 ], [ -40.358125602197525, -20.428843592601851 ], [ -40.358206001961591, -20.428892754027952 ] ] ] } },
{ "type": "Feature", "properties": { "fid": 1464 }, "geometry": { "type": "Polygon", "coordinates": [ [ [ -40.358125602197525, -20.428843592601851 ], [ -40.358282058696631, -20.428616225473942 ], [ -40.358201659059972, -20.428567064074674 ], [ -40.358045202483225, -20.428794431135398 ], [ -40.358125602197525, -20.428843592601851 ] ] ] } },
{ "type": "Feature", "properties": { "fid": 1465 }, "geometry": { "type": "Polygon", "coordinates": [ [ [ -40.358201659059972, -20.428567064074674 ], [ -40.358282058696631, -20.428616225473942 ], [ -40.358438514749317, -20.428388858223737 ], [ -40.358358115190335, -20.42833969689163 ], [ -40.358201659059972, -20.428567064074674 ] ] ] } },
{ "type": "Feature", "properties": { "fid": 1466 }, "geometry": { "type": "Polygon", "coordinates": [ [ [ -40.358201659059972, -20.428567064074674 ], [ -40.358358115190335, -20.42833969689163 ], [ -40.358237515943138, -20.428265954820795 ], [ -40.358185363940891, -20.428341743870543 ], [ -40.358133211859041, -20.428417532897321 ], [ -40.358081059696289, -20.428493321903133 ], [ -40.358201659059972, -20.428567064074674 ] ] ] } },
{ "type": "Feature", "properties": { "fid": 1467 }, "geometry": { "type": "Polygon", "coordinates": [ [ [ -40.358045202483225, -20.428794431135398 ], [ -40.358201659059972, -20.428567064074674 ], [ -40.358081059696289, -20.428493321903133 ], [ -40.358028907546121, -20.428569110910814 ], [ -40.357976755315065, -20.428644899897453 ], [ -40.357924603003063, -20.42872068886312 ], [ -40.35802006916947, -20.428779063025345 ], [ -40.358045202483225, -20.428794431135398 ] ] ] } },
{ "type": "Feature", "properties": { "fid": 1468 }, "geometry": { "type": "Polygon", "coordinates": [ [ [ -40.357924603003063, -20.42872068886312 ], [ -40.357976755315065, -20.428644899897453 ], [ -40.357735556743577, -20.428497415130764 ], [ -40.357683404385099, -20.428573204036876 ], [ -40.357924603003063, -20.42872068886312 ] ] ] } },
{ "type": "Feature", "properties": { "fid": 1469 }, "geometry": { "type": "Polygon", "coordinates": [ [ [ -40.357976755315065, -20.428644899897453 ], [ -40.358028907546121, -20.428569110910814 ], [ -40.357787709058925, -20.428421626201644 ], [ -40.357735556743577, -20.428497415130764 ], [ -40.357976755315065, -20.428644899897453 ] ] ] } },
{ "type": "Feature", "properties": { "fid": 1470 }, "geometry": { "type": "Polygon", "coordinates": [ [ [ -40.358028907546121, -20.428569110910814 ], [ -40.358081059696289, -20.428493321903133 ], [ -40.357839861324521, -20.428345837259151 ], [ -40.357787709058925, -20.428421626201644 ], [ -40.358028907546121, -20.428569110910814 ] ] ] } },
{ "type": "Feature", "properties": { "fid": 1471 }, "geometry": { "type": "Polygon", "coordinates": [ [ [ -40.358081059696289, -20.428493321903133 ], [ -40.358133211859041, -20.428417532897321 ], [ -40.357892013540379, -20.428270048303276 ], [ -40.357839861324521, -20.428345837259151 ], [ -40.358081059696289, -20.428493321903133 ] ] ] } },
{ "type": "Feature", "properties": { "fid": 1472 }, "geometry": { "type": "Polygon", "coordinates": [ [ [ -40.358133211859041, -20.428417532897321 ], [ -40.358185363940891, -20.428341743870543 ], [ -40.357944165706499, -20.428194259334003 ], [ -40.357892013540379, -20.428270048303276 ], [ -40.358133211859041, -20.428417532897321 ] ] ] } },
{ "type": "Feature", "properties": { "fid": 1473 }, "geometry": { "type": "Polygon", "coordinates": [ [ [ -40.358185363940891, -20.428341743870543 ], [ -40.358237515943138, -20.428265954820795 ], [ -40.357996317822888, -20.428118470351372 ], [ -40.357944165706499, -20.428194259334003 ], [ -40.358185363940891, -20.428341743870543 ] ] ] } },
{ "type": "Feature", "properties": { "fid": 1474 }, "geometry": { "type": "Polygon", "coordinates": [ [ [ -40.35832326911288, -20.421900508109282 ], [ -40.358564125849156, -20.422047650839041 ], [ -40.358616755690356, -20.421971168017468 ], [ -40.358376044293223, -20.421823967928617 ], [ -40.35832326911288, -20.421900508109282 ] ] ] } },
{ "type": "Feature", "properties": { "fid": 1475 }, "geometry": { "type": "Polygon", "coordinates": [ [ [ -40.358376044293223, -20.421823967928617 ], [ -40.358616755690356, -20.421971168017468 ], [ -40.358668908953312, -20.421895377683626 ], [ -40.358428204108534, -20.421748181621389 ], [ -40.358376044293223, -20.421823967928617 ] ] ] } },
{ "type": "Feature", "properties": { "fid": 1476 }, "geometry": { "type": "Polygon", "coordinates": [ [ [ -40.358428204108534, -20.421748181621389 ], [ -40.358668908953312, -20.421895377683626 ], [ -40.358721062166531, -20.421819587336469 ], [ -40.358480363874115, -20.421672395300721 ], [ -40.358428204108534, -20.421748181621389 ] ] ] } },
{ "type": "Feature", "properties": { "fid": 1477 }, "geometry": { "type": "Polygon", "coordinates": [ [ [ -40.358480363874115, -20.421672395300721 ], [ -40.358721062166531, -20.421819587336469 ], [ -40.358773215330032, -20.421743796975932 ], [ -40.358532523589979, -20.421596608966698 ], [ -40.358480363874115, -20.421672395300721 ] ] ] } },
{ "type": "Feature", "properties": { "fid": 1478 }, "geometry": { "type": "Polygon", "coordinates": [ [ [ -40.358532523589979, -20.421596608966698 ], [ -40.358773215330032, -20.421743796975932 ], [ -40.358824891910906, -20.421668699113358 ], [ -40.358584206722512, -20.421521515130102 ], [ -40.358532523589979, -20.421596608966698 ] ] ] } },
{ "type": "Feature", "properties": { "fid": 1479 }, "geometry": { "type": "Polygon", "coordinates": [ [ [ -40.358584206722512, -20.421521515130102 ], [ -40.358824891910906, -20.421668699113358 ], [ -40.358877044985746, -20.421592908711432 ], [ -40.358636366350126, -20.421445728753724 ], [ -40.358584206722512, -20.421521515130102 ] ] ] } },
{ "type": "Feature", "properties": { "fid": 1480 }, "geometry": { "type": "Polygon", "coordinates": [ [ [ -40.356895474995611, -20.42809127826126 ], [ -40.356975875324466, -20.428140443494762 ], [ -40.357132343109896, -20.427913073614771 ], [ -40.357051942870562, -20.427863908443683 ], [ -40.356895474995611, -20.42809127826126 ] ] ] } },
{ "type": "Feature", "properties": { "fid": 1481 }, "geometry": { "type": "Polygon", "coordinates": [ [ [ -40.356815074715165, -20.428042112989399 ], [ -40.356895474995611, -20.42809127826126 ], [ -40.357051942870562, -20.427863908443683 ], [ -40.356971542682295, -20.427814743230382 ], [ -40.356815074715165, -20.428042112989399 ] ] ] } },
{ "type": "Feature", "properties": { "fid": 1482 }, "geometry": { "type": "Polygon", "coordinates": [ [ [ -40.35669447438778, -20.42796836500602 ], [ -40.356815074715165, -20.428042112989399 ], [ -40.356971542682295, -20.427814743230382 ], [ -40.356850942402161, -20.427740995333441 ], [ -40.356772708464696, -20.427854680209673 ], [ -40.35669447438778, -20.42796836500602 ] ] ] } },
{ "type": "Feature", "properties": { "fid": 1483 }, "geometry": { "type": "Polygon", "coordinates": [ [ [ -40.356772708464696, -20.427854680209673 ], [ -40.356850942402161, -20.427740995333441 ], [ -40.356609742390916, -20.427593499314973 ], [ -40.356531508309459, -20.427707184040663 ], [ -40.356772708464696, -20.427854680209673 ] ] ] } },
{ "type": "Feature", "properties": { "fid": 1484 }, "geometry": { "type": "Polygon", "coordinates": [ [ [ -40.357297477056328, -20.428337104106493 ], [ -40.357538678902735, -20.428484599095864 ], [ -40.357616912579637, -20.428370913935836 ], [ -40.357375710849723, -20.428223419047214 ], [ -40.357297477056328, -20.428337104106493 ] ] ] } },
{ "type": "Feature", "properties": { "fid": 1485 }, "geometry": { "type": "Polygon", "coordinates": [ [ [ -40.357375710849723, -20.428223419047214 ], [ -40.357616912579637, -20.428370913935836 ], [ -40.357695146137004, -20.428257228756792 ], [ -40.357453944523549, -20.428109733968888 ], [ -40.357375710849723, -20.428223419047214 ] ] ] } },
{ "type": "Feature", "properties": { "fid": 1486 }, "geometry": { "type": "Polygon", "coordinates": [ [ [ -40.357453944523549, -20.428109733968888 ], [ -40.357695146137004, -20.428257228756792 ], [ -40.357773379597994, -20.428143543524996 ], [ -40.35753217810101, -20.427996048837855 ], [ -40.357453944559389, -20.428109733903845 ], [ -40.357453944523549, -20.428109733968888 ] ] ] } },
{ "type": "Feature", "properties": { "fid": 1487 }, "geometry": { "type": "Polygon", "coordinates": [ [ [ -40.35753217810101, -20.427996048837855 ], [ -40.357773379597994, -20.428143543524996 ], [ -40.357851612931483, -20.428029858285754 ], [ -40.357610411550986, -20.427882363699325 ], [ -40.35753217810101, -20.427996048837855 ] ] ] } },
{ "type": "Feature", "properties": { "fid": 1488 }, "geometry": { "type": "Polygon", "coordinates": [ [ [ -40.35753217810101, -20.427996048837855 ], [ -40.357610411550986, -20.427882363699325 ], [ -40.357530011227155, -20.427833198690077 ], [ -40.357373544121067, -20.42806056889394 ], [ -40.357453944559389, -20.428109733903845 ], [ -40.35753217810101, -20.427996048837855 ] ] ] } },
{ "type": "Feature", "properties": { "fid": 1489 }, "geometry": { "type": "Polygon", "coordinates": [ [ [ -40.357453944523549, -20.428109733968888 ], [ -40.357453944559389, -20.428109733903845 ], [ -40.357373544121067, -20.42806056889394 ], [ -40.357217076568581, -20.428287938975419 ], [ -40.357297477056328, -20.428337104106493 ], [ -40.357375710849723, -20.428223419047214 ], [ -40.357453944523549, -20.428109733968888 ] ] ] } },
{ "type": "Feature", "properties": { "fid": 1490 }, "geometry": { "type": "Polygon", "coordinates": [ [ [ -40.357217076568581, -20.428287938975419 ], [ -40.357373544121067, -20.42806056889394 ], [ -40.357293143735141, -20.428011403839886 ], [ -40.357136676103693, -20.428238773856158 ], [ -40.357217076568581, -20.428287938975419 ] ] ] } },
{ "type": "Feature", "properties": { "fid": 1491 }, "geometry": { "type": "Polygon", "coordinates": [ [ [ -40.357373544121067, -20.42806056889394 ], [ -40.357530011227155, -20.427833198690077 ], [ -40.357449610917556, -20.427784033705098 ], [ -40.357293143735141, -20.428011403839886 ], [ -40.357373544121067, -20.42806056889394 ] ] ] } },
{ "type": "Feature", "properties": { "fid": 1492 }, "geometry": { "type": "Polygon", "coordinates": [ [ [ -40.357293143735141, -20.428011403839886 ], [ -40.357449610917556, -20.427784033705098 ], [ -40.357369210657701, -20.42773486867986 ], [ -40.357212743396325, -20.427962238749391 ], [ -40.357293143735141, -20.428011403839886 ] ] ] } },
{ "type": "Feature", "properties": { "fid": 1493 }, "geometry": { "type": "Polygon", "coordinates": [ [ [ -40.357136676103693, -20.428238773856158 ], [ -40.357293143735141, -20.428011403839886 ], [ -40.357212743396325, -20.427962238749391 ], [ -40.357056275688542, -20.428189608696595 ], [ -40.357136676103693, -20.428238773856158 ] ] ] } },
{ "type": "Feature", "properties": { "fid": 1494 }, "geometry": { "type": "Polygon", "coordinates": [ [ [ -40.357056275688542, -20.428189608696595 ], [ -40.357212743396325, -20.427962238749391 ], [ -40.357132343109896, -20.427913073614771 ], [ -40.356975875324466, -20.428140443494762 ], [ -40.357056275688542, -20.428189608696595 ] ] ] } },
{ "type": "Feature", "properties": { "fid": 1495 }, "geometry": { "type": "Polygon", "coordinates": [ [ [ -40.357212743396325, -20.427962238749391 ], [ -40.357369210657701, -20.42773486867986 ], [ -40.357288810447592, -20.427685703614298 ], [ -40.357132343109896, -20.427913073614771 ], [ -40.357212743396325, -20.427962238749391 ] ] ] } },
{ "type": "Feature", "properties": { "fid": 1496 }, "geometry": { "type": "Polygon", "coordinates": [ [ [ -40.357132343109896, -20.427913073614771 ], [ -40.357288810447592, -20.427685703614298 ], [ -40.357208410287228, -20.427636538508487 ], [ -40.357051942870562, -20.427863908443683 ], [ -40.357132343109896, -20.427913073614771 ] ] ] } },
{ "type": "Feature", "properties": { "fid": 1497 }, "geometry": { "type": "Polygon", "coordinates": [ [ [ -40.356971542682295, -20.427814743230382 ], [ -40.357051942870562, -20.427863908443683 ], [ -40.357208410287228, -20.427636538508487 ], [ -40.357128010176602, -20.4275873733623 ], [ -40.356971542682295, -20.427814743230382 ] ] ] } },
{ "type": "Feature", "properties": { "fid": 1498 }, "geometry": { "type": "Polygon", "coordinates": [ [ [ -40.356971542682295, -20.427814743230382 ], [ -40.357128010176602, -20.4275873733623 ], [ -40.357007410017943, -20.42751362555892 ], [ -40.356929176262859, -20.427627310465866 ], [ -40.356850942402161, -20.427740995333441 ], [ -40.356971542682295, -20.427814743230382 ] ] ] } },
{ "type": "Feature", "properties": { "fid": 1499 }, "geometry": { "type": "Polygon", "coordinates": [ [ [ -40.35669447438778, -20.42796836500602 ], [ -40.356772708464696, -20.427854680209673 ], [ -40.356531508309459, -20.427707184040663 ], [ -40.356453274108432, -20.427820868747322 ], [ -40.35669447438778, -20.42796836500602 ] ] ] } },
{ "type": "Feature", "properties": { "fid": 1500 }, "geometry": { "type": "Polygon", "coordinates": [ [ [ -40.356850942402161, -20.427740995333441 ], [ -40.356929176262859, -20.427627310465866 ], [ -40.356687976376008, -20.427479814536536 ], [ -40.356609742390916, -20.427593499314973 ], [ -40.356850942402161, -20.427740995333441 ] ] ] } },
{ "type": "Feature", "properties": { "fid": 1501 }, "geometry": { "type": "Polygon", "coordinates": [ [ [ -40.356929176262859, -20.427627310465866 ], [ -40.357007410017943, -20.42751362555892 ], [ -40.356766210233609, -20.427366129750599 ], [ -40.356687976376008, -20.427479814536536 ], [ -40.356929176262859, -20.427627310465866 ] ] ] } },
{ "type": "Feature", "properties": { "fid": 1502 }, "geometry": { "type": "Polygon", "coordinates": [ [ [ -40.356128697357363, -20.430031403433411 ], [ -40.356180466550533, -20.42995537992633 ], [ -40.356232620097302, -20.429879591414402 ], [ -40.356284773594346, -20.429803802889058 ], [ -40.356204373920612, -20.429754640576437 ], [ -40.35604791320263, -20.429982006045098 ], [ -40.356128697357363, -20.430031403433411 ] ] ] } },
{ "type": "Feature", "properties": { "fid": 1503 }, "geometry": { "type": "Polygon", "coordinates": [ [ [ -40.356180466550533, -20.42995537992633 ], [ -40.356128697357363, -20.430031403433411 ], [ -40.356369510983988, -20.430178654313728 ], [ -40.35642166449162, -20.430102865771655 ], [ -40.356180466619108, -20.429955379968977 ], [ -40.356232620172499, -20.429879591447431 ], [ -40.35628477367613, -20.429803802912502 ], [ -40.356336927130023, -20.429728014364176 ], [ -40.356389080534179, -20.429652225802467 ], [ -40.356441233888575, -20.429576437227386 ], [ -40.356441233786917, -20.429576437232804 ], [ -40.356389080439158, -20.429652225798296 ], [ -40.356336927041625, -20.429728014350392 ], [ -40.356284773594346, -20.429803802889058 ], [ -40.356232620097302, -20.429879591414402 ], [ -40.356180466550533, -20.42995537992633 ] ] ] } },
{ "type": "Feature", "properties": { "fid": 1504 }, "geometry": { "type": "Polygon", "coordinates": [ [ [ -40.355597038643495, -20.429060230578713 ], [ -40.355284116158806, -20.429514960347323 ], [ -40.355284117780819, -20.429514961389689 ], [ -40.355336271649108, -20.429439173126237 ], [ -40.355388425474239, -20.429363384839725 ], [ -40.355629623410287, -20.429510872904999 ], [ -40.355681777070238, -20.429435084539929 ], [ -40.355440579249638, -20.429287596539908 ], [ -40.3554927329753, -20.429211808226654 ], [ -40.355544886651181, -20.429136019900021 ], [ -40.355597040277353, -20.429060231560026 ], [ -40.355597038643495, -20.429060230578713 ] ] ] } },
{ "type": "Feature", "properties": { "fid": 1505 }, "geometry": { "type": "Polygon", "coordinates": [ [ [ -40.356630278110281, -20.429799711345122 ], [ -40.356682431372263, -20.429723922731636 ], [ -40.356441233888575, -20.429576437227386 ], [ -40.356389080534179, -20.429652225802467 ], [ -40.356630278110281, -20.429799711345122 ] ] ] } },
{ "type": "Feature", "properties": { "fid": 1506 }, "geometry": { "type": "Polygon", "coordinates": [ [ [ -40.356578124780235, -20.42987549997185 ], [ -40.356630278110281, -20.429799711345122 ], [ -40.356389080534179, -20.429652225802467 ], [ -40.356336927130023, -20.429728014364176 ], [ -40.356578124780235, -20.42987549997185 ] ] ] } },
{ "type": "Feature", "properties": { "fid": 1507 }, "geometry": { "type": "Polygon", "coordinates": [ [ [ -40.356525971400458, -20.429951288585148 ], [ -40.356578124780235, -20.42987549997185 ], [ -40.356336927130023, -20.429728014364176 ], [ -40.35628477367613, -20.429803802912502 ], [ -40.356525971400458, -20.429951288585148 ] ] ] } },
{ "type": "Feature", "properties": { "fid": 1508 }, "geometry": { "type": "Polygon", "coordinates": [ [ [ -40.356473817970915, -20.430027077185095 ], [ -40.356525971400458, -20.429951288585148 ], [ -40.35628477367613, -20.429803802912502 ], [ -40.356232620172499, -20.429879591447431 ], [ -40.356473817970915, -20.430027077185095 ] ] ] } },
{ "type": "Feature", "properties": { "fid": 1509 }, "geometry": { "type": "Polygon", "coordinates": [ [ [ -40.35642166449162, -20.430102865771655 ], [ -40.356473817970915, -20.430027077185095 ], [ -40.356232620172499, -20.429879591447431 ], [ -40.356180466619108, -20.429955379968977 ], [ -40.35642166449162, -20.430102865771655 ] ] ] } },
{ "type": "Feature", "properties": { "fid": 1510 }, "geometry": { "type": "Polygon", "coordinates": [ [ [ -40.35596751347304, -20.429932843621135 ], [ -40.35604791320263, -20.429982006045098 ], [ -40.356204373920612, -20.429754640576437 ], [ -40.356123974269991, -20.429705478217727 ], [ -40.35596751347304, -20.429932843621135 ] ] ] } },
{ "type": "Feature", "properties": { "fid": 1511 }, "geometry": { "type": "Polygon", "coordinates": [ [ [ -40.355887113793187, -20.42988368115688 ], [ -40.35596751347304, -20.429932843621135 ], [ -40.356123974269991, -20.429705478217727 ], [ -40.356043574666472, -20.429656315822566 ], [ -40.355887113793187, -20.42988368115688 ] ] ] } },
{ "type": "Feature", "properties": { "fid": 1512 }, "geometry": { "type": "Polygon", "coordinates": [ [ [ -40.355806714163108, -20.429834518652349 ], [ -40.355887113793187, -20.42988368115688 ], [ -40.356043574666472, -20.429656315822566 ], [ -40.355963175115356, -20.429607153383255 ], [ -40.355806714163108, -20.429834518652349 ] ] ] } },
{ "type": "Feature", "properties": { "fid": 1513 }, "geometry": { "type": "Polygon", "coordinates": [ [ [ -40.355726314582768, -20.429785356107484 ], [ -40.355806714163108, -20.429834518652349 ], [ -40.355963175115356, -20.429607153383255 ], [ -40.355882775611327, -20.429557990907504 ], [ -40.355726314582768, -20.429785356107484 ] ] ] } },
{ "type": "Feature", "properties": { "fid": 1514 }, "geometry": { "type": "Polygon", "coordinates": [ [ [ -40.355645915052165, -20.429736193522384 ], [ -40.355726314582768, -20.429785356107484 ], [ -40.355882775611327, -20.429557990907504 ], [ -40.355802376158387, -20.42950882838953 ], [ -40.355645915052165, -20.429736193522384 ] ] ] } },
{ "type": "Feature", "properties": { "fid": 1515 }, "geometry": { "type": "Polygon", "coordinates": [ [ [ -40.355525315847586, -20.429662449572003 ], [ -40.355645915052165, -20.429736193522384 ], [ -40.355802376158387, -20.42950882838953 ], [ -40.355681777070238, -20.429435084539929 ], [ -40.355629623410287, -20.429510872904999 ], [ -40.355577469669399, -20.429586661249026 ], [ -40.355525315847586, -20.429662449572003 ] ] ] } },
{ "type": "Feature", "properties": { "fid": 1516 }, "geometry": { "type": "Polygon", "coordinates": [ [ [ -40.355284117780819, -20.429514961389689 ], [ -40.355525315847586, -20.429662449572003 ], [ -40.355577469669399, -20.429586661249026 ], [ -40.355336271649108, -20.429439173126237 ], [ -40.355284117780819, -20.429514961389689 ] ] ] } },
{ "type": "Feature", "properties": { "fid": 1517 }, "geometry": { "type": "Polygon", "coordinates": [ [ [ -40.356441233786917, -20.429576437232804 ], [ -40.356360834192188, -20.429527274985418 ], [ -40.356204373920612, -20.429754640576437 ], [ -40.356284773594346, -20.429803802889058 ], [ -40.356336927041625, -20.429728014350392 ], [ -40.356389080439158, -20.429652225798296 ], [ -40.356441233786917, -20.429576437232804 ] ] ] } },
{ "type": "Feature", "properties": { "fid": 1518 }, "geometry": { "type": "Polygon", "coordinates": [ [ [ -40.356360834192188, -20.429527274985418 ], [ -40.356280434617865, -20.429478112695787 ], [ -40.356123974269991, -20.429705478217727 ], [ -40.356204373920612, -20.429754640576437 ], [ -40.356360834192188, -20.429527274985418 ] ] ] } },
{ "type": "Feature", "properties": { "fid": 1519 }, "geometry": { "type": "Polygon", "coordinates": [ [ [ -40.356280434617865, -20.429478112695787 ], [ -40.356200035093323, -20.429428950365889 ], [ -40.356043574666472, -20.429656315822566 ], [ -40.356123974269991, -20.429705478217727 ], [ -40.356280434617865, -20.429478112695787 ] ] ] } },
{ "type": "Feature", "properties": { "fid": 1520 }, "geometry": { "type": "Polygon", "coordinates": [ [ [ -40.356200035093323, -20.429428950365889 ], [ -40.356119635618533, -20.429379787995664 ], [ -40.355963175115356, -20.429607153383255 ], [ -40.356043574666472, -20.429656315822566 ], [ -40.356200035093323, -20.429428950365889 ] ] ] } },
{ "type": "Feature", "properties": { "fid": 1521 }, "geometry": { "type": "Polygon", "coordinates": [ [ [ -40.356119635618533, -20.429379787995664 ], [ -40.356039236193467, -20.429330625585155 ], [ -40.355882775611327, -20.429557990907504 ], [ -40.355963175115356, -20.429607153383255 ], [ -40.356119635618533, -20.429379787995664 ] ] ] } },
{ "type": "Feature", "properties": { "fid": 1522 }, "geometry": { "type": "Polygon", "coordinates": [ [ [ -40.356039236193467, -20.429330625585155 ], [ -40.355958836818175, -20.429281463134366 ], [ -40.355802376158387, -20.42950882838953 ], [ -40.355882775611327, -20.429557990907504 ], [ -40.356039236193467, -20.429330625585155 ] ] ] } },
{ "type": "Feature", "properties": { "fid": 1523 }, "geometry": { "type": "Polygon", "coordinates": [ [ [ -40.355958836818175, -20.429281463134366 ], [ -40.355838237846491, -20.429207719385495 ], [ -40.355786084334454, -20.429283507792604 ], [ -40.355733930742815, -20.429359296176802 ], [ -40.355681777070238, -20.429435084539929 ], [ -40.355802376158387, -20.42950882838953 ], [ -40.355958836818175, -20.429281463134366 ] ] ] } },
{ "type": "Feature", "properties": { "fid": 1524 }, "geometry": { "type": "Polygon", "coordinates": [ [ [ -40.355838237846491, -20.429207719385495 ], [ -40.355662937544231, -20.429100526575738 ], [ -40.355597040277353, -20.429060231560026 ], [ -40.355544886651181, -20.429136019900021 ], [ -40.355786084334454, -20.429283507792604 ], [ -40.355838237846491, -20.429207719385495 ] ] ] } },
{ "type": "Feature", "properties": { "fid": 1525 }, "geometry": { "type": "Polygon", "coordinates": [ [ [ -40.355577469669399, -20.429586661249026 ], [ -40.355629623410287, -20.429510872904999 ], [ -40.355388425474239, -20.429363384839725 ], [ -40.355336271649108, -20.429439173126237 ], [ -40.355577469669399, -20.429586661249026 ] ] ] } },
{ "type": "Feature", "properties": { "fid": 1526 }, "geometry": { "type": "Polygon", "coordinates": [ [ [ -40.355681777070238, -20.429435084539929 ], [ -40.355733930742815, -20.429359296176802 ], [ -40.3554927329753, -20.429211808226654 ], [ -40.355440579249638, -20.429287596539908 ], [ -40.355681777070238, -20.429435084539929 ] ] ] } },
{ "type": "Feature", "properties": { "fid": 1527 }, "geometry": { "type": "Polygon", "coordinates": [ [ [ -40.355733930742815, -20.429359296176802 ], [ -40.355786084334454, -20.429283507792604 ], [ -40.355544886651181, -20.429136019900021 ], [ -40.3554927329753, -20.429211808226654 ], [ -40.355733930742815, -20.429359296176802 ] ] ] } },
{ "type": "Feature", "properties": { "fid": 1528 }, "geometry": { "type": "Polygon", "coordinates": [ [ [ -40.355479802140124, -20.428997159116502 ], [ -40.355427647661337, -20.429072948030377 ], [ -40.355479803765313, -20.428997160110274 ], [ -40.355479802140124, -20.428997159116502 ] ] ] } },
{ "type": "Feature", "properties": { "fid": 1529 }, "geometry": { "type": "Polygon", "coordinates": [ [ [ -40.355427647661337, -20.429072948030377 ], [ -40.355479802140124, -20.428997159116502 ], [ -40.355238606808925, -20.428849671802919 ], [ -40.355186454114232, -20.42892546067079 ], [ -40.355427647661337, -20.429072948030377 ] ] ] } },
{ "type": "Feature", "properties": { "fid": 1530 }, "geometry": { "type": "Polygon", "coordinates": [ [ [ -40.355375493673726, -20.429148736144882 ], [ -40.355427647661337, -20.429072948030377 ], [ -40.355186454114232, -20.42892546067079 ], [ -40.355134300048988, -20.429001248718095 ], [ -40.355375493673726, -20.429148736144882 ] ] ] } },
{ "type": "Feature", "properties": { "fid": 1531 }, "geometry": { "type": "Polygon", "coordinates": [ [ [ -40.355323339636371, -20.429224524245985 ], [ -40.355375493673726, -20.429148736144882 ], [ -40.355134300048988, -20.429001248718095 ], [ -40.355081807906913, -20.429077526956529 ], [ -40.355323339636371, -20.429224524245985 ] ] ] } },
{ "type": "Feature", "properties": { "fid": 1532 }, "geometry": { "type": "Polygon", "coordinates": [ [ [ -40.355271185549263, -20.429300312333702 ], [ -40.355323339636371, -20.429224524245985 ], [ -40.355081807906913, -20.429077526956529 ], [ -40.355029991769257, -20.429152824772583 ], [ -40.355271185549263, -20.429300312333702 ] ] ] } },
{ "type": "Feature", "properties": { "fid": 1533 }, "geometry": { "type": "Polygon", "coordinates": [ [ [ -40.35521903141241, -20.429376100408025 ], [ -40.355271185549263, -20.429300312333702 ], [ -40.355029991769257, -20.429152824772583 ], [ -40.354977837625327, -20.429228612822911 ], [ -40.35521903141241, -20.429376100408025 ] ] ] } },
{ "type": "Feature", "properties": { "fid": 1534 }, "geometry": { "type": "Polygon", "coordinates": [ [ [ -40.35521903141241, -20.429376100408025 ], [ -40.355166877794403, -20.429451887642678 ], [ -40.35516688105961, -20.429451889696495 ], [ -40.35521903141241, -20.429376100408025 ] ] ] } },
{ "type": "Feature", "properties": { "fid": 1535 }, "geometry": { "type": "Polygon", "coordinates": [ [ [ -40.355166877794403, -20.429451887642678 ], [ -40.35521903141241, -20.429376100408025 ], [ -40.354977837625327, -20.429228612822911 ], [ -40.35497783755477, -20.429228612779763 ], [ -40.354977500001141, -20.429229103300575 ], [ -40.354925683566464, -20.429304400947725 ], [ -40.355166877794403, -20.429451887642678 ] ] ] } },
{ "type": "Feature", "properties": { "fid": 1536 }, "geometry": { "type": "Polygon", "coordinates": [ [ [ -40.354977837625327, -20.429228612822911 ], [ -40.355029991769257, -20.429152824772583 ], [ -40.35497783755477, -20.429228612779763 ], [ -40.354977837625327, -20.429228612822911 ] ] ] } },
{ "type": "Feature", "properties": { "fid": 1537 }, "geometry": { "type": "Polygon", "coordinates": [ [ [ -40.355029991769257, -20.429152824772583 ], [ -40.355081807906913, -20.429077526956529 ], [ -40.355134300048988, -20.429001248718095 ], [ -40.355081807825123, -20.429077526933082 ], [ -40.355029991769257, -20.429152824772583 ] ] ] } },
{ "type": "Feature", "properties": { "fid": 1538 }, "geometry": { "type": "Polygon", "coordinates": [ [ [ -40.355186454114232, -20.42892546067079 ], [ -40.355238606808925, -20.428849671802919 ], [ -40.355238606740045, -20.428849671760801 ], [ -40.355186454114232, -20.42892546067079 ] ] ] } },
{ "type": "Feature", "properties": { "fid": 1539 }, "geometry": { "type": "Polygon", "coordinates": [ [ [ -40.354925683566464, -20.429304400947725 ], [ -40.354977500001141, -20.429229103300575 ], [ -40.35497783755477, -20.429228612779763 ], [ -40.355029991769257, -20.429152824772583 ], [ -40.355081807825123, -20.429077526933082 ], [ -40.355001408890757, -20.429028364017917 ], [ -40.354845284622222, -20.429255238018989 ], [ -40.354925683566464, -20.429304400947725 ] ] ] } },
{ "type": "Feature", "properties": { "fid": 1540 }, "geometry": { "type": "Polygon", "coordinates": [ [ [ -40.355081807825123, -20.429077526933082 ], [ -40.355134300048988, -20.429001248718095 ], [ -40.355186454114232, -20.42892546067079 ], [ -40.355238606740045, -20.428849671760801 ], [ -40.355158207875625, -20.428800508924294 ], [ -40.355001408890757, -20.429028364017917 ], [ -40.355081807825123, -20.429077526933082 ] ] ] } },
{ "type": "Feature", "properties": { "fid": 1541 }, "geometry": { "type": "Polygon", "coordinates": [ [ [ -40.355001408890757, -20.429028364017917 ], [ -40.355158207875625, -20.428800508924294 ], [ -40.3550778090394, -20.428751346034272 ], [ -40.354921009979471, -20.428979201056627 ], [ -40.355001408890757, -20.429028364017917 ] ] ] } },
{ "type": "Feature", "properties": { "fid": 1542 }, "geometry": { "type": "Polygon", "coordinates": [ [ [ -40.355001408890757, -20.429028364017917 ], [ -40.354921009979471, -20.428979201056627 ], [ -40.354764673132131, -20.42920638382779 ], [ -40.354845284622222, -20.429255238018989 ], [ -40.355001408890757, -20.429028364017917 ] ] ] } },
{ "type": "Feature", "properties": { "fid": 1543 }, "geometry": { "type": "Polygon", "coordinates": [ [ [ -40.354921009979471, -20.428979201056627 ], [ -40.3550778090394, -20.428751346034272 ], [ -40.354997410252942, -20.428702183104022 ], [ -40.354840611115286, -20.428930038058933 ], [ -40.354921009979471, -20.428979201056627 ] ] ] } },
{ "type": "Feature", "properties": { "fid": 1544 }, "geometry": { "type": "Polygon", "coordinates": [ [ [ -40.354684486615, -20.429156911885268 ], [ -40.354764673132131, -20.42920638382779 ], [ -40.354921009979471, -20.428979201056627 ], [ -40.354840611115286, -20.428930038058933 ], [ -40.354684486615, -20.429156911885268 ] ] ] } },
{ "type": "Feature", "properties": { "fid": 1545 }, "geometry": { "type": "Polygon", "coordinates": [ [ [ -40.354603924498072, -20.429107984502242 ], [ -40.354684486615, -20.429156911885268 ], [ -40.354840611115286, -20.428930038058933 ], [ -40.354760212304839, -20.428880875015135 ], [ -40.354603924498072, -20.429107984502242 ] ] ] } },
{ "type": "Feature", "properties": { "fid": 1546 }, "geometry": { "type": "Polygon", "coordinates": [ [ [ -40.354523552549267, -20.429058786187692 ], [ -40.354603924498072, -20.429107984502242 ], [ -40.354760212304839, -20.428880875015135 ], [ -40.354679813540159, -20.428831711936834 ], [ -40.354679686341221, -20.428831896777204 ], [ -40.354523552549267, -20.429058786187692 ] ] ] } },
{ "type": "Feature", "properties": { "fid": 1547 }, "geometry": { "type": "Polygon", "coordinates": [ [ [ -40.354443290087957, -20.429009422450182 ], [ -40.354523552549267, -20.429058786187692 ], [ -40.354679686341221, -20.428831896777204 ], [ -40.354679813540159, -20.428831711936834 ], [ -40.354599414826552, -20.428782548816326 ], [ -40.354443290087957, -20.429009422450182 ] ] ] } },
{ "type": "Feature", "properties": { "fid": 1548 }, "geometry": { "type": "Polygon", "coordinates": [ [ [ -40.35432257865024, -20.428935763125114 ], [ -40.354443290087957, -20.429009422450182 ], [ -40.354599414826552, -20.428782548816326 ], [ -40.354478816898215, -20.428708804042081 ], [ -40.354478800929243, -20.42870882724748 ], [ -40.354478689678182, -20.428708988912735 ], [ -40.354426662784775, -20.42878459205853 ], [ -40.354374508640603, -20.428860380086867 ], [ -40.35432257865024, -20.428935763125114 ] ] ] } },
{ "type": "Feature", "properties": { "fid": 1549 }, "geometry": { "type": "Polygon", "coordinates": [ [ [ -40.354081496138498, -20.428788187615414 ], [ -40.35432257865024, -20.428935763125114 ], [ -40.354374508640603, -20.428860380086867 ], [ -40.354133312862913, -20.428712890173763 ], [ -40.354081496138498, -20.428788187615414 ] ] ] } },
{ "type": "Feature", "properties": { "fid": 1550 }, "geometry": { "type": "Polygon", "coordinates": [ [ [ -40.354840611115286, -20.428930038058933 ], [ -40.354997410252942, -20.428702183104022 ], [ -40.354917011516243, -20.428653020133478 ], [ -40.354760212304839, -20.428880875015135 ], [ -40.354840611115286, -20.428930038058933 ] ] ] } },
{ "type": "Feature", "properties": { "fid": 1551 }, "geometry": { "type": "Polygon", "coordinates": [ [ [ -40.354760212304839, -20.428880875015135 ], [ -40.354917011516243, -20.428653020133478 ], [ -40.354836612829281, -20.428603857122603 ], [ -40.354679813540159, -20.428831711936834 ], [ -40.354760212304839, -20.428880875015135 ] ] ] } },
{ "type": "Feature", "properties": { "fid": 1552 }, "geometry": { "type": "Polygon", "coordinates": [ [ [ -40.354679813540159, -20.428831711936834 ], [ -40.354836612829281, -20.428603857122603 ], [ -40.35475621419215, -20.428554694071334 ], [ -40.354599414826552, -20.428782548816326 ], [ -40.354679813540159, -20.428831711936834 ] ] ] } },
{ "type": "Feature", "properties": { "fid": 1553 }, "geometry": { "type": "Polygon", "coordinates": [ [ [ -40.354599414826552, -20.428782548816326 ], [ -40.35475621419215, -20.428554694071334 ], [ -40.354635616329496, -20.428480949419189 ], [ -40.354583124890397, -20.428557227987309 ], [ -40.354582997691551, -20.428557412827615 ], [ -40.354530970908712, -20.428633016036592 ], [ -40.354530843709739, -20.42863320087687 ], [ -40.354478864929462, -20.428708734245131 ], [ -40.354478816898215, -20.428708804042081 ], [ -40.354599414826552, -20.428782548816326 ] ] ] } },
{ "type": "Feature", "properties": { "fid": 1554 }, "geometry": { "type": "Polygon", "coordinates": [ [ [ -40.354478816898215, -20.428708804042081 ], [ -40.354478864929462, -20.428708734245131 ], [ -40.354530843709739, -20.42863320087687 ], [ -40.354530970908712, -20.428633016036592 ], [ -40.354289775359199, -20.428485526278884 ], [ -40.354237621243513, -20.428561314257237 ], [ -40.354478816898215, -20.428708804042081 ] ] ] } },
{ "type": "Feature", "properties": { "fid": 1555 }, "geometry": { "type": "Polygon", "coordinates": [ [ [ -40.354530970908712, -20.428633016036592 ], [ -40.354582997691551, -20.428557412827615 ], [ -40.354583005673454, -20.428557401228623 ], [ -40.354583124890397, -20.428557227987309 ], [ -40.354341929425139, -20.428409738287151 ], [ -40.354289775359199, -20.428485526278884 ], [ -40.354530970908712, -20.428633016036592 ] ] ] } },
{ "type": "Feature", "properties": { "fid": 1556 }, "geometry": { "type": "Polygon", "coordinates": [ [ [ -40.354582997691551, -20.428557412827615 ], [ -40.354583124890397, -20.428557227987309 ], [ -40.354583005673454, -20.428557401228623 ], [ -40.354582997691551, -20.428557412827615 ] ] ] } },
{ "type": "Feature", "properties": { "fid": 1557 }, "geometry": { "type": "Polygon", "coordinates": [ [ [ -40.354583124890397, -20.428557227987309 ], [ -40.354635616329496, -20.428480949419189 ], [ -40.354394420940203, -20.428333459842694 ], [ -40.354341929425139, -20.428409738287151 ], [ -40.354583124890397, -20.428557227987309 ] ] ] } },
{ "type": "Feature", "properties": { "fid": 1558 }, "geometry": { "type": "Polygon", "coordinates": [ [ [ -40.354374508640603, -20.428860380086867 ], [ -40.354426662784775, -20.42878459205853 ], [ -40.354185467078096, -20.428637102222183 ], [ -40.354133312862913, -20.428712890173763 ], [ -40.354374508640603, -20.428860380086867 ] ] ] } },
{ "type": "Feature", "properties": { "fid": 1559 }, "geometry": { "type": "Polygon", "coordinates": [ [ [ -40.354478800929243, -20.42870882724748 ], [ -40.354478816898215, -20.428708804042081 ], [ -40.354237621243513, -20.428561314257237 ], [ -40.354185467078096, -20.428637102222183 ], [ -40.354426662784775, -20.42878459205853 ], [ -40.354478689678182, -20.428708988912735 ], [ -40.354478800929243, -20.42870882724748 ] ] ] } },
{ "type": "Feature", "properties": { "fid": 1560 }, "geometry": { "type": "Polygon", "coordinates": [ [ [ -40.355086261534133, -20.429574885110565 ], [ -40.355034106678161, -20.429650673923501 ], [ -40.355086263159336, -20.429574886104344 ], [ -40.355086261534133, -20.429574885110565 ] ] ] } },
{ "type": "Feature", "properties": { "fid": 1561 }, "geometry": { "type": "Polygon", "coordinates": [ [ [ -40.355034106678161, -20.429650673923501 ], [ -40.355086261534133, -20.429574885110565 ], [ -40.354845065607662, -20.42942739729077 ], [ -40.354792912535778, -20.429503186057694 ], [ -40.355034106678161, -20.429650673923501 ] ] ] } },
{ "type": "Feature", "properties": { "fid": 1562 }, "geometry": { "type": "Polygon", "coordinates": [ [ [ -40.354981952313352, -20.429726461937058 ], [ -40.355034106678161, -20.429650673923501 ], [ -40.354792912535778, -20.429503186057694 ], [ -40.354740758093342, -20.429578974004055 ], [ -40.354981952313352, -20.429726461937058 ] ] ] } },
{ "type": "Feature", "properties": { "fid": 1563 }, "geometry": { "type": "Polygon", "coordinates": [ [ [ -40.354929797898805, -20.429802249937218 ], [ -40.354981952313352, -20.429726461937058 ], [ -40.354740758093342, -20.429578974004055 ], [ -40.354688265571632, -20.42965525214089 ], [ -40.354929797898805, -20.429802249937218 ] ] ] } },
{ "type": "Feature", "properties": { "fid": 1564 }, "geometry": { "type": "Polygon", "coordinates": [ [ [ -40.354877643434492, -20.429878037923991 ], [ -40.354929797898805, -20.429802249937218 ], [ -40.354688265571632, -20.42965525214089 ], [ -40.354636449059221, -20.429730549856639 ], [ -40.354877643434492, -20.429878037923991 ] ] ] } },
{ "type": "Feature", "properties": { "fid": 1565 }, "geometry": { "type": "Polygon", "coordinates": [ [ [ -40.35482548892044, -20.429953825897371 ], [ -40.354877643434492, -20.429878037923991 ], [ -40.354636449059221, -20.429730549856639 ], [ -40.354584294538085, -20.429806337806017 ], [ -40.35482548892044, -20.429953825897371 ] ] ] } },
{ "type": "Feature", "properties": { "fid": 1566 }, "geometry": { "type": "Polygon", "coordinates": [ [ [ -40.35482548892044, -20.429953825897371 ], [ -40.354773334925241, -20.430029613031071 ], [ -40.354773338190455, -20.430029615084894 ], [ -40.35482548892044, -20.429953825897371 ] ] ] } },
{ "type": "Feature", "properties": { "fid": 1567 }, "geometry": { "type": "Polygon", "coordinates": [ [ [ -40.354773334925241, -20.430029613031071 ], [ -40.35482548892044, -20.429953825897371 ], [ -40.354584294538085, -20.429806337806017 ], [ -40.354584294467529, -20.429806337762873 ], [ -40.354583956911462, -20.429806828283027 ], [ -40.354532140102023, -20.429882125829881 ], [ -40.354773334925241, -20.430029613031071 ] ] ] } },
{ "type": "Feature", "properties": { "fid": 1568 }, "geometry": { "type": "Polygon", "coordinates": [ [ [ -40.354584294538085, -20.429806337806017 ], [ -40.354636449059221, -20.429730549856639 ], [ -40.354584294467529, -20.429806337762873 ], [ -40.354584294538085, -20.429806337806017 ] ] ] } },
{ "type": "Feature", "properties": { "fid": 1569 }, "geometry": { "type": "Polygon", "coordinates": [ [ [ -40.354636449059221, -20.429730549856639 ], [ -40.354688265571632, -20.42965525214089 ], [ -40.354740758093342, -20.429578974004055 ], [ -40.354688265489841, -20.429655252117438 ], [ -40.354636449059221, -20.429730549856639 ] ] ] } },
{ "type": "Feature", "properties": { "fid": 1570 }, "geometry": { "type": "Polygon", "coordinates": [ [ [ -40.354792912535778, -20.429503186057694 ], [ -40.354845065607662, -20.42942739729077 ], [ -40.354845065538775, -20.429427397248645 ], [ -40.354792912535778, -20.429503186057694 ] ] ] } },
{ "type": "Feature", "properties": { "fid": 1571 }, "geometry": { "type": "Polygon", "coordinates": [ [ [ -40.354532140102023, -20.429882125829881 ], [ -40.354583956911462, -20.429806828283027 ], [ -40.354584294467529, -20.429806337762873 ], [ -40.354636449059221, -20.429730549856639 ], [ -40.354688265489841, -20.429655252117438 ], [ -40.35460786635705, -20.429606089033523 ], [ -40.354451740959362, -20.429832962732405 ], [ -40.354532140102023, -20.429882125829881 ] ] ] } },
{ "type": "Feature", "properties": { "fid": 1572 }, "geometry": { "type": "Polygon", "coordinates": [ [ [ -40.354688265489841, -20.429655252117438 ], [ -40.354740758093342, -20.429578974004055 ], [ -40.354792912535778, -20.429503186057694 ], [ -40.354845065538775, -20.429427397248645 ], [ -40.35476466647593, -20.429378234243398 ], [ -40.35460786635705, -20.429606089033523 ], [ -40.354688265489841, -20.429655252117438 ] ] ] } },
{ "type": "Feature", "properties": { "fid": 1573 }, "geometry": { "type": "Polygon", "coordinates": [ [ [ -40.35460786635705, -20.429606089033523 ], [ -40.35476466647593, -20.429378234243398 ], [ -40.354684267441286, -20.429329071184636 ], [ -40.354527467247337, -20.429556925903494 ], [ -40.35460786635705, -20.429606089033523 ] ] ] } },
{ "type": "Feature", "properties": { "fid": 1574 }, "geometry": { "type": "Polygon", "coordinates": [ [ [ -40.35460786635705, -20.429606089033523 ], [ -40.354527467247337, -20.429556925903494 ], [ -40.35437112926931, -20.429784108372036 ], [ -40.354451740959362, -20.429832962732405 ], [ -40.35460786635705, -20.429606089033523 ] ] ] } },
{ "type": "Feature", "properties": { "fid": 1575 }, "geometry": { "type": "Polygon", "coordinates": [ [ [ -40.354527467247337, -20.429556925903494 ], [ -40.354684267441286, -20.429329071184636 ], [ -40.354603868456408, -20.429279908085643 ], [ -40.354447068184733, -20.42950776273706 ], [ -40.354527467247337, -20.429556925903494 ] ] ] } },
{ "type": "Feature", "properties": { "fid": 1576 }, "geometry": { "type": "Polygon", "coordinates": [ [ [ -40.354290942555295, -20.429734636261184 ], [ -40.35437112926931, -20.429784108372036 ], [ -40.354527467247337, -20.429556925903494 ], [ -40.354447068184733, -20.42950776273706 ], [ -40.354290942555295, -20.429734636261184 ] ] ] } },
{ "type": "Feature", "properties": { "fid": 1577 }, "geometry": { "type": "Polygon", "coordinates": [ [ [ -40.354210380238776, -20.429685708709094 ], [ -40.354290942555295, -20.429734636261184 ], [ -40.354447068184733, -20.42950776273706 ], [ -40.354366669175867, -20.429458599524512 ], [ -40.354210380238776, -20.429685708709094 ] ] ] } },
{ "type": "Feature", "properties": { "fid": 1578 }, "geometry": { "type": "Polygon", "coordinates": [ [ [ -40.354130008091737, -20.429636510225844 ], [ -40.354210380238776, -20.429685708709094 ], [ -40.354366669175867, -20.429458599524512 ], [ -40.354286270212768, -20.42940943627746 ], [ -40.354286143012914, -20.429409621117589 ], [ -40.354130008091737, -20.429636510225844 ] ] ] } },
{ "type": "Feature", "properties": { "fid": 1579 }, "geometry": { "type": "Polygon", "coordinates": [ [ [ -40.354049745433009, -20.429587146319854 ], [ -40.354130008091737, -20.429636510225844 ], [ -40.354286143012914, -20.429409621117589 ], [ -40.354286270212768, -20.42940943627746 ], [ -40.354205871300756, -20.429360272988216 ], [ -40.354049745433009, -20.429587146319854 ] ] ] } },
{ "type": "Feature", "properties": { "fid": 1580 }, "geometry": { "type": "Polygon", "coordinates": [ [ [ -40.353929033697042, -20.429513486741431 ], [ -40.354049745433009, -20.429587146319854 ], [ -40.354205871300756, -20.429360272988216 ], [ -40.354085273074794, -20.429286527960848 ], [ -40.354085257105716, -20.429286551166218 ], [ -40.354085145853851, -20.42928671283126 ], [ -40.354033118584169, -20.429362315876332 ], [ -40.353980964062799, -20.429438103803719 ], [ -40.353929033697042, -20.429513486741431 ] ] ] } },
{ "type": "Feature", "properties": { "fid": 1581 }, "geometry": { "type": "Polygon", "coordinates": [ [ [ -40.353687950590725, -20.429365910725704 ], [ -40.353929033697042, -20.429513486741431 ], [ -40.353980964062799, -20.429438103803719 ], [ -40.353739767689895, -20.429290613384367 ], [ -40.353687950590725, -20.429365910725704 ] ] ] } },
{ "type": "Feature", "properties": { "fid": 1582 }, "geometry": { "type": "Polygon", "coordinates": [ [ [ -40.354447068184733, -20.42950776273706 ], [ -40.354603868456408, -20.429279908085643 ], [ -40.35452346952129, -20.429230744946356 ], [ -40.354366669175867, -20.429458599524512 ], [ -40.354447068184733, -20.42950776273706 ] ] ] } },
{ "type": "Feature", "properties": { "fid": 1583 }, "geometry": { "type": "Polygon", "coordinates": [ [ [ -40.354366669175867, -20.429458599524512 ], [ -40.35452346952129, -20.429230744946356 ], [ -40.354443070635902, -20.429181581766738 ], [ -40.354286270212768, -20.42940943627746 ], [ -40.354366669175867, -20.429458599524512 ] ] ] } },
{ "type": "Feature", "properties": { "fid": 1584 }, "geometry": { "type": "Polygon", "coordinates": [ [ [ -40.354286270212768, -20.42940943627746 ], [ -40.354443070635902, -20.429181581766738 ], [ -40.354362671800367, -20.429132418546732 ], [ -40.354205871300756, -20.429360272988216 ], [ -40.354286270212768, -20.42940943627746 ] ] ] } },
{ "type": "Feature", "properties": { "fid": 1585 }, "geometry": { "type": "Polygon", "coordinates": [ [ [ -40.354205871300756, -20.429360272988216 ], [ -40.354362671800367, -20.429132418546732 ], [ -40.354242073640087, -20.429058673641475 ], [ -40.354189581821366, -20.429134952107983 ], [ -40.354189454621604, -20.429135136948052 ], [ -40.35413742746249, -20.42921074005632 ], [ -40.354137300262593, -20.429210924896346 ], [ -40.354085321106389, -20.429286458163983 ], [ -40.354085273074794, -20.429286527960848 ], [ -40.354205871300756, -20.429360272988216 ] ] ] } },
{ "type": "Feature", "properties": { "fid": 1586 }, "geometry": { "type": "Polygon", "coordinates": [ [ [ -40.354085273074794, -20.429286527960848 ], [ -40.354085321106389, -20.429286458163983 ], [ -40.354137300262593, -20.429210924896346 ], [ -40.35413742746249, -20.42921074005632 ], [ -40.353896231317762, -20.429063249792375 ], [ -40.353844076824878, -20.429139037669771 ], [ -40.354085273074794, -20.429286527960848 ] ] ] } },
{ "type": "Feature", "properties": { "fid": 1587 }, "geometry": { "type": "Polygon", "coordinates": [ [ [ -40.35413742746249, -20.42921074005632 ], [ -40.354189454621604, -20.429135136948052 ], [ -40.354189462603564, -20.429135125349074 ], [ -40.354189581821366, -20.429134952107983 ], [ -40.353948385760894, -20.428987461901599 ], [ -40.353896231317762, -20.429063249792375 ], [ -40.35413742746249, -20.42921074005632 ] ] ] } },
{ "type": "Feature", "properties": { "fid": 1588 }, "geometry": { "type": "Polygon", "coordinates": [ [ [ -40.354189454621604, -20.429135136948052 ], [ -40.354189581821366, -20.429134952107983 ], [ -40.354189462603564, -20.429135125349074 ], [ -40.354189454621604, -20.429135136948052 ] ] ] } },
{ "type": "Feature", "properties": { "fid": 1589 }, "geometry": { "type": "Polygon", "coordinates": [ [ [ -40.354189581821366, -20.429134952107983 ], [ -40.354242073640087, -20.429058673641475 ], [ -40.354000877655587, -20.428911183558757 ], [ -40.353948385760894, -20.428987461901599 ], [ -40.354189581821366, -20.429134952107983 ] ] ] } },
{ "type": "Feature", "properties": { "fid": 1590 }, "geometry": { "type": "Polygon", "coordinates": [ [ [ -40.353980964062799, -20.429438103803719 ], [ -40.354033118584169, -20.429362315876332 ], [ -40.353791922282277, -20.429214825533748 ], [ -40.353739767689895, -20.429290613384367 ], [ -40.353980964062799, -20.429438103803719 ] ] ] } },
{ "type": "Feature", "properties": { "fid": 1591 }, "geometry": { "type": "Polygon", "coordinates": [ [ [ -40.354085257105716, -20.429286551166218 ], [ -40.354085273074794, -20.429286527960848 ], [ -40.353844076824878, -20.429139037669771 ], [ -40.353791922282277, -20.429214825533748 ], [ -40.354033118584169, -20.429362315876332 ], [ -40.354085145853851, -20.42928671283126 ], [ -40.354085257105716, -20.429286551166218 ] ] ] } },
{ "type": "Feature", "properties": { "fid": 1592 }, "geometry": { "type": "Polygon", "coordinates": [ [ [ -40.358170792651514, -20.432082890142727 ], [ -40.358222561424824, -20.432006866063496 ], [ -40.358274714559826, -20.431931076974397 ], [ -40.358326867645118, -20.431855287871894 ], [ -40.358246466274117, -20.431806126610834 ], [ -40.358090006791379, -20.432033493810991 ], [ -40.358170792651514, -20.432082890142727 ] ] ] } },
{ "type": "Feature", "properties": { "fid": 1593 }, "geometry": { "type": "Polygon", "coordinates": [ [ [ -40.358222561424824, -20.432006866063496 ], [ -40.358170792651514, -20.432082890142727 ], [ -40.358411611361888, -20.432230137873354 ], [ -40.358463764457746, -20.432154348754111 ], [ -40.358222561493392, -20.432006866106139 ], [ -40.358274714635023, -20.431931077007437 ], [ -40.358326867726909, -20.431855287895335 ], [ -40.358379020769029, -20.431779498769842 ], [ -40.358431173761424, -20.43170370963097 ], [ -40.358483326704039, -20.431627920478739 ], [ -40.358483326602389, -20.431627920484161 ], [ -40.358431173666396, -20.431703709626806 ], [ -40.35837902068063, -20.431779498756057 ], [ -40.358326867645118, -20.431855287871894 ], [ -40.358274714559826, -20.431931076974397 ], [ -40.358222561424824, -20.432006866063496 ] ] ] } },
{ "type": "Feature", "properties": { "fid": 1594 }, "geometry": { "type": "Polygon", "coordinates": [ [ [ -40.357639113638093, -20.431111724871045 ], [ -40.357326193623415, -20.43156645810263 ], [ -40.35732619524547, -20.431566459144975 ], [ -40.357378348702099, -20.431490670304346 ], [ -40.357430502115569, -20.431414881440674 ], [ -40.357671705143339, -20.431562366351482 ], [ -40.357723858391601, -20.431486577409256 ], [ -40.357482655479302, -20.431339092563679 ], [ -40.357534808793275, -20.431263303673276 ], [ -40.357560210260637, -20.431226390381092 ], [ -40.357586962057496, -20.431187514769487 ], [ -40.357639115271986, -20.43111172585234 ], [ -40.357639113638093, -20.431111724871045 ] ] ] } },
{ "type": "Feature", "properties": { "fid": 1595 }, "geometry": { "type": "Polygon", "coordinates": [ [ [ -40.358672376429254, -20.431851192018911 ], [ -40.358724529279442, -20.431775402828272 ], [ -40.358483326704039, -20.431627920478739 ], [ -40.358431173761424, -20.43170370963097 ], [ -40.358672376429254, -20.431851192018911 ] ] ] } },
{ "type": "Feature", "properties": { "fid": 1596 }, "geometry": { "type": "Polygon", "coordinates": [ [ [ -40.358620223510997, -20.431926981222794 ], [ -40.358672376429254, -20.431851192018911 ], [ -40.358431173761424, -20.43170370963097 ], [ -40.358379020769029, -20.431779498769842 ], [ -40.358620223510997, -20.431926981222794 ] ] ] } },
{ "type": "Feature", "properties": { "fid": 1597 }, "geometry": { "type": "Polygon", "coordinates": [ [ [ -40.358568070543015, -20.432002770413263 ], [ -40.358620223510997, -20.431926981222794 ], [ -40.358379020769029, -20.431779498769842 ], [ -40.358326867726909, -20.431855287895335 ], [ -40.358568070543015, -20.432002770413263 ] ] ] } },
{ "type": "Feature", "properties": { "fid": 1598 }, "geometry": { "type": "Polygon", "coordinates": [ [ [ -40.35851591752526, -20.432078559590376 ], [ -40.358568070543015, -20.432002770413263 ], [ -40.358326867726909, -20.431855287895335 ], [ -40.358274714635023, -20.431931077007437 ], [ -40.35851591752526, -20.432078559590376 ] ] ] } },
{ "type": "Feature", "properties": { "fid": 1599 }, "geometry": { "type": "Polygon", "coordinates": [ [ [ -40.358463764457746, -20.432154348754111 ], [ -40.35851591752526, -20.432078559590376 ], [ -40.358274714635023, -20.431931077007437 ], [ -40.358222561493392, -20.432006866106139 ], [ -40.358463764457746, -20.432154348754111 ] ] ] } },
{ "type": "Feature", "properties": { "fid": 1600 }, "geometry": { "type": "Polygon", "coordinates": [ [ [ -40.358009605364494, -20.431984332438585 ], [ -40.358090006791379, -20.432033493810991 ], [ -40.358246466274117, -20.431806126610834 ], [ -40.358166064926245, -20.43175696530367 ], [ -40.358009605364494, -20.431984332438585 ] ] ] } },
{ "type": "Feature", "properties": { "fid": 1601 }, "geometry": { "type": "Polygon", "coordinates": [ [ [ -40.357929203987361, -20.431935171025877 ], [ -40.358009605364494, -20.431984332438585 ], [ -40.358166064926245, -20.43175696530367 ], [ -40.358085663625459, -20.431707803960055 ], [ -40.357929203987361, -20.431935171025877 ] ] ] } },
{ "type": "Feature", "properties": { "fid": 1602 }, "geometry": { "type": "Polygon", "coordinates": [ [ [ -40.357848802660001, -20.431886009572878 ], [ -40.357929203987361, -20.431935171025877 ], [ -40.358085663625459, -20.431707803960055 ], [ -40.358005262377084, -20.431658642572277 ], [ -40.357848802660001, -20.431886009572878 ] ] ] } },
{ "type": "Feature", "properties": { "fid": 1603 }, "geometry": { "type": "Polygon", "coordinates": [ [ [ -40.35776840138238, -20.431836848079538 ], [ -40.357848802660001, -20.431886009572878 ], [ -40.358005262377084, -20.431658642572277 ], [ -40.35792486117581, -20.431609481148048 ], [ -40.35776840138238, -20.431836848079538 ] ] ] } },
{ "type": "Feature", "properties": { "fid": 1604 }, "geometry": { "type": "Polygon", "coordinates": [ [ [ -40.357688000154511, -20.431787686545945 ], [ -40.35776840138238, -20.431836848079538 ], [ -40.35792486117581, -20.431609481148048 ], [ -40.357844460025618, -20.431560319681598 ], [ -40.357688000154511, -20.431787686545945 ] ] ] } },
{ "type": "Feature", "properties": { "fid": 1605 }, "geometry": { "type": "Polygon", "coordinates": [ [ [ -40.357567398404022, -20.431713944172824 ], [ -40.357688000154511, -20.431787686545945 ], [ -40.357844460025618, -20.431560319681598 ], [ -40.357723858391601, -20.431486577409256 ], [ -40.357671705143339, -20.431562366351482 ], [ -40.357619551814146, -20.43163815527268 ], [ -40.357567398404022, -20.431713944172824 ] ] ] } },
{ "type": "Feature", "properties": { "fid": 1606 }, "geometry": { "type": "Polygon", "coordinates": [ [ [ -40.35732619524547, -20.431566459144975 ], [ -40.357567398404022, -20.431713944172824 ], [ -40.357619551814146, -20.43163815527268 ], [ -40.357378348702099, -20.431490670304346 ], [ -40.35732619524547, -20.431566459144975 ] ] ] } },
{ "type": "Feature", "properties": { "fid": 1607 }, "geometry": { "type": "Polygon", "coordinates": [ [ [ -40.358483326602389, -20.431627920484161 ], [ -40.358402925310415, -20.431578759288328 ], [ -40.358246466274117, -20.431806126610834 ], [ -40.358326867645118, -20.431855287871894 ], [ -40.35837902068063, -20.431779498756057 ], [ -40.358431173666396, -20.431703709626806 ], [ -40.358483326602389, -20.431627920484161 ] ] ] } },
{ "type": "Feature", "properties": { "fid": 1608 }, "geometry": { "type": "Polygon", "coordinates": [ [ [ -40.358402925310415, -20.431578759288328 ], [ -40.358322524038869, -20.431529598050261 ], [ -40.358166064926245, -20.43175696530367 ], [ -40.358246466274117, -20.431806126610834 ], [ -40.358402925310415, -20.431578759288328 ] ] ] } },
{ "type": "Feature", "properties": { "fid": 1609 }, "geometry": { "type": "Polygon", "coordinates": [ [ [ -40.358322524038869, -20.431529598050261 ], [ -40.358242122817082, -20.431480436771889 ], [ -40.358085663625459, -20.431707803960055 ], [ -40.358166064926245, -20.43175696530367 ], [ -40.358322524038869, -20.431529598050261 ] ] ] } },
{ "type": "Feature", "properties": { "fid": 1610 }, "geometry": { "type": "Polygon", "coordinates": [ [ [ -40.358242122817082, -20.431480436771889 ], [ -40.358161721645068, -20.43143127545321 ], [ -40.358005262377084, -20.431658642572277 ], [ -40.358085663625459, -20.431707803960055 ], [ -40.358242122817082, -20.431480436771889 ] ] ] } },
{ "type": "Feature", "properties": { "fid": 1611 }, "geometry": { "type": "Polygon", "coordinates": [ [ [ -40.358161721645068, -20.43143127545321 ], [ -40.358081320522771, -20.431382114094237 ], [ -40.35792486117581, -20.431609481148048 ], [ -40.358005262377084, -20.431658642572277 ], [ -40.358161721645068, -20.43143127545321 ] ] ] } },
{ "type": "Feature", "properties": { "fid": 1612 }, "geometry": { "type": "Polygon", "coordinates": [ [ [ -40.358081320522771, -20.431382114094237 ], [ -40.358000919450255, -20.431332952694959 ], [ -40.357844460025618, -20.431560319681598 ], [ -40.35792486117581, -20.431609481148048 ], [ -40.358081320522771, -20.431382114094237 ] ] ] } },
{ "type": "Feature", "properties": { "fid": 1613 }, "geometry": { "type": "Polygon", "coordinates": [ [ [ -40.358000919450255, -20.431332952694959 ], [ -40.357880317932754, -20.431259210523347 ], [ -40.357828164832419, -20.431334999507612 ], [ -40.3578014158781, -20.431373871025137 ], [ -40.357776011652483, -20.431410788468966 ], [ -40.357723858391601, -20.431486577409256 ], [ -40.357844460025618, -20.431560319681598 ], [ -40.358000919450255, -20.431332952694959 ] ] ] } },
{ "type": "Feature", "properties": { "fid": 1614 }, "geometry": { "type": "Polygon", "coordinates": [ [ [ -40.357880317932754, -20.431259210523347 ], [ -40.357705013929944, -20.431152020006223 ], [ -40.357639115271986, -20.43111172585234 ], [ -40.357586962057496, -20.431187514769487 ], [ -40.357560210260637, -20.431226390381092 ], [ -40.357560235279692, -20.431226405595286 ], [ -40.357796229349923, -20.431370699826612 ], [ -40.357801413577072, -20.43137386962005 ], [ -40.3578014158781, -20.431373871025137 ], [ -40.357828164832419, -20.431334999507612 ], [ -40.357880317932754, -20.431259210523347 ] ] ] } },
{ "type": "Feature", "properties": { "fid": 1615 }, "geometry": { "type": "Polygon", "coordinates": [ [ [ -40.357619551814146, -20.43163815527268 ], [ -40.357671705143339, -20.431562366351482 ], [ -40.357430502115569, -20.431414881440674 ], [ -40.357378348702099, -20.431490670304346 ], [ -40.357619551814146, -20.43163815527268 ] ] ] } },
{ "type": "Feature", "properties": { "fid": 1616 }, "geometry": { "type": "Polygon", "coordinates": [ [ [ -40.357723858391601, -20.431486577409256 ], [ -40.357776011652483, -20.431410788468966 ], [ -40.3578014158781, -20.431373871025137 ], [ -40.357801413577072, -20.43137386962005 ], [ -40.357796229349923, -20.431370699826612 ], [ -40.357560235279692, -20.431226405595286 ], [ -40.357560210260637, -20.431226390381092 ], [ -40.357534808793275, -20.431263303673276 ], [ -40.357482655479302, -20.431339092563679 ], [ -40.357723858391601, -20.431486577409256 ] ] ] } }
]
}
