{
"type": "FeatureCollection",
"name": "n_lotes_web_4326",
"crs": { "type": "name", "properties": { "name": "urn:ogc:def:crs:OGC:1.3:CRS84" } },
"features": [
{ "type": "Feature", "properties": { "fid": 8319, "handle": 686669, "block": -1, "etype": 19, "space": 0, "layer": "0", "olinetype": "bylayer", "linetype": "", "color": "0,0,0,55", "ocolor": 256, "color24": -1, "transparency": 0, "lweight": -1, "linewidth": 0.0, "ltscale": 1.0, "visible": 1, "thickness": 0.0, "ext": "(3:0,0,1)", "height": 3.9998770775733434, "text": "8", "angle": 33.444059313527376, "widthscale": 13.582119748919562, "oblique": 0.0, "style": "style1", "textgen": 1, "alignh": 0, "alignv": 1, "interlin": 1.0 }, "geometry": { "type": "Point", "coordinates": [ -40.36147090265316, -20.427224269409894, 0.0 ] } },
{ "type": "Feature", "properties": { "fid": 8320, "handle": 687077, "block": -1, "etype": 19, "space": 0, "layer": "0", "olinetype": "bylayer", "linetype": "", "color": "0,0,0,55", "ocolor": 256, "color24": -1, "transparency": 0, "lweight": -1, "linewidth": 0.0, "ltscale": 1.0, "visible": 1, "thickness": 0.0, "ext": "(3:0,0,1)", "height": 4.0000000000000009, "text": "11", "angle": 33.170136880536305, "widthscale": 13.582537148526169, "oblique": 0.0, "style": "style1", "textgen": 1, "alignh": 0, "alignv": 1, "interlin": 1.0 }, "geometry": { "type": "Point", "coordinates": [ -40.35754527327402, -20.427560512848537, 0.0 ] } },
{ "type": "Feature", "properties": { "fid": 8322, "handle": 687573, "block": -1, "etype": 19, "space": 0, "layer": "0", "olinetype": "bylayer", "linetype": "", "color": "0,0,0,55", "ocolor": 256, "color24": -1, "transparency": 0, "lweight": -1, "linewidth": 0.0, "ltscale": 1.0, "visible": 1, "thickness": 0.0, "ext": "(3:0,0,1)", "height": 4.0000000000000009, "text": "1", "angle": 33.170136880536305, "widthscale": 13.582537148526169, "oblique": 0.0, "style": "style1", "textgen": 1, "alignh": 0, "alignv": 1, "interlin": 1.0 }, "geometry": { "type": "Point", "coordinates": [ -40.357037873406163, -20.428967929472932, 0.0 ] } },
{ "type": "Feature", "properties": { "fid": 8409, "handle": 689188, "block": -1, "etype": 25, "space": 0, "layer": "0", "olinetype": "bylayer", "linetype": "", "color": "0,0,0,55", "ocolor": 256, "color24": -1, "transparency": 0, "lweight": -1, "linewidth": 0.0, "ltscale": 1.0, "visible": 1, "thickness": 0.0, "ext": "(3:0,0,1)", "height": 2.0, "text": "M.08", "angle": 9.2911466791427344, "widthscale": 1.0, "oblique": 0.0, "style": "style1", "textgen": 0, "alignh": 0, "alignv": 0, "interlin": -1.0 }, "geometry": { "type": "Point", "coordinates": [ -40.352557073585423, -20.432192585647833, 0.0 ] } },
{ "type": "Feature", "properties": { "fid": 8413, "handle": 689466, "block": -1, "etype": 25, "space": 0, "layer": "0", "olinetype": "bylayer", "linetype": "", "color": "0,0,0,55", "ocolor": 256, "color24": -1, "transparency": 0, "lweight": -1, "linewidth": 0.0, "ltscale": 1.0, "visible": 1, "thickness": 0.0, "ext": "(3:0,0,1)", "height": 7.7503930823877463, "text": "Rua Maio", "angle": 33.170136895492938, "widthscale": 1.0, "oblique": 0.0, "style": "style1", "textgen": 0, "alignh": 0, "alignv": 0, "interlin": -1.0 }, "geometry": { "type": "Point", "coordinates": [ -40.356290469443024, -20.430240259628413, 0.0 ] } },
{ "type": "Feature", "properties": { "fid": 8414, "handle": 689467, "block": -1, "etype": 25, "space": 0, "layer": "0", "olinetype": "bylayer", "linetype": "", "color": "0,0,0,55", "ocolor": 256, "color24": -1, "transparency": 0, "lweight": -1, "linewidth": 0.0, "ltscale": 1.0, "visible": 1, "thickness": 0.0, "ext": "(3:0,0,1)", "height": 7.7503930823877463, "text": "Rua Abril", "angle": 33.170136895492938, "widthscale": 1.0, "oblique": 0.0, "style": "style1", "textgen": 0, "alignh": 0, "alignv": 0, "interlin": -1.0 }, "geometry": { "type": "Point", "coordinates": [ -40.355897012635957, -20.430818048553199, 0.0 ] } },
{ "type": "Feature", "properties": { "fid": 8415, "handle": 689468, "block": -1, "etype": 25, "space": 0, "layer": "0", "olinetype": "bylayer", "linetype": "", "color": "0,0,0,55", "ocolor": 256, "color24": -1, "transparency": 0, "lweight": -1, "linewidth": 0.0, "ltscale": 1.0, "visible": 1, "thickness": 0.0, "ext": "(3:0,0,1)", "height": 7.7503930823877463, "text": "Rua Março", "angle": 33.170136895492938, "widthscale": 1.0, "oblique": 0.0, "style": "style1", "textgen": 0, "alignh": 0, "alignv": 0, "interlin": -1.0 }, "geometry": { "type": "Point", "coordinates": [ -40.355524264724657, -20.431365428817681, 0.0 ] } },
{ "type": "Feature", "properties": { "fid": 8416, "handle": 689469, "block": -1, "etype": 25, "space": 0, "layer": "0", "olinetype": "bylayer", "linetype": "", "color": "0,0,0,55", "ocolor": 256, "color24": -1, "transparency": 0, "lweight": -1, "linewidth": 0.0, "ltscale": 1.0, "visible": 1, "thickness": 0.0, "ext": "(3:0,0,1)", "height": 7.7503930823877463, "text": "Rua Fevereiro", "angle": 33.170136895492938, "widthscale": 1.0, "oblique": 0.0, "style": "style1", "textgen": 0, "alignh": 0, "alignv": 0, "interlin": -1.0 }, "geometry": { "type": "Point", "coordinates": [ -40.355151510877612, -20.431912806360597, 0.0 ] } },
{ "type": "Feature", "properties": { "fid": 8417, "handle": 689470, "block": -1, "etype": 25, "space": 0, "layer": "0", "olinetype": "bylayer", "linetype": "", "color": "0,0,0,55", "ocolor": 256, "color24": -1, "transparency": 0, "lweight": -1, "linewidth": 0.0, "ltscale": 1.0, "visible": 1, "thickness": 0.0, "ext": "(3:0,0,1)", "height": 7.7503930823877463, "text": "Rua Janeiro", "angle": 33.170136895492938, "widthscale": 1.0, "oblique": 0.0, "style": "style1", "textgen": 0, "alignh": 0, "alignv": 0, "interlin": -1.0 }, "geometry": { "type": "Point", "coordinates": [ -40.354778756148477, -20.43246018423984, 0.0 ] } },
{ "type": "Feature", "properties": { "fid": 8500, "handle": 771105, "block": -1, "etype": 19, "space": 0, "layer": "0", "olinetype": "bylayer", "linetype": "", "color": "0,0,0,55", "ocolor": 256, "color24": -1, "transparency": 0, "lweight": -1, "linewidth": 0.0, "ltscale": 1.0, "visible": 1, "thickness": 0.0, "ext": null, "height": 4.0000000000000009, "text": "1", "angle": 33.174917819707311, "widthscale": 13.582537148526169, "oblique": 0.0, "style": "style1", "textgen": 1, "alignh": 0, "alignv": 1, "interlin": 1.0 }, "geometry": { "type": "Point", "coordinates": [ -40.359553230308627, -20.43128540628344, 0.0 ] } },
{ "type": "Feature", "properties": { "fid": 8501, "handle": 771106, "block": -1, "etype": 19, "space": 0, "layer": "0", "olinetype": "bylayer", "linetype": "", "color": "0,0,0,55", "ocolor": 256, "color24": -1, "transparency": 0, "lweight": -1, "linewidth": 0.0, "ltscale": 1.0, "visible": 1, "thickness": 0.0, "ext": null, "height": 4.0000000000000009, "text": "2", "angle": 33.174917819707311, "widthscale": 13.582537148526169, "oblique": 0.0, "style": "style1", "textgen": 1, "alignh": 0, "alignv": 1, "interlin": 1.0 }, "geometry": { "type": "Point", "coordinates": [ -40.359622729284133, -20.431188137279516, 0.0 ] } },
{ "type": "Feature", "properties": { "fid": 8502, "handle": 771107, "block": -1, "etype": 19, "space": 0, "layer": "0", "olinetype": "bylayer", "linetype": "", "color": "0,0,0,55", "ocolor": 256, "color24": -1, "transparency": 0, "lweight": -1, "linewidth": 0.0, "ltscale": 1.0, "visible": 1, "thickness": 0.0, "ext": null, "height": 4.0000000000000009, "text": "3", "angle": 33.174917819707311, "widthscale": 13.582537148526169, "oblique": 0.0, "style": "style1", "textgen": 1, "alignh": 0, "alignv": 1, "interlin": 1.0 }, "geometry": { "type": "Point", "coordinates": [ -40.359679602927308, -20.431114030097593, 0.0 ] } },
{ "type": "Feature", "properties": { "fid": 8503, "handle": 771108, "block": -1, "etype": 19, "space": 0, "layer": "0", "olinetype": "bylayer", "linetype": "", "color": "0,0,0,55", "ocolor": 256, "color24": -1, "transparency": 0, "lweight": -1, "linewidth": 0.0, "ltscale": 1.0, "visible": 1, "thickness": 0.0, "ext": null, "height": 4.0000000000000009, "text": "4", "angle": 33.174917819707311, "widthscale": 13.582537148526169, "oblique": 0.0, "style": "style1", "textgen": 1, "alignh": 0, "alignv": 1, "interlin": 1.0 }, "geometry": { "type": "Point", "coordinates": [ -40.359731522089476, -20.431044275261133, 0.0 ] } },
{ "type": "Feature", "properties": { "fid": 8504, "handle": 771109, "block": -1, "etype": 19, "space": 0, "layer": "0", "olinetype": "bylayer", "linetype": "", "color": "0,0,0,55", "ocolor": 256, "color24": -1, "transparency": 0, "lweight": -1, "linewidth": 0.0, "ltscale": 1.0, "visible": 1, "thickness": 0.0, "ext": null, "height": 4.0000000000000009, "text": "5", "angle": 33.174917819707311, "widthscale": 13.582537148526169, "oblique": 0.0, "style": "style1", "textgen": 1, "alignh": 0, "alignv": 1, "interlin": 1.0 }, "geometry": { "type": "Point", "coordinates": [ -40.359775614815476, -20.43098019794343, 0.0 ] } },
{ "type": "Feature", "properties": { "fid": 8505, "handle": 771110, "block": -1, "etype": 19, "space": 0, "layer": "0", "olinetype": "bylayer", "linetype": "", "color": "0,0,0,55", "ocolor": 256, "color24": -1, "transparency": 0, "lweight": -1, "linewidth": 0.0, "ltscale": 1.0, "visible": 1, "thickness": 0.0, "ext": null, "height": 4.0000000000000009, "text": "6", "angle": 33.174917819707311, "widthscale": 13.582537148526169, "oblique": 0.0, "style": "style1", "textgen": 1, "alignh": 0, "alignv": 1, "interlin": 1.0 }, "geometry": { "type": "Point", "coordinates": [ -40.359832854927262, -20.430888470294704, 0.0 ] } },
{ "type": "Feature", "properties": { "fid": 8506, "handle": 771127, "block": -1, "etype": 19, "space": 0, "layer": "0", "olinetype": "bylayer", "linetype": "", "color": "0,0,0,55", "ocolor": 256, "color24": -1, "transparency": 0, "lweight": -1, "linewidth": 0.0, "ltscale": 1.0, "visible": 1, "thickness": 0.0, "ext": null, "height": 4.0000000000000009, "text": "1", "angle": 33.174917728887074, "widthscale": 13.582537148526169, "oblique": 0.0, "style": "style1", "textgen": 1, "alignh": 0, "alignv": 1, "interlin": 1.0 }, "geometry": { "type": "Point", "coordinates": [ -40.359946891591335, -20.430720582903071, 0.0 ] } },
{ "type": "Feature", "properties": { "fid": 8507, "handle": 771128, "block": -1, "etype": 19, "space": 0, "layer": "0", "olinetype": "bylayer", "linetype": "", "color": "0,0,0,55", "ocolor": 256, "color24": -1, "transparency": 0, "lweight": -1, "linewidth": 0.0, "ltscale": 1.0, "visible": 1, "thickness": 0.0, "ext": null, "height": 4.0000000000000009, "text": "2", "angle": 33.174917728887074, "widthscale": 13.582537148526169, "oblique": 0.0, "style": "style1", "textgen": 1, "alignh": 0, "alignv": 1, "interlin": 1.0 }, "geometry": { "type": "Point", "coordinates": [ -40.360032396723412, -20.430609758526419, 0.0 ] } },
{ "type": "Feature", "properties": { "fid": 8508, "handle": 771129, "block": -1, "etype": 19, "space": 0, "layer": "0", "olinetype": "bylayer", "linetype": "", "color": "0,0,0,55", "ocolor": 256, "color24": -1, "transparency": 0, "lweight": -1, "linewidth": 0.0, "ltscale": 1.0, "visible": 1, "thickness": 0.0, "ext": null, "height": 4.0000000000000009, "text": "3", "angle": 33.174917728887074, "widthscale": 13.582537148526169, "oblique": 0.0, "style": "style1", "textgen": 1, "alignh": 0, "alignv": 1, "interlin": 1.0 }, "geometry": { "type": "Point", "coordinates": [ -40.360118912950213, -20.430480349160849, 0.0 ] } },
{ "type": "Feature", "properties": { "fid": 8509, "handle": 771130, "block": -1, "etype": 19, "space": 0, "layer": "0", "olinetype": "bylayer", "linetype": "", "color": "0,0,0,55", "ocolor": 256, "color24": -1, "transparency": 0, "lweight": -1, "linewidth": 0.0, "ltscale": 1.0, "visible": 1, "thickness": 0.0, "ext": null, "height": 4.0000000000000009, "text": "4", "angle": 33.174917728887074, "widthscale": 13.582537148526169, "oblique": 0.0, "style": "style1", "textgen": 1, "alignh": 0, "alignv": 1, "interlin": 1.0 }, "geometry": { "type": "Point", "coordinates": [ -40.360192358427447, -20.430368576864634, 0.0 ] } },
{ "type": "Feature", "properties": { "fid": 8510, "handle": 771183, "block": -1, "etype": 19, "space": 0, "layer": "0", "olinetype": "bylayer", "linetype": "", "color": "0,0,0,55", "ocolor": 256, "color24": -1, "transparency": 0, "lweight": -1, "linewidth": 0.0, "ltscale": 1.0, "visible": 1, "thickness": 0.0, "ext": null, "height": 4.0000000000000009, "text": "1", "angle": 33.174917728887074, "widthscale": 13.582537148526169, "oblique": 0.0, "style": "style1", "textgen": 1, "alignh": 0, "alignv": 1, "interlin": 1.0 }, "geometry": { "type": "Point", "coordinates": [ -40.360348818092149, -20.430134875770719, 0.0 ] } },
{ "type": "Feature", "properties": { "fid": 8511, "handle": 771184, "block": -1, "etype": 19, "space": 0, "layer": "0", "olinetype": "bylayer", "linetype": "", "color": "0,0,0,55", "ocolor": 256, "color24": -1, "transparency": 0, "lweight": -1, "linewidth": 0.0, "ltscale": 1.0, "visible": 1, "thickness": 0.0, "ext": null, "height": 4.0000000000000009, "text": "2", "angle": 33.174917728887074, "widthscale": 13.582537148526169, "oblique": 0.0, "style": "style1", "textgen": 1, "alignh": 0, "alignv": 1, "interlin": 1.0 }, "geometry": { "type": "Point", "coordinates": [ -40.360407885800342, -20.430052764406337, 0.0 ] } },
{ "type": "Feature", "properties": { "fid": 8512, "handle": 771185, "block": -1, "etype": 19, "space": 0, "layer": "0", "olinetype": "bylayer", "linetype": "", "color": "0,0,0,55", "ocolor": 256, "color24": -1, "transparency": 0, "lweight": -1, "linewidth": 0.0, "ltscale": 1.0, "visible": 1, "thickness": 0.0, "ext": null, "height": 4.0000000000000009, "text": "3", "angle": 33.174917728887074, "widthscale": 13.582537148526169, "oblique": 0.0, "style": "style1", "textgen": 1, "alignh": 0, "alignv": 1, "interlin": 1.0 }, "geometry": { "type": "Point", "coordinates": [ -40.360464758667881, -20.429978657003286, 0.0 ] } },
{ "type": "Feature", "properties": { "fid": 8513, "handle": 771186, "block": -1, "etype": 19, "space": 0, "layer": "0", "olinetype": "bylayer", "linetype": "", "color": "0,0,0,55", "ocolor": 256, "color24": -1, "transparency": 0, "lweight": -1, "linewidth": 0.0, "ltscale": 1.0, "visible": 1, "thickness": 0.0, "ext": null, "height": 4.0000000000000009, "text": "4", "angle": 33.174917728887074, "widthscale": 13.582537148526169, "oblique": 0.0, "style": "style1", "textgen": 1, "alignh": 0, "alignv": 1, "interlin": 1.0 }, "geometry": { "type": "Point", "coordinates": [ -40.360516677112301, -20.429908901965309, 0.0 ] } },
{ "type": "Feature", "properties": { "fid": 8514, "handle": 771187, "block": -1, "etype": 19, "space": 0, "layer": "0", "olinetype": "bylayer", "linetype": "", "color": "0,0,0,55", "ocolor": 256, "color24": -1, "transparency": 0, "lweight": -1, "linewidth": 0.0, "ltscale": 1.0, "visible": 1, "thickness": 0.0, "ext": null, "height": 4.0000000000000009, "text": "5", "angle": 33.174917728887074, "widthscale": 13.582537148526169, "oblique": 0.0, "style": "style1", "textgen": 1, "alignh": 0, "alignv": 1, "interlin": 1.0 }, "geometry": { "type": "Point", "coordinates": [ -40.360571199453737, -20.429829666557143, 0.0 ] } },
{ "type": "Feature", "properties": { "fid": 8515, "handle": 771188, "block": -1, "etype": 19, "space": 0, "layer": "0", "olinetype": "bylayer", "linetype": "", "color": "0,0,0,55", "ocolor": 256, "color24": -1, "transparency": 0, "lweight": -1, "linewidth": 0.0, "ltscale": 1.0, "visible": 1, "thickness": 0.0, "ext": null, "height": 4.0000000000000009, "text": "6", "angle": 33.174917728887074, "widthscale": 13.582537148526169, "oblique": 0.0, "style": "style1", "textgen": 1, "alignh": 0, "alignv": 1, "interlin": 1.0 }, "geometry": { "type": "Point", "coordinates": [ -40.360618008458573, -20.429753096608746, 0.0 ] } },
{ "type": "Feature", "properties": { "fid": 8516, "handle": 771211, "block": -1, "etype": 19, "space": 0, "layer": "0", "olinetype": "bylayer", "linetype": "", "color": "0,0,0,55", "ocolor": 256, "color24": -1, "transparency": 0, "lweight": -1, "linewidth": 0.0, "ltscale": 1.0, "visible": 1, "thickness": 0.0, "ext": null, "height": 4.0000000000000009, "text": "1", "angle": 33.174917728887074, "widthscale": 13.582537148526169, "oblique": 0.0, "style": "style1", "textgen": 1, "alignh": 0, "alignv": 1, "interlin": 1.0 }, "geometry": { "type": "Point", "coordinates": [ -40.360719712499595, -20.429581730583951, 0.0 ] } },
{ "type": "Feature", "properties": { "fid": 8517, "handle": 771212, "block": -1, "etype": 19, "space": 0, "layer": "0", "olinetype": "bylayer", "linetype": "", "color": "0,0,0,55", "ocolor": 256, "color24": -1, "transparency": 0, "lweight": -1, "linewidth": 0.0, "ltscale": 1.0, "visible": 1, "thickness": 0.0, "ext": null, "height": 4.0000000000000009, "text": "2", "angle": 33.174917728887074, "widthscale": 13.582537148526169, "oblique": 0.0, "style": "style1", "textgen": 1, "alignh": 0, "alignv": 1, "interlin": 1.0 }, "geometry": { "type": "Point", "coordinates": [ -40.360778779810268, -20.429499619111748, 0.0 ] } },
{ "type": "Feature", "properties": { "fid": 8518, "handle": 771213, "block": -1, "etype": 19, "space": 0, "layer": "0", "olinetype": "bylayer", "linetype": "", "color": "0,0,0,55", "ocolor": 256, "color24": -1, "transparency": 0, "lweight": -1, "linewidth": 0.0, "ltscale": 1.0, "visible": 1, "thickness": 0.0, "ext": null, "height": 4.0000000000000009, "text": "3", "angle": 33.174917728887074, "widthscale": 13.582537148526169, "oblique": 0.0, "style": "style1", "textgen": 1, "alignh": 0, "alignv": 1, "interlin": 1.0 }, "geometry": { "type": "Point", "coordinates": [ -40.36083565230583, -20.429425511604556, 0.0 ] } },
{ "type": "Feature", "properties": { "fid": 8519, "handle": 771214, "block": -1, "etype": 19, "space": 0, "layer": "0", "olinetype": "bylayer", "linetype": "", "color": "0,0,0,55", "ocolor": 256, "color24": -1, "transparency": 0, "lweight": -1, "linewidth": 0.0, "ltscale": 1.0, "visible": 1, "thickness": 0.0, "ext": null, "height": 4.0000000000000009, "text": "4", "angle": 33.174917728887074, "widthscale": 13.582537148526169, "oblique": 0.0, "style": "style1", "textgen": 1, "alignh": 0, "alignv": 1, "interlin": 1.0 }, "geometry": { "type": "Point", "coordinates": [ -40.360887570406128, -20.429355756471644, 0.0 ] } },
{ "type": "Feature", "properties": { "fid": 8520, "handle": 771215, "block": -1, "etype": 19, "space": 0, "layer": "0", "olinetype": "bylayer", "linetype": "", "color": "0,0,0,55", "ocolor": 256, "color24": -1, "transparency": 0, "lweight": -1, "linewidth": 0.0, "ltscale": 1.0, "visible": 1, "thickness": 0.0, "ext": null, "height": 4.0000000000000009, "text": "5", "angle": 33.174917728887074, "widthscale": 13.582537148526169, "oblique": 0.0, "style": "style1", "textgen": 1, "alignh": 0, "alignv": 1, "interlin": 1.0 }, "geometry": { "type": "Point", "coordinates": [ -40.360942092373179, -20.42927652096418, 0.0 ] } },
{ "type": "Feature", "properties": { "fid": 8521, "handle": 771216, "block": -1, "etype": 19, "space": 0, "layer": "0", "olinetype": "bylayer", "linetype": "", "color": "0,0,0,55", "ocolor": 256, "color24": -1, "transparency": 0, "lweight": -1, "linewidth": 0.0, "ltscale": 1.0, "visible": 1, "thickness": 0.0, "ext": null, "height": 4.0000000000000009, "text": "6", "angle": 33.174917728887074, "widthscale": 13.582537148526169, "oblique": 0.0, "style": "style1", "textgen": 1, "alignh": 0, "alignv": 1, "interlin": 1.0 }, "geometry": { "type": "Point", "coordinates": [ -40.360990514508714, -20.429200315941319, 0.0 ] } },
{ "type": "Feature", "properties": { "fid": 8522, "handle": 771236, "block": -1, "etype": 19, "space": 0, "layer": "0", "olinetype": "bylayer", "linetype": "", "color": "0,0,0,55", "ocolor": 256, "color24": -1, "transparency": 0, "lweight": -1, "linewidth": 0.0, "ltscale": 1.0, "visible": 1, "thickness": 0.0, "ext": null, "height": 4.0000000000000009, "text": "1", "angle": 33.174917728887074, "widthscale": 13.582537148526169, "oblique": 0.0, "style": "style1", "textgen": 1, "alignh": 0, "alignv": 1, "interlin": 1.0 }, "geometry": { "type": "Point", "coordinates": [ -40.361095130097816, -20.429038972566492, 0.0 ] } },
{ "type": "Feature", "properties": { "fid": 8523, "handle": 771237, "block": -1, "etype": 19, "space": 0, "layer": "0", "olinetype": "bylayer", "linetype": "", "color": "0,0,0,55", "ocolor": 256, "color24": -1, "transparency": 0, "lweight": -1, "linewidth": 0.0, "ltscale": 1.0, "visible": 1, "thickness": 0.0, "ext": null, "height": 4.0000000000000009, "text": "2", "angle": 33.174917728887074, "widthscale": 13.582537148526169, "oblique": 0.0, "style": "style1", "textgen": 1, "alignh": 0, "alignv": 1, "interlin": 1.0 }, "geometry": { "type": "Point", "coordinates": [ -40.361154197012134, -20.428956860984947, 0.0 ] } },
{ "type": "Feature", "properties": { "fid": 8524, "handle": 771238, "block": -1, "etype": 19, "space": 0, "layer": "0", "olinetype": "bylayer", "linetype": "", "color": "0,0,0,55", "ocolor": 256, "color24": -1, "transparency": 0, "lweight": -1, "linewidth": 0.0, "ltscale": 1.0, "visible": 1, "thickness": 0.0, "ext": null, "height": 4.0000000000000009, "text": "3", "angle": 33.174917728887074, "widthscale": 13.582537148526169, "oblique": 0.0, "style": "style1", "textgen": 1, "alignh": 0, "alignv": 1, "interlin": 1.0 }, "geometry": { "type": "Point", "coordinates": [ -40.361211069136985, -20.428882753372065, 0.0 ] } },
{ "type": "Feature", "properties": { "fid": 8525, "handle": 771239, "block": -1, "etype": 19, "space": 0, "layer": "0", "olinetype": "bylayer", "linetype": "", "color": "0,0,0,55", "ocolor": 256, "color24": -1, "transparency": 0, "lweight": -1, "linewidth": 0.0, "ltscale": 1.0, "visible": 1, "thickness": 0.0, "ext": null, "height": 4.0000000000000009, "text": "4", "angle": 33.174917728887074, "widthscale": 13.582537148526169, "oblique": 0.0, "style": "style1", "textgen": 1, "alignh": 0, "alignv": 1, "interlin": 1.0 }, "geometry": { "type": "Point", "coordinates": [ -40.361262986894204, -20.428812998142849, 0.0 ] } },
{ "type": "Feature", "properties": { "fid": 8526, "handle": 771240, "block": -1, "etype": 19, "space": 0, "layer": "0", "olinetype": "bylayer", "linetype": "", "color": "0,0,0,55", "ocolor": 256, "color24": -1, "transparency": 0, "lweight": -1, "linewidth": 0.0, "ltscale": 1.0, "visible": 1, "thickness": 0.0, "ext": null, "height": 4.0000000000000009, "text": "5", "angle": 33.174917728887074, "widthscale": 13.582537148526169, "oblique": 0.0, "style": "style1", "textgen": 1, "alignh": 0, "alignv": 1, "interlin": 1.0 }, "geometry": { "type": "Point", "coordinates": [ -40.361317508487822, -20.428733762534705, 0.0 ] } },
{ "type": "Feature", "properties": { "fid": 8527, "handle": 771241, "block": -1, "etype": 19, "space": 0, "layer": "0", "olinetype": "bylayer", "linetype": "", "color": "0,0,0,55", "ocolor": 256, "color24": -1, "transparency": 0, "lweight": -1, "linewidth": 0.0, "ltscale": 1.0, "visible": 1, "thickness": 0.0, "ext": null, "height": 4.0000000000000009, "text": "6", "angle": 33.174917728887074, "widthscale": 13.582537148526169, "oblique": 0.0, "style": "style1", "textgen": 1, "alignh": 0, "alignv": 1, "interlin": 1.0 }, "geometry": { "type": "Point", "coordinates": [ -40.361364316813265, -20.428657192415955, 0.0 ] } },
{ "type": "Feature", "properties": { "fid": 8528, "handle": 771258, "block": -1, "etype": 19, "space": 0, "layer": "0", "olinetype": "bylayer", "linetype": "", "color": "0,0,0,55", "ocolor": 256, "color24": -1, "transparency": 0, "lweight": -1, "linewidth": 0.0, "ltscale": 1.0, "visible": 1, "thickness": 0.0, "ext": null, "height": 4.0000000000000009, "text": "1", "angle": 33.174917728887074, "widthscale": 13.582537148526169, "oblique": 0.0, "style": "style1", "textgen": 1, "alignh": 0, "alignv": 1, "interlin": 1.0 }, "geometry": { "type": "Point", "coordinates": [ -40.361510706661157, -20.42844450884062, 0.0 ] } },
{ "type": "Feature", "properties": { "fid": 8529, "handle": 771259, "block": -1, "etype": 19, "space": 0, "layer": "0", "olinetype": "bylayer", "linetype": "", "color": "0,0,0,55", "ocolor": 256, "color24": -1, "transparency": 0, "lweight": -1, "linewidth": 0.0, "ltscale": 1.0, "visible": 1, "thickness": 0.0, "ext": null, "height": 4.0000000000000009, "text": "4", "angle": 33.174917728887074, "widthscale": 13.582537148526169, "oblique": 0.0, "style": "style1", "textgen": 1, "alignh": 0, "alignv": 1, "interlin": 1.0 }, "geometry": { "type": "Point", "coordinates": [ -40.361760049331252, -20.428082075349998, 0.0 ] } },
{ "type": "Feature", "properties": { "fid": 8530, "handle": 771260, "block": -1, "etype": 19, "space": 0, "layer": "0", "olinetype": "bylayer", "linetype": "", "color": "0,0,0,55", "ocolor": 256, "color24": -1, "transparency": 0, "lweight": -1, "linewidth": 0.0, "ltscale": 1.0, "visible": 1, "thickness": 0.0, "ext": null, "height": 4.0000000000000009, "text": "2", "angle": 33.174917728887074, "widthscale": 13.582537148526169, "oblique": 0.0, "style": "style1", "textgen": 1, "alignh": 0, "alignv": 1, "interlin": 1.0 }, "geometry": { "type": "Point", "coordinates": [ -40.361590368383148, -20.42832583292682, 0.0 ] } },
{ "type": "Feature", "properties": { "fid": 8531, "handle": 771261, "block": -1, "etype": 19, "space": 0, "layer": "0", "olinetype": "bylayer", "linetype": "", "color": "0,0,0,55", "ocolor": 256, "color24": -1, "transparency": 0, "lweight": -1, "linewidth": 0.0, "ltscale": 1.0, "visible": 1, "thickness": 0.0, "ext": null, "height": 4.0000000000000009, "text": "3", "angle": 33.174917728887074, "widthscale": 13.582537148526169, "oblique": 0.0, "style": "style1", "textgen": 1, "alignh": 0, "alignv": 1, "interlin": 1.0 }, "geometry": { "type": "Point", "coordinates": [ -40.361666698565308, -20.428220880413988, 0.0 ] } },
{ "type": "Feature", "properties": { "fid": 8532, "handle": 771277, "block": -1, "etype": 19, "space": 0, "layer": "0", "olinetype": "bylayer", "linetype": "", "color": "0,0,0,55", "ocolor": 256, "color24": -1, "transparency": 0, "lweight": -1, "linewidth": 0.0, "ltscale": 1.0, "visible": 1, "thickness": 0.0, "ext": null, "height": 4.0000000000000009, "text": "1", "angle": 33.174917728887074, "widthscale": 13.582537148526169, "oblique": 0.0, "style": "style1", "textgen": 1, "alignh": 0, "alignv": 1, "interlin": 1.0 }, "geometry": { "type": "Point", "coordinates": [ -40.361886188262616, -20.427898820844106, 0.0 ] } },
{ "type": "Feature", "properties": { "fid": 8533, "handle": 771278, "block": -1, "etype": 19, "space": 0, "layer": "0", "olinetype": "bylayer", "linetype": "", "color": "0,0,0,55", "ocolor": 256, "color24": -1, "transparency": 0, "lweight": -1, "linewidth": 0.0, "ltscale": 1.0, "visible": 1, "thickness": 0.0, "ext": null, "height": 4.0000000000000009, "text": "4", "angle": 33.174917728887074, "widthscale": 13.582537148526169, "oblique": 0.0, "style": "style1", "textgen": 1, "alignh": 0, "alignv": 1, "interlin": 1.0 }, "geometry": { "type": "Point", "coordinates": [ -40.362135529220375, -20.427536386893287, 0.0 ] } },
{ "type": "Feature", "properties": { "fid": 8534, "handle": 771279, "block": -1, "etype": 19, "space": 0, "layer": "0", "olinetype": "bylayer", "linetype": "", "color": "0,0,0,55", "ocolor": 256, "color24": -1, "transparency": 0, "lweight": -1, "linewidth": 0.0, "ltscale": 1.0, "visible": 1, "thickness": 0.0, "ext": null, "height": 4.0000000000000009, "text": "2", "angle": 33.174917728887074, "widthscale": 13.582537148526169, "oblique": 0.0, "style": "style1", "textgen": 1, "alignh": 0, "alignv": 1, "interlin": 1.0 }, "geometry": { "type": "Point", "coordinates": [ -40.361965849431179, -20.427780144783465, 0.0 ] } },
{ "type": "Feature", "properties": { "fid": 8535, "handle": 771280, "block": -1, "etype": 19, "space": 0, "layer": "0", "olinetype": "bylayer", "linetype": "", "color": "0,0,0,55", "ocolor": 256, "color24": -1, "transparency": 0, "lweight": -1, "linewidth": 0.0, "ltscale": 1.0, "visible": 1, "thickness": 0.0, "ext": null, "height": 4.0000000000000009, "text": "3", "angle": 33.174917728887074, "widthscale": 13.582537148526169, "oblique": 0.0, "style": "style1", "textgen": 1, "alignh": 0, "alignv": 1, "interlin": 1.0 }, "geometry": { "type": "Point", "coordinates": [ -40.362042179102353, -20.427675192129321, 0.0 ] } },
{ "type": "Feature", "properties": { "fid": 8536, "handle": 771302, "block": -1, "etype": 19, "space": 0, "layer": "0", "olinetype": "bylayer", "linetype": "", "color": "0,0,0,55", "ocolor": 256, "color24": -1, "transparency": 0, "lweight": -1, "linewidth": 0.0, "ltscale": 1.0, "visible": 1, "thickness": 0.0, "ext": null, "height": 4.0000000000000009, "text": "1", "angle": 33.174917728887074, "widthscale": 13.582537148526169, "oblique": 0.0, "style": "style1", "textgen": 1, "alignh": 0, "alignv": 1, "interlin": 1.0 }, "geometry": { "type": "Point", "coordinates": [ -40.362239430511657, -20.42737595978468, 0.0 ] } },
{ "type": "Feature", "properties": { "fid": 8537, "handle": 771303, "block": -1, "etype": 19, "space": 0, "layer": "0", "olinetype": "bylayer", "linetype": "", "color": "0,0,0,55", "ocolor": 256, "color24": -1, "transparency": 0, "lweight": -1, "linewidth": 0.0, "ltscale": 1.0, "visible": 1, "thickness": 0.0, "ext": null, "height": 4.0000000000000009, "text": "2", "angle": 33.174917728887074, "widthscale": 13.582537148526169, "oblique": 0.0, "style": "style1", "textgen": 1, "alignh": 0, "alignv": 1, "interlin": 1.0 }, "geometry": { "type": "Point", "coordinates": [ -40.362298496214883, -20.427293847870029, 0.0 ] } },
{ "type": "Feature", "properties": { "fid": 8538, "handle": 771304, "block": -1, "etype": 19, "space": 0, "layer": "0", "olinetype": "bylayer", "linetype": "", "color": "0,0,0,55", "ocolor": 256, "color24": -1, "transparency": 0, "lweight": -1, "linewidth": 0.0, "ltscale": 1.0, "visible": 1, "thickness": 0.0, "ext": null, "height": 4.0000000000000009, "text": "3", "angle": 33.174917728887074, "widthscale": 13.582537148526169, "oblique": 0.0, "style": "style1", "textgen": 1, "alignh": 0, "alignv": 1, "interlin": 1.0 }, "geometry": { "type": "Point", "coordinates": [ -40.362355367206931, -20.427219739935261, 0.0 ] } },
{ "type": "Feature", "properties": { "fid": 8539, "handle": 771305, "block": -1, "etype": 19, "space": 0, "layer": "0", "olinetype": "bylayer", "linetype": "", "color": "0,0,0,55", "ocolor": 256, "color24": -1, "transparency": 0, "lweight": -1, "linewidth": 0.0, "ltscale": 1.0, "visible": 1, "thickness": 0.0, "ext": null, "height": 4.0000000000000009, "text": "4", "angle": 33.174917728887074, "widthscale": 13.582537148526169, "oblique": 0.0, "style": "style1", "textgen": 1, "alignh": 0, "alignv": 1, "interlin": 1.0 }, "geometry": { "type": "Point", "coordinates": [ -40.362407283915893, -20.427149984412686, 0.0 ] } },
{ "type": "Feature", "properties": { "fid": 8540, "handle": 771306, "block": -1, "etype": 19, "space": 0, "layer": "0", "olinetype": "bylayer", "linetype": "", "color": "0,0,0,55", "ocolor": 256, "color24": -1, "transparency": 0, "lweight": -1, "linewidth": 0.0, "ltscale": 1.0, "visible": 1, "thickness": 0.0, "ext": null, "height": 4.0000000000000009, "text": "5", "angle": 33.174917728887074, "widthscale": 13.582537148526169, "oblique": 0.0, "style": "style1", "textgen": 1, "alignh": 0, "alignv": 1, "interlin": 1.0 }, "geometry": { "type": "Point", "coordinates": [ -40.362461804368557, -20.427070748497897, 0.0 ] } },
{ "type": "Feature", "properties": { "fid": 8541, "handle": 771307, "block": -1, "etype": 19, "space": 0, "layer": "0", "olinetype": "bylayer", "linetype": "", "color": "0,0,0,55", "ocolor": 256, "color24": -1, "transparency": 0, "lweight": -1, "linewidth": 0.0, "ltscale": 1.0, "visible": 1, "thickness": 0.0, "ext": null, "height": 4.0000000000000009, "text": "6", "angle": 33.174917728887074, "widthscale": 13.582537148526169, "oblique": 0.0, "style": "style1", "textgen": 1, "alignh": 0, "alignv": 1, "interlin": 1.0 }, "geometry": { "type": "Point", "coordinates": [ -40.362508611657098, -20.426994178117869, 0.0 ] } },
{ "type": "Feature", "properties": { "fid": 8542, "handle": 771357, "block": -1, "etype": 19, "space": 0, "layer": "0", "olinetype": "bylayer", "linetype": "", "color": "0,0,0,55", "ocolor": 256, "color24": -1, "transparency": 0, "lweight": -1, "linewidth": 0.0, "ltscale": 1.0, "visible": 1, "thickness": 0.0, "ext": null, "height": 4.0000000000000009, "text": "1", "angle": 33.174917728887074, "widthscale": 13.582537148526169, "oblique": 0.0, "style": "style1", "textgen": 1, "alignh": 0, "alignv": 1, "interlin": 1.0 }, "geometry": { "type": "Point", "coordinates": [ -40.362633353786691, -20.426814771555872, 0.0 ] } },
{ "type": "Feature", "properties": { "fid": 8543, "handle": 771358, "block": -1, "etype": 19, "space": 0, "layer": "0", "olinetype": "bylayer", "linetype": "", "color": "0,0,0,55", "ocolor": 256, "color24": -1, "transparency": 0, "lweight": -1, "linewidth": 0.0, "ltscale": 1.0, "visible": 1, "thickness": 0.0, "ext": null, "height": 4.0000000000000009, "text": "2", "angle": 33.174917728887074, "widthscale": 13.582537148526169, "oblique": 0.0, "style": "style1", "textgen": 1, "alignh": 0, "alignv": 1, "interlin": 1.0 }, "geometry": { "type": "Point", "coordinates": [ -40.362692419076993, -20.426732659526429, 0.0 ] } },
{ "type": "Feature", "properties": { "fid": 8544, "handle": 771359, "block": -1, "etype": 19, "space": 0, "layer": "0", "olinetype": "bylayer", "linetype": "", "color": "0,0,0,55", "ocolor": 256, "color24": -1, "transparency": 0, "lweight": -1, "linewidth": 0.0, "ltscale": 1.0, "visible": 1, "thickness": 0.0, "ext": null, "height": 4.0000000000000009, "text": "3", "angle": 33.174917728887074, "widthscale": 13.582537148526169, "oblique": 0.0, "style": "style1", "textgen": 1, "alignh": 0, "alignv": 1, "interlin": 1.0 }, "geometry": { "type": "Point", "coordinates": [ -40.362749289682917, -20.426658551480731, 0.0 ] } },
{ "type": "Feature", "properties": { "fid": 8545, "handle": 771360, "block": -1, "etype": 19, "space": 0, "layer": "0", "olinetype": "bylayer", "linetype": "", "color": "0,0,0,55", "ocolor": 256, "color24": -1, "transparency": 0, "lweight": -1, "linewidth": 0.0, "ltscale": 1.0, "visible": 1, "thickness": 0.0, "ext": null, "height": 4.0000000000000009, "text": "4", "angle": 33.174917728887074, "widthscale": 13.582537148526169, "oblique": 0.0, "style": "style1", "textgen": 1, "alignh": 0, "alignv": 1, "interlin": 1.0 }, "geometry": { "type": "Point", "coordinates": [ -40.362801206034526, -20.426588795857043, 0.0 ] } },
{ "type": "Feature", "properties": { "fid": 8546, "handle": 771361, "block": -1, "etype": 19, "space": 0, "layer": "0", "olinetype": "bylayer", "linetype": "", "color": "0,0,0,55", "ocolor": 256, "color24": -1, "transparency": 0, "lweight": -1, "linewidth": 0.0, "ltscale": 1.0, "visible": 1, "thickness": 0.0, "ext": null, "height": 4.0000000000000009, "text": "5", "angle": 33.174917728887074, "widthscale": 13.582537148526169, "oblique": 0.0, "style": "style1", "textgen": 1, "alignh": 0, "alignv": 1, "interlin": 1.0 }, "geometry": { "type": "Point", "coordinates": [ -40.36285572609804, -20.426509559836596, 0.0 ] } },
{ "type": "Feature", "properties": { "fid": 8547, "handle": 771362, "block": -1, "etype": 19, "space": 0, "layer": "0", "olinetype": "bylayer", "linetype": "", "color": "0,0,0,55", "ocolor": 256, "color24": -1, "transparency": 0, "lweight": -1, "linewidth": 0.0, "ltscale": 1.0, "visible": 1, "thickness": 0.0, "ext": null, "height": 4.0000000000000009, "text": "6", "angle": 33.174917728887074, "widthscale": 13.582537148526169, "oblique": 0.0, "style": "style1", "textgen": 1, "alignh": 0, "alignv": 1, "interlin": 1.0 }, "geometry": { "type": "Point", "coordinates": [ -40.362902533032738, -20.42643298936655, 0.0 ] } },
{ "type": "Feature", "properties": { "fid": 8548, "handle": 771371, "block": -1, "etype": 19, "space": 0, "layer": "0", "olinetype": "bylayer", "linetype": "", "color": "0,0,0,55", "ocolor": 256, "color24": -1, "transparency": 0, "lweight": -1, "linewidth": 0.0, "ltscale": 1.0, "visible": 1, "thickness": 0.0, "ext": null, "height": 4.0000000000000009, "text": "1", "angle": 33.174917728887074, "widthscale": 13.582537148526169, "oblique": 0.0, "style": "style1", "textgen": 1, "alignh": 0, "alignv": 1, "interlin": 1.0 }, "geometry": { "type": "Point", "coordinates": [ -40.363019186553743, -20.426248629421696, 0.0 ] } },
{ "type": "Feature", "properties": { "fid": 8549, "handle": 771372, "block": -1, "etype": 19, "space": 0, "layer": "0", "olinetype": "bylayer", "linetype": "", "color": "0,0,0,55", "ocolor": 256, "color24": -1, "transparency": 0, "lweight": -1, "linewidth": 0.0, "ltscale": 1.0, "visible": 1, "thickness": 0.0, "ext": null, "height": 4.0000000000000009, "text": "2", "angle": 33.174917728887074, "widthscale": 13.582537148526169, "oblique": 0.0, "style": "style1", "textgen": 1, "alignh": 0, "alignv": 1, "interlin": 1.0 }, "geometry": { "type": "Point", "coordinates": [ -40.363105751689901, -20.42613850943092, 0.0 ] } },
{ "type": "Feature", "properties": { "fid": 8550, "handle": 771373, "block": -1, "etype": 19, "space": 0, "layer": "0", "olinetype": "bylayer", "linetype": "", "color": "0,0,0,55", "ocolor": 256, "color24": -1, "transparency": 0, "lweight": -1, "linewidth": 0.0, "ltscale": 1.0, "visible": 1, "thickness": 0.0, "ext": null, "height": 4.0000000000000009, "text": "3", "angle": 33.174917728887074, "widthscale": 13.582537148526169, "oblique": 0.0, "style": "style1", "textgen": 1, "alignh": 0, "alignv": 1, "interlin": 1.0 }, "geometry": { "type": "Point", "coordinates": [ -40.363167659550534, -20.426042075950619, 0.0 ] } },
{ "type": "Feature", "properties": { "fid": 8551, "handle": 771378, "block": -1, "etype": 19, "space": 0, "layer": "0", "olinetype": "bylayer", "linetype": "", "color": "0,0,0,55", "ocolor": 256, "color24": -1, "transparency": 0, "lweight": -1, "linewidth": 0.0, "ltscale": 1.0, "visible": 1, "thickness": 0.0, "ext": null, "height": 4.0000000000000009, "text": "4", "angle": 33.174917728887074, "widthscale": 13.582537148526169, "oblique": 0.0, "style": "style1", "textgen": 1, "alignh": 0, "alignv": 1, "interlin": 1.0 }, "geometry": { "type": "Point", "coordinates": [ -40.36321980834262, -20.425966285580476, 0.0 ] } },
{ "type": "Feature", "properties": { "fid": 8552, "handle": 771379, "block": -1, "etype": 19, "space": 0, "layer": "0", "olinetype": "bylayer", "linetype": "", "color": "0,0,0,55", "ocolor": 256, "color24": -1, "transparency": 0, "lweight": -1, "linewidth": 0.0, "ltscale": 1.0, "visible": 1, "thickness": 0.0, "ext": null, "height": 4.0000000000000009, "text": "5", "angle": 33.174917728887074, "widthscale": 13.582537148526169, "oblique": 0.0, "style": "style1", "textgen": 1, "alignh": 0, "alignv": 1, "interlin": 1.0 }, "geometry": { "type": "Point", "coordinates": [ -40.363274327984257, -20.425887049448026, 0.0 ] } },
{ "type": "Feature", "properties": { "fid": 8553, "handle": 771402, "block": -1, "etype": 19, "space": 0, "layer": "0", "olinetype": "bylayer", "linetype": "", "color": "0,0,0,55", "ocolor": 256, "color24": -1, "transparency": 0, "lweight": -1, "linewidth": 0.0, "ltscale": 1.0, "visible": 1, "thickness": 0.0, "ext": null, "height": 4.0000000000000009, "text": "1", "angle": 33.174917728887074, "widthscale": 13.582537148526169, "oblique": 0.0, "style": "style1", "textgen": 1, "alignh": 0, "alignv": 1, "interlin": 1.0 }, "geometry": { "type": "Point", "coordinates": [ -40.363384219601208, -20.425726333814243, 0.0 ] } },
{ "type": "Feature", "properties": { "fid": 8554, "handle": 771403, "block": -1, "etype": 19, "space": 0, "layer": "0", "olinetype": "bylayer", "linetype": "", "color": "0,0,0,55", "ocolor": 256, "color24": -1, "transparency": 0, "lweight": -1, "linewidth": 0.0, "ltscale": 1.0, "visible": 1, "thickness": 0.0, "ext": null, "height": 4.0000000000000009, "text": "2", "angle": 33.174917728887074, "widthscale": 13.582537148526169, "oblique": 0.0, "style": "style1", "textgen": 1, "alignh": 0, "alignv": 1, "interlin": 1.0 }, "geometry": { "type": "Point", "coordinates": [ -40.363443284097919, -20.425644221566237, 0.0 ] } },
{ "type": "Feature", "properties": { "fid": 8555, "handle": 771404, "block": -1, "etype": 19, "space": 0, "layer": "0", "olinetype": "bylayer", "linetype": "", "color": "0,0,0,55", "ocolor": 256, "color24": -1, "transparency": 0, "lweight": -1, "linewidth": 0.0, "ltscale": 1.0, "visible": 1, "thickness": 0.0, "ext": null, "height": 4.0000000000000009, "text": "3", "angle": 33.174917728887074, "widthscale": 13.582537148526169, "oblique": 0.0, "style": "style1", "textgen": 1, "alignh": 0, "alignv": 1, "interlin": 1.0 }, "geometry": { "type": "Point", "coordinates": [ -40.363500153961553, -20.425570113309352, 0.0 ] } },
{ "type": "Feature", "properties": { "fid": 8556, "handle": 771405, "block": -1, "etype": 19, "space": 0, "layer": "0", "olinetype": "bylayer", "linetype": "", "color": "0,0,0,55", "ocolor": 256, "color24": -1, "transparency": 0, "lweight": -1, "linewidth": 0.0, "ltscale": 1.0, "visible": 1, "thickness": 0.0, "ext": null, "height": 4.0000000000000009, "text": "4", "angle": 33.174917728887074, "widthscale": 13.582537148526169, "oblique": 0.0, "style": "style1", "textgen": 1, "alignh": 0, "alignv": 1, "interlin": 1.0 }, "geometry": { "type": "Point", "coordinates": [ -40.363552069626294, -20.42550035749322, 0.0 ] } },
{ "type": "Feature", "properties": { "fid": 8557, "handle": 771406, "block": -1, "etype": 19, "space": 0, "layer": "0", "olinetype": "bylayer", "linetype": "", "color": "0,0,0,55", "ocolor": 256, "color24": -1, "transparency": 0, "lweight": -1, "linewidth": 0.0, "ltscale": 1.0, "visible": 1, "thickness": 0.0, "ext": null, "height": 4.0000000000000009, "text": "5", "angle": 33.174917728887074, "widthscale": 13.582537148526169, "oblique": 0.0, "style": "style1", "textgen": 1, "alignh": 0, "alignv": 1, "interlin": 1.0 }, "geometry": { "type": "Point", "coordinates": [ -40.363606588942119, -20.425421121271558, 0.0 ] } },
{ "type": "Feature", "properties": { "fid": 8558, "handle": 771407, "block": -1, "etype": 19, "space": 0, "layer": "0", "olinetype": "bylayer", "linetype": "", "color": "0,0,0,55", "ocolor": 256, "color24": -1, "transparency": 0, "lweight": -1, "linewidth": 0.0, "ltscale": 1.0, "visible": 1, "thickness": 0.0, "ext": null, "height": 4.0000000000000009, "text": "6", "angle": 33.174917728887074, "widthscale": 13.582537148526169, "oblique": 0.0, "style": "style1", "textgen": 1, "alignh": 0, "alignv": 1, "interlin": 1.0 }, "geometry": { "type": "Point", "coordinates": [ -40.363653395197275, -20.425344550630133, 0.0 ] } },
{ "type": "Feature", "properties": { "fid": 8559, "handle": 771429, "block": -1, "etype": 19, "space": 0, "layer": "0", "olinetype": "bylayer", "linetype": "", "color": "0,0,0,55", "ocolor": 256, "color24": -1, "transparency": 0, "lweight": -1, "linewidth": 0.0, "ltscale": 1.0, "visible": 1, "thickness": 0.0, "ext": null, "height": 4.0000000000000009, "text": "1", "angle": 33.174917728887074, "widthscale": 13.582537148526169, "oblique": 0.0, "style": "style1", "textgen": 1, "alignh": 0, "alignv": 1, "interlin": 1.0 }, "geometry": { "type": "Point", "coordinates": [ -40.363773680663002, -20.425163133849999, 0.0 ] } },
{ "type": "Feature", "properties": { "fid": 8560, "handle": 771430, "block": -1, "etype": 19, "space": 0, "layer": "0", "olinetype": "bylayer", "linetype": "", "color": "0,0,0,55", "ocolor": 256, "color24": -1, "transparency": 0, "lweight": -1, "linewidth": 0.0, "ltscale": 1.0, "visible": 1, "thickness": 0.0, "ext": null, "height": 4.0000000000000009, "text": "2", "angle": 33.174917728887074, "widthscale": 13.582537148526169, "oblique": 0.0, "style": "style1", "textgen": 1, "alignh": 0, "alignv": 1, "interlin": 1.0 }, "geometry": { "type": "Point", "coordinates": [ -40.363832744748571, -20.425081021488669, 0.0 ] } },
{ "type": "Feature", "properties": { "fid": 8561, "handle": 771431, "block": -1, "etype": 19, "space": 0, "layer": "0", "olinetype": "bylayer", "linetype": "", "color": "0,0,0,55", "ocolor": 256, "color24": -1, "transparency": 0, "lweight": -1, "linewidth": 0.0, "ltscale": 1.0, "visible": 1, "thickness": 0.0, "ext": null, "height": 4.0000000000000009, "text": "3", "angle": 33.174917728887074, "widthscale": 13.582537148526169, "oblique": 0.0, "style": "style1", "textgen": 1, "alignh": 0, "alignv": 1, "interlin": 1.0 }, "geometry": { "type": "Point", "coordinates": [ -40.363889614227659, -20.425006913122214, 0.0 ] } },
{ "type": "Feature", "properties": { "fid": 8562, "handle": 771432, "block": -1, "etype": 19, "space": 0, "layer": "0", "olinetype": "bylayer", "linetype": "", "color": "0,0,0,55", "ocolor": 256, "color24": -1, "transparency": 0, "lweight": -1, "linewidth": 0.0, "ltscale": 1.0, "visible": 1, "thickness": 0.0, "ext": null, "height": 4.0000000000000009, "text": "4", "angle": 33.174917728887074, "widthscale": 13.582537148526169, "oblique": 0.0, "style": "style1", "textgen": 1, "alignh": 0, "alignv": 1, "interlin": 1.0 }, "geometry": { "type": "Point", "coordinates": [ -40.363941529536575, -20.424937157206283, 0.0 ] } },
{ "type": "Feature", "properties": { "fid": 8563, "handle": 771433, "block": -1, "etype": 19, "space": 0, "layer": "0", "olinetype": "bylayer", "linetype": "", "color": "0,0,0,55", "ocolor": 256, "color24": -1, "transparency": 0, "lweight": -1, "linewidth": 0.0, "ltscale": 1.0, "visible": 1, "thickness": 0.0, "ext": null, "height": 4.0000000000000009, "text": "5", "angle": 33.174917728887074, "widthscale": 13.582537148526169, "oblique": 0.0, "style": "style1", "textgen": 1, "alignh": 0, "alignv": 1, "interlin": 1.0 }, "geometry": { "type": "Point", "coordinates": [ -40.363996048465047, -20.424857920880275, 0.0 ] } },
{ "type": "Feature", "properties": { "fid": 8564, "handle": 771434, "block": -1, "etype": 19, "space": 0, "layer": "0", "olinetype": "bylayer", "linetype": "", "color": "0,0,0,55", "ocolor": 256, "color24": -1, "transparency": 0, "lweight": -1, "linewidth": 0.0, "ltscale": 1.0, "visible": 1, "thickness": 0.0, "ext": null, "height": 4.0000000000000009, "text": "6", "angle": 33.174917728887074, "widthscale": 13.582537148526169, "oblique": 0.0, "style": "style1", "textgen": 1, "alignh": 0, "alignv": 1, "interlin": 1.0 }, "geometry": { "type": "Point", "coordinates": [ -40.36404285436813, -20.424781350149939, 0.0 ] } },
{ "type": "Feature", "properties": { "fid": 8565, "handle": 771452, "block": -1, "etype": 19, "space": 0, "layer": "0", "olinetype": "bylayer", "linetype": "", "color": "0,0,0,55", "ocolor": 256, "color24": -1, "transparency": 0, "lweight": -1, "linewidth": 0.0, "ltscale": 1.0, "visible": 1, "thickness": 0.0, "ext": null, "height": 4.0000000000000009, "text": "1", "angle": 33.174917728887074, "widthscale": 13.582537148526169, "oblique": 0.0, "style": "style1", "textgen": 1, "alignh": 0, "alignv": 1, "interlin": 1.0 }, "geometry": { "type": "Point", "coordinates": [ -40.364148536628669, -20.424618328432228, 0.0 ] } },
{ "type": "Feature", "properties": { "fid": 8566, "handle": 771453, "block": -1, "etype": 19, "space": 0, "layer": "0", "olinetype": "bylayer", "linetype": "", "color": "0,0,0,55", "ocolor": 256, "color24": -1, "transparency": 0, "lweight": -1, "linewidth": 0.0, "ltscale": 1.0, "visible": 1, "thickness": 0.0, "ext": null, "height": 4.0000000000000009, "text": "2", "angle": 33.174917728887074, "widthscale": 13.582537148526169, "oblique": 0.0, "style": "style1", "textgen": 1, "alignh": 0, "alignv": 1, "interlin": 1.0 }, "geometry": { "type": "Point", "coordinates": [ -40.364207600317613, -20.424536215961858, 0.0 ] } },
{ "type": "Feature", "properties": { "fid": 8567, "handle": 771454, "block": -1, "etype": 19, "space": 0, "layer": "0", "olinetype": "bylayer", "linetype": "", "color": "0,0,0,55", "ocolor": 256, "color24": -1, "transparency": 0, "lweight": -1, "linewidth": 0.0, "ltscale": 1.0, "visible": 1, "thickness": 0.0, "ext": null, "height": 4.0000000000000009, "text": "3", "angle": 33.174917728887074, "widthscale": 13.582537148526169, "oblique": 0.0, "style": "style1", "textgen": 1, "alignh": 0, "alignv": 1, "interlin": 1.0 }, "geometry": { "type": "Point", "coordinates": [ -40.364264469425699, -20.424462107490005, 0.0 ] } },
{ "type": "Feature", "properties": { "fid": 8568, "handle": 771455, "block": -1, "etype": 19, "space": 0, "layer": "0", "olinetype": "bylayer", "linetype": "", "color": "0,0,0,55", "ocolor": 256, "color24": -1, "transparency": 0, "lweight": -1, "linewidth": 0.0, "ltscale": 1.0, "visible": 1, "thickness": 0.0, "ext": null, "height": 4.0000000000000009, "text": "4", "angle": 33.174917728887074, "widthscale": 13.582537148526169, "oblique": 0.0, "style": "style1", "textgen": 1, "alignh": 0, "alignv": 1, "interlin": 1.0 }, "geometry": { "type": "Point", "coordinates": [ -40.364316384391252, -20.424392351477987, 0.0 ] } },
{ "type": "Feature", "properties": { "fid": 8569, "handle": 771456, "block": -1, "etype": 19, "space": 0, "layer": "0", "olinetype": "bylayer", "linetype": "", "color": "0,0,0,55", "ocolor": 256, "color24": -1, "transparency": 0, "lweight": -1, "linewidth": 0.0, "ltscale": 1.0, "visible": 1, "thickness": 0.0, "ext": null, "height": 4.0000000000000009, "text": "5", "angle": 33.174917728887074, "widthscale": 13.582537148526169, "oblique": 0.0, "style": "style1", "textgen": 1, "alignh": 0, "alignv": 1, "interlin": 1.0 }, "geometry": { "type": "Point", "coordinates": [ -40.364370902946071, -20.424313115051586, 0.0 ] } },
{ "type": "Feature", "properties": { "fid": 8570, "handle": 771457, "block": -1, "etype": 19, "space": 0, "layer": "0", "olinetype": "bylayer", "linetype": "", "color": "0,0,0,55", "ocolor": 256, "color24": -1, "transparency": 0, "lweight": -1, "linewidth": 0.0, "ltscale": 1.0, "visible": 1, "thickness": 0.0, "ext": null, "height": 4.0000000000000009, "text": "7", "angle": 33.174917728887074, "widthscale": 13.582537148526169, "oblique": 0.0, "style": "style1", "textgen": 1, "alignh": 0, "alignv": 1, "interlin": 1.0 }, "geometry": { "type": "Point", "coordinates": [ -40.364467935900471, -20.424160093811221, 0.0 ] } },
{ "type": "Feature", "properties": { "fid": 8571, "handle": 771458, "block": -1, "etype": 19, "space": 0, "layer": "0", "olinetype": "bylayer", "linetype": "", "color": "0,0,0,55", "ocolor": 256, "color24": -1, "transparency": 0, "lweight": -1, "linewidth": 0.0, "ltscale": 1.0, "visible": 1, "thickness": 0.0, "ext": null, "height": 4.0000000000000009, "text": "6", "angle": 33.174917728887074, "widthscale": 13.582537148526169, "oblique": 0.0, "style": "style1", "textgen": 1, "alignh": 0, "alignv": 1, "interlin": 1.0 }, "geometry": { "type": "Point", "coordinates": [ -40.364423050596869, -20.424237324372911, 0.0 ] } },
{ "type": "Feature", "properties": { "fid": 8572, "handle": 771511, "block": -1, "etype": 19, "space": 0, "layer": "0", "olinetype": "bylayer", "linetype": "", "color": "0,0,0,55", "ocolor": 256, "color24": -1, "transparency": 0, "lweight": -1, "linewidth": 0.0, "ltscale": 1.0, "visible": 1, "thickness": 0.0, "ext": null, "height": 4.0000000000000009, "text": "1", "angle": 33.174917728887074, "widthscale": 13.582537148526169, "oblique": 0.0, "style": "style1", "textgen": 1, "alignh": 0, "alignv": 1, "interlin": 1.0 }, "geometry": { "type": "Point", "coordinates": [ -40.363674626125352, -20.424334059276603, 0.0 ] } },
{ "type": "Feature", "properties": { "fid": 8573, "handle": 771512, "block": -1, "etype": 19, "space": 0, "layer": "0", "olinetype": "bylayer", "linetype": "", "color": "0,0,0,55", "ocolor": 256, "color24": -1, "transparency": 0, "lweight": -1, "linewidth": 0.0, "ltscale": 1.0, "visible": 1, "thickness": 0.0, "ext": null, "height": 4.0000000000000009, "text": "2", "angle": 33.174917728887074, "widthscale": 13.582537148526169, "oblique": 0.0, "style": "style1", "textgen": 1, "alignh": 0, "alignv": 1, "interlin": 1.0 }, "geometry": { "type": "Point", "coordinates": [ -40.363733689977217, -20.424251946956289, 0.0 ] } },
{ "type": "Feature", "properties": { "fid": 8574, "handle": 771513, "block": -1, "etype": 19, "space": 0, "layer": "0", "olinetype": "bylayer", "linetype": "", "color": "0,0,0,55", "ocolor": 256, "color24": -1, "transparency": 0, "lweight": -1, "linewidth": 0.0, "ltscale": 1.0, "visible": 1, "thickness": 0.0, "ext": null, "height": 4.0000000000000009, "text": "3", "angle": 33.174917728887074, "widthscale": 13.582537148526169, "oblique": 0.0, "style": "style1", "textgen": 1, "alignh": 0, "alignv": 1, "interlin": 1.0 }, "geometry": { "type": "Point", "coordinates": [ -40.363790559226423, -20.424177838629966, 0.0 ] } },
{ "type": "Feature", "properties": { "fid": 8575, "handle": 771514, "block": -1, "etype": 19, "space": 0, "layer": "0", "olinetype": "bylayer", "linetype": "", "color": "0,0,0,55", "ocolor": 256, "color24": -1, "transparency": 0, "lweight": -1, "linewidth": 0.0, "ltscale": 1.0, "visible": 1, "thickness": 0.0, "ext": null, "height": 4.0000000000000009, "text": "4", "angle": 33.174917728887074, "widthscale": 13.582537148526169, "oblique": 0.0, "style": "style1", "textgen": 1, "alignh": 0, "alignv": 1, "interlin": 1.0 }, "geometry": { "type": "Point", "coordinates": [ -40.363842474327512, -20.424108082750369, 0.0 ] } },
{ "type": "Feature", "properties": { "fid": 8576, "handle": 771515, "block": -1, "etype": 19, "space": 0, "layer": "0", "olinetype": "bylayer", "linetype": "", "color": "0,0,0,55", "ocolor": 256, "color24": -1, "transparency": 0, "lweight": -1, "linewidth": 0.0, "ltscale": 1.0, "visible": 1, "thickness": 0.0, "ext": null, "height": 4.0000000000000009, "text": "5", "angle": 33.174917728887074, "widthscale": 13.582537148526169, "oblique": 0.0, "style": "style1", "textgen": 1, "alignh": 0, "alignv": 1, "interlin": 1.0 }, "geometry": { "type": "Point", "coordinates": [ -40.363896993043682, -20.424028846461777, 0.0 ] } },
{ "type": "Feature", "properties": { "fid": 8577, "handle": 771516, "block": -1, "etype": 19, "space": 0, "layer": "0", "olinetype": "bylayer", "linetype": "", "color": "0,0,0,55", "ocolor": 256, "color24": -1, "transparency": 0, "lweight": -1, "linewidth": 0.0, "ltscale": 1.0, "visible": 1, "thickness": 0.0, "ext": null, "height": 4.0000000000000009, "text": "6", "angle": 33.174917728887074, "widthscale": 13.582537148526169, "oblique": 0.0, "style": "style1", "textgen": 1, "alignh": 0, "alignv": 1, "interlin": 1.0 }, "geometry": { "type": "Point", "coordinates": [ -40.363943798772873, -20.423952275762439, 0.0 ] } },
{ "type": "Feature", "properties": { "fid": 8578, "handle": 771517, "block": -1, "etype": 19, "space": 0, "layer": "0", "olinetype": "bylayer", "linetype": "", "color": "0,0,0,55", "ocolor": 256, "color24": -1, "transparency": 0, "lweight": -1, "linewidth": 0.0, "ltscale": 1.0, "visible": 1, "thickness": 0.0, "ext": null, "height": 4.0000000000000009, "text": "8", "angle": 33.174917728887074, "widthscale": 13.582537148526169, "oblique": 0.0, "style": "style1", "textgen": 1, "alignh": 0, "alignv": 1, "interlin": 1.0 }, "geometry": { "type": "Point", "coordinates": [ -40.363557100504615, -20.424194501233, 0.0 ] } },
{ "type": "Feature", "properties": { "fid": 8579, "handle": 771518, "block": -1, "etype": 19, "space": 0, "layer": "0", "olinetype": "bylayer", "linetype": "", "color": "0,0,0,55", "ocolor": 256, "color24": -1, "transparency": 0, "lweight": -1, "linewidth": 0.0, "ltscale": 1.0, "visible": 1, "thickness": 0.0, "ext": null, "height": 4.0000000000000009, "text": "10", "angle": 33.174917728887074, "widthscale": 13.582537148526169, "oblique": 0.0, "style": "style1", "textgen": 1, "alignh": 0, "alignv": 1, "interlin": 1.0 }, "geometry": { "type": "Point", "coordinates": [ -40.36348473457565, -20.424152825546614, 0.0 ] } },
{ "type": "Feature", "properties": { "fid": 8580, "handle": 771519, "block": -1, "etype": 19, "space": 0, "layer": "0", "olinetype": "bylayer", "linetype": "", "color": "0,0,0,55", "ocolor": 256, "color24": -1, "transparency": 0, "lweight": -1, "linewidth": 0.0, "ltscale": 1.0, "visible": 1, "thickness": 0.0, "ext": null, "height": 4.0000000000000009, "text": "12", "angle": 33.174917728887074, "widthscale": 13.582537148526169, "oblique": 0.0, "style": "style1", "textgen": 1, "alignh": 0, "alignv": 1, "interlin": 1.0 }, "geometry": { "type": "Point", "coordinates": [ -40.363408416352883, -20.424101018089306, 0.0 ] } },
{ "type": "Feature", "properties": { "fid": 8581, "handle": 771520, "block": -1, "etype": 19, "space": 0, "layer": "0", "olinetype": "bylayer", "linetype": "", "color": "0,0,0,55", "ocolor": 256, "color24": -1, "transparency": 0, "lweight": -1, "linewidth": 0.0, "ltscale": 1.0, "visible": 1, "thickness": 0.0, "ext": null, "height": 4.0000000000000009, "text": "14", "angle": 33.174917728887074, "widthscale": 13.582537148526169, "oblique": 0.0, "style": "style1", "textgen": 1, "alignh": 0, "alignv": 1, "interlin": 1.0 }, "geometry": { "type": "Point", "coordinates": [ -40.363330283961673, -20.424055816356699, 0.0 ] } },
{ "type": "Feature", "properties": { "fid": 8582, "handle": 771521, "block": -1, "etype": 19, "space": 0, "layer": "0", "olinetype": "bylayer", "linetype": "", "color": "0,0,0,55", "ocolor": 256, "color24": -1, "transparency": 0, "lweight": -1, "linewidth": 0.0, "ltscale": 1.0, "visible": 1, "thickness": 0.0, "ext": null, "height": 4.0000000000000009, "text": "18", "angle": 33.174917728887074, "widthscale": 13.582537148526169, "oblique": 0.0, "style": "style1", "textgen": 1, "alignh": 0, "alignv": 1, "interlin": 1.0 }, "geometry": { "type": "Point", "coordinates": [ -40.363159887260267, -20.423954200234128, 0.0 ] } },
{ "type": "Feature", "properties": { "fid": 8583, "handle": 771522, "block": -1, "etype": 19, "space": 0, "layer": "0", "olinetype": "bylayer", "linetype": "", "color": "0,0,0,55", "ocolor": 256, "color24": -1, "transparency": 0, "lweight": -1, "linewidth": 0.0, "ltscale": 1.0, "visible": 1, "thickness": 0.0, "ext": null, "height": 4.0000000000000009, "text": "20", "angle": 33.174917728887074, "widthscale": 13.582537148526169, "oblique": 0.0, "style": "style1", "textgen": 1, "alignh": 0, "alignv": 1, "interlin": 1.0 }, "geometry": { "type": "Point", "coordinates": [ -40.3630682998648, -20.42390077130203, 0.0 ] } },
{ "type": "Feature", "properties": { "fid": 8584, "handle": 771523, "block": -1, "etype": 19, "space": 0, "layer": "0", "olinetype": "bylayer", "linetype": "", "color": "0,0,0,55", "ocolor": 256, "color24": -1, "transparency": 0, "lweight": -1, "linewidth": 0.0, "ltscale": 1.0, "visible": 1, "thickness": 0.0, "ext": null, "height": 4.0000000000000009, "text": "19", "angle": 33.174917728887074, "widthscale": 13.582537148526169, "oblique": 0.0, "style": "style1", "textgen": 1, "alignh": 0, "alignv": 1, "interlin": 1.0 }, "geometry": { "type": "Point", "coordinates": [ -40.363381610150718, -20.423628547988429, 0.0 ] } },
{ "type": "Feature", "properties": { "fid": 8585, "handle": 771524, "block": -1, "etype": 19, "space": 0, "layer": "0", "olinetype": "bylayer", "linetype": "", "color": "0,0,0,55", "ocolor": 256, "color24": -1, "transparency": 0, "lweight": -1, "linewidth": 0.0, "ltscale": 1.0, "visible": 1, "thickness": 0.0, "ext": null, "height": 4.0000000000000009, "text": "9", "angle": 33.174917728887074, "widthscale": 13.582537148526169, "oblique": 0.0, "style": "style1", "textgen": 1, "alignh": 0, "alignv": 1, "interlin": 1.0 }, "geometry": { "type": "Point", "coordinates": [ -40.363776163382632, -20.42385913474655, 0.0 ] } },
{ "type": "Feature", "properties": { "fid": 8586, "handle": 771525, "block": -1, "etype": 19, "space": 0, "layer": "0", "olinetype": "bylayer", "linetype": "", "color": "0,0,0,55", "ocolor": 256, "color24": -1, "transparency": 0, "lweight": -1, "linewidth": 0.0, "ltscale": 1.0, "visible": 1, "thickness": 0.0, "ext": null, "height": 4.0000000000000009, "text": "11", "angle": 33.174917728887074, "widthscale": 13.582537148526169, "oblique": 0.0, "style": "style1", "textgen": 1, "alignh": 0, "alignv": 1, "interlin": 1.0 }, "geometry": { "type": "Point", "coordinates": [ -40.363713942449969, -20.423823662060894, 0.0 ] } },
{ "type": "Feature", "properties": { "fid": 8587, "handle": 771526, "block": -1, "etype": 19, "space": 0, "layer": "0", "olinetype": "bylayer", "linetype": "", "color": "0,0,0,55", "ocolor": 256, "color24": -1, "transparency": 0, "lweight": -1, "linewidth": 0.0, "ltscale": 1.0, "visible": 1, "thickness": 0.0, "ext": null, "height": 4.0000000000000009, "text": "13", "angle": 33.174917728887074, "widthscale": 13.582537148526169, "oblique": 0.0, "style": "style1", "textgen": 1, "alignh": 0, "alignv": 1, "interlin": 1.0 }, "geometry": { "type": "Point", "coordinates": [ -40.36362509629123, -20.423777053044564, 0.0 ] } },
{ "type": "Feature", "properties": { "fid": 8588, "handle": 771527, "block": -1, "etype": 19, "space": 0, "layer": "0", "olinetype": "bylayer", "linetype": "", "color": "0,0,0,55", "ocolor": 256, "color24": -1, "transparency": 0, "lweight": -1, "linewidth": 0.0, "ltscale": 1.0, "visible": 1, "thickness": 0.0, "ext": null, "height": 4.0000000000000009, "text": "15", "angle": 33.174917728887074, "widthscale": 13.582537148526169, "oblique": 0.0, "style": "style1", "textgen": 1, "alignh": 0, "alignv": 1, "interlin": 1.0 }, "geometry": { "type": "Point", "coordinates": [ -40.363546856206263, -20.423724070440169, 0.0 ] } },
{ "type": "Feature", "properties": { "fid": 8589, "handle": 771528, "block": -1, "etype": 19, "space": 0, "layer": "0", "olinetype": "bylayer", "linetype": "", "color": "0,0,0,55", "ocolor": 256, "color24": -1, "transparency": 0, "lweight": -1, "linewidth": 0.0, "ltscale": 1.0, "visible": 1, "thickness": 0.0, "ext": null, "height": 4.0000000000000009, "text": "17", "angle": 33.174917728887074, "widthscale": 13.582537148526169, "oblique": 0.0, "style": "style1", "textgen": 1, "alignh": 0, "alignv": 1, "interlin": 1.0 }, "geometry": { "type": "Point", "coordinates": [ -40.363461711907881, -20.423677153012857, 0.0 ] } },
{ "type": "Feature", "properties": { "fid": 8590, "handle": 771529, "block": -1, "etype": 19, "space": 0, "layer": "0", "olinetype": "bylayer", "linetype": "", "color": "0,0,0,55", "ocolor": 256, "color24": -1, "transparency": 0, "lweight": -1, "linewidth": 0.0, "ltscale": 1.0, "visible": 1, "thickness": 0.0, "ext": null, "height": 4.0000000000000009, "text": "27", "angle": 33.174917728887074, "widthscale": 13.582537148526169, "oblique": 0.0, "style": "style1", "textgen": 1, "alignh": 0, "alignv": 1, "interlin": 1.0 }, "geometry": { "type": "Point", "coordinates": [ -40.363121262551964, -20.423425823195977, 0.0 ] } },
{ "type": "Feature", "properties": { "fid": 8591, "handle": 771530, "block": -1, "etype": 19, "space": 0, "layer": "0", "olinetype": "bylayer", "linetype": "", "color": "0,0,0,55", "ocolor": 256, "color24": -1, "transparency": 0, "lweight": -1, "linewidth": 0.0, "ltscale": 1.0, "visible": 1, "thickness": 0.0, "ext": null, "height": 4.0000000000000009, "text": "16", "angle": 33.174917728887074, "widthscale": 13.582537148526169, "oblique": 0.0, "style": "style1", "textgen": 1, "alignh": 0, "alignv": 1, "interlin": 1.0 }, "geometry": { "type": "Point", "coordinates": [ -40.363248630167455, -20.424006829887432, 0.0 ] } },
{ "type": "Feature", "properties": { "fid": 8592, "handle": 771531, "block": -1, "etype": 19, "space": 0, "layer": "0", "olinetype": "bylayer", "linetype": "", "color": "0,0,0,55", "ocolor": 256, "color24": -1, "transparency": 0, "lweight": -1, "linewidth": 0.0, "ltscale": 1.0, "visible": 1, "thickness": 0.0, "ext": null, "height": 4.0000000000000009, "text": "7", "angle": 33.174917728887074, "widthscale": 13.582537148526169, "oblique": 0.0, "style": "style1", "textgen": 1, "alignh": 0, "alignv": 1, "interlin": 1.0 }, "geometry": { "type": "Point", "coordinates": [ -40.363995946530764, -20.423876485203678, 0.0 ] } },
{ "type": "Feature", "properties": { "fid": 8593, "handle": 771532, "block": -1, "etype": 19, "space": 0, "layer": "0", "olinetype": "bylayer", "linetype": "", "color": "0,0,0,55", "ocolor": 256, "color24": -1, "transparency": 0, "lweight": -1, "linewidth": 0.0, "ltscale": 1.0, "visible": 1, "thickness": 0.0, "ext": null, "height": 4.0000000000000009, "text": "21", "angle": 33.174917728887074, "widthscale": 13.582537148526169, "oblique": 0.0, "style": "style1", "textgen": 1, "alignh": 0, "alignv": 1, "interlin": 1.0 }, "geometry": { "type": "Point", "coordinates": [ -40.363302860118992, -20.42358152306242, 0.0 ] } },
{ "type": "Feature", "properties": { "fid": 8594, "handle": 771533, "block": -1, "etype": 19, "space": 0, "layer": "0", "olinetype": "bylayer", "linetype": "", "color": "0,0,0,55", "ocolor": 256, "color24": -1, "transparency": 0, "lweight": -1, "linewidth": 0.0, "ltscale": 1.0, "visible": 1, "thickness": 0.0, "ext": null, "height": 4.0000000000000009, "text": "28", "angle": 33.174917728887074, "widthscale": 13.582537148526169, "oblique": 0.0, "style": "style1", "textgen": 1, "alignh": 0, "alignv": 1, "interlin": 1.0 }, "geometry": { "type": "Point", "coordinates": [ -40.363179599940693, -20.423353817336562, 0.0 ] } },
{ "type": "Feature", "properties": { "fid": 8595, "handle": 771534, "block": -1, "etype": 19, "space": 0, "layer": "0", "olinetype": "bylayer", "linetype": "", "color": "0,0,0,55", "ocolor": 256, "color24": -1, "transparency": 0, "lweight": -1, "linewidth": 0.0, "ltscale": 1.0, "visible": 1, "thickness": 0.0, "ext": null, "height": 4.0000000000000009, "text": "22", "angle": 33.174917728887074, "widthscale": 13.582537148526169, "oblique": 0.0, "style": "style1", "textgen": 1, "alignh": 0, "alignv": 1, "interlin": 1.0 }, "geometry": { "type": "Point", "coordinates": [ -40.36286352553509, -20.423806619846211, 0.0 ] } },
{ "type": "Feature", "properties": { "fid": 8596, "handle": 771535, "block": -1, "etype": 19, "space": 0, "layer": "0", "olinetype": "bylayer", "linetype": "", "color": "0,0,0,55", "ocolor": 256, "color24": -1, "transparency": 0, "lweight": -1, "linewidth": 0.0, "ltscale": 1.0, "visible": 1, "thickness": 0.0, "ext": null, "height": 4.0000000000000009, "text": "23", "angle": 33.174917728887074, "widthscale": 13.582537148526169, "oblique": 0.0, "style": "style1", "textgen": 1, "alignh": 0, "alignv": 1, "interlin": 1.0 }, "geometry": { "type": "Point", "coordinates": [ -40.362913383003288, -20.423730796017395, 0.0 ] } },
{ "type": "Feature", "properties": { "fid": 8597, "handle": 771536, "block": -1, "etype": 19, "space": 0, "layer": "0", "olinetype": "bylayer", "linetype": "", "color": "0,0,0,55", "ocolor": 256, "color24": -1, "transparency": 0, "lweight": -1, "linewidth": 0.0, "ltscale": 1.0, "visible": 1, "thickness": 0.0, "ext": null, "height": 4.0000000000000009, "text": "24", "angle": 33.174917728887074, "widthscale": 13.582537148526169, "oblique": 0.0, "style": "style1", "textgen": 1, "alignh": 0, "alignv": 1, "interlin": 1.0 }, "geometry": { "type": "Point", "coordinates": [ -40.362970388221811, -20.423661580813146, 0.0 ] } },
{ "type": "Feature", "properties": { "fid": 8598, "handle": 771537, "block": -1, "etype": 19, "space": 0, "layer": "0", "olinetype": "bylayer", "linetype": "", "color": "0,0,0,55", "ocolor": 256, "color24": -1, "transparency": 0, "lweight": -1, "linewidth": 0.0, "ltscale": 1.0, "visible": 1, "thickness": 0.0, "ext": null, "height": 4.0000000000000009, "text": "25", "angle": 33.174917728887074, "widthscale": 13.582537148526169, "oblique": 0.0, "style": "style1", "textgen": 1, "alignh": 0, "alignv": 1, "interlin": 1.0 }, "geometry": { "type": "Point", "coordinates": [ -40.363018571948594, -20.423583614471848, 0.0 ] } },
{ "type": "Feature", "properties": { "fid": 8599, "handle": 771538, "block": -1, "etype": 19, "space": 0, "layer": "0", "olinetype": "bylayer", "linetype": "", "color": "0,0,0,55", "ocolor": 256, "color24": -1, "transparency": 0, "lweight": -1, "linewidth": 0.0, "ltscale": 1.0, "visible": 1, "thickness": 0.0, "ext": null, "height": 4.0000000000000009, "text": "26", "angle": 33.174917728887074, "widthscale": 13.582537148526169, "oblique": 0.0, "style": "style1", "textgen": 1, "alignh": 0, "alignv": 1, "interlin": 1.0 }, "geometry": { "type": "Point", "coordinates": [ -40.363069114486635, -20.423501613512201, 0.0 ] } },
{ "type": "Feature", "properties": { "fid": 8600, "handle": 771653, "block": -1, "etype": 19, "space": 0, "layer": "0", "olinetype": "bylayer", "linetype": "", "color": "0,0,0,55", "ocolor": 256, "color24": -1, "transparency": 0, "lweight": -1, "linewidth": 0.0, "ltscale": 1.0, "visible": 1, "thickness": 0.0, "ext": null, "height": 4.0000000000000009, "text": "1", "angle": 33.174917728887074, "widthscale": 13.582537148526169, "oblique": 0.0, "style": "style1", "textgen": 1, "alignh": 0, "alignv": 1, "interlin": 1.0 }, "geometry": { "type": "Point", "coordinates": [ -40.363304282515429, -20.424877959179671, 0.0 ] } },
{ "type": "Feature", "properties": { "fid": 8601, "handle": 771654, "block": -1, "etype": 19, "space": 0, "layer": "0", "olinetype": "bylayer", "linetype": "", "color": "0,0,0,55", "ocolor": 256, "color24": -1, "transparency": 0, "lweight": -1, "linewidth": 0.0, "ltscale": 1.0, "visible": 1, "thickness": 0.0, "ext": null, "height": 4.0000000000000009, "text": "2", "angle": 33.174917728887074, "widthscale": 13.582537148526169, "oblique": 0.0, "style": "style1", "textgen": 1, "alignh": 0, "alignv": 1, "interlin": 1.0 }, "geometry": { "type": "Point", "coordinates": [ -40.36336334676114, -20.424795846967019, 0.0 ] } },
{ "type": "Feature", "properties": { "fid": 8602, "handle": 771655, "block": -1, "etype": 19, "space": 0, "layer": "0", "olinetype": "bylayer", "linetype": "", "color": "0,0,0,55", "ocolor": 256, "color24": -1, "transparency": 0, "lweight": -1, "linewidth": 0.0, "ltscale": 1.0, "visible": 1, "thickness": 0.0, "ext": null, "height": 4.0000000000000009, "text": "3", "angle": 33.174917728887074, "widthscale": 13.582537148526169, "oblique": 0.0, "style": "style1", "textgen": 1, "alignh": 0, "alignv": 1, "interlin": 1.0 }, "geometry": { "type": "Point", "coordinates": [ -40.363420216378792, -20.424721738744726, 0.0 ] } },
{ "type": "Feature", "properties": { "fid": 8603, "handle": 771656, "block": -1, "etype": 19, "space": 0, "layer": "0", "olinetype": "bylayer", "linetype": "", "color": "0,0,0,55", "ocolor": 256, "color24": -1, "transparency": 0, "lweight": -1, "linewidth": 0.0, "ltscale": 1.0, "visible": 1, "thickness": 0.0, "ext": null, "height": 4.0000000000000009, "text": "4", "angle": 33.174917728887074, "widthscale": 13.582537148526169, "oblique": 0.0, "style": "style1", "textgen": 1, "alignh": 0, "alignv": 1, "interlin": 1.0 }, "geometry": { "type": "Point", "coordinates": [ -40.363472131820814, -20.424651982959954, 0.0 ] } },
{ "type": "Feature", "properties": { "fid": 8604, "handle": 771657, "block": -1, "etype": 19, "space": 0, "layer": "0", "olinetype": "bylayer", "linetype": "", "color": "0,0,0,55", "ocolor": 256, "color24": -1, "transparency": 0, "lweight": -1, "linewidth": 0.0, "ltscale": 1.0, "visible": 1, "thickness": 0.0, "ext": null, "height": 4.0000000000000009, "text": "5", "angle": 33.174917728887074, "widthscale": 13.582537148526169, "oblique": 0.0, "style": "style1", "textgen": 1, "alignh": 0, "alignv": 1, "interlin": 1.0 }, "geometry": { "type": "Point", "coordinates": [ -40.36352665090795, -20.424572746770522, 0.0 ] } },
{ "type": "Feature", "properties": { "fid": 8605, "handle": 771658, "block": -1, "etype": 19, "space": 0, "layer": "0", "olinetype": "bylayer", "linetype": "", "color": "0,0,0,55", "ocolor": 256, "color24": -1, "transparency": 0, "lweight": -1, "linewidth": 0.0, "ltscale": 1.0, "visible": 1, "thickness": 0.0, "ext": null, "height": 4.0000000000000009, "text": "6", "angle": 33.174917728887074, "widthscale": 13.582537148526169, "oblique": 0.0, "style": "style1", "textgen": 1, "alignh": 0, "alignv": 1, "interlin": 1.0 }, "geometry": { "type": "Point", "coordinates": [ -40.363573456974194, -20.424496176155621, 0.0 ] } },
{ "type": "Feature", "properties": { "fid": 8606, "handle": 771659, "block": -1, "etype": 19, "space": 0, "layer": "0", "olinetype": "bylayer", "linetype": "", "color": "0,0,0,55", "ocolor": 256, "color24": -1, "transparency": 0, "lweight": -1, "linewidth": 0.0, "ltscale": 1.0, "visible": 1, "thickness": 0.0, "ext": null, "height": 4.0000000000000009, "text": "8", "angle": 33.174917728887074, "widthscale": 13.582537148526169, "oblique": 0.0, "style": "style1", "textgen": 1, "alignh": 0, "alignv": 1, "interlin": 1.0 }, "geometry": { "type": "Point", "coordinates": [ -40.36338126247577, -20.424459872190575, 0.0 ] } },
{ "type": "Feature", "properties": { "fid": 8607, "handle": 771660, "block": -1, "etype": 19, "space": 0, "layer": "0", "olinetype": "bylayer", "linetype": "", "color": "0,0,0,55", "ocolor": 256, "color24": -1, "transparency": 0, "lweight": -1, "linewidth": 0.0, "ltscale": 1.0, "visible": 1, "thickness": 0.0, "ext": null, "height": 4.0000000000000009, "text": "10", "angle": 33.174917728887074, "widthscale": 13.582537148526169, "oblique": 0.0, "style": "style1", "textgen": 1, "alignh": 0, "alignv": 1, "interlin": 1.0 }, "geometry": { "type": "Point", "coordinates": [ -40.363308896460794, -20.424418196436676, 0.0 ] } },
{ "type": "Feature", "properties": { "fid": 8608, "handle": 771661, "block": -1, "etype": 19, "space": 0, "layer": "0", "olinetype": "bylayer", "linetype": "", "color": "0,0,0,55", "ocolor": 256, "color24": -1, "transparency": 0, "lweight": -1, "linewidth": 0.0, "ltscale": 1.0, "visible": 1, "thickness": 0.0, "ext": null, "height": 4.0000000000000009, "text": "12", "angle": 33.174917728887074, "widthscale": 13.582537148526169, "oblique": 0.0, "style": "style1", "textgen": 1, "alignh": 0, "alignv": 1, "interlin": 1.0 }, "geometry": { "type": "Point", "coordinates": [ -40.36323257815539, -20.424366388907924, 0.0 ] } },
{ "type": "Feature", "properties": { "fid": 8609, "handle": 771662, "block": -1, "etype": 19, "space": 0, "layer": "0", "olinetype": "bylayer", "linetype": "", "color": "0,0,0,55", "ocolor": 256, "color24": -1, "transparency": 0, "lweight": -1, "linewidth": 0.0, "ltscale": 1.0, "visible": 1, "thickness": 0.0, "ext": null, "height": 4.0000000000000009, "text": "14", "angle": 33.174917728887074, "widthscale": 13.582537148526169, "oblique": 0.0, "style": "style1", "textgen": 1, "alignh": 0, "alignv": 1, "interlin": 1.0 }, "geometry": { "type": "Point", "coordinates": [ -40.363154445671569, -20.424321187102429, 0.0 ] } },
{ "type": "Feature", "properties": { "fid": 8610, "handle": 771663, "block": -1, "etype": 19, "space": 0, "layer": "0", "olinetype": "bylayer", "linetype": "", "color": "0,0,0,55", "ocolor": 256, "color24": -1, "transparency": 0, "lweight": -1, "linewidth": 0.0, "ltscale": 1.0, "visible": 1, "thickness": 0.0, "ext": null, "height": 4.0000000000000009, "text": "18", "angle": 33.174917728887074, "widthscale": 13.582537148526169, "oblique": 0.0, "style": "style1", "textgen": 1, "alignh": 0, "alignv": 1, "interlin": 1.0 }, "geometry": { "type": "Point", "coordinates": [ -40.362984048771217, -20.424219570820753, 0.0 ] } },
{ "type": "Feature", "properties": { "fid": 8611, "handle": 771664, "block": -1, "etype": 19, "space": 0, "layer": "0", "olinetype": "bylayer", "linetype": "", "color": "0,0,0,55", "ocolor": 256, "color24": -1, "transparency": 0, "lweight": -1, "linewidth": 0.0, "ltscale": 1.0, "visible": 1, "thickness": 0.0, "ext": null, "height": 4.0000000000000009, "text": "20", "angle": 33.174917728887074, "widthscale": 13.582537148526169, "oblique": 0.0, "style": "style1", "textgen": 1, "alignh": 0, "alignv": 1, "interlin": 1.0 }, "geometry": { "type": "Point", "coordinates": [ -40.36289246126762, -20.424166141803216, 0.0 ] } },
{ "type": "Feature", "properties": { "fid": 8612, "handle": 771665, "block": -1, "etype": 19, "space": 0, "layer": "0", "olinetype": "bylayer", "linetype": "", "color": "0,0,0,55", "ocolor": 256, "color24": -1, "transparency": 0, "lweight": -1, "linewidth": 0.0, "ltscale": 1.0, "visible": 1, "thickness": 0.0, "ext": null, "height": 4.0000000000000009, "text": "19", "angle": 33.174917728887074, "widthscale": 13.582537148526169, "oblique": 0.0, "style": "style1", "textgen": 1, "alignh": 0, "alignv": 1, "interlin": 1.0 }, "geometry": { "type": "Point", "coordinates": [ -40.362719690077334, -20.424397395309928, 0.0 ] } },
{ "type": "Feature", "properties": { "fid": 8613, "handle": 771666, "block": -1, "etype": 19, "space": 0, "layer": "0", "olinetype": "bylayer", "linetype": "", "color": "0,0,0,55", "ocolor": 256, "color24": -1, "transparency": 0, "lweight": -1, "linewidth": 0.0, "ltscale": 1.0, "visible": 1, "thickness": 0.0, "ext": null, "height": 4.0000000000000009, "text": "7", "angle": 33.174917728887074, "widthscale": 13.582537148526169, "oblique": 0.0, "style": "style1", "textgen": 1, "alignh": 0, "alignv": 1, "interlin": 1.0 }, "geometry": { "type": "Point", "coordinates": [ -40.363218102606695, -20.424697002616362, 0.0 ] } },
{ "type": "Feature", "properties": { "fid": 8614, "handle": 771667, "block": -1, "etype": 19, "space": 0, "layer": "0", "olinetype": "bylayer", "linetype": "", "color": "0,0,0,55", "ocolor": 256, "color24": -1, "transparency": 0, "lweight": -1, "linewidth": 0.0, "ltscale": 1.0, "visible": 1, "thickness": 0.0, "ext": null, "height": 4.0000000000000009, "text": "9", "angle": 33.174917728887074, "widthscale": 13.582537148526169, "oblique": 0.0, "style": "style1", "textgen": 1, "alignh": 0, "alignv": 1, "interlin": 1.0 }, "geometry": { "type": "Point", "coordinates": [ -40.363134772182356, -20.424643479363471, 0.0 ] } },
{ "type": "Feature", "properties": { "fid": 8615, "handle": 771668, "block": -1, "etype": 19, "space": 0, "layer": "0", "olinetype": "bylayer", "linetype": "", "color": "0,0,0,55", "ocolor": 256, "color24": -1, "transparency": 0, "lweight": -1, "linewidth": 0.0, "ltscale": 1.0, "visible": 1, "thickness": 0.0, "ext": null, "height": 4.0000000000000009, "text": "11", "angle": 33.174917728887074, "widthscale": 13.582537148526169, "oblique": 0.0, "style": "style1", "textgen": 1, "alignh": 0, "alignv": 1, "interlin": 1.0 }, "geometry": { "type": "Point", "coordinates": [ -40.363052795218742, -20.424595926919224, 0.0 ] } },
{ "type": "Feature", "properties": { "fid": 8616, "handle": 771669, "block": -1, "etype": 19, "space": 0, "layer": "0", "olinetype": "bylayer", "linetype": "", "color": "0,0,0,55", "ocolor": 256, "color24": -1, "transparency": 0, "lweight": -1, "linewidth": 0.0, "ltscale": 1.0, "visible": 1, "thickness": 0.0, "ext": null, "height": 4.0000000000000009, "text": "13", "angle": 33.174917728887074, "widthscale": 13.582537148526169, "oblique": 0.0, "style": "style1", "textgen": 1, "alignh": 0, "alignv": 1, "interlin": 1.0 }, "geometry": { "type": "Point", "coordinates": [ -40.362983704603188, -20.424561397136262, 0.0 ] } },
{ "type": "Feature", "properties": { "fid": 8617, "handle": 771670, "block": -1, "etype": 19, "space": 0, "layer": "0", "olinetype": "bylayer", "linetype": "", "color": "0,0,0,55", "ocolor": 256, "color24": -1, "transparency": 0, "lweight": -1, "linewidth": 0.0, "ltscale": 1.0, "visible": 1, "thickness": 0.0, "ext": null, "height": 4.0000000000000009, "text": "15", "angle": 33.174917728887074, "widthscale": 13.582537148526169, "oblique": 0.0, "style": "style1", "textgen": 1, "alignh": 0, "alignv": 1, "interlin": 1.0 }, "geometry": { "type": "Point", "coordinates": [ -40.362905464305655, -20.424508414258273, 0.0 ] } },
{ "type": "Feature", "properties": { "fid": 8618, "handle": 771671, "block": -1, "etype": 19, "space": 0, "layer": "0", "olinetype": "bylayer", "linetype": "", "color": "0,0,0,55", "ocolor": 256, "color24": -1, "transparency": 0, "lweight": -1, "linewidth": 0.0, "ltscale": 1.0, "visible": 1, "thickness": 0.0, "ext": null, "height": 4.0000000000000009, "text": "17", "angle": 33.174917728887074, "widthscale": 13.582537148526169, "oblique": 0.0, "style": "style1", "textgen": 1, "alignh": 0, "alignv": 1, "interlin": 1.0 }, "geometry": { "type": "Point", "coordinates": [ -40.362820319734851, -20.4244614965348, 0.0 ] } },
{ "type": "Feature", "properties": { "fid": 8619, "handle": 771672, "block": -1, "etype": 19, "space": 0, "layer": "0", "olinetype": "bylayer", "linetype": "", "color": "0,0,0,55", "ocolor": 256, "color24": -1, "transparency": 0, "lweight": -1, "linewidth": 0.0, "ltscale": 1.0, "visible": 1, "thickness": 0.0, "ext": null, "height": 4.0000000000000009, "text": "21", "angle": 33.174917728887074, "widthscale": 13.582537148526169, "oblique": 0.0, "style": "style1", "textgen": 1, "alignh": 0, "alignv": 1, "interlin": 1.0 }, "geometry": { "type": "Point", "coordinates": [ -40.362487146873328, -20.424354723314828, 0.0 ] } },
{ "type": "Feature", "properties": { "fid": 8620, "handle": 771673, "block": -1, "etype": 19, "space": 0, "layer": "0", "olinetype": "bylayer", "linetype": "", "color": "0,0,0,55", "ocolor": 256, "color24": -1, "transparency": 0, "lweight": -1, "linewidth": 0.0, "ltscale": 1.0, "visible": 1, "thickness": 0.0, "ext": null, "height": 4.0000000000000009, "text": "22", "angle": 33.174917728887074, "widthscale": 13.582537148526169, "oblique": 0.0, "style": "style1", "textgen": 1, "alignh": 0, "alignv": 1, "interlin": 1.0 }, "geometry": { "type": "Point", "coordinates": [ -40.362543720389773, -20.42427623165506, 0.0 ] } },
{ "type": "Feature", "properties": { "fid": 8621, "handle": 771674, "block": -1, "etype": 19, "space": 0, "layer": "0", "olinetype": "bylayer", "linetype": "", "color": "0,0,0,55", "ocolor": 256, "color24": -1, "transparency": 0, "lweight": -1, "linewidth": 0.0, "ltscale": 1.0, "visible": 1, "thickness": 0.0, "ext": null, "height": 4.0000000000000009, "text": "23", "angle": 33.174917728887074, "widthscale": 13.582537148526169, "oblique": 0.0, "style": "style1", "textgen": 1, "alignh": 0, "alignv": 1, "interlin": 1.0 }, "geometry": { "type": "Point", "coordinates": [ -40.36259357815721, -20.424200407904372, 0.0 ] } },
{ "type": "Feature", "properties": { "fid": 8622, "handle": 771675, "block": -1, "etype": 19, "space": 0, "layer": "0", "olinetype": "bylayer", "linetype": "", "color": "0,0,0,55", "ocolor": 256, "color24": -1, "transparency": 0, "lweight": -1, "linewidth": 0.0, "ltscale": 1.0, "visible": 1, "thickness": 0.0, "ext": null, "height": 4.0000000000000009, "text": "24", "angle": 33.174917728887074, "widthscale": 13.582537148526169, "oblique": 0.0, "style": "style1", "textgen": 1, "alignh": 0, "alignv": 1, "interlin": 1.0 }, "geometry": { "type": "Point", "coordinates": [ -40.362650583685138, -20.424131192790526, 0.0 ] } },
{ "type": "Feature", "properties": { "fid": 8623, "handle": 771676, "block": -1, "etype": 19, "space": 0, "layer": "0", "olinetype": "bylayer", "linetype": "", "color": "0,0,0,55", "ocolor": 256, "color24": -1, "transparency": 0, "lweight": -1, "linewidth": 0.0, "ltscale": 1.0, "visible": 1, "thickness": 0.0, "ext": null, "height": 4.0000000000000009, "text": "25", "angle": 33.174917728887074, "widthscale": 13.582537148526169, "oblique": 0.0, "style": "style1", "textgen": 1, "alignh": 0, "alignv": 1, "interlin": 1.0 }, "geometry": { "type": "Point", "coordinates": [ -40.362698767709929, -20.424053226524318, 0.0 ] } },
{ "type": "Feature", "properties": { "fid": 8624, "handle": 771677, "block": -1, "etype": 19, "space": 0, "layer": "0", "olinetype": "bylayer", "linetype": "", "color": "0,0,0,55", "ocolor": 256, "color24": -1, "transparency": 0, "lweight": -1, "linewidth": 0.0, "ltscale": 1.0, "visible": 1, "thickness": 0.0, "ext": null, "height": 4.0000000000000009, "text": "26", "angle": 33.174917728887074, "widthscale": 13.582537148526169, "oblique": 0.0, "style": "style1", "textgen": 1, "alignh": 0, "alignv": 1, "interlin": 1.0 }, "geometry": { "type": "Point", "coordinates": [ -40.362749310560922, -20.42397122564352, 0.0 ] } },
{ "type": "Feature", "properties": { "fid": 8625, "handle": 771678, "block": -1, "etype": 19, "space": 0, "layer": "0", "olinetype": "bylayer", "linetype": "", "color": "0,0,0,55", "ocolor": 256, "color24": -1, "transparency": 0, "lweight": -1, "linewidth": 0.0, "ltscale": 1.0, "visible": 1, "thickness": 0.0, "ext": null, "height": 4.0000000000000009, "text": "16", "angle": 33.174917728887074, "widthscale": 13.582537148526169, "oblique": 0.0, "style": "style1", "textgen": 1, "alignh": 0, "alignv": 1, "interlin": 1.0 }, "geometry": { "type": "Point", "coordinates": [ -40.363072791782315, -20.424272200556906, 0.0 ] } },
{ "type": "Feature", "properties": { "fid": 8626, "handle": 771785, "block": -1, "etype": 19, "space": 0, "layer": "0", "olinetype": "bylayer", "linetype": "", "color": "0,0,0,55", "ocolor": 256, "color24": -1, "transparency": 0, "lweight": -1, "linewidth": 0.0, "ltscale": 1.0, "visible": 1, "thickness": 0.0, "ext": null, "height": 4.0000000000000009, "text": "1", "angle": 33.174917728887074, "widthscale": 13.582537148526169, "oblique": 0.0, "style": "style1", "textgen": 1, "alignh": 0, "alignv": 1, "interlin": 1.0 }, "geometry": { "type": "Point", "coordinates": [ -40.362914743475748, -20.425435614758435, 0.0 ] } },
{ "type": "Feature", "properties": { "fid": 8627, "handle": 771786, "block": -1, "etype": 19, "space": 0, "layer": "0", "olinetype": "bylayer", "linetype": "", "color": "0,0,0,55", "ocolor": 256, "color24": -1, "transparency": 0, "lweight": -1, "linewidth": 0.0, "ltscale": 1.0, "visible": 1, "thickness": 0.0, "ext": null, "height": 4.0000000000000009, "text": "2", "angle": 33.174917728887074, "widthscale": 13.582537148526169, "oblique": 0.0, "style": "style1", "textgen": 1, "alignh": 0, "alignv": 1, "interlin": 1.0 }, "geometry": { "type": "Point", "coordinates": [ -40.36297380813069, -20.425353502659224, 0.0 ] } },
{ "type": "Feature", "properties": { "fid": 8628, "handle": 771787, "block": -1, "etype": 19, "space": 0, "layer": "0", "olinetype": "bylayer", "linetype": "", "color": "0,0,0,55", "ocolor": 256, "color24": -1, "transparency": 0, "lweight": -1, "linewidth": 0.0, "ltscale": 1.0, "visible": 1, "thickness": 0.0, "ext": null, "height": 4.0000000000000009, "text": "3", "angle": 33.174917728887074, "widthscale": 13.582537148526169, "oblique": 0.0, "style": "style1", "textgen": 1, "alignh": 0, "alignv": 1, "interlin": 1.0 }, "geometry": { "type": "Point", "coordinates": [ -40.36303067813104, -20.425279394546585, 0.0 ] } },
{ "type": "Feature", "properties": { "fid": 8629, "handle": 771788, "block": -1, "etype": 19, "space": 0, "layer": "0", "olinetype": "bylayer", "linetype": "", "color": "0,0,0,55", "ocolor": 256, "color24": -1, "transparency": 0, "lweight": -1, "linewidth": 0.0, "ltscale": 1.0, "visible": 1, "thickness": 0.0, "ext": null, "height": 4.0000000000000009, "text": "4", "angle": 33.174917728887074, "widthscale": 13.582537148526169, "oblique": 0.0, "style": "style1", "textgen": 1, "alignh": 0, "alignv": 1, "interlin": 1.0 }, "geometry": { "type": "Point", "coordinates": [ -40.363082593927217, -20.425209638861762, 0.0 ] } },
{ "type": "Feature", "properties": { "fid": 8630, "handle": 771789, "block": -1, "etype": 19, "space": 0, "layer": "0", "olinetype": "bylayer", "linetype": "", "color": "0,0,0,55", "ocolor": 256, "color24": -1, "transparency": 0, "lweight": -1, "linewidth": 0.0, "ltscale": 1.0, "visible": 1, "thickness": 0.0, "ext": null, "height": 4.0000000000000009, "text": "5", "angle": 33.174917728887074, "widthscale": 13.582537148526169, "oblique": 0.0, "style": "style1", "textgen": 1, "alignh": 0, "alignv": 1, "interlin": 1.0 }, "geometry": { "type": "Point", "coordinates": [ -40.363137113399986, -20.425130402776716, 0.0 ] } },
{ "type": "Feature", "properties": { "fid": 8631, "handle": 771790, "block": -1, "etype": 19, "space": 0, "layer": "0", "olinetype": "bylayer", "linetype": "", "color": "0,0,0,55", "ocolor": 256, "color24": -1, "transparency": 0, "lweight": -1, "linewidth": 0.0, "ltscale": 1.0, "visible": 1, "thickness": 0.0, "ext": null, "height": 4.0000000000000009, "text": "6", "angle": 33.174917728887074, "widthscale": 13.582537148526169, "oblique": 0.0, "style": "style1", "textgen": 1, "alignh": 0, "alignv": 1, "interlin": 1.0 }, "geometry": { "type": "Point", "coordinates": [ -40.363183919816827, -20.425053832250825, 0.0 ] } },
{ "type": "Feature", "properties": { "fid": 8632, "handle": 771791, "block": -1, "etype": 19, "space": 0, "layer": "0", "olinetype": "bylayer", "linetype": "", "color": "0,0,0,55", "ocolor": 256, "color24": -1, "transparency": 0, "lweight": -1, "linewidth": 0.0, "ltscale": 1.0, "visible": 1, "thickness": 0.0, "ext": null, "height": 4.0000000000000009, "text": "8", "angle": 33.174917728887074, "widthscale": 13.582537148526169, "oblique": 0.0, "style": "style1", "textgen": 1, "alignh": 0, "alignv": 1, "interlin": 1.0 }, "geometry": { "type": "Point", "coordinates": [ -40.362984636317009, -20.425029080266754, 0.0 ] } },
{ "type": "Feature", "properties": { "fid": 8633, "handle": 771792, "block": -1, "etype": 19, "space": 0, "layer": "0", "olinetype": "bylayer", "linetype": "", "color": "0,0,0,55", "ocolor": 256, "color24": -1, "transparency": 0, "lweight": -1, "linewidth": 0.0, "ltscale": 1.0, "visible": 1, "thickness": 0.0, "ext": null, "height": 4.0000000000000009, "text": "10", "angle": 33.174917728887074, "widthscale": 13.582537148526169, "oblique": 0.0, "style": "style1", "textgen": 1, "alignh": 0, "alignv": 1, "interlin": 1.0 }, "geometry": { "type": "Point", "coordinates": [ -40.362912270122294, -20.424987404359637, 0.0 ] } },
{ "type": "Feature", "properties": { "fid": 8634, "handle": 771793, "block": -1, "etype": 19, "space": 0, "layer": "0", "olinetype": "bylayer", "linetype": "", "color": "0,0,0,55", "ocolor": 256, "color24": -1, "transparency": 0, "lweight": -1, "linewidth": 0.0, "ltscale": 1.0, "visible": 1, "thickness": 0.0, "ext": null, "height": 4.0000000000000009, "text": "12", "angle": 33.174917728887074, "widthscale": 13.582537148526169, "oblique": 0.0, "style": "style1", "textgen": 1, "alignh": 0, "alignv": 1, "interlin": 1.0 }, "geometry": { "type": "Point", "coordinates": [ -40.36283595164565, -20.424935596668725, 0.0 ] } },
{ "type": "Feature", "properties": { "fid": 8635, "handle": 771794, "block": -1, "etype": 19, "space": 0, "layer": "0", "olinetype": "bylayer", "linetype": "", "color": "0,0,0,55", "ocolor": 256, "color24": -1, "transparency": 0, "lweight": -1, "linewidth": 0.0, "ltscale": 1.0, "visible": 1, "thickness": 0.0, "ext": null, "height": 4.0000000000000009, "text": "14", "angle": 33.174917728887074, "widthscale": 13.582537148526169, "oblique": 0.0, "style": "style1", "textgen": 1, "alignh": 0, "alignv": 1, "interlin": 1.0 }, "geometry": { "type": "Point", "coordinates": [ -40.362757818968198, -20.42489039469779, 0.0 ] } },
{ "type": "Feature", "properties": { "fid": 8636, "handle": 771795, "block": -1, "etype": 19, "space": 0, "layer": "0", "olinetype": "bylayer", "linetype": "", "color": "0,0,0,55", "ocolor": 256, "color24": -1, "transparency": 0, "lweight": -1, "linewidth": 0.0, "ltscale": 1.0, "visible": 1, "thickness": 0.0, "ext": null, "height": 4.0000000000000009, "text": "18", "angle": 33.174917728887074, "widthscale": 13.582537148526169, "oblique": 0.0, "style": "style1", "textgen": 1, "alignh": 0, "alignv": 1, "interlin": 1.0 }, "geometry": { "type": "Point", "coordinates": [ -40.362587421652748, -20.424788778055127, 0.0 ] } },
{ "type": "Feature", "properties": { "fid": 8637, "handle": 771796, "block": -1, "etype": 19, "space": 0, "layer": "0", "olinetype": "bylayer", "linetype": "", "color": "0,0,0,55", "ocolor": 256, "color24": -1, "transparency": 0, "lweight": -1, "linewidth": 0.0, "ltscale": 1.0, "visible": 1, "thickness": 0.0, "ext": null, "height": 4.0000000000000009, "text": "20", "angle": 33.174917728887074, "widthscale": 13.582537148526169, "oblique": 0.0, "style": "style1", "textgen": 1, "alignh": 0, "alignv": 1, "interlin": 1.0 }, "geometry": { "type": "Point", "coordinates": [ -40.362495833923262, -20.424735348843669, 0.0 ] } },
{ "type": "Feature", "properties": { "fid": 8638, "handle": 771797, "block": -1, "etype": 19, "space": 0, "layer": "0", "olinetype": "bylayer", "linetype": "", "color": "0,0,0,55", "ocolor": 256, "color24": -1, "transparency": 0, "lweight": -1, "linewidth": 0.0, "ltscale": 1.0, "visible": 1, "thickness": 0.0, "ext": null, "height": 4.0000000000000009, "text": "19", "angle": 33.174917728887074, "widthscale": 13.582537148526169, "oblique": 0.0, "style": "style1", "textgen": 1, "alignh": 0, "alignv": 1, "interlin": 1.0 }, "geometry": { "type": "Point", "coordinates": [ -40.36232306153353, -20.424966602011743, 0.0 ] } },
{ "type": "Feature", "properties": { "fid": 8639, "handle": 771798, "block": -1, "etype": 19, "space": 0, "layer": "0", "olinetype": "bylayer", "linetype": "", "color": "0,0,0,55", "ocolor": 256, "color24": -1, "transparency": 0, "lweight": -1, "linewidth": 0.0, "ltscale": 1.0, "visible": 1, "thickness": 0.0, "ext": null, "height": 4.0000000000000009, "text": "7", "angle": 33.174917728887074, "widthscale": 13.582537148526169, "oblique": 0.0, "style": "style1", "textgen": 1, "alignh": 0, "alignv": 1, "interlin": 1.0 }, "geometry": { "type": "Point", "coordinates": [ -40.362821475271545, -20.425266210374318, 0.0 ] } },
{ "type": "Feature", "properties": { "fid": 8640, "handle": 771799, "block": -1, "etype": 19, "space": 0, "layer": "0", "olinetype": "bylayer", "linetype": "", "color": "0,0,0,55", "ocolor": 256, "color24": -1, "transparency": 0, "lweight": -1, "linewidth": 0.0, "ltscale": 1.0, "visible": 1, "thickness": 0.0, "ext": null, "height": 4.0000000000000009, "text": "9", "angle": 33.174917728887074, "widthscale": 13.582537148526169, "oblique": 0.0, "style": "style1", "textgen": 1, "alignh": 0, "alignv": 1, "interlin": 1.0 }, "geometry": { "type": "Point", "coordinates": [ -40.362738144653129, -20.425212686944597, 0.0 ] } },
{ "type": "Feature", "properties": { "fid": 8641, "handle": 771800, "block": -1, "etype": 19, "space": 0, "layer": "0", "olinetype": "bylayer", "linetype": "", "color": "0,0,0,55", "ocolor": 256, "color24": -1, "transparency": 0, "lweight": -1, "linewidth": 0.0, "ltscale": 1.0, "visible": 1, "thickness": 0.0, "ext": null, "height": 4.0000000000000009, "text": "11", "angle": 33.174917728887074, "widthscale": 13.582537148526169, "oblique": 0.0, "style": "style1", "textgen": 1, "alignh": 0, "alignv": 1, "interlin": 1.0 }, "geometry": { "type": "Point", "coordinates": [ -40.362656167486691, -20.425165134326761, 0.0 ] } },
{ "type": "Feature", "properties": { "fid": 8642, "handle": 771801, "block": -1, "etype": 19, "space": 0, "layer": "0", "olinetype": "bylayer", "linetype": "", "color": "0,0,0,55", "ocolor": 256, "color24": -1, "transparency": 0, "lweight": -1, "linewidth": 0.0, "ltscale": 1.0, "visible": 1, "thickness": 0.0, "ext": null, "height": 4.0000000000000009, "text": "13", "angle": 33.174917728887074, "widthscale": 13.582537148526169, "oblique": 0.0, "style": "style1", "textgen": 1, "alignh": 0, "alignv": 1, "interlin": 1.0 }, "geometry": { "type": "Point", "coordinates": [ -40.362587076687248, -20.425130604397953, 0.0 ] } },
{ "type": "Feature", "properties": { "fid": 8643, "handle": 771802, "block": -1, "etype": 19, "space": 0, "layer": "0", "olinetype": "bylayer", "linetype": "", "color": "0,0,0,55", "ocolor": 256, "color24": -1, "transparency": 0, "lweight": -1, "linewidth": 0.0, "ltscale": 1.0, "visible": 1, "thickness": 0.0, "ext": null, "height": 4.0000000000000009, "text": "15", "angle": 33.174917728887074, "widthscale": 13.582537148526169, "oblique": 0.0, "style": "style1", "textgen": 1, "alignh": 0, "alignv": 1, "interlin": 1.0 }, "geometry": { "type": "Point", "coordinates": [ -40.36250883621387, -20.425077621353658, 0.0 ] } },
{ "type": "Feature", "properties": { "fid": 8644, "handle": 771803, "block": -1, "etype": 19, "space": 0, "layer": "0", "olinetype": "bylayer", "linetype": "", "color": "0,0,0,55", "ocolor": 256, "color24": -1, "transparency": 0, "lweight": -1, "linewidth": 0.0, "ltscale": 1.0, "visible": 1, "thickness": 0.0, "ext": null, "height": 4.0000000000000009, "text": "17", "angle": 33.174917728887074, "widthscale": 13.582537148526169, "oblique": 0.0, "style": "style1", "textgen": 1, "alignh": 0, "alignv": 1, "interlin": 1.0 }, "geometry": { "type": "Point", "coordinates": [ -40.362423691426663, -20.425030703450155, 0.0 ] } },
{ "type": "Feature", "properties": { "fid": 8645, "handle": 771804, "block": -1, "etype": 19, "space": 0, "layer": "0", "olinetype": "bylayer", "linetype": "", "color": "0,0,0,55", "ocolor": 256, "color24": -1, "transparency": 0, "lweight": -1, "linewidth": 0.0, "ltscale": 1.0, "visible": 1, "thickness": 0.0, "ext": null, "height": 4.0000000000000009, "text": "21", "angle": 33.174917728887074, "widthscale": 13.582537148526169, "oblique": 0.0, "style": "style1", "textgen": 1, "alignh": 0, "alignv": 1, "interlin": 1.0 }, "geometry": { "type": "Point", "coordinates": [ -40.362090517539414, -20.424923929531857, 0.0 ] } },
{ "type": "Feature", "properties": { "fid": 8646, "handle": 771805, "block": -1, "etype": 19, "space": 0, "layer": "0", "olinetype": "bylayer", "linetype": "", "color": "0,0,0,55", "ocolor": 256, "color24": -1, "transparency": 0, "lweight": -1, "linewidth": 0.0, "ltscale": 1.0, "visible": 1, "thickness": 0.0, "ext": null, "height": 4.0000000000000009, "text": "22", "angle": 33.174917728887074, "widthscale": 13.582537148526169, "oblique": 0.0, "style": "style1", "textgen": 1, "alignh": 0, "alignv": 1, "interlin": 1.0 }, "geometry": { "type": "Point", "coordinates": [ -40.362147091455071, -20.424845437982739, 0.0 ] } },
{ "type": "Feature", "properties": { "fid": 8647, "handle": 771806, "block": -1, "etype": 19, "space": 0, "layer": "0", "olinetype": "bylayer", "linetype": "", "color": "0,0,0,55", "ocolor": 256, "color24": -1, "transparency": 0, "lweight": -1, "linewidth": 0.0, "ltscale": 1.0, "visible": 1, "thickness": 0.0, "ext": null, "height": 4.0000000000000009, "text": "23", "angle": 33.174917728887074, "widthscale": 13.582537148526169, "oblique": 0.0, "style": "style1", "textgen": 1, "alignh": 0, "alignv": 1, "interlin": 1.0 }, "geometry": { "type": "Point", "coordinates": [ -40.36219694958983, -20.424769614328984, 0.0 ] } },
{ "type": "Feature", "properties": { "fid": 8648, "handle": 771807, "block": -1, "etype": 19, "space": 0, "layer": "0", "olinetype": "bylayer", "linetype": "", "color": "0,0,0,55", "ocolor": 256, "color24": -1, "transparency": 0, "lweight": -1, "linewidth": 0.0, "ltscale": 1.0, "visible": 1, "thickness": 0.0, "ext": null, "height": 4.0000000000000009, "text": "24", "angle": 33.174917728887074, "widthscale": 13.582537148526169, "oblique": 0.0, "style": "style1", "textgen": 1, "alignh": 0, "alignv": 1, "interlin": 1.0 }, "geometry": { "type": "Point", "coordinates": [ -40.362253955496996, -20.424700399327456, 0.0 ] } },
{ "type": "Feature", "properties": { "fid": 8649, "handle": 771808, "block": -1, "etype": 19, "space": 0, "layer": "0", "olinetype": "bylayer", "linetype": "", "color": "0,0,0,55", "ocolor": 256, "color24": -1, "transparency": 0, "lweight": -1, "linewidth": 0.0, "ltscale": 1.0, "visible": 1, "thickness": 0.0, "ext": null, "height": 4.0000000000000009, "text": "25", "angle": 33.174917728887074, "widthscale": 13.582537148526169, "oblique": 0.0, "style": "style1", "textgen": 1, "alignh": 0, "alignv": 1, "interlin": 1.0 }, "geometry": { "type": "Point", "coordinates": [ -40.362302139887667, -20.424622433154632, 0.0 ] } },
{ "type": "Feature", "properties": { "fid": 8650, "handle": 771809, "block": -1, "etype": 19, "space": 0, "layer": "0", "olinetype": "bylayer", "linetype": "", "color": "0,0,0,55", "ocolor": 256, "color24": -1, "transparency": 0, "lweight": -1, "linewidth": 0.0, "ltscale": 1.0, "visible": 1, "thickness": 0.0, "ext": null, "height": 4.0000000000000009, "text": "26", "angle": 33.174917728887074, "widthscale": 13.582537148526169, "oblique": 0.0, "style": "style1", "textgen": 1, "alignh": 0, "alignv": 1, "interlin": 1.0 }, "geometry": { "type": "Point", "coordinates": [ -40.362352683122971, -20.424540432371685, 0.0 ] } },
{ "type": "Feature", "properties": { "fid": 8651, "handle": 771810, "block": -1, "etype": 19, "space": 0, "layer": "0", "olinetype": "bylayer", "linetype": "", "color": "0,0,0,55", "ocolor": 256, "color24": -1, "transparency": 0, "lweight": -1, "linewidth": 0.0, "ltscale": 1.0, "visible": 1, "thickness": 0.0, "ext": null, "height": 4.0000000000000009, "text": "16", "angle": 33.174917728887074, "widthscale": 13.582537148526169, "oblique": 0.0, "style": "style1", "textgen": 1, "alignh": 0, "alignv": 1, "interlin": 1.0 }, "geometry": { "type": "Point", "coordinates": [ -40.362676164880696, -20.424841407979294, 0.0 ] } },
{ "type": "Feature", "properties": { "fid": 8652, "handle": 772110, "block": -1, "etype": 19, "space": 0, "layer": "0", "olinetype": "bylayer", "linetype": "", "color": "0,0,0,55", "ocolor": 256, "color24": -1, "transparency": 0, "lweight": -1, "linewidth": 0.0, "ltscale": 1.0, "visible": 1, "thickness": 0.0, "ext": null, "height": 4.0000000000000009, "text": "1", "angle": 33.174917728887074, "widthscale": 13.582537148526169, "oblique": 0.0, "style": "style1", "textgen": 1, "alignh": 0, "alignv": 1, "interlin": 1.0 }, "geometry": { "type": "Point", "coordinates": [ -40.362546452600618, -20.425987832453114, 0.0 ] } },
{ "type": "Feature", "properties": { "fid": 8653, "handle": 772111, "block": -1, "etype": 19, "space": 0, "layer": "0", "olinetype": "bylayer", "linetype": "", "color": "0,0,0,55", "ocolor": 256, "color24": -1, "transparency": 0, "lweight": -1, "linewidth": 0.0, "ltscale": 1.0, "visible": 1, "thickness": 0.0, "ext": null, "height": 4.0000000000000009, "text": "2", "angle": 33.174917728887074, "widthscale": 13.582537148526169, "oblique": 0.0, "style": "style1", "textgen": 1, "alignh": 0, "alignv": 1, "interlin": 1.0 }, "geometry": { "type": "Point", "coordinates": [ -40.36260551765119, -20.425905720460836, 0.0 ] } },
{ "type": "Feature", "properties": { "fid": 8654, "handle": 772112, "block": -1, "etype": 19, "space": 0, "layer": "0", "olinetype": "bylayer", "linetype": "", "color": "0,0,0,55", "ocolor": 256, "color24": -1, "transparency": 0, "lweight": -1, "linewidth": 0.0, "ltscale": 1.0, "visible": 1, "thickness": 0.0, "ext": null, "height": 4.0000000000000009, "text": "3", "angle": 33.174917728887074, "widthscale": 13.582537148526169, "oblique": 0.0, "style": "style1", "textgen": 1, "alignh": 0, "alignv": 1, "interlin": 1.0 }, "geometry": { "type": "Point", "coordinates": [ -40.362662388021796, -20.425831612451599, 0.0 ] } },
{ "type": "Feature", "properties": { "fid": 8655, "handle": 772113, "block": -1, "etype": 19, "space": 0, "layer": "0", "olinetype": "bylayer", "linetype": "", "color": "0,0,0,55", "ocolor": 256, "color24": -1, "transparency": 0, "lweight": -1, "linewidth": 0.0, "ltscale": 1.0, "visible": 1, "thickness": 0.0, "ext": null, "height": 4.0000000000000009, "text": "4", "angle": 33.174917728887074, "widthscale": 13.582537148526169, "oblique": 0.0, "style": "style1", "textgen": 1, "alignh": 0, "alignv": 1, "interlin": 1.0 }, "geometry": { "type": "Point", "coordinates": [ -40.362714304160512, -20.425761856860934, 0.0 ] } },
{ "type": "Feature", "properties": { "fid": 8656, "handle": 772114, "block": -1, "etype": 19, "space": 0, "layer": "0", "olinetype": "bylayer", "linetype": "", "color": "0,0,0,55", "ocolor": 256, "color24": -1, "transparency": 0, "lweight": -1, "linewidth": 0.0, "ltscale": 1.0, "visible": 1, "thickness": 0.0, "ext": null, "height": 4.0000000000000009, "text": "5", "angle": 33.174917728887074, "widthscale": 13.582537148526169, "oblique": 0.0, "style": "style1", "textgen": 1, "alignh": 0, "alignv": 1, "interlin": 1.0 }, "geometry": { "type": "Point", "coordinates": [ -40.362768824005862, -20.425682620874397, 0.0 ] } },
{ "type": "Feature", "properties": { "fid": 8657, "handle": 772115, "block": -1, "etype": 19, "space": 0, "layer": "0", "olinetype": "bylayer", "linetype": "", "color": "0,0,0,55", "ocolor": 256, "color24": -1, "transparency": 0, "lweight": -1, "linewidth": 0.0, "ltscale": 1.0, "visible": 1, "thickness": 0.0, "ext": null, "height": 4.0000000000000009, "text": "6", "angle": 33.174917728887074, "widthscale": 13.582537148526169, "oblique": 0.0, "style": "style1", "textgen": 1, "alignh": 0, "alignv": 1, "interlin": 1.0 }, "geometry": { "type": "Point", "coordinates": [ -40.362815630760942, -20.425606050432457, 0.0 ] } },
{ "type": "Feature", "properties": { "fid": 8658, "handle": 772116, "block": -1, "etype": 19, "space": 0, "layer": "0", "olinetype": "bylayer", "linetype": "", "color": "0,0,0,55", "ocolor": 256, "color24": -1, "transparency": 0, "lweight": -1, "linewidth": 0.0, "ltscale": 1.0, "visible": 1, "thickness": 0.0, "ext": null, "height": 4.0000000000000009, "text": "8", "angle": 33.174917728887074, "widthscale": 13.582537148526169, "oblique": 0.0, "style": "style1", "textgen": 1, "alignh": 0, "alignv": 1, "interlin": 1.0 }, "geometry": { "type": "Point", "coordinates": [ -40.362605572977941, -20.425585552316043, 0.0 ] } },
{ "type": "Feature", "properties": { "fid": 8659, "handle": 772117, "block": -1, "etype": 19, "space": 0, "layer": "0", "olinetype": "bylayer", "linetype": "", "color": "0,0,0,55", "ocolor": 256, "color24": -1, "transparency": 0, "lweight": -1, "linewidth": 0.0, "ltscale": 1.0, "visible": 1, "thickness": 0.0, "ext": null, "height": 4.0000000000000009, "text": "10", "angle": 33.174917728887074, "widthscale": 13.582537148526169, "oblique": 0.0, "style": "style1", "textgen": 1, "alignh": 0, "alignv": 1, "interlin": 1.0 }, "geometry": { "type": "Point", "coordinates": [ -40.362533206605377, -20.425543876262935, 0.0 ] } },
{ "type": "Feature", "properties": { "fid": 8660, "handle": 772118, "block": -1, "etype": 19, "space": 0, "layer": "0", "olinetype": "bylayer", "linetype": "", "color": "0,0,0,55", "ocolor": 256, "color24": -1, "transparency": 0, "lweight": -1, "linewidth": 0.0, "ltscale": 1.0, "visible": 1, "thickness": 0.0, "ext": null, "height": 4.0000000000000009, "text": "12", "angle": 33.174917728887074, "widthscale": 13.582537148526169, "oblique": 0.0, "style": "style1", "textgen": 1, "alignh": 0, "alignv": 1, "interlin": 1.0 }, "geometry": { "type": "Point", "coordinates": [ -40.362456887958615, -20.425492068417331, 0.0 ] } },
{ "type": "Feature", "properties": { "fid": 8661, "handle": 772119, "block": -1, "etype": 19, "space": 0, "layer": "0", "olinetype": "bylayer", "linetype": "", "color": "0,0,0,55", "ocolor": 256, "color24": -1, "transparency": 0, "lweight": -1, "linewidth": 0.0, "ltscale": 1.0, "visible": 1, "thickness": 0.0, "ext": null, "height": 4.0000000000000009, "text": "14", "angle": 33.174917728887074, "widthscale": 13.582537148526169, "oblique": 0.0, "style": "style1", "textgen": 1, "alignh": 0, "alignv": 1, "interlin": 1.0 }, "geometry": { "type": "Point", "coordinates": [ -40.362378755089622, -20.425446866288773, 0.0 ] } },
{ "type": "Feature", "properties": { "fid": 8662, "handle": 772120, "block": -1, "etype": 19, "space": 0, "layer": "0", "olinetype": "bylayer", "linetype": "", "color": "0,0,0,55", "ocolor": 256, "color24": -1, "transparency": 0, "lweight": -1, "linewidth": 0.0, "ltscale": 1.0, "visible": 1, "thickness": 0.0, "ext": null, "height": 4.0000000000000009, "text": "18", "angle": 33.174917728887074, "widthscale": 13.582537148526169, "oblique": 0.0, "style": "style1", "textgen": 1, "alignh": 0, "alignv": 1, "interlin": 1.0 }, "geometry": { "type": "Point", "coordinates": [ -40.362208357363187, -20.425345249302026, 0.0 ] } },
{ "type": "Feature", "properties": { "fid": 8663, "handle": 772121, "block": -1, "etype": 19, "space": 0, "layer": "0", "olinetype": "bylayer", "linetype": "", "color": "0,0,0,55", "ocolor": 256, "color24": -1, "transparency": 0, "lweight": -1, "linewidth": 0.0, "ltscale": 1.0, "visible": 1, "thickness": 0.0, "ext": null, "height": 4.0000000000000009, "text": "20", "angle": 33.174917728887074, "widthscale": 13.582537148526169, "oblique": 0.0, "style": "style1", "textgen": 1, "alignh": 0, "alignv": 1, "interlin": 1.0 }, "geometry": { "type": "Point", "coordinates": [ -40.362116769410171, -20.425291819905674, 0.0 ] } },
{ "type": "Feature", "properties": { "fid": 8664, "handle": 772122, "block": -1, "etype": 19, "space": 0, "layer": "0", "olinetype": "bylayer", "linetype": "", "color": "0,0,0,55", "ocolor": 256, "color24": -1, "transparency": 0, "lweight": -1, "linewidth": 0.0, "ltscale": 1.0, "visible": 1, "thickness": 0.0, "ext": null, "height": 4.0000000000000009, "text": "19", "angle": 33.174917728887074, "widthscale": 13.582537148526169, "oblique": 0.0, "style": "style1", "textgen": 1, "alignh": 0, "alignv": 1, "interlin": 1.0 }, "geometry": { "type": "Point", "coordinates": [ -40.36194399586131, -20.425523072750568, 0.0 ] } },
{ "type": "Feature", "properties": { "fid": 8665, "handle": 772123, "block": -1, "etype": 19, "space": 0, "layer": "0", "olinetype": "bylayer", "linetype": "", "color": "0,0,0,55", "ocolor": 256, "color24": -1, "transparency": 0, "lweight": -1, "linewidth": 0.0, "ltscale": 1.0, "visible": 1, "thickness": 0.0, "ext": null, "height": 4.0000000000000009, "text": "7", "angle": 33.174917728887074, "widthscale": 13.582537148526169, "oblique": 0.0, "style": "style1", "textgen": 1, "alignh": 0, "alignv": 1, "interlin": 1.0 }, "geometry": { "type": "Point", "coordinates": [ -40.362442410796191, -20.425822682119851, 0.0 ] } },
{ "type": "Feature", "properties": { "fid": 8666, "handle": 772124, "block": -1, "etype": 19, "space": 0, "layer": "0", "olinetype": "bylayer", "linetype": "", "color": "0,0,0,55", "ocolor": 256, "color24": -1, "transparency": 0, "lweight": -1, "linewidth": 0.0, "ltscale": 1.0, "visible": 1, "thickness": 0.0, "ext": null, "height": 4.0000000000000009, "text": "9", "angle": 33.174917728887074, "widthscale": 13.582537148526169, "oblique": 0.0, "style": "style1", "textgen": 1, "alignh": 0, "alignv": 1, "interlin": 1.0 }, "geometry": { "type": "Point", "coordinates": [ -40.362359079985282, -20.425769158521547, 0.0 ] } },
{ "type": "Feature", "properties": { "fid": 8667, "handle": 772125, "block": -1, "etype": 19, "space": 0, "layer": "0", "olinetype": "bylayer", "linetype": "", "color": "0,0,0,55", "ocolor": 256, "color24": -1, "transparency": 0, "lweight": -1, "linewidth": 0.0, "ltscale": 1.0, "visible": 1, "thickness": 0.0, "ext": null, "height": 4.0000000000000009, "text": "11", "angle": 33.174917728887074, "widthscale": 13.582537148526169, "oblique": 0.0, "style": "style1", "textgen": 1, "alignh": 0, "alignv": 1, "interlin": 1.0 }, "geometry": { "type": "Point", "coordinates": [ -40.36227710261813, -20.425721605738278, 0.0 ] } },
{ "type": "Feature", "properties": { "fid": 8668, "handle": 772126, "block": -1, "etype": 19, "space": 0, "layer": "0", "olinetype": "bylayer", "linetype": "", "color": "0,0,0,55", "ocolor": 256, "color24": -1, "transparency": 0, "lweight": -1, "linewidth": 0.0, "ltscale": 1.0, "visible": 1, "thickness": 0.0, "ext": null, "height": 4.0000000000000009, "text": "13", "angle": 33.174917728887074, "widthscale": 13.582537148526169, "oblique": 0.0, "style": "style1", "textgen": 1, "alignh": 0, "alignv": 1, "interlin": 1.0 }, "geometry": { "type": "Point", "coordinates": [ -40.362208011637257, -20.425687075670478, 0.0 ] } },
{ "type": "Feature", "properties": { "fid": 8669, "handle": 772127, "block": -1, "etype": 19, "space": 0, "layer": "0", "olinetype": "bylayer", "linetype": "", "color": "0,0,0,55", "ocolor": 256, "color24": -1, "transparency": 0, "lweight": -1, "linewidth": 0.0, "ltscale": 1.0, "visible": 1, "thickness": 0.0, "ext": null, "height": 4.0000000000000009, "text": "15", "angle": 33.174917728887074, "widthscale": 13.582537148526169, "oblique": 0.0, "style": "style1", "textgen": 1, "alignh": 0, "alignv": 1, "interlin": 1.0 }, "geometry": { "type": "Point", "coordinates": [ -40.362129770989178, -20.425634092467682, 0.0 ] } },
{ "type": "Feature", "properties": { "fid": 8670, "handle": 772128, "block": -1, "etype": 19, "space": 0, "layer": "0", "olinetype": "bylayer", "linetype": "", "color": "0,0,0,55", "ocolor": 256, "color24": -1, "transparency": 0, "lweight": -1, "linewidth": 0.0, "ltscale": 1.0, "visible": 1, "thickness": 0.0, "ext": null, "height": 4.0000000000000009, "text": "17", "angle": 33.174917728887074, "widthscale": 13.582537148526169, "oblique": 0.0, "style": "style1", "textgen": 1, "alignh": 0, "alignv": 1, "interlin": 1.0 }, "geometry": { "type": "Point", "coordinates": [ -40.362044625988048, -20.425587174392529, 0.0 ] } },
{ "type": "Feature", "properties": { "fid": 8671, "handle": 772129, "block": -1, "etype": 19, "space": 0, "layer": "0", "olinetype": "bylayer", "linetype": "", "color": "0,0,0,55", "ocolor": 256, "color24": -1, "transparency": 0, "lweight": -1, "linewidth": 0.0, "ltscale": 1.0, "visible": 1, "thickness": 0.0, "ext": null, "height": 4.0000000000000009, "text": "21", "angle": 33.174917728887074, "widthscale": 13.582537148526169, "oblique": 0.0, "style": "style1", "textgen": 1, "alignh": 0, "alignv": 1, "interlin": 1.0 }, "geometry": { "type": "Point", "coordinates": [ -40.361711451093115, -20.425480399808421, 0.0 ] } },
{ "type": "Feature", "properties": { "fid": 8672, "handle": 772130, "block": -1, "etype": 19, "space": 0, "layer": "0", "olinetype": "bylayer", "linetype": "", "color": "0,0,0,55", "ocolor": 256, "color24": -1, "transparency": 0, "lweight": -1, "linewidth": 0.0, "ltscale": 1.0, "visible": 1, "thickness": 0.0, "ext": null, "height": 4.0000000000000009, "text": "22", "angle": 33.174917728887074, "widthscale": 13.582537148526169, "oblique": 0.0, "style": "style1", "textgen": 1, "alignh": 0, "alignv": 1, "interlin": 1.0 }, "geometry": { "type": "Point", "coordinates": [ -40.361768025394483, -20.425401908364943, 0.0 ] } },
{ "type": "Feature", "properties": { "fid": 8673, "handle": 772131, "block": -1, "etype": 19, "space": 0, "layer": "0", "olinetype": "bylayer", "linetype": "", "color": "0,0,0,55", "ocolor": 256, "color24": -1, "transparency": 0, "lweight": -1, "linewidth": 0.0, "ltscale": 1.0, "visible": 1, "thickness": 0.0, "ext": null, "height": 4.0000000000000009, "text": "23", "angle": 33.174917728887074, "widthscale": 13.582537148526169, "oblique": 0.0, "style": "style1", "textgen": 1, "alignh": 0, "alignv": 1, "interlin": 1.0 }, "geometry": { "type": "Point", "coordinates": [ -40.361817883883909, -20.425326084803729, 0.0 ] } },
{ "type": "Feature", "properties": { "fid": 8674, "handle": 772132, "block": -1, "etype": 19, "space": 0, "layer": "0", "olinetype": "bylayer", "linetype": "", "color": "0,0,0,55", "ocolor": 256, "color24": -1, "transparency": 0, "lweight": -1, "linewidth": 0.0, "ltscale": 1.0, "visible": 1, "thickness": 0.0, "ext": null, "height": 4.0000000000000009, "text": "24", "angle": 33.174917728887074, "widthscale": 13.582537148526169, "oblique": 0.0, "style": "style1", "textgen": 1, "alignh": 0, "alignv": 1, "interlin": 1.0 }, "geometry": { "type": "Point", "coordinates": [ -40.3618748901578, -20.425256869909418, 0.0 ] } },
{ "type": "Feature", "properties": { "fid": 8675, "handle": 772133, "block": -1, "etype": 19, "space": 0, "layer": "0", "olinetype": "bylayer", "linetype": "", "color": "0,0,0,55", "ocolor": 256, "color24": -1, "transparency": 0, "lweight": -1, "linewidth": 0.0, "ltscale": 1.0, "visible": 1, "thickness": 0.0, "ext": null, "height": 4.0000000000000009, "text": "25", "angle": 33.174917728887074, "widthscale": 13.582537148526169, "oblique": 0.0, "style": "style1", "textgen": 1, "alignh": 0, "alignv": 1, "interlin": 1.0 }, "geometry": { "type": "Point", "coordinates": [ -40.36192307490164, -20.425178903825682, 0.0 ] } },
{ "type": "Feature", "properties": { "fid": 8676, "handle": 772134, "block": -1, "etype": 19, "space": 0, "layer": "0", "olinetype": "bylayer", "linetype": "", "color": "0,0,0,55", "ocolor": 256, "color24": -1, "transparency": 0, "lweight": -1, "linewidth": 0.0, "ltscale": 1.0, "visible": 1, "thickness": 0.0, "ext": null, "height": 4.0000000000000009, "text": "26", "angle": 33.174917728887074, "widthscale": 13.582537148526169, "oblique": 0.0, "style": "style1", "textgen": 1, "alignh": 0, "alignv": 1, "interlin": 1.0 }, "geometry": { "type": "Point", "coordinates": [ -40.36197410685611, -20.425096193403949, 0.0 ] } },
{ "type": "Feature", "properties": { "fid": 8677, "handle": 772135, "block": -1, "etype": 19, "space": 0, "layer": "0", "olinetype": "bylayer", "linetype": "", "color": "0,0,0,55", "ocolor": 256, "color24": -1, "transparency": 0, "lweight": -1, "linewidth": 0.0, "ltscale": 1.0, "visible": 1, "thickness": 0.0, "ext": null, "height": 4.0000000000000009, "text": "16", "angle": 33.174917728887074, "widthscale": 13.582537148526169, "oblique": 0.0, "style": "style1", "textgen": 1, "alignh": 0, "alignv": 1, "interlin": 1.0 }, "geometry": { "type": "Point", "coordinates": [ -40.362297100805847, -20.425397879405335, 0.0 ] } },
{ "type": "Feature", "properties": { "fid": 8678, "handle": 772262, "block": -1, "etype": 19, "space": 0, "layer": "0", "olinetype": "bylayer", "linetype": "", "color": "0,0,0,55", "ocolor": 256, "color24": -1, "transparency": 0, "lweight": -1, "linewidth": 0.0, "ltscale": 1.0, "visible": 1, "thickness": 0.0, "ext": null, "height": 4.0000000000000009, "text": "1", "angle": 33.174917728887074, "widthscale": 13.582537148526169, "oblique": 0.0, "style": "style1", "textgen": 1, "alignh": 0, "alignv": 1, "interlin": 1.0 }, "geometry": { "type": "Point", "coordinates": [ -40.36216854268968, -20.426534232898028, 0.0 ] } },
{ "type": "Feature", "properties": { "fid": 8679, "handle": 772263, "block": -1, "etype": 19, "space": 0, "layer": "0", "olinetype": "bylayer", "linetype": "", "color": "0,0,0,55", "ocolor": 256, "color24": -1, "transparency": 0, "lweight": -1, "linewidth": 0.0, "ltscale": 1.0, "visible": 1, "thickness": 0.0, "ext": null, "height": 4.0000000000000009, "text": "2", "angle": 33.174917728887074, "widthscale": 13.582537148526169, "oblique": 0.0, "style": "style1", "textgen": 1, "alignh": 0, "alignv": 1, "interlin": 1.0 }, "geometry": { "type": "Point", "coordinates": [ -40.362227608139179, -20.42645212101581, 0.0 ] } },
{ "type": "Feature", "properties": { "fid": 8680, "handle": 772264, "block": -1, "etype": 19, "space": 0, "layer": "0", "olinetype": "bylayer", "linetype": "", "color": "0,0,0,55", "ocolor": 256, "color24": -1, "transparency": 0, "lweight": -1, "linewidth": 0.0, "ltscale": 1.0, "visible": 1, "thickness": 0.0, "ext": null, "height": 4.0000000000000009, "text": "3", "angle": 33.174917728887074, "widthscale": 13.582537148526169, "oblique": 0.0, "style": "style1", "textgen": 1, "alignh": 0, "alignv": 1, "interlin": 1.0 }, "geometry": { "type": "Point", "coordinates": [ -40.362284478882906, -20.426378013112839, 0.0 ] } },
{ "type": "Feature", "properties": { "fid": 8681, "handle": 772265, "block": -1, "etype": 19, "space": 0, "layer": "0", "olinetype": "bylayer", "linetype": "", "color": "0,0,0,55", "ocolor": 256, "color24": -1, "transparency": 0, "lweight": -1, "linewidth": 0.0, "ltscale": 1.0, "visible": 1, "thickness": 0.0, "ext": null, "height": 4.0000000000000009, "text": "4", "angle": 33.174917728887074, "widthscale": 13.582537148526169, "oblique": 0.0, "style": "style1", "textgen": 1, "alignh": 0, "alignv": 1, "interlin": 1.0 }, "geometry": { "type": "Point", "coordinates": [ -40.36233639536691, -20.426308257619084, 0.0 ] } },
{ "type": "Feature", "properties": { "fid": 8682, "handle": 772266, "block": -1, "etype": 19, "space": 0, "layer": "0", "olinetype": "bylayer", "linetype": "", "color": "0,0,0,55", "ocolor": 256, "color24": -1, "transparency": 0, "lweight": -1, "linewidth": 0.0, "ltscale": 1.0, "visible": 1, "thickness": 0.0, "ext": null, "height": 4.0000000000000009, "text": "5", "angle": 33.174917728887074, "widthscale": 13.582537148526169, "oblique": 0.0, "style": "style1", "textgen": 1, "alignh": 0, "alignv": 1, "interlin": 1.0 }, "geometry": { "type": "Point", "coordinates": [ -40.362390915588108, -20.426229021733821, 0.0 ] } },
{ "type": "Feature", "properties": { "fid": 8683, "handle": 772267, "block": -1, "etype": 19, "space": 0, "layer": "0", "olinetype": "bylayer", "linetype": "", "color": "0,0,0,55", "ocolor": 256, "color24": -1, "transparency": 0, "lweight": -1, "linewidth": 0.0, "ltscale": 1.0, "visible": 1, "thickness": 0.0, "ext": null, "height": 4.0000000000000009, "text": "6", "angle": 33.174917728887074, "widthscale": 13.582537148526169, "oblique": 0.0, "style": "style1", "textgen": 1, "alignh": 0, "alignv": 1, "interlin": 1.0 }, "geometry": { "type": "Point", "coordinates": [ -40.362437722684831, -20.426152451378162, 0.0 ] } },
{ "type": "Feature", "properties": { "fid": 8684, "handle": 772268, "block": -1, "etype": 19, "space": 0, "layer": "0", "olinetype": "bylayer", "linetype": "", "color": "0,0,0,55", "ocolor": 256, "color24": -1, "transparency": 0, "lweight": -1, "linewidth": 0.0, "ltscale": 1.0, "visible": 1, "thickness": 0.0, "ext": null, "height": 4.0000000000000009, "text": "8", "angle": 33.174917728887074, "widthscale": 13.582537148526169, "oblique": 0.0, "style": "style1", "textgen": 1, "alignh": 0, "alignv": 1, "interlin": 1.0 }, "geometry": { "type": "Point", "coordinates": [ -40.362235580608925, -20.426115234132411, 0.0 ] } },
{ "type": "Feature", "properties": { "fid": 8685, "handle": 772269, "block": -1, "etype": 19, "space": 0, "layer": "0", "olinetype": "bylayer", "linetype": "", "color": "0,0,0,55", "ocolor": 256, "color24": -1, "transparency": 0, "lweight": -1, "linewidth": 0.0, "ltscale": 1.0, "visible": 1, "thickness": 0.0, "ext": null, "height": 4.0000000000000009, "text": "10", "angle": 33.174917728887074, "widthscale": 13.582537148526169, "oblique": 0.0, "style": "style1", "textgen": 1, "alignh": 0, "alignv": 1, "interlin": 1.0 }, "geometry": { "type": "Point", "coordinates": [ -40.362163214069327, -20.426073557936359, 0.0 ] } },
{ "type": "Feature", "properties": { "fid": 8686, "handle": 772270, "block": -1, "etype": 19, "space": 0, "layer": "0", "olinetype": "bylayer", "linetype": "", "color": "0,0,0,55", "ocolor": 256, "color24": -1, "transparency": 0, "lweight": -1, "linewidth": 0.0, "ltscale": 1.0, "visible": 1, "thickness": 0.0, "ext": null, "height": 4.0000000000000009, "text": "12", "angle": 33.174917728887074, "widthscale": 13.582537148526169, "oblique": 0.0, "style": "style1", "textgen": 1, "alignh": 0, "alignv": 1, "interlin": 1.0 }, "geometry": { "type": "Point", "coordinates": [ -40.362086895263481, -20.426021749939402, 0.0 ] } },
{ "type": "Feature", "properties": { "fid": 8687, "handle": 772271, "block": -1, "etype": 19, "space": 0, "layer": "0", "olinetype": "bylayer", "linetype": "", "color": "0,0,0,55", "ocolor": 256, "color24": -1, "transparency": 0, "lweight": -1, "linewidth": 0.0, "ltscale": 1.0, "visible": 1, "thickness": 0.0, "ext": null, "height": 4.0000000000000009, "text": "14", "angle": 33.174917728887074, "widthscale": 13.582537148526169, "oblique": 0.0, "style": "style1", "textgen": 1, "alignh": 0, "alignv": 1, "interlin": 1.0 }, "geometry": { "type": "Point", "coordinates": [ -40.362008762214593, -20.42597654765645, 0.0 ] } },
{ "type": "Feature", "properties": { "fid": 8688, "handle": 772272, "block": -1, "etype": 19, "space": 0, "layer": "0", "olinetype": "bylayer", "linetype": "", "color": "0,0,0,55", "ocolor": 256, "color24": -1, "transparency": 0, "lweight": -1, "linewidth": 0.0, "ltscale": 1.0, "visible": 1, "thickness": 0.0, "ext": null, "height": 4.0000000000000009, "text": "18", "angle": 33.174917728887074, "widthscale": 13.582537148526169, "oblique": 0.0, "style": "style1", "textgen": 1, "alignh": 0, "alignv": 1, "interlin": 1.0 }, "geometry": { "type": "Point", "coordinates": [ -40.361838364102404, -20.425874930332796, 0.0 ] } },
{ "type": "Feature", "properties": { "fid": 8689, "handle": 772273, "block": -1, "etype": 19, "space": 0, "layer": "0", "olinetype": "bylayer", "linetype": "", "color": "0,0,0,55", "ocolor": 256, "color24": -1, "transparency": 0, "lweight": -1, "linewidth": 0.0, "ltscale": 1.0, "visible": 1, "thickness": 0.0, "ext": null, "height": 4.0000000000000009, "text": "20", "angle": 33.174917728887074, "widthscale": 13.582537148526169, "oblique": 0.0, "style": "style1", "textgen": 1, "alignh": 0, "alignv": 1, "interlin": 1.0 }, "geometry": { "type": "Point", "coordinates": [ -40.361746775939473, -20.425821500755472, 0.0 ] } },
{ "type": "Feature", "properties": { "fid": 8690, "handle": 772274, "block": -1, "etype": 19, "space": 0, "layer": "0", "olinetype": "bylayer", "linetype": "", "color": "0,0,0,55", "ocolor": 256, "color24": -1, "transparency": 0, "lweight": -1, "linewidth": 0.0, "ltscale": 1.0, "visible": 1, "thickness": 0.0, "ext": null, "height": 4.0000000000000009, "text": "19", "angle": 33.174917728887074, "widthscale": 13.582537148526169, "oblique": 0.0, "style": "style1", "textgen": 1, "alignh": 0, "alignv": 1, "interlin": 1.0 }, "geometry": { "type": "Point", "coordinates": [ -40.361574001272935, -20.426052753284388, 0.0 ] } },
{ "type": "Feature", "properties": { "fid": 8691, "handle": 772275, "block": -1, "etype": 19, "space": 0, "layer": "0", "olinetype": "bylayer", "linetype": "", "color": "0,0,0,55", "ocolor": 256, "color24": -1, "transparency": 0, "lweight": -1, "linewidth": 0.0, "ltscale": 1.0, "visible": 1, "thickness": 0.0, "ext": null, "height": 4.0000000000000009, "text": "7", "angle": 33.174917728887074, "widthscale": 13.582537148526169, "oblique": 0.0, "style": "style1", "textgen": 1, "alignh": 0, "alignv": 1, "interlin": 1.0 }, "geometry": { "type": "Point", "coordinates": [ -40.36207241733095, -20.426352363639268, 0.0 ] } },
{ "type": "Feature", "properties": { "fid": 8692, "handle": 772276, "block": -1, "etype": 19, "space": 0, "layer": "0", "olinetype": "bylayer", "linetype": "", "color": "0,0,0,55", "ocolor": 256, "color24": -1, "transparency": 0, "lweight": -1, "linewidth": 0.0, "ltscale": 1.0, "visible": 1, "thickness": 0.0, "ext": null, "height": 4.0000000000000009, "text": "9", "angle": 33.174917728887074, "widthscale": 13.582537148526169, "oblique": 0.0, "style": "style1", "textgen": 1, "alignh": 0, "alignv": 1, "interlin": 1.0 }, "geometry": { "type": "Point", "coordinates": [ -40.361989086339733, -20.426298839875919, 0.0 ] } },
{ "type": "Feature", "properties": { "fid": 8693, "handle": 772277, "block": -1, "etype": 19, "space": 0, "layer": "0", "olinetype": "bylayer", "linetype": "", "color": "0,0,0,55", "ocolor": 256, "color24": -1, "transparency": 0, "lweight": -1, "linewidth": 0.0, "ltscale": 1.0, "visible": 1, "thickness": 0.0, "ext": null, "height": 4.0000000000000009, "text": "11", "angle": 33.174917728887074, "widthscale": 13.582537148526169, "oblique": 0.0, "style": "style1", "textgen": 1, "alignh": 0, "alignv": 1, "interlin": 1.0 }, "geometry": { "type": "Point", "coordinates": [ -40.361907108784102, -20.426251286930693, 0.0 ] } },
{ "type": "Feature", "properties": { "fid": 8694, "handle": 772278, "block": -1, "etype": 19, "space": 0, "layer": "0", "olinetype": "bylayer", "linetype": "", "color": "0,0,0,55", "ocolor": 256, "color24": -1, "transparency": 0, "lweight": -1, "linewidth": 0.0, "ltscale": 1.0, "visible": 1, "thickness": 0.0, "ext": null, "height": 4.0000000000000009, "text": "13", "angle": 33.174917728887074, "widthscale": 13.582537148526169, "oblique": 0.0, "style": "style1", "textgen": 1, "alignh": 0, "alignv": 1, "interlin": 1.0 }, "geometry": { "type": "Point", "coordinates": [ -40.361838017632323, -20.426216756726795, 0.0 ] } },
{ "type": "Feature", "properties": { "fid": 8695, "handle": 772279, "block": -1, "etype": 19, "space": 0, "layer": "0", "olinetype": "bylayer", "linetype": "", "color": "0,0,0,55", "ocolor": 256, "color24": -1, "transparency": 0, "lweight": -1, "linewidth": 0.0, "ltscale": 1.0, "visible": 1, "thickness": 0.0, "ext": null, "height": 4.0000000000000009, "text": "15", "angle": 33.174917728887074, "widthscale": 13.582537148526169, "oblique": 0.0, "style": "style1", "textgen": 1, "alignh": 0, "alignv": 1, "interlin": 1.0 }, "geometry": { "type": "Point", "coordinates": [ -40.361759776820854, -20.426163773368845, 0.0 ] } },
{ "type": "Feature", "properties": { "fid": 8696, "handle": 772280, "block": -1, "etype": 19, "space": 0, "layer": "0", "olinetype": "bylayer", "linetype": "", "color": "0,0,0,55", "ocolor": 256, "color24": -1, "transparency": 0, "lweight": -1, "linewidth": 0.0, "ltscale": 1.0, "visible": 1, "thickness": 0.0, "ext": null, "height": 4.0000000000000009, "text": "17", "angle": 33.174917728887074, "widthscale": 13.582537148526169, "oblique": 0.0, "style": "style1", "textgen": 1, "alignh": 0, "alignv": 1, "interlin": 1.0 }, "geometry": { "type": "Point", "coordinates": [ -40.361674631618584, -20.426116855125613, 0.0 ] } },
{ "type": "Feature", "properties": { "fid": 8697, "handle": 772281, "block": -1, "etype": 19, "space": 0, "layer": "0", "olinetype": "bylayer", "linetype": "", "color": "0,0,0,55", "ocolor": 256, "color24": -1, "transparency": 0, "lweight": -1, "linewidth": 0.0, "ltscale": 1.0, "visible": 1, "thickness": 0.0, "ext": null, "height": 4.0000000000000009, "text": "21", "angle": 33.174917728887074, "widthscale": 13.582537148526169, "oblique": 0.0, "style": "style1", "textgen": 1, "alignh": 0, "alignv": 1, "interlin": 1.0 }, "geometry": { "type": "Point", "coordinates": [ -40.361341455769669, -20.426010079889863, 0.0 ] } },
{ "type": "Feature", "properties": { "fid": 8698, "handle": 772282, "block": -1, "etype": 19, "space": 0, "layer": "0", "olinetype": "bylayer", "linetype": "", "color": "0,0,0,55", "ocolor": 256, "color24": -1, "transparency": 0, "lweight": -1, "linewidth": 0.0, "ltscale": 1.0, "visible": 1, "thickness": 0.0, "ext": null, "height": 4.0000000000000009, "text": "22", "angle": 33.174917728887074, "widthscale": 13.582537148526169, "oblique": 0.0, "style": "style1", "textgen": 1, "alignh": 0, "alignv": 1, "interlin": 1.0 }, "geometry": { "type": "Point", "coordinates": [ -40.361398030443027, -20.425931588549613, 0.0 ] } },
{ "type": "Feature", "properties": { "fid": 8699, "handle": 772283, "block": -1, "etype": 19, "space": 0, "layer": "0", "olinetype": "bylayer", "linetype": "", "color": "0,0,0,55", "ocolor": 256, "color24": -1, "transparency": 0, "lweight": -1, "linewidth": 0.0, "ltscale": 1.0, "visible": 1, "thickness": 0.0, "ext": null, "height": 4.0000000000000009, "text": "23", "angle": 33.174917728887074, "widthscale": 13.582537148526169, "oblique": 0.0, "style": "style1", "textgen": 1, "alignh": 0, "alignv": 1, "interlin": 1.0 }, "geometry": { "type": "Point", "coordinates": [ -40.36144788927475, -20.425855765078953, 0.0 ] } },
{ "type": "Feature", "properties": { "fid": 8700, "handle": 772284, "block": -1, "etype": 19, "space": 0, "layer": "0", "olinetype": "bylayer", "linetype": "", "color": "0,0,0,55", "ocolor": 256, "color24": -1, "transparency": 0, "lweight": -1, "linewidth": 0.0, "ltscale": 1.0, "visible": 1, "thickness": 0.0, "ext": null, "height": 4.0000000000000009, "text": "24", "angle": 33.174917728887074, "widthscale": 13.582537148526169, "oblique": 0.0, "style": "style1", "textgen": 1, "alignh": 0, "alignv": 1, "interlin": 1.0 }, "geometry": { "type": "Point", "coordinates": [ -40.361504895902016, -20.425786550289441, 0.0 ] } },
{ "type": "Feature", "properties": { "fid": 8701, "handle": 772285, "block": -1, "etype": 19, "space": 0, "layer": "0", "olinetype": "bylayer", "linetype": "", "color": "0,0,0,55", "ocolor": 256, "color24": -1, "transparency": 0, "lweight": -1, "linewidth": 0.0, "ltscale": 1.0, "visible": 1, "thickness": 0.0, "ext": null, "height": 4.0000000000000009, "text": "25", "angle": 33.174917728887074, "widthscale": 13.582537148526169, "oblique": 0.0, "style": "style1", "textgen": 1, "alignh": 0, "alignv": 1, "interlin": 1.0 }, "geometry": { "type": "Point", "coordinates": [ -40.361553080986859, -20.425708584292785, 0.0 ] } },
{ "type": "Feature", "properties": { "fid": 8702, "handle": 772286, "block": -1, "etype": 19, "space": 0, "layer": "0", "olinetype": "bylayer", "linetype": "", "color": "0,0,0,55", "ocolor": 256, "color24": -1, "transparency": 0, "lweight": -1, "linewidth": 0.0, "ltscale": 1.0, "visible": 1, "thickness": 0.0, "ext": null, "height": 4.0000000000000009, "text": "26", "angle": 33.174917728887074, "widthscale": 13.582537148526169, "oblique": 0.0, "style": "style1", "textgen": 1, "alignh": 0, "alignv": 1, "interlin": 1.0 }, "geometry": { "type": "Point", "coordinates": [ -40.361603624951279, -20.425626583694612, 0.0 ] } },
{ "type": "Feature", "properties": { "fid": 8703, "handle": 772287, "block": -1, "etype": 19, "space": 0, "layer": "0", "olinetype": "bylayer", "linetype": "", "color": "0,0,0,55", "ocolor": 256, "color24": -1, "transparency": 0, "lweight": -1, "linewidth": 0.0, "ltscale": 1.0, "visible": 1, "thickness": 0.0, "ext": null, "height": 4.0000000000000009, "text": "16", "angle": 33.174917728887074, "widthscale": 13.582537148526169, "oblique": 0.0, "style": "style1", "textgen": 1, "alignh": 0, "alignv": 1, "interlin": 1.0 }, "geometry": { "type": "Point", "coordinates": [ -40.361927107746595, -20.425927560611562, 0.0 ] } },
{ "type": "Feature", "properties": { "fid": 8704, "handle": 772415, "block": -1, "etype": 19, "space": 0, "layer": "0", "olinetype": "bylayer", "linetype": "", "color": "0,0,0,55", "ocolor": 256, "color24": -1, "transparency": 0, "lweight": -1, "linewidth": 0.0, "ltscale": 1.0, "visible": 1, "thickness": 0.0, "ext": null, "height": 4.0000000000000009, "text": "1", "angle": 33.174917728887074, "widthscale": 13.582537148526169, "oblique": 0.0, "style": "style1", "textgen": 1, "alignh": 0, "alignv": 1, "interlin": 1.0 }, "geometry": { "type": "Point", "coordinates": [ -40.361782681087632, -20.427089357247606, 0.0 ] } },
{ "type": "Feature", "properties": { "fid": 8705, "handle": 772416, "block": -1, "etype": 19, "space": 0, "layer": "0", "olinetype": "bylayer", "linetype": "", "color": "0,0,0,55", "ocolor": 256, "color24": -1, "transparency": 0, "lweight": -1, "linewidth": 0.0, "ltscale": 1.0, "visible": 1, "thickness": 0.0, "ext": null, "height": 4.0000000000000009, "text": "2", "angle": 33.174917728887074, "widthscale": 13.582537148526169, "oblique": 0.0, "style": "style1", "textgen": 1, "alignh": 0, "alignv": 1, "interlin": 1.0 }, "geometry": { "type": "Point", "coordinates": [ -40.361841746943497, -20.427007245477771, 0.0 ] } },
{ "type": "Feature", "properties": { "fid": 8706, "handle": 772417, "block": -1, "etype": 19, "space": 0, "layer": "0", "olinetype": "bylayer", "linetype": "", "color": "0,0,0,55", "ocolor": 256, "color24": -1, "transparency": 0, "lweight": -1, "linewidth": 0.0, "ltscale": 1.0, "visible": 1, "thickness": 0.0, "ext": null, "height": 4.0000000000000009, "text": "3", "angle": 33.174917728887074, "widthscale": 13.582537148526169, "oblique": 0.0, "style": "style1", "textgen": 1, "alignh": 0, "alignv": 1, "interlin": 1.0 }, "geometry": { "type": "Point", "coordinates": [ -40.361898618067279, -20.426933137683438, 0.0 ] } },
{ "type": "Feature", "properties": { "fid": 8707, "handle": 772418, "block": -1, "etype": 19, "space": 0, "layer": "0", "olinetype": "bylayer", "linetype": "", "color": "0,0,0,55", "ocolor": 256, "color24": -1, "transparency": 0, "lweight": -1, "linewidth": 0.0, "ltscale": 1.0, "visible": 1, "thickness": 0.0, "ext": null, "height": 4.0000000000000009, "text": "4", "angle": 33.174917728887074, "widthscale": 13.582537148526169, "oblique": 0.0, "style": "style1", "textgen": 1, "alignh": 0, "alignv": 1, "interlin": 1.0 }, "geometry": { "type": "Point", "coordinates": [ -40.361950534902981, -20.426863382288634, 0.0 ] } },
{ "type": "Feature", "properties": { "fid": 8708, "handle": 772419, "block": -1, "etype": 19, "space": 0, "layer": "0", "olinetype": "bylayer", "linetype": "", "color": "0,0,0,55", "ocolor": 256, "color24": -1, "transparency": 0, "lweight": -1, "linewidth": 0.0, "ltscale": 1.0, "visible": 1, "thickness": 0.0, "ext": null, "height": 4.0000000000000009, "text": "5", "angle": 33.174917728887074, "widthscale": 13.582537148526169, "oblique": 0.0, "style": "style1", "textgen": 1, "alignh": 0, "alignv": 1, "interlin": 1.0 }, "geometry": { "type": "Point", "coordinates": [ -40.362005055507069, -20.426784146506851, 0.0 ] } },
{ "type": "Feature", "properties": { "fid": 8709, "handle": 772420, "block": -1, "etype": 19, "space": 0, "layer": "0", "olinetype": "bylayer", "linetype": "", "color": "0,0,0,55", "ocolor": 256, "color24": -1, "transparency": 0, "lweight": -1, "linewidth": 0.0, "ltscale": 1.0, "visible": 1, "thickness": 0.0, "ext": null, "height": 4.0000000000000009, "text": "6", "angle": 33.174917728887074, "widthscale": 13.582537148526169, "oblique": 0.0, "style": "style1", "textgen": 1, "alignh": 0, "alignv": 1, "interlin": 1.0 }, "geometry": { "type": "Point", "coordinates": [ -40.362051862951915, -20.42670757623932, 0.0 ] } },
{ "type": "Feature", "properties": { "fid": 8710, "handle": 772421, "block": -1, "etype": 19, "space": 0, "layer": "0", "olinetype": "bylayer", "linetype": "", "color": "0,0,0,55", "ocolor": 256, "color24": -1, "transparency": 0, "lweight": -1, "linewidth": 0.0, "ltscale": 1.0, "visible": 1, "thickness": 0.0, "ext": null, "height": 4.0000000000000009, "text": "8", "angle": 33.174917728887074, "widthscale": 13.582537148526169, "oblique": 0.0, "style": "style1", "textgen": 1, "alignh": 0, "alignv": 1, "interlin": 1.0 }, "geometry": { "type": "Point", "coordinates": [ -40.361856473430116, -20.426670123829965, 0.0 ] } },
{ "type": "Feature", "properties": { "fid": 8711, "handle": 772422, "block": -1, "etype": 19, "space": 0, "layer": "0", "olinetype": "bylayer", "linetype": "", "color": "0,0,0,55", "ocolor": 256, "color24": -1, "transparency": 0, "lweight": -1, "linewidth": 0.0, "ltscale": 1.0, "visible": 1, "thickness": 0.0, "ext": null, "height": 4.0000000000000009, "text": "10", "angle": 33.174917728887074, "widthscale": 13.582537148526169, "oblique": 0.0, "style": "style1", "textgen": 1, "alignh": 0, "alignv": 1, "interlin": 1.0 }, "geometry": { "type": "Point", "coordinates": [ -40.361784106713465, -20.426628447487751, 0.0 ] } },
{ "type": "Feature", "properties": { "fid": 8712, "handle": 772423, "block": -1, "etype": 19, "space": 0, "layer": "0", "olinetype": "bylayer", "linetype": "", "color": "0,0,0,55", "ocolor": 256, "color24": -1, "transparency": 0, "lweight": -1, "linewidth": 0.0, "ltscale": 1.0, "visible": 1, "thickness": 0.0, "ext": null, "height": 4.0000000000000009, "text": "12", "angle": 33.174917728887074, "widthscale": 13.582537148526169, "oblique": 0.0, "style": "style1", "textgen": 1, "alignh": 0, "alignv": 1, "interlin": 1.0 }, "geometry": { "type": "Point", "coordinates": [ -40.361707787738339, -20.426576639336119, 0.0 ] } },
{ "type": "Feature", "properties": { "fid": 8713, "handle": 772424, "block": -1, "etype": 19, "space": 0, "layer": "0", "olinetype": "bylayer", "linetype": "", "color": "0,0,0,55", "ocolor": 256, "color24": -1, "transparency": 0, "lweight": -1, "linewidth": 0.0, "ltscale": 1.0, "visible": 1, "thickness": 0.0, "ext": null, "height": 4.0000000000000009, "text": "14", "angle": 33.174917728887074, "widthscale": 13.582537148526169, "oblique": 0.0, "style": "style1", "textgen": 1, "alignh": 0, "alignv": 1, "interlin": 1.0 }, "geometry": { "type": "Point", "coordinates": [ -40.361629654498749, -20.42653143689542, 0.0 ] } },
{ "type": "Feature", "properties": { "fid": 8714, "handle": 772425, "block": -1, "etype": 19, "space": 0, "layer": "0", "olinetype": "bylayer", "linetype": "", "color": "0,0,0,55", "ocolor": 256, "color24": -1, "transparency": 0, "lweight": -1, "linewidth": 0.0, "ltscale": 1.0, "visible": 1, "thickness": 0.0, "ext": null, "height": 4.0000000000000009, "text": "18", "angle": 33.174917728887074, "widthscale": 13.582537148526169, "oblique": 0.0, "style": "style1", "textgen": 1, "alignh": 0, "alignv": 1, "interlin": 1.0 }, "geometry": { "type": "Point", "coordinates": [ -40.361459255977415, -20.426429819227462, 0.0 ] } },
{ "type": "Feature", "properties": { "fid": 8715, "handle": 772426, "block": -1, "etype": 19, "space": 0, "layer": "0", "olinetype": "bylayer", "linetype": "", "color": "0,0,0,55", "ocolor": 256, "color24": -1, "transparency": 0, "lweight": -1, "linewidth": 0.0, "ltscale": 1.0, "visible": 1, "thickness": 0.0, "ext": null, "height": 4.0000000000000009, "text": "20", "angle": 33.174917728887074, "widthscale": 13.582537148526169, "oblique": 0.0, "style": "style1", "textgen": 1, "alignh": 0, "alignv": 1, "interlin": 1.0 }, "geometry": { "type": "Point", "coordinates": [ -40.361367667591921, -20.426376389465165, 0.0 ] } },
{ "type": "Feature", "properties": { "fid": 8716, "handle": 772427, "block": -1, "etype": 19, "space": 0, "layer": "0", "olinetype": "bylayer", "linetype": "", "color": "0,0,0,55", "ocolor": 256, "color24": -1, "transparency": 0, "lweight": -1, "linewidth": 0.0, "ltscale": 1.0, "visible": 1, "thickness": 0.0, "ext": null, "height": 4.0000000000000009, "text": "19", "angle": 33.174917728887074, "widthscale": 13.582537148526169, "oblique": 0.0, "style": "style1", "textgen": 1, "alignh": 0, "alignv": 1, "interlin": 1.0 }, "geometry": { "type": "Point", "coordinates": [ -40.361194891767738, -20.426607641670746, 0.0 ] } },
{ "type": "Feature", "properties": { "fid": 8717, "handle": 772428, "block": -1, "etype": 19, "space": 0, "layer": "0", "olinetype": "bylayer", "linetype": "", "color": "0,0,0,55", "ocolor": 256, "color24": -1, "transparency": 0, "lweight": -1, "linewidth": 0.0, "ltscale": 1.0, "visible": 1, "thickness": 0.0, "ext": null, "height": 4.0000000000000009, "text": "7", "angle": 33.174917728887074, "widthscale": 13.582537148526169, "oblique": 0.0, "style": "style1", "textgen": 1, "alignh": 0, "alignv": 1, "interlin": 1.0 }, "geometry": { "type": "Point", "coordinates": [ -40.361693309017234, -20.426907253032894, 0.0 ] } },
{ "type": "Feature", "properties": { "fid": 8718, "handle": 772429, "block": -1, "etype": 19, "space": 0, "layer": "0", "olinetype": "bylayer", "linetype": "", "color": "0,0,0,55", "ocolor": 256, "color24": -1, "transparency": 0, "lweight": -1, "linewidth": 0.0, "ltscale": 1.0, "visible": 1, "thickness": 0.0, "ext": null, "height": 4.0000000000000009, "text": "9", "angle": 33.174917728887074, "widthscale": 13.582537148526169, "oblique": 0.0, "style": "style1", "textgen": 1, "alignh": 0, "alignv": 1, "interlin": 1.0 }, "geometry": { "type": "Point", "coordinates": [ -40.361609977834405, -20.426853729100863, 0.0 ] } },
{ "type": "Feature", "properties": { "fid": 8719, "handle": 772430, "block": -1, "etype": 19, "space": 0, "layer": "0", "olinetype": "bylayer", "linetype": "", "color": "0,0,0,55", "ocolor": 256, "color24": -1, "transparency": 0, "lweight": -1, "linewidth": 0.0, "ltscale": 1.0, "visible": 1, "thickness": 0.0, "ext": null, "height": 4.0000000000000009, "text": "11", "angle": 33.174917728887074, "widthscale": 13.582537148526169, "oblique": 0.0, "style": "style1", "textgen": 1, "alignh": 0, "alignv": 1, "interlin": 1.0 }, "geometry": { "type": "Point", "coordinates": [ -40.361528000078977, -20.426806175990119, 0.0 ] } },
{ "type": "Feature", "properties": { "fid": 8720, "handle": 772431, "block": -1, "etype": 19, "space": 0, "layer": "0", "olinetype": "bylayer", "linetype": "", "color": "0,0,0,55", "ocolor": 256, "color24": -1, "transparency": 0, "lweight": -1, "linewidth": 0.0, "ltscale": 1.0, "visible": 1, "thickness": 0.0, "ext": null, "height": 4.0000000000000009, "text": "13", "angle": 33.174917728887074, "widthscale": 13.582537148526169, "oblique": 0.0, "style": "style1", "textgen": 1, "alignh": 0, "alignv": 1, "interlin": 1.0 }, "geometry": { "type": "Point", "coordinates": [ -40.361458908746471, -20.426771645647111, 0.0 ] } },
{ "type": "Feature", "properties": { "fid": 8721, "handle": 772432, "block": -1, "etype": 19, "space": 0, "layer": "0", "olinetype": "bylayer", "linetype": "", "color": "0,0,0,55", "ocolor": 256, "color24": -1, "transparency": 0, "lweight": -1, "linewidth": 0.0, "ltscale": 1.0, "visible": 1, "thickness": 0.0, "ext": null, "height": 4.0000000000000009, "text": "15", "angle": 33.174917728887074, "widthscale": 13.582537148526169, "oblique": 0.0, "style": "style1", "textgen": 1, "alignh": 0, "alignv": 1, "interlin": 1.0 }, "geometry": { "type": "Point", "coordinates": [ -40.361380667761203, -20.426718662130558, 0.0 ] } },
{ "type": "Feature", "properties": { "fid": 8722, "handle": 772433, "block": -1, "etype": 19, "space": 0, "layer": "0", "olinetype": "bylayer", "linetype": "", "color": "0,0,0,55", "ocolor": 256, "color24": -1, "transparency": 0, "lweight": -1, "linewidth": 0.0, "ltscale": 1.0, "visible": 1, "thickness": 0.0, "ext": null, "height": 4.0000000000000009, "text": "17", "angle": 33.174917728887074, "widthscale": 13.582537148526169, "oblique": 0.0, "style": "style1", "textgen": 1, "alignh": 0, "alignv": 1, "interlin": 1.0 }, "geometry": { "type": "Point", "coordinates": [ -40.361295522345912, -20.426671743715595, 0.0 ] } },
{ "type": "Feature", "properties": { "fid": 8723, "handle": 772434, "block": -1, "etype": 19, "space": 0, "layer": "0", "olinetype": "bylayer", "linetype": "", "color": "0,0,0,55", "ocolor": 256, "color24": -1, "transparency": 0, "lweight": -1, "linewidth": 0.0, "ltscale": 1.0, "visible": 1, "thickness": 0.0, "ext": null, "height": 4.0000000000000009, "text": "21", "angle": 33.174917728887074, "widthscale": 13.582537148526169, "oblique": 0.0, "style": "style1", "textgen": 1, "alignh": 0, "alignv": 1, "interlin": 1.0 }, "geometry": { "type": "Point", "coordinates": [ -40.360962345492759, -20.426564967813686, 0.0 ] } },
{ "type": "Feature", "properties": { "fid": 8724, "handle": 772435, "block": -1, "etype": 19, "space": 0, "layer": "0", "olinetype": "bylayer", "linetype": "", "color": "0,0,0,55", "ocolor": 256, "color24": -1, "transparency": 0, "lweight": -1, "linewidth": 0.0, "ltscale": 1.0, "visible": 1, "thickness": 0.0, "ext": null, "height": 4.0000000000000009, "text": "22", "angle": 33.174917728887074, "widthscale": 13.582537148526169, "oblique": 0.0, "style": "style1", "textgen": 1, "alignh": 0, "alignv": 1, "interlin": 1.0 }, "geometry": { "type": "Point", "coordinates": [ -40.361018920551373, -20.426486476579143, 0.0 ] } },
{ "type": "Feature", "properties": { "fid": 8725, "handle": 772436, "block": -1, "etype": 19, "space": 0, "layer": "0", "olinetype": "bylayer", "linetype": "", "color": "0,0,0,55", "ocolor": 256, "color24": -1, "transparency": 0, "lweight": -1, "linewidth": 0.0, "ltscale": 1.0, "visible": 1, "thickness": 0.0, "ext": null, "height": 4.0000000000000009, "text": "23", "angle": 33.174917728887074, "widthscale": 13.582537148526169, "oblique": 0.0, "style": "style1", "textgen": 1, "alignh": 0, "alignv": 1, "interlin": 1.0 }, "geometry": { "type": "Point", "coordinates": [ -40.361068779737359, -20.426410653201089, 0.0 ] } },
{ "type": "Feature", "properties": { "fid": 8726, "handle": 772437, "block": -1, "etype": 19, "space": 0, "layer": "0", "olinetype": "bylayer", "linetype": "", "color": "0,0,0,55", "ocolor": 256, "color24": -1, "transparency": 0, "lweight": -1, "linewidth": 0.0, "ltscale": 1.0, "visible": 1, "thickness": 0.0, "ext": null, "height": 4.0000000000000009, "text": "24", "angle": 33.174917728887074, "widthscale": 13.582537148526169, "oblique": 0.0, "style": "style1", "textgen": 1, "alignh": 0, "alignv": 1, "interlin": 1.0 }, "geometry": { "type": "Point", "coordinates": [ -40.361125786730838, -20.426341438518776, 0.0 ] } },
{ "type": "Feature", "properties": { "fid": 8727, "handle": 772438, "block": -1, "etype": 19, "space": 0, "layer": "0", "olinetype": "bylayer", "linetype": "", "color": "0,0,0,55", "ocolor": 256, "color24": -1, "transparency": 0, "lweight": -1, "linewidth": 0.0, "ltscale": 1.0, "visible": 1, "thickness": 0.0, "ext": null, "height": 4.0000000000000009, "text": "25", "angle": 33.174917728887074, "widthscale": 13.582537148526169, "oblique": 0.0, "style": "style1", "textgen": 1, "alignh": 0, "alignv": 1, "interlin": 1.0 }, "geometry": { "type": "Point", "coordinates": [ -40.361173972168466, -20.426263472611289, 0.0 ] } },
{ "type": "Feature", "properties": { "fid": 8728, "handle": 772439, "block": -1, "etype": 19, "space": 0, "layer": "0", "olinetype": "bylayer", "linetype": "", "color": "0,0,0,55", "ocolor": 256, "color24": -1, "transparency": 0, "lweight": -1, "linewidth": 0.0, "ltscale": 1.0, "visible": 1, "thickness": 0.0, "ext": null, "height": 4.0000000000000009, "text": "26", "angle": 33.174917728887074, "widthscale": 13.582537148526169, "oblique": 0.0, "style": "style1", "textgen": 1, "alignh": 0, "alignv": 1, "interlin": 1.0 }, "geometry": { "type": "Point", "coordinates": [ -40.361224516503441, -20.426181472106634, 0.0 ] } },
{ "type": "Feature", "properties": { "fid": 8729, "handle": 772440, "block": -1, "etype": 19, "space": 0, "layer": "0", "olinetype": "bylayer", "linetype": "", "color": "0,0,0,55", "ocolor": 256, "color24": -1, "transparency": 0, "lweight": -1, "linewidth": 0.0, "ltscale": 1.0, "visible": 1, "thickness": 0.0, "ext": null, "height": 4.0000000000000009, "text": "16", "angle": 33.174917728887074, "widthscale": 13.582537148526169, "oblique": 0.0, "style": "style1", "textgen": 1, "alignh": 0, "alignv": 1, "interlin": 1.0 }, "geometry": { "type": "Point", "coordinates": [ -40.361548122428843, -20.426481321789332, 0.0 ] } },
{ "type": "Feature", "properties": { "fid": 8730, "handle": 772584, "block": -1, "etype": 19, "space": 0, "layer": "0", "olinetype": "bylayer", "linetype": "", "color": "0,0,0,55", "ocolor": 256, "color24": -1, "transparency": 0, "lweight": -1, "linewidth": 0.0, "ltscale": 1.0, "visible": 1, "thickness": 0.0, "ext": null, "height": 4.0000000000000009, "text": "1", "angle": 33.174917728887074, "widthscale": 13.582537148526169, "oblique": 0.0, "style": "style1", "textgen": 1, "alignh": 0, "alignv": 1, "interlin": 1.0 }, "geometry": { "type": "Point", "coordinates": [ -40.3614051542474, -20.427635192039059, 0.0 ] } },
{ "type": "Feature", "properties": { "fid": 8731, "handle": 772585, "block": -1, "etype": 19, "space": 0, "layer": "0", "olinetype": "bylayer", "linetype": "", "color": "0,0,0,55", "ocolor": 256, "color24": -1, "transparency": 0, "lweight": -1, "linewidth": 0.0, "ltscale": 1.0, "visible": 1, "thickness": 0.0, "ext": null, "height": 4.0000000000000009, "text": "2", "angle": 33.174917728887074, "widthscale": 13.582537148526169, "oblique": 0.0, "style": "style1", "textgen": 1, "alignh": 0, "alignv": 1, "interlin": 1.0 }, "geometry": { "type": "Point", "coordinates": [ -40.361464220501844, -20.427553080379155, 0.0 ] } },
{ "type": "Feature", "properties": { "fid": 8732, "handle": 772586, "block": -1, "etype": 19, "space": 0, "layer": "0", "olinetype": "bylayer", "linetype": "", "color": "0,0,0,55", "ocolor": 256, "color24": -1, "transparency": 0, "lweight": -1, "linewidth": 0.0, "ltscale": 1.0, "visible": 1, "thickness": 0.0, "ext": null, "height": 4.0000000000000009, "text": "3", "angle": 33.174917728887074, "widthscale": 13.582537148526169, "oblique": 0.0, "style": "style1", "textgen": 1, "alignh": 0, "alignv": 1, "interlin": 1.0 }, "geometry": { "type": "Point", "coordinates": [ -40.361521091998398, -20.427478972691048, 0.0 ] } },
{ "type": "Feature", "properties": { "fid": 8733, "handle": 772587, "block": -1, "etype": 19, "space": 0, "layer": "0", "olinetype": "bylayer", "linetype": "", "color": "0,0,0,55", "ocolor": 256, "color24": -1, "transparency": 0, "lweight": -1, "linewidth": 0.0, "ltscale": 1.0, "visible": 1, "thickness": 0.0, "ext": null, "height": 4.0000000000000009, "text": "4", "angle": 33.174917728887074, "widthscale": 13.582537148526169, "oblique": 0.0, "style": "style1", "textgen": 1, "alignh": 0, "alignv": 1, "interlin": 1.0 }, "geometry": { "type": "Point", "coordinates": [ -40.361573009179047, -20.427409217393048, 0.0 ] } },
{ "type": "Feature", "properties": { "fid": 8734, "handle": 772588, "block": -1, "etype": 19, "space": 0, "layer": "0", "olinetype": "bylayer", "linetype": "", "color": "0,0,0,55", "ocolor": 256, "color24": -1, "transparency": 0, "lweight": -1, "linewidth": 0.0, "ltscale": 1.0, "visible": 1, "thickness": 0.0, "ext": null, "height": 4.0000000000000009, "text": "5", "angle": 33.174917728887074, "widthscale": 13.582537148526169, "oblique": 0.0, "style": "style1", "textgen": 1, "alignh": 0, "alignv": 1, "interlin": 1.0 }, "geometry": { "type": "Point", "coordinates": [ -40.361627530158657, -20.427329981712465, 0.0 ] } },
{ "type": "Feature", "properties": { "fid": 8735, "handle": 772589, "block": -1, "etype": 19, "space": 0, "layer": "0", "olinetype": "bylayer", "linetype": "", "color": "0,0,0,55", "ocolor": 256, "color24": -1, "transparency": 0, "lweight": -1, "linewidth": 0.0, "ltscale": 1.0, "visible": 1, "thickness": 0.0, "ext": null, "height": 4.0000000000000009, "text": "6", "angle": 33.174917728887074, "widthscale": 13.582537148526169, "oblique": 0.0, "style": "style1", "textgen": 1, "alignh": 0, "alignv": 1, "interlin": 1.0 }, "geometry": { "type": "Point", "coordinates": [ -40.361674337944784, -20.427253411531151, 0.0 ] } },
{ "type": "Feature", "properties": { "fid": 8736, "handle": 772590, "block": -1, "etype": 19, "space": 0, "layer": "0", "olinetype": "bylayer", "linetype": "", "color": "0,0,0,55", "ocolor": 256, "color24": -1, "transparency": 0, "lweight": -1, "linewidth": 0.0, "ltscale": 1.0, "visible": 1, "thickness": 0.0, "ext": null, "height": 4.0000000000000009, "text": "10", "angle": 33.174917728887074, "widthscale": 13.582537148526169, "oblique": 0.0, "style": "style1", "textgen": 1, "alignh": 0, "alignv": 1, "interlin": 1.0 }, "geometry": { "type": "Point", "coordinates": [ -40.361398535761381, -20.427182592918818, 0.0 ] } },
{ "type": "Feature", "properties": { "fid": 8737, "handle": 772591, "block": -1, "etype": 19, "space": 0, "layer": "0", "olinetype": "bylayer", "linetype": "", "color": "0,0,0,55", "ocolor": 256, "color24": -1, "transparency": 0, "lweight": -1, "linewidth": 0.0, "ltscale": 1.0, "visible": 1, "thickness": 0.0, "ext": null, "height": 4.0000000000000009, "text": "12", "angle": 33.174917728887074, "widthscale": 13.582537148526169, "oblique": 0.0, "style": "style1", "textgen": 1, "alignh": 0, "alignv": 1, "interlin": 1.0 }, "geometry": { "type": "Point", "coordinates": [ -40.361322216619371, -20.427130784609499, 0.0 ] } },
{ "type": "Feature", "properties": { "fid": 8738, "handle": 772592, "block": -1, "etype": 19, "space": 0, "layer": "0", "olinetype": "bylayer", "linetype": "", "color": "0,0,0,55", "ocolor": 256, "color24": -1, "transparency": 0, "lweight": -1, "linewidth": 0.0, "ltscale": 1.0, "visible": 1, "thickness": 0.0, "ext": null, "height": 4.0000000000000009, "text": "14", "angle": 33.174917728887074, "widthscale": 13.582537148526169, "oblique": 0.0, "style": "style1", "textgen": 1, "alignh": 0, "alignv": 1, "interlin": 1.0 }, "geometry": { "type": "Point", "coordinates": [ -40.361244083191174, -20.427085582007958, 0.0 ] } },
{ "type": "Feature", "properties": { "fid": 8739, "handle": 772593, "block": -1, "etype": 19, "space": 0, "layer": "0", "olinetype": "bylayer", "linetype": "", "color": "0,0,0,55", "ocolor": 256, "color24": -1, "transparency": 0, "lweight": -1, "linewidth": 0.0, "ltscale": 1.0, "visible": 1, "thickness": 0.0, "ext": null, "height": 4.0000000000000009, "text": "18", "angle": 33.174917728887074, "widthscale": 13.582537148526169, "oblique": 0.0, "style": "style1", "textgen": 1, "alignh": 0, "alignv": 1, "interlin": 1.0 }, "geometry": { "type": "Point", "coordinates": [ -40.361073684265392, -20.426983963989084, 0.0 ] } },
{ "type": "Feature", "properties": { "fid": 8740, "handle": 772594, "block": -1, "etype": 19, "space": 0, "layer": "0", "olinetype": "bylayer", "linetype": "", "color": "0,0,0,55", "ocolor": 256, "color24": -1, "transparency": 0, "lweight": -1, "linewidth": 0.0, "ltscale": 1.0, "visible": 1, "thickness": 0.0, "ext": null, "height": 4.0000000000000009, "text": "20", "angle": 33.174917728887074, "widthscale": 13.582537148526169, "oblique": 0.0, "style": "style1", "textgen": 1, "alignh": 0, "alignv": 1, "interlin": 1.0 }, "geometry": { "type": "Point", "coordinates": [ -40.360982095659821, -20.426930534038306, 0.0 ] } },
{ "type": "Feature", "properties": { "fid": 8741, "handle": 772595, "block": -1, "etype": 19, "space": 0, "layer": "0", "olinetype": "bylayer", "linetype": "", "color": "0,0,0,55", "ocolor": 256, "color24": -1, "transparency": 0, "lweight": -1, "linewidth": 0.0, "ltscale": 1.0, "visible": 1, "thickness": 0.0, "ext": null, "height": 4.0000000000000009, "text": "19", "angle": 33.174917728887074, "widthscale": 13.582537148526169, "oblique": 0.0, "style": "style1", "textgen": 1, "alignh": 0, "alignv": 1, "interlin": 1.0 }, "geometry": { "type": "Point", "coordinates": [ -40.360809318668586, -20.427161785914581, 0.0 ] } },
{ "type": "Feature", "properties": { "fid": 8742, "handle": 772596, "block": -1, "etype": 19, "space": 0, "layer": "0", "olinetype": "bylayer", "linetype": "", "color": "0,0,0,55", "ocolor": 256, "color24": -1, "transparency": 0, "lweight": -1, "linewidth": 0.0, "ltscale": 1.0, "visible": 1, "thickness": 0.0, "ext": null, "height": 4.0000000000000009, "text": "7", "angle": 33.174917728887074, "widthscale": 13.582537148526169, "oblique": 0.0, "style": "style1", "textgen": 1, "alignh": 0, "alignv": 1, "interlin": 1.0 }, "geometry": { "type": "Point", "coordinates": [ -40.361307737095714, -20.427461398303421, 0.0 ] } },
{ "type": "Feature", "properties": { "fid": 8743, "handle": 772597, "block": -1, "etype": 19, "space": 0, "layer": "0", "olinetype": "bylayer", "linetype": "", "color": "0,0,0,55", "ocolor": 256, "color24": -1, "transparency": 0, "lweight": -1, "linewidth": 0.0, "ltscale": 1.0, "visible": 1, "thickness": 0.0, "ext": null, "height": 4.0000000000000009, "text": "9", "angle": 33.174917728887074, "widthscale": 13.582537148526169, "oblique": 0.0, "style": "style1", "textgen": 1, "alignh": 0, "alignv": 1, "interlin": 1.0 }, "geometry": { "type": "Point", "coordinates": [ -40.361224405723775, -20.427407874199481, 0.0 ] } },
{ "type": "Feature", "properties": { "fid": 8744, "handle": 772598, "block": -1, "etype": 19, "space": 0, "layer": "0", "olinetype": "bylayer", "linetype": "", "color": "0,0,0,55", "ocolor": 256, "color24": -1, "transparency": 0, "lweight": -1, "linewidth": 0.0, "ltscale": 1.0, "visible": 1, "thickness": 0.0, "ext": null, "height": 4.0000000000000009, "text": "11", "angle": 33.174917728887074, "widthscale": 13.582537148526169, "oblique": 0.0, "style": "style1", "textgen": 1, "alignh": 0, "alignv": 1, "interlin": 1.0 }, "geometry": { "type": "Point", "coordinates": [ -40.361142427770737, -20.427360320919984, 0.0 ] } },
{ "type": "Feature", "properties": { "fid": 8745, "handle": 772599, "block": -1, "etype": 19, "space": 0, "layer": "0", "olinetype": "bylayer", "linetype": "", "color": "0,0,0,55", "ocolor": 256, "color24": -1, "transparency": 0, "lweight": -1, "linewidth": 0.0, "ltscale": 1.0, "visible": 1, "thickness": 0.0, "ext": null, "height": 4.0000000000000009, "text": "13", "angle": 33.174917728887074, "widthscale": 13.582537148526169, "oblique": 0.0, "style": "style1", "textgen": 1, "alignh": 0, "alignv": 1, "interlin": 1.0 }, "geometry": { "type": "Point", "coordinates": [ -40.361073336259132, -20.427325790435212, 0.0 ] } },
{ "type": "Feature", "properties": { "fid": 8746, "handle": 772600, "block": -1, "etype": 19, "space": 0, "layer": "0", "olinetype": "bylayer", "linetype": "", "color": "0,0,0,55", "ocolor": 256, "color24": -1, "transparency": 0, "lweight": -1, "linewidth": 0.0, "ltscale": 1.0, "visible": 1, "thickness": 0.0, "ext": null, "height": 4.0000000000000009, "text": "15", "angle": 33.174917728887074, "widthscale": 13.582537148526169, "oblique": 0.0, "style": "style1", "textgen": 1, "alignh": 0, "alignv": 1, "interlin": 1.0 }, "geometry": { "type": "Point", "coordinates": [ -40.360995095102474, -20.427272806757067, 0.0 ] } },
{ "type": "Feature", "properties": { "fid": 8747, "handle": 772601, "block": -1, "etype": 19, "space": 0, "layer": "0", "olinetype": "bylayer", "linetype": "", "color": "0,0,0,55", "ocolor": 256, "color24": -1, "transparency": 0, "lweight": -1, "linewidth": 0.0, "ltscale": 1.0, "visible": 1, "thickness": 0.0, "ext": null, "height": 4.0000000000000009, "text": "17", "angle": 33.174917728887074, "widthscale": 13.582537148526169, "oblique": 0.0, "style": "style1", "textgen": 1, "alignh": 0, "alignv": 1, "interlin": 1.0 }, "geometry": { "type": "Point", "coordinates": [ -40.360909949476351, -20.427225888167005, 0.0 ] } },
{ "type": "Feature", "properties": { "fid": 8748, "handle": 772602, "block": -1, "etype": 19, "space": 0, "layer": "0", "olinetype": "bylayer", "linetype": "", "color": "0,0,0,55", "ocolor": 256, "color24": -1, "transparency": 0, "lweight": -1, "linewidth": 0.0, "ltscale": 1.0, "visible": 1, "thickness": 0.0, "ext": null, "height": 4.0000000000000009, "text": "21", "angle": 33.174917728887074, "widthscale": 13.582537148526169, "oblique": 0.0, "style": "style1", "textgen": 1, "alignh": 0, "alignv": 1, "interlin": 1.0 }, "geometry": { "type": "Point", "coordinates": [ -40.360576771624295, -20.427119111586226, 0.0 ] } },
{ "type": "Feature", "properties": { "fid": 8749, "handle": 772603, "block": -1, "etype": 19, "space": 0, "layer": "0", "olinetype": "bylayer", "linetype": "", "color": "0,0,0,55", "ocolor": 256, "color24": -1, "transparency": 0, "lweight": -1, "linewidth": 0.0, "ltscale": 1.0, "visible": 1, "thickness": 0.0, "ext": null, "height": 4.0000000000000009, "text": "22", "angle": 33.174917728887074, "widthscale": 13.582537148526169, "oblique": 0.0, "style": "style1", "textgen": 1, "alignh": 0, "alignv": 1, "interlin": 1.0 }, "geometry": { "type": "Point", "coordinates": [ -40.360633347071285, -20.42704062045927, 0.0 ] } },
{ "type": "Feature", "properties": { "fid": 8750, "handle": 772604, "block": -1, "etype": 19, "space": 0, "layer": "0", "olinetype": "bylayer", "linetype": "", "color": "0,0,0,55", "ocolor": 256, "color24": -1, "transparency": 0, "lweight": -1, "linewidth": 0.0, "ltscale": 1.0, "visible": 1, "thickness": 0.0, "ext": null, "height": 4.0000000000000009, "text": "23", "angle": 33.174917728887074, "widthscale": 13.582537148526169, "oblique": 0.0, "style": "style1", "textgen": 1, "alignh": 0, "alignv": 1, "interlin": 1.0 }, "geometry": { "type": "Point", "coordinates": [ -40.360683206614638, -20.426964797175504, 0.0 ] } },
{ "type": "Feature", "properties": { "fid": 8751, "handle": 772605, "block": -1, "etype": 19, "space": 0, "layer": "0", "olinetype": "bylayer", "linetype": "", "color": "0,0,0,55", "ocolor": 256, "color24": -1, "transparency": 0, "lweight": -1, "linewidth": 0.0, "ltscale": 1.0, "visible": 1, "thickness": 0.0, "ext": null, "height": 4.0000000000000009, "text": "24", "angle": 33.174917728887074, "widthscale": 13.582537148526169, "oblique": 0.0, "style": "style1", "textgen": 1, "alignh": 0, "alignv": 1, "interlin": 1.0 }, "geometry": { "type": "Point", "coordinates": [ -40.360740213977145, -20.426895582602427, 0.0 ] } },
{ "type": "Feature", "properties": { "fid": 8752, "handle": 772606, "block": -1, "etype": 19, "space": 0, "layer": "0", "olinetype": "bylayer", "linetype": "", "color": "0,0,0,55", "ocolor": 256, "color24": -1, "transparency": 0, "lweight": -1, "linewidth": 0.0, "ltscale": 1.0, "visible": 1, "thickness": 0.0, "ext": null, "height": 4.0000000000000009, "text": "25", "angle": 33.174917728887074, "widthscale": 13.582537148526169, "oblique": 0.0, "style": "style1", "textgen": 1, "alignh": 0, "alignv": 1, "interlin": 1.0 }, "geometry": { "type": "Point", "coordinates": [ -40.36078839977074, -20.426817616785687, 0.0 ] } },
{ "type": "Feature", "properties": { "fid": 8753, "handle": 772607, "block": -1, "etype": 19, "space": 0, "layer": "0", "olinetype": "bylayer", "linetype": "", "color": "0,0,0,55", "ocolor": 256, "color24": -1, "transparency": 0, "lweight": -1, "linewidth": 0.0, "ltscale": 1.0, "visible": 1, "thickness": 0.0, "ext": null, "height": 4.0000000000000009, "text": "26", "angle": 33.174917728887074, "widthscale": 13.582537148526169, "oblique": 0.0, "style": "style1", "textgen": 1, "alignh": 0, "alignv": 1, "interlin": 1.0 }, "geometry": { "type": "Point", "coordinates": [ -40.36083894447961, -20.426735616376181, 0.0 ] } },
{ "type": "Feature", "properties": { "fid": 8754, "handle": 772608, "block": -1, "etype": 19, "space": 0, "layer": "0", "olinetype": "bylayer", "linetype": "", "color": "0,0,0,55", "ocolor": 256, "color24": -1, "transparency": 0, "lweight": -1, "linewidth": 0.0, "ltscale": 1.0, "visible": 1, "thickness": 0.0, "ext": null, "height": 4.0000000000000009, "text": "16", "angle": 33.174917728887074, "widthscale": 13.582537148526169, "oblique": 0.0, "style": "style1", "textgen": 1, "alignh": 0, "alignv": 1, "interlin": 1.0 }, "geometry": { "type": "Point", "coordinates": [ -40.361162550931134, -20.427035466733855, 0.0 ] } },
{ "type": "Feature", "properties": { "fid": 8755, "handle": 772752, "block": -1, "etype": 19, "space": 0, "layer": "0", "olinetype": "bylayer", "linetype": "", "color": "0,0,0,55", "ocolor": 256, "color24": -1, "transparency": 0, "lweight": -1, "linewidth": 0.0, "ltscale": 1.0, "visible": 1, "thickness": 0.0, "ext": null, "height": 4.0000000000000009, "text": "1", "angle": 33.174917728887074, "widthscale": 13.582537148526169, "oblique": 0.0, "style": "style1", "textgen": 1, "alignh": 0, "alignv": 1, "interlin": 1.0 }, "geometry": { "type": "Point", "coordinates": [ -40.361027419589902, -20.428184151775767, 0.0 ] } },
{ "type": "Feature", "properties": { "fid": 8756, "handle": 772753, "block": -1, "etype": 19, "space": 0, "layer": "0", "olinetype": "bylayer", "linetype": "", "color": "0,0,0,55", "ocolor": 256, "color24": -1, "transparency": 0, "lweight": -1, "linewidth": 0.0, "ltscale": 1.0, "visible": 1, "thickness": 0.0, "ext": null, "height": 4.0000000000000009, "text": "2", "angle": 33.174917728887074, "widthscale": 13.582537148526169, "oblique": 0.0, "style": "style1", "textgen": 1, "alignh": 0, "alignv": 1, "interlin": 1.0 }, "geometry": { "type": "Point", "coordinates": [ -40.361086486244083, -20.428102040225859, 0.0 ] } },
{ "type": "Feature", "properties": { "fid": 8757, "handle": 772754, "block": -1, "etype": 19, "space": 0, "layer": "0", "olinetype": "bylayer", "linetype": "", "color": "0,0,0,55", "ocolor": 256, "color24": -1, "transparency": 0, "lweight": -1, "linewidth": 0.0, "ltscale": 1.0, "visible": 1, "thickness": 0.0, "ext": null, "height": 4.0000000000000009, "text": "3", "angle": 33.174917728887074, "widthscale": 13.582537148526169, "oblique": 0.0, "style": "style1", "textgen": 1, "alignh": 0, "alignv": 1, "interlin": 1.0 }, "geometry": { "type": "Point", "coordinates": [ -40.361143358114582, -20.428027932643985, 0.0 ] } },
{ "type": "Feature", "properties": { "fid": 8758, "handle": 772755, "block": -1, "etype": 19, "space": 0, "layer": "0", "olinetype": "bylayer", "linetype": "", "color": "0,0,0,55", "ocolor": 256, "color24": -1, "transparency": 0, "lweight": -1, "linewidth": 0.0, "ltscale": 1.0, "visible": 1, "thickness": 0.0, "ext": null, "height": 4.0000000000000009, "text": "4", "angle": 33.174917728887074, "widthscale": 13.582537148526169, "oblique": 0.0, "style": "style1", "textgen": 1, "alignh": 0, "alignv": 1, "interlin": 1.0 }, "geometry": { "type": "Point", "coordinates": [ -40.361195275641272, -20.427958177442889, 0.0 ] } },
{ "type": "Feature", "properties": { "fid": 8759, "handle": 772756, "block": -1, "etype": 19, "space": 0, "layer": "0", "olinetype": "bylayer", "linetype": "", "color": "0,0,0,55", "ocolor": 256, "color24": -1, "transparency": 0, "lweight": -1, "linewidth": 0.0, "ltscale": 1.0, "visible": 1, "thickness": 0.0, "ext": null, "height": 4.0000000000000009, "text": "5", "angle": 33.174917728887074, "widthscale": 13.582537148526169, "oblique": 0.0, "style": "style1", "textgen": 1, "alignh": 0, "alignv": 1, "interlin": 1.0 }, "geometry": { "type": "Point", "coordinates": [ -40.361249796997512, -20.427878941863533, 0.0 ] } },
{ "type": "Feature", "properties": { "fid": 8760, "handle": 772757, "block": -1, "etype": 19, "space": 0, "layer": "0", "olinetype": "bylayer", "linetype": "", "color": "0,0,0,55", "ocolor": 256, "color24": -1, "transparency": 0, "lweight": -1, "linewidth": 0.0, "ltscale": 1.0, "visible": 1, "thickness": 0.0, "ext": null, "height": 4.0000000000000009, "text": "6", "angle": 33.174917728887074, "widthscale": 13.582537148526169, "oblique": 0.0, "style": "style1", "textgen": 1, "alignh": 0, "alignv": 1, "interlin": 1.0 }, "geometry": { "type": "Point", "coordinates": [ -40.361296605125908, -20.427802371768454, 0.0 ] } },
{ "type": "Feature", "properties": { "fid": 8761, "handle": 772758, "block": -1, "etype": 19, "space": 0, "layer": "0", "olinetype": "bylayer", "linetype": "", "color": "0,0,0,55", "ocolor": 256, "color24": -1, "transparency": 0, "lweight": -1, "linewidth": 0.0, "ltscale": 1.0, "visible": 1, "thickness": 0.0, "ext": null, "height": 4.0000000000000009, "text": "8", "angle": 33.174917728887074, "widthscale": 13.582537148526169, "oblique": 0.0, "style": "style1", "textgen": 1, "alignh": 0, "alignv": 1, "interlin": 1.0 }, "geometry": { "type": "Point", "coordinates": [ -40.361097046205103, -20.427773803494848, 0.0 ] } },
{ "type": "Feature", "properties": { "fid": 8762, "handle": 772759, "block": -1, "etype": 19, "space": 0, "layer": "0", "olinetype": "bylayer", "linetype": "", "color": "0,0,0,55", "ocolor": 256, "color24": -1, "transparency": 0, "lweight": -1, "linewidth": 0.0, "ltscale": 1.0, "visible": 1, "thickness": 0.0, "ext": null, "height": 4.0000000000000009, "text": "10", "angle": 33.174917728887074, "widthscale": 13.582537148526169, "oblique": 0.0, "style": "style1", "textgen": 1, "alignh": 0, "alignv": 1, "interlin": 1.0 }, "geometry": { "type": "Point", "coordinates": [ -40.361024679137586, -20.427732126859727, 0.0 ] } },
{ "type": "Feature", "properties": { "fid": 8763, "handle": 772760, "block": -1, "etype": 19, "space": 0, "layer": "0", "olinetype": "bylayer", "linetype": "", "color": "0,0,0,55", "ocolor": 256, "color24": -1, "transparency": 0, "lweight": -1, "linewidth": 0.0, "ltscale": 1.0, "visible": 1, "thickness": 0.0, "ext": null, "height": 4.0000000000000009, "text": "12", "angle": 33.174917728887074, "widthscale": 13.582537148526169, "oblique": 0.0, "style": "style1", "textgen": 1, "alignh": 0, "alignv": 1, "interlin": 1.0 }, "geometry": { "type": "Point", "coordinates": [ -40.360948359827439, -20.427680318397929, 0.0 ] } },
{ "type": "Feature", "properties": { "fid": 8764, "handle": 772761, "block": -1, "etype": 19, "space": 0, "layer": "0", "olinetype": "bylayer", "linetype": "", "color": "0,0,0,55", "ocolor": 256, "color24": -1, "transparency": 0, "lweight": -1, "linewidth": 0.0, "ltscale": 1.0, "visible": 1, "thickness": 0.0, "ext": null, "height": 4.0000000000000009, "text": "14", "angle": 33.174917728887074, "widthscale": 13.582537148526169, "oblique": 0.0, "style": "style1", "textgen": 1, "alignh": 0, "alignv": 1, "interlin": 1.0 }, "geometry": { "type": "Point", "coordinates": [ -40.360870226209961, -20.427635115640907, 0.0 ] } },
{ "type": "Feature", "properties": { "fid": 8765, "handle": 772762, "block": -1, "etype": 19, "space": 0, "layer": "0", "olinetype": "bylayer", "linetype": "", "color": "0,0,0,55", "ocolor": 256, "color24": -1, "transparency": 0, "lweight": -1, "linewidth": 0.0, "ltscale": 1.0, "visible": 1, "thickness": 0.0, "ext": null, "height": 4.0000000000000009, "text": "18", "angle": 33.174917728887074, "widthscale": 13.582537148526169, "oblique": 0.0, "style": "style1", "textgen": 1, "alignh": 0, "alignv": 1, "interlin": 1.0 }, "geometry": { "type": "Point", "coordinates": [ -40.360699826878054, -20.427533497282631, 0.0 ] } },
{ "type": "Feature", "properties": { "fid": 8766, "handle": 772763, "block": -1, "etype": 19, "space": 0, "layer": "0", "olinetype": "bylayer", "linetype": "", "color": "0,0,0,55", "ocolor": 256, "color24": -1, "transparency": 0, "lweight": -1, "linewidth": 0.0, "ltscale": 1.0, "visible": 1, "thickness": 0.0, "ext": null, "height": 4.0000000000000009, "text": "20", "angle": 33.174917728887074, "widthscale": 13.582537148526169, "oblique": 0.0, "style": "style1", "textgen": 1, "alignh": 0, "alignv": 1, "interlin": 1.0 }, "geometry": { "type": "Point", "coordinates": [ -40.360608238051569, -20.427480067149503, 0.0 ] } },
{ "type": "Feature", "properties": { "fid": 8767, "handle": 772764, "block": -1, "etype": 19, "space": 0, "layer": "0", "olinetype": "bylayer", "linetype": "", "color": "0,0,0,55", "ocolor": 256, "color24": -1, "transparency": 0, "lweight": -1, "linewidth": 0.0, "ltscale": 1.0, "visible": 1, "thickness": 0.0, "ext": null, "height": 4.0000000000000009, "text": "19", "angle": 33.174917728887074, "widthscale": 13.582537148526169, "oblique": 0.0, "style": "style1", "textgen": 1, "alignh": 0, "alignv": 1, "interlin": 1.0 }, "geometry": { "type": "Point", "coordinates": [ -40.360435459916218, -20.427711318706951, 0.0 ] } },
{ "type": "Feature", "properties": { "fid": 8768, "handle": 772765, "block": -1, "etype": 19, "space": 0, "layer": "0", "olinetype": "bylayer", "linetype": "", "color": "0,0,0,55", "ocolor": 256, "color24": -1, "transparency": 0, "lweight": -1, "linewidth": 0.0, "ltscale": 1.0, "visible": 1, "thickness": 0.0, "ext": null, "height": 4.0000000000000009, "text": "7", "angle": 33.174917728887074, "widthscale": 13.582537148526169, "oblique": 0.0, "style": "style1", "textgen": 1, "alignh": 0, "alignv": 1, "interlin": 1.0 }, "geometry": { "type": "Point", "coordinates": [ -40.360933879526137, -20.428010932088686, 0.0 ] } },
{ "type": "Feature", "properties": { "fid": 8769, "handle": 772766, "block": -1, "etype": 19, "space": 0, "layer": "0", "olinetype": "bylayer", "linetype": "", "color": "0,0,0,55", "ocolor": 256, "color24": -1, "transparency": 0, "lweight": -1, "linewidth": 0.0, "ltscale": 1.0, "visible": 1, "thickness": 0.0, "ext": null, "height": 4.0000000000000009, "text": "9", "angle": 33.174917728887074, "widthscale": 13.582537148526169, "oblique": 0.0, "style": "style1", "textgen": 1, "alignh": 0, "alignv": 1, "interlin": 1.0 }, "geometry": { "type": "Point", "coordinates": [ -40.360850547963935, -20.427957407818489, 0.0 ] } },
{ "type": "Feature", "properties": { "fid": 8770, "handle": 772767, "block": -1, "etype": 19, "space": 0, "layer": "0", "olinetype": "bylayer", "linetype": "", "color": "0,0,0,55", "ocolor": 256, "color24": -1, "transparency": 0, "lweight": -1, "linewidth": 0.0, "ltscale": 1.0, "visible": 1, "thickness": 0.0, "ext": null, "height": 4.0000000000000009, "text": "11", "angle": 33.174917728887074, "widthscale": 13.582537148526169, "oblique": 0.0, "style": "style1", "textgen": 1, "alignh": 0, "alignv": 1, "interlin": 1.0 }, "geometry": { "type": "Point", "coordinates": [ -40.360768569812606, -20.427909854375795, 0.0 ] } },
{ "type": "Feature", "properties": { "fid": 8771, "handle": 772768, "block": -1, "etype": 19, "space": 0, "layer": "0", "olinetype": "bylayer", "linetype": "", "color": "0,0,0,55", "ocolor": 256, "color24": -1, "transparency": 0, "lweight": -1, "linewidth": 0.0, "ltscale": 1.0, "visible": 1, "thickness": 0.0, "ext": null, "height": 4.0000000000000009, "text": "13", "angle": 33.174917728887074, "widthscale": 13.582537148526169, "oblique": 0.0, "style": "style1", "textgen": 1, "alignh": 0, "alignv": 1, "interlin": 1.0 }, "geometry": { "type": "Point", "coordinates": [ -40.360699478121688, -20.427875323753938, 0.0 ] } },
{ "type": "Feature", "properties": { "fid": 8772, "handle": 772769, "block": -1, "etype": 19, "space": 0, "layer": "0", "olinetype": "bylayer", "linetype": "", "color": "0,0,0,55", "ocolor": 256, "color24": -1, "transparency": 0, "lweight": -1, "linewidth": 0.0, "ltscale": 1.0, "visible": 1, "thickness": 0.0, "ext": null, "height": 4.0000000000000009, "text": "15", "angle": 33.174917728887074, "widthscale": 13.582537148526169, "oblique": 0.0, "style": "style1", "textgen": 1, "alignh": 0, "alignv": 1, "interlin": 1.0 }, "geometry": { "type": "Point", "coordinates": [ -40.360621236792412, -20.427822339919423, 0.0 ] } },
{ "type": "Feature", "properties": { "fid": 8773, "handle": 772770, "block": -1, "etype": 19, "space": 0, "layer": "0", "olinetype": "bylayer", "linetype": "", "color": "0,0,0,55", "ocolor": 256, "color24": -1, "transparency": 0, "lweight": -1, "linewidth": 0.0, "ltscale": 1.0, "visible": 1, "thickness": 0.0, "ext": null, "height": 4.0000000000000009, "text": "17", "angle": 33.174917728887074, "widthscale": 13.582537148526169, "oblique": 0.0, "style": "style1", "textgen": 1, "alignh": 0, "alignv": 1, "interlin": 1.0 }, "geometry": { "type": "Point", "coordinates": [ -40.360536090954895, -20.427775421160135, 0.0 ] } },
{ "type": "Feature", "properties": { "fid": 8774, "handle": 772771, "block": -1, "etype": 19, "space": 0, "layer": "0", "olinetype": "bylayer", "linetype": "", "color": "0,0,0,55", "ocolor": 256, "color24": -1, "transparency": 0, "lweight": -1, "linewidth": 0.0, "ltscale": 1.0, "visible": 1, "thickness": 0.0, "ext": null, "height": 4.0000000000000009, "text": "21", "angle": 33.174917728887074, "widthscale": 13.582537148526169, "oblique": 0.0, "style": "style1", "textgen": 1, "alignh": 0, "alignv": 1, "interlin": 1.0 }, "geometry": { "type": "Point", "coordinates": [ -40.360202912107376, -20.427668643922669, 0.0 ] } },
{ "type": "Feature", "properties": { "fid": 8775, "handle": 772772, "block": -1, "etype": 19, "space": 0, "layer": "0", "olinetype": "bylayer", "linetype": "", "color": "0,0,0,55", "ocolor": 256, "color24": -1, "transparency": 0, "lweight": -1, "linewidth": 0.0, "ltscale": 1.0, "visible": 1, "thickness": 0.0, "ext": null, "height": 4.0000000000000009, "text": "22", "angle": 33.174917728887074, "widthscale": 13.582537148526169, "oblique": 0.0, "style": "style1", "textgen": 1, "alignh": 0, "alignv": 1, "interlin": 1.0 }, "geometry": { "type": "Point", "coordinates": [ -40.360259487935082, -20.427590152899953, 0.0 ] } },
{ "type": "Feature", "properties": { "fid": 8776, "handle": 772773, "block": -1, "etype": 19, "space": 0, "layer": "0", "olinetype": "bylayer", "linetype": "", "color": "0,0,0,55", "ocolor": 256, "color24": -1, "transparency": 0, "lweight": -1, "linewidth": 0.0, "ltscale": 1.0, "visible": 1, "thickness": 0.0, "ext": null, "height": 4.0000000000000009, "text": "23", "angle": 33.174917728887074, "widthscale": 13.582537148526169, "oblique": 0.0, "style": "style1", "textgen": 1, "alignh": 0, "alignv": 1, "interlin": 1.0 }, "geometry": { "type": "Point", "coordinates": [ -40.360309347828519, -20.427514329707474, 0.0 ] } },
{ "type": "Feature", "properties": { "fid": 8777, "handle": 772774, "block": -1, "etype": 19, "space": 0, "layer": "0", "olinetype": "bylayer", "linetype": "", "color": "0,0,0,55", "ocolor": 256, "color24": -1, "transparency": 0, "lweight": -1, "linewidth": 0.0, "ltscale": 1.0, "visible": 1, "thickness": 0.0, "ext": null, "height": 4.0000000000000009, "text": "24", "angle": 33.174917728887074, "widthscale": 13.582537148526169, "oblique": 0.0, "style": "style1", "textgen": 1, "alignh": 0, "alignv": 1, "interlin": 1.0 }, "geometry": { "type": "Point", "coordinates": [ -40.360366355552969, -20.427445115240101, 0.0 ] } },
{ "type": "Feature", "properties": { "fid": 8778, "handle": 772775, "block": -1, "etype": 19, "space": 0, "layer": "0", "olinetype": "bylayer", "linetype": "", "color": "0,0,0,55", "ocolor": 256, "color24": -1, "transparency": 0, "lweight": -1, "linewidth": 0.0, "ltscale": 1.0, "visible": 1, "thickness": 0.0, "ext": null, "height": 4.0000000000000009, "text": "25", "angle": 33.174917728887074, "widthscale": 13.582537148526169, "oblique": 0.0, "style": "style1", "textgen": 1, "alignh": 0, "alignv": 1, "interlin": 1.0 }, "geometry": { "type": "Point", "coordinates": [ -40.360414541695171, -20.427367149511287, 0.0 ] } },
{ "type": "Feature", "properties": { "fid": 8779, "handle": 772776, "block": -1, "etype": 19, "space": 0, "layer": "0", "olinetype": "bylayer", "linetype": "", "color": "0,0,0,55", "ocolor": 256, "color24": -1, "transparency": 0, "lweight": -1, "linewidth": 0.0, "ltscale": 1.0, "visible": 1, "thickness": 0.0, "ext": null, "height": 4.0000000000000009, "text": "26", "angle": 33.174917728887074, "widthscale": 13.582537148526169, "oblique": 0.0, "style": "style1", "textgen": 1, "alignh": 0, "alignv": 1, "interlin": 1.0 }, "geometry": { "type": "Point", "coordinates": [ -40.360465086770148, -20.427285149193999, 0.0 ] } },
{ "type": "Feature", "properties": { "fid": 8780, "handle": 772777, "block": -1, "etype": 19, "space": 0, "layer": "0", "olinetype": "bylayer", "linetype": "", "color": "0,0,0,55", "ocolor": 256, "color24": -1, "transparency": 0, "lweight": -1, "linewidth": 0.0, "ltscale": 1.0, "visible": 1, "thickness": 0.0, "ext": null, "height": 4.0000000000000009, "text": "16", "angle": 33.174917728887074, "widthscale": 13.582537148526169, "oblique": 0.0, "style": "style1", "textgen": 1, "alignh": 0, "alignv": 1, "interlin": 1.0 }, "geometry": { "type": "Point", "coordinates": [ -40.360788693758877, -20.427585000204264, 0.0 ] } },
{ "type": "Feature", "properties": { "fid": 8781, "handle": 772973, "block": -1, "etype": 19, "space": 0, "layer": "0", "olinetype": "bylayer", "linetype": "", "color": "0,0,0,55", "ocolor": 256, "color24": -1, "transparency": 0, "lweight": -1, "linewidth": 0.0, "ltscale": 1.0, "visible": 1, "thickness": 0.0, "ext": null, "height": 4.0000000000000009, "text": "1", "angle": 33.174917728887074, "widthscale": 13.582537148526169, "oblique": 0.0, "style": "style1", "textgen": 1, "alignh": 0, "alignv": 1, "interlin": 1.0 }, "geometry": { "type": "Point", "coordinates": [ -40.360631683975924, -20.42875926738007, 0.0 ] } },
{ "type": "Feature", "properties": { "fid": 8782, "handle": 772974, "block": -1, "etype": 19, "space": 0, "layer": "0", "olinetype": "bylayer", "linetype": "", "color": "0,0,0,55", "ocolor": 256, "color24": -1, "transparency": 0, "lweight": -1, "linewidth": 0.0, "ltscale": 1.0, "visible": 1, "thickness": 0.0, "ext": null, "height": 4.0000000000000009, "text": "2", "angle": 33.174917728887074, "widthscale": 13.582537148526169, "oblique": 0.0, "style": "style1", "textgen": 1, "alignh": 0, "alignv": 1, "interlin": 1.0 }, "geometry": { "type": "Point", "coordinates": [ -40.360690751048949, -20.428677155945355, 0.0 ] } },
{ "type": "Feature", "properties": { "fid": 8783, "handle": 772975, "block": -1, "etype": 19, "space": 0, "layer": "0", "olinetype": "bylayer", "linetype": "", "color": "0,0,0,55", "ocolor": 256, "color24": -1, "transparency": 0, "lweight": -1, "linewidth": 0.0, "ltscale": 1.0, "visible": 1, "thickness": 0.0, "ext": null, "height": 4.0000000000000009, "text": "3", "angle": 33.174917728887074, "widthscale": 13.582537148526169, "oblique": 0.0, "style": "style1", "textgen": 1, "alignh": 0, "alignv": 1, "interlin": 1.0 }, "geometry": { "type": "Point", "coordinates": [ -40.360747623311219, -20.428603048474841, 0.0 ] } },
{ "type": "Feature", "properties": { "fid": 8784, "handle": 772976, "block": -1, "etype": 19, "space": 0, "layer": "0", "olinetype": "bylayer", "linetype": "", "color": "0,0,0,55", "ocolor": 256, "color24": -1, "transparency": 0, "lweight": -1, "linewidth": 0.0, "ltscale": 1.0, "visible": 1, "thickness": 0.0, "ext": null, "height": 4.0000000000000009, "text": "5", "angle": 33.174917728887074, "widthscale": 13.582537148526169, "oblique": 0.0, "style": "style1", "textgen": 1, "alignh": 0, "alignv": 1, "interlin": 1.0 }, "geometry": { "type": "Point", "coordinates": [ -40.360808276384041, -20.42850969602986, 0.0 ] } },
{ "type": "Feature", "properties": { "fid": 8785, "handle": 772977, "block": -1, "etype": 19, "space": 0, "layer": "0", "olinetype": "bylayer", "linetype": "", "color": "0,0,0,55", "ocolor": 256, "color24": -1, "transparency": 0, "lweight": -1, "linewidth": 0.0, "ltscale": 1.0, "visible": 1, "thickness": 0.0, "ext": null, "height": 4.0000000000000009, "text": "4", "angle": 33.174917728887074, "widthscale": 13.582537148526169, "oblique": 0.0, "style": "style1", "textgen": 1, "alignh": 0, "alignv": 1, "interlin": 1.0 }, "geometry": { "type": "Point", "coordinates": [ -40.360900871438282, -20.428377487897194, 0.0 ] } },
{ "type": "Feature", "properties": { "fid": 8786, "handle": 772978, "block": -1, "etype": 19, "space": 0, "layer": "0", "olinetype": "bylayer", "linetype": "", "color": "0,0,0,55", "ocolor": 256, "color24": -1, "transparency": 0, "lweight": -1, "linewidth": 0.0, "ltscale": 1.0, "visible": 1, "thickness": 0.0, "ext": null, "height": 4.0000000000000009, "text": "6", "angle": 33.174917728887074, "widthscale": 13.582537148526169, "oblique": 0.0, "style": "style1", "textgen": 1, "alignh": 0, "alignv": 1, "interlin": 1.0 }, "geometry": { "type": "Point", "coordinates": [ -40.36069347063242, -20.428351518541682, 0.0 ] } },
{ "type": "Feature", "properties": { "fid": 8787, "handle": 772979, "block": -1, "etype": 19, "space": 0, "layer": "0", "olinetype": "bylayer", "linetype": "", "color": "0,0,0,55", "ocolor": 256, "color24": -1, "transparency": 0, "lweight": -1, "linewidth": 0.0, "ltscale": 1.0, "visible": 1, "thickness": 0.0, "ext": null, "height": 4.0000000000000009, "text": "11", "angle": 33.174917728887074, "widthscale": 13.582537148526169, "oblique": 0.0, "style": "style1", "textgen": 1, "alignh": 0, "alignv": 1, "interlin": 1.0 }, "geometry": { "type": "Point", "coordinates": [ -40.360466650085407, -20.428212830198245, 0.0 ] } },
{ "type": "Feature", "properties": { "fid": 8788, "handle": 772980, "block": -1, "etype": 19, "space": 0, "layer": "0", "olinetype": "bylayer", "linetype": "", "color": "0,0,0,55", "ocolor": 256, "color24": -1, "transparency": 0, "lweight": -1, "linewidth": 0.0, "ltscale": 1.0, "visible": 1, "thickness": 0.0, "ext": null, "height": 4.0000000000000009, "text": "15", "angle": 33.174917728887074, "widthscale": 13.582537148526169, "oblique": 0.0, "style": "style1", "textgen": 1, "alignh": 0, "alignv": 1, "interlin": 1.0 }, "geometry": { "type": "Point", "coordinates": [ -40.360296250332787, -20.428111211472459, 0.0 ] } },
{ "type": "Feature", "properties": { "fid": 8789, "handle": 772981, "block": -1, "etype": 19, "space": 0, "layer": "0", "olinetype": "bylayer", "linetype": "", "color": "0,0,0,55", "ocolor": 256, "color24": -1, "transparency": 0, "lweight": -1, "linewidth": 0.0, "ltscale": 1.0, "visible": 1, "thickness": 0.0, "ext": null, "height": 4.0000000000000009, "text": "17", "angle": 33.174917728887074, "widthscale": 13.582537148526169, "oblique": 0.0, "style": "style1", "textgen": 1, "alignh": 0, "alignv": 1, "interlin": 1.0 }, "geometry": { "type": "Point", "coordinates": [ -40.360204661277358, -20.428057781141867, 0.0 ] } },
{ "type": "Feature", "properties": { "fid": 8790, "handle": 772982, "block": -1, "etype": 19, "space": 0, "layer": "0", "olinetype": "bylayer", "linetype": "", "color": "0,0,0,55", "ocolor": 256, "color24": -1, "transparency": 0, "lweight": -1, "linewidth": 0.0, "ltscale": 1.0, "visible": 1, "thickness": 0.0, "ext": null, "height": 4.0000000000000009, "text": "16", "angle": 33.174917728887074, "widthscale": 13.582537148526169, "oblique": 0.0, "style": "style1", "textgen": 1, "alignh": 0, "alignv": 1, "interlin": 1.0 }, "geometry": { "type": "Point", "coordinates": [ -40.360031881922772, -20.428289032354517, 0.0 ] } },
{ "type": "Feature", "properties": { "fid": 8791, "handle": 772983, "block": -1, "etype": 19, "space": 0, "layer": "0", "olinetype": "bylayer", "linetype": "", "color": "0,0,0,55", "ocolor": 256, "color24": -1, "transparency": 0, "lweight": -1, "linewidth": 0.0, "ltscale": 1.0, "visible": 1, "thickness": 0.0, "ext": null, "height": 4.0000000000000009, "text": "7", "angle": 33.174917728887074, "widthscale": 13.582537148526169, "oblique": 0.0, "style": "style1", "textgen": 1, "alignh": 0, "alignv": 1, "interlin": 1.0 }, "geometry": { "type": "Point", "coordinates": [ -40.360530302757553, -20.42858864681148, 0.0 ] } },
{ "type": "Feature", "properties": { "fid": 8792, "handle": 772984, "block": -1, "etype": 19, "space": 0, "layer": "0", "olinetype": "bylayer", "linetype": "", "color": "0,0,0,55", "ocolor": 256, "color24": -1, "transparency": 0, "lweight": -1, "linewidth": 0.0, "ltscale": 1.0, "visible": 1, "thickness": 0.0, "ext": null, "height": 4.0000000000000009, "text": "9", "angle": 33.174917728887074, "widthscale": 13.582537148526169, "oblique": 0.0, "style": "style1", "textgen": 1, "alignh": 0, "alignv": 1, "interlin": 1.0 }, "geometry": { "type": "Point", "coordinates": [ -40.360398298201474, -20.428510717460199, 0.0 ] } },
{ "type": "Feature", "properties": { "fid": 8793, "handle": 772985, "block": -1, "etype": 19, "space": 0, "layer": "0", "olinetype": "bylayer", "linetype": "", "color": "0,0,0,55", "ocolor": 256, "color24": -1, "transparency": 0, "lweight": -1, "linewidth": 0.0, "ltscale": 1.0, "visible": 1, "thickness": 0.0, "ext": null, "height": 4.0000000000000009, "text": "10", "angle": 33.174917728887074, "widthscale": 13.582537148526169, "oblique": 0.0, "style": "style1", "textgen": 1, "alignh": 0, "alignv": 1, "interlin": 1.0 }, "geometry": { "type": "Point", "coordinates": [ -40.360295900764498, -20.42845303797154, 0.0 ] } },
{ "type": "Feature", "properties": { "fid": 8794, "handle": 772986, "block": -1, "etype": 19, "space": 0, "layer": "0", "olinetype": "bylayer", "linetype": "", "color": "0,0,0,55", "ocolor": 256, "color24": -1, "transparency": 0, "lweight": -1, "linewidth": 0.0, "ltscale": 1.0, "visible": 1, "thickness": 0.0, "ext": null, "height": 4.0000000000000009, "text": "12", "angle": 33.174917728887074, "widthscale": 13.582537148526169, "oblique": 0.0, "style": "style1", "textgen": 1, "alignh": 0, "alignv": 1, "interlin": 1.0 }, "geometry": { "type": "Point", "coordinates": [ -40.360217659257046, -20.428400053967739, 0.0 ] } },
{ "type": "Feature", "properties": { "fid": 8795, "handle": 772987, "block": -1, "etype": 19, "space": 0, "layer": "0", "olinetype": "bylayer", "linetype": "", "color": "0,0,0,55", "ocolor": 256, "color24": -1, "transparency": 0, "lweight": -1, "linewidth": 0.0, "ltscale": 1.0, "visible": 1, "thickness": 0.0, "ext": null, "height": 4.0000000000000009, "text": "14", "angle": 33.174917728887074, "widthscale": 13.582537148526169, "oblique": 0.0, "style": "style1", "textgen": 1, "alignh": 0, "alignv": 1, "interlin": 1.0 }, "geometry": { "type": "Point", "coordinates": [ -40.360132513200149, -20.428353135025077, 0.0 ] } },
{ "type": "Feature", "properties": { "fid": 8796, "handle": 772988, "block": -1, "etype": 19, "space": 0, "layer": "0", "olinetype": "bylayer", "linetype": "", "color": "0,0,0,55", "ocolor": 256, "color24": -1, "transparency": 0, "lweight": -1, "linewidth": 0.0, "ltscale": 1.0, "visible": 1, "thickness": 0.0, "ext": null, "height": 4.0000000000000009, "text": "18", "angle": 33.174917728887074, "widthscale": 13.582537148526169, "oblique": 0.0, "style": "style1", "textgen": 1, "alignh": 0, "alignv": 1, "interlin": 1.0 }, "geometry": { "type": "Point", "coordinates": [ -40.359799333312132, -20.428246357076659, 0.0 ] } },
{ "type": "Feature", "properties": { "fid": 8797, "handle": 772989, "block": -1, "etype": 19, "space": 0, "layer": "0", "olinetype": "bylayer", "linetype": "", "color": "0,0,0,55", "ocolor": 256, "color24": -1, "transparency": 0, "lweight": -1, "linewidth": 0.0, "ltscale": 1.0, "visible": 1, "thickness": 0.0, "ext": null, "height": 4.0000000000000009, "text": "19", "angle": 33.174917728887074, "widthscale": 13.582537148526169, "oblique": 0.0, "style": "style1", "textgen": 1, "alignh": 0, "alignv": 1, "interlin": 1.0 }, "geometry": { "type": "Point", "coordinates": [ -40.359855909545658, -20.428167866166572, 0.0 ] } },
{ "type": "Feature", "properties": { "fid": 8798, "handle": 772990, "block": -1, "etype": 19, "space": 0, "layer": "0", "olinetype": "bylayer", "linetype": "", "color": "0,0,0,55", "ocolor": 256, "color24": -1, "transparency": 0, "lweight": -1, "linewidth": 0.0, "ltscale": 1.0, "visible": 1, "thickness": 0.0, "ext": null, "height": 4.0000000000000009, "text": "20", "angle": 33.174917728887074, "widthscale": 13.582537148526169, "oblique": 0.0, "style": "style1", "textgen": 1, "alignh": 0, "alignv": 1, "interlin": 1.0 }, "geometry": { "type": "Point", "coordinates": [ -40.359905769812492, -20.428092043072891, 0.0 ] } },
{ "type": "Feature", "properties": { "fid": 8799, "handle": 772991, "block": -1, "etype": 19, "space": 0, "layer": "0", "olinetype": "bylayer", "linetype": "", "color": "0,0,0,55", "ocolor": 256, "color24": -1, "transparency": 0, "lweight": -1, "linewidth": 0.0, "ltscale": 1.0, "visible": 1, "thickness": 0.0, "ext": null, "height": 4.0000000000000009, "text": "21", "angle": 33.174917728887074, "widthscale": 13.582537148526169, "oblique": 0.0, "style": "style1", "textgen": 1, "alignh": 0, "alignv": 1, "interlin": 1.0 }, "geometry": { "type": "Point", "coordinates": [ -40.359962777922441, -20.428022828719921, 0.0 ] } },
{ "type": "Feature", "properties": { "fid": 8800, "handle": 772992, "block": -1, "etype": 19, "space": 0, "layer": "0", "olinetype": "bylayer", "linetype": "", "color": "0,0,0,55", "ocolor": 256, "color24": -1, "transparency": 0, "lweight": -1, "linewidth": 0.0, "ltscale": 1.0, "visible": 1, "thickness": 0.0, "ext": null, "height": 4.0000000000000009, "text": "22", "angle": 33.174917728887074, "widthscale": 13.582537148526169, "oblique": 0.0, "style": "style1", "textgen": 1, "alignh": 0, "alignv": 1, "interlin": 1.0 }, "geometry": { "type": "Point", "coordinates": [ -40.36000958651605, -20.427941684679272, 0.0 ] } },
{ "type": "Feature", "properties": { "fid": 8801, "handle": 772993, "block": -1, "etype": 19, "space": 0, "layer": "0", "olinetype": "bylayer", "linetype": "", "color": "0,0,0,55", "ocolor": 256, "color24": -1, "transparency": 0, "lweight": -1, "linewidth": 0.0, "ltscale": 1.0, "visible": 1, "thickness": 0.0, "ext": null, "height": 4.0000000000000009, "text": "23", "angle": 33.174917728887074, "widthscale": 13.582537148526169, "oblique": 0.0, "style": "style1", "textgen": 1, "alignh": 0, "alignv": 1, "interlin": 1.0 }, "geometry": { "type": "Point", "coordinates": [ -40.360061509902316, -20.427862862868484, 0.0 ] } },
{ "type": "Feature", "properties": { "fid": 8802, "handle": 772994, "block": -1, "etype": 19, "space": 0, "layer": "0", "olinetype": "bylayer", "linetype": "", "color": "0,0,0,55", "ocolor": 256, "color24": -1, "transparency": 0, "lweight": -1, "linewidth": 0.0, "ltscale": 1.0, "visible": 1, "thickness": 0.0, "ext": null, "height": 4.0000000000000009, "text": "13", "angle": 33.174917728887074, "widthscale": 13.582537148526169, "oblique": 0.0, "style": "style1", "textgen": 1, "alignh": 0, "alignv": 1, "interlin": 1.0 }, "geometry": { "type": "Point", "coordinates": [ -40.360385117436543, -20.428162714585664, 0.0 ] } },
{ "type": "Feature", "properties": { "fid": 8803, "handle": 772995, "block": -1, "etype": 19, "space": 0, "layer": "0", "olinetype": "bylayer", "linetype": "", "color": "0,0,0,55", "ocolor": 256, "color24": -1, "transparency": 0, "lweight": -1, "linewidth": 0.0, "ltscale": 1.0, "visible": 1, "thickness": 0.0, "ext": null, "height": 4.0000000000000009, "text": "8", "angle": 33.174917728887074, "widthscale": 13.582537148526169, "oblique": 0.0, "style": "style1", "textgen": 1, "alignh": 0, "alignv": 1, "interlin": 1.0 }, "geometry": { "type": "Point", "coordinates": [ -40.360568262920005, -20.428272632132497, 0.0 ] } },
{ "type": "Feature", "properties": { "fid": 8804, "handle": 773137, "block": -1, "etype": 19, "space": 0, "layer": "0", "olinetype": "bylayer", "linetype": "", "color": "0,0,0,55", "ocolor": 256, "color24": -1, "transparency": 0, "lweight": -1, "linewidth": 0.0, "ltscale": 1.0, "visible": 1, "thickness": 0.0, "ext": null, "height": 4.0000000000000009, "text": "1", "angle": 33.174917728887074, "widthscale": 13.582537148526169, "oblique": 0.0, "style": "style1", "textgen": 1, "alignh": 0, "alignv": 1, "interlin": 1.0 }, "geometry": { "type": "Point", "coordinates": [ -40.360261337733007, -20.429308790227651, 0.0 ] } },
{ "type": "Feature", "properties": { "fid": 8805, "handle": 773138, "block": -1, "etype": 19, "space": 0, "layer": "0", "olinetype": "bylayer", "linetype": "", "color": "0,0,0,55", "ocolor": 256, "color24": -1, "transparency": 0, "lweight": -1, "linewidth": 0.0, "ltscale": 1.0, "visible": 1, "thickness": 0.0, "ext": null, "height": 4.0000000000000009, "text": "2", "angle": 33.174917728887074, "widthscale": 13.582537148526169, "oblique": 0.0, "style": "style1", "textgen": 1, "alignh": 0, "alignv": 1, "interlin": 1.0 }, "geometry": { "type": "Point", "coordinates": [ -40.360320405201954, -20.429226678900651, 0.0 ] } },
{ "type": "Feature", "properties": { "fid": 8806, "handle": 773139, "block": -1, "etype": 19, "space": 0, "layer": "0", "olinetype": "bylayer", "linetype": "", "color": "0,0,0,55", "ocolor": 256, "color24": -1, "transparency": 0, "lweight": -1, "linewidth": 0.0, "ltscale": 1.0, "visible": 1, "thickness": 0.0, "ext": null, "height": 4.0000000000000009, "text": "3", "angle": 33.174917728887074, "widthscale": 13.582537148526169, "oblique": 0.0, "style": "style1", "textgen": 1, "alignh": 0, "alignv": 1, "interlin": 1.0 }, "geometry": { "type": "Point", "coordinates": [ -40.360377277834658, -20.429152571534182, 0.0 ] } },
{ "type": "Feature", "properties": { "fid": 8807, "handle": 773140, "block": -1, "etype": 19, "space": 0, "layer": "0", "olinetype": "bylayer", "linetype": "", "color": "0,0,0,55", "ocolor": 256, "color24": -1, "transparency": 0, "lweight": -1, "linewidth": 0.0, "ltscale": 1.0, "visible": 1, "thickness": 0.0, "ext": null, "height": 4.0000000000000009, "text": "4", "angle": 33.174917728887074, "widthscale": 13.582537148526169, "oblique": 0.0, "style": "style1", "textgen": 1, "alignh": 0, "alignv": 1, "interlin": 1.0 }, "geometry": { "type": "Point", "coordinates": [ -40.360429196066626, -20.429082816529366, 0.0 ] } },
{ "type": "Feature", "properties": { "fid": 8808, "handle": 773141, "block": -1, "etype": 19, "space": 0, "layer": "0", "olinetype": "bylayer", "linetype": "", "color": "0,0,0,55", "ocolor": 256, "color24": -1, "transparency": 0, "lweight": -1, "linewidth": 0.0, "ltscale": 1.0, "visible": 1, "thickness": 0.0, "ext": null, "height": 4.0000000000000009, "text": "5", "angle": 33.174917728887074, "widthscale": 13.582537148526169, "oblique": 0.0, "style": "style1", "textgen": 1, "alignh": 0, "alignv": 1, "interlin": 1.0 }, "geometry": { "type": "Point", "coordinates": [ -40.360483718190366, -20.429003581155253, 0.0 ] } },
{ "type": "Feature", "properties": { "fid": 8809, "handle": 773142, "block": -1, "etype": 19, "space": 0, "layer": "0", "olinetype": "bylayer", "linetype": "", "color": "0,0,0,55", "ocolor": 256, "color24": -1, "transparency": 0, "lweight": -1, "linewidth": 0.0, "ltscale": 1.0, "visible": 1, "thickness": 0.0, "ext": null, "height": 4.0000000000000009, "text": "6", "angle": 33.174917728887074, "widthscale": 13.582537148526169, "oblique": 0.0, "style": "style1", "textgen": 1, "alignh": 0, "alignv": 1, "interlin": 1.0 }, "geometry": { "type": "Point", "coordinates": [ -40.360530527016067, -20.428927011234986, 0.0 ] } },
{ "type": "Feature", "properties": { "fid": 8810, "handle": 773143, "block": -1, "etype": 19, "space": 0, "layer": "0", "olinetype": "bylayer", "linetype": "", "color": "0,0,0,55", "ocolor": 256, "color24": -1, "transparency": 0, "lweight": -1, "linewidth": 0.0, "ltscale": 1.0, "visible": 1, "thickness": 0.0, "ext": null, "height": 4.0000000000000009, "text": "8", "angle": 33.174917728887074, "widthscale": 13.582537148526169, "oblique": 0.0, "style": "style1", "textgen": 1, "alignh": 0, "alignv": 1, "interlin": 1.0 }, "geometry": { "type": "Point", "coordinates": [ -40.360321868935792, -20.428895526579552, 0.0 ] } },
{ "type": "Feature", "properties": { "fid": 8811, "handle": 773144, "block": -1, "etype": 19, "space": 0, "layer": "0", "olinetype": "bylayer", "linetype": "", "color": "0,0,0,55", "ocolor": 256, "color24": -1, "transparency": 0, "lweight": -1, "linewidth": 0.0, "ltscale": 1.0, "visible": 1, "thickness": 0.0, "ext": null, "height": 4.0000000000000009, "text": "10", "angle": 33.174917728887074, "widthscale": 13.582537148526169, "oblique": 0.0, "style": "style1", "textgen": 1, "alignh": 0, "alignv": 1, "interlin": 1.0 }, "geometry": { "type": "Point", "coordinates": [ -40.360249501512506, -20.428853849645215, 0.0 ] } },
{ "type": "Feature", "properties": { "fid": 8812, "handle": 773145, "block": -1, "etype": 19, "space": 0, "layer": "0", "olinetype": "bylayer", "linetype": "", "color": "0,0,0,55", "ocolor": 256, "color24": -1, "transparency": 0, "lweight": -1, "linewidth": 0.0, "ltscale": 1.0, "visible": 1, "thickness": 0.0, "ext": null, "height": 4.0000000000000009, "text": "12", "angle": 33.174917728887074, "widthscale": 13.582537148526169, "oblique": 0.0, "style": "style1", "textgen": 1, "alignh": 0, "alignv": 1, "interlin": 1.0 }, "geometry": { "type": "Point", "coordinates": [ -40.360173181862905, -20.428802040866653, 0.0 ] } },
{ "type": "Feature", "properties": { "fid": 8813, "handle": 773146, "block": -1, "etype": 19, "space": 0, "layer": "0", "olinetype": "bylayer", "linetype": "", "color": "0,0,0,55", "ocolor": 256, "color24": -1, "transparency": 0, "lweight": -1, "linewidth": 0.0, "ltscale": 1.0, "visible": 1, "thickness": 0.0, "ext": null, "height": 4.0000000000000009, "text": "14", "angle": 33.174917728887074, "widthscale": 13.582537148526169, "oblique": 0.0, "style": "style1", "textgen": 1, "alignh": 0, "alignv": 1, "interlin": 1.0 }, "geometry": { "type": "Point", "coordinates": [ -40.360095047862231, -20.428756837786541, 0.0 ] } },
{ "type": "Feature", "properties": { "fid": 8814, "handle": 773147, "block": -1, "etype": 19, "space": 0, "layer": "0", "olinetype": "bylayer", "linetype": "", "color": "0,0,0,55", "ocolor": 256, "color24": -1, "transparency": 0, "lweight": -1, "linewidth": 0.0, "ltscale": 1.0, "visible": 1, "thickness": 0.0, "ext": null, "height": 4.0000000000000009, "text": "18", "angle": 33.174917728887074, "widthscale": 13.582537148526169, "oblique": 0.0, "style": "style1", "textgen": 1, "alignh": 0, "alignv": 1, "interlin": 1.0 }, "geometry": { "type": "Point", "coordinates": [ -40.359924647708461, -20.428655218723243, 0.0 ] } },
{ "type": "Feature", "properties": { "fid": 8815, "handle": 773148, "block": -1, "etype": 19, "space": 0, "layer": "0", "olinetype": "bylayer", "linetype": "", "color": "0,0,0,55", "ocolor": 256, "color24": -1, "transparency": 0, "lweight": -1, "linewidth": 0.0, "ltscale": 1.0, "visible": 1, "thickness": 0.0, "ext": null, "height": 4.0000000000000009, "text": "20", "angle": 33.174917728887074, "widthscale": 13.582537148526169, "oblique": 0.0, "style": "style1", "textgen": 1, "alignh": 0, "alignv": 1, "interlin": 1.0 }, "geometry": { "type": "Point", "coordinates": [ -40.359833058434823, -20.428601788211296, 0.0 ] } },
{ "type": "Feature", "properties": { "fid": 8816, "handle": 773149, "block": -1, "etype": 19, "space": 0, "layer": "0", "olinetype": "bylayer", "linetype": "", "color": "0,0,0,55", "ocolor": 256, "color24": -1, "transparency": 0, "lweight": -1, "linewidth": 0.0, "ltscale": 1.0, "visible": 1, "thickness": 0.0, "ext": null, "height": 4.0000000000000009, "text": "19", "angle": 33.174917728887074, "widthscale": 13.582537148526169, "oblique": 0.0, "style": "style1", "textgen": 1, "alignh": 0, "alignv": 1, "interlin": 1.0 }, "geometry": { "type": "Point", "coordinates": [ -40.359660277945196, -20.428833039106877, 0.0 ] } },
{ "type": "Feature", "properties": { "fid": 8817, "handle": 773150, "block": -1, "etype": 19, "space": 0, "layer": "0", "olinetype": "bylayer", "linetype": "", "color": "0,0,0,55", "ocolor": 256, "color24": -1, "transparency": 0, "lweight": -1, "linewidth": 0.0, "ltscale": 1.0, "visible": 1, "thickness": 0.0, "ext": null, "height": 4.0000000000000009, "text": "7", "angle": 33.174917728887074, "widthscale": 13.582537148526169, "oblique": 0.0, "style": "style1", "textgen": 1, "alignh": 0, "alignv": 1, "interlin": 1.0 }, "geometry": { "type": "Point", "coordinates": [ -40.360158699948201, -20.429132654551371, 0.0 ] } },
{ "type": "Feature", "properties": { "fid": 8818, "handle": 773151, "block": -1, "etype": 19, "space": 0, "layer": "0", "olinetype": "bylayer", "linetype": "", "color": "0,0,0,55", "ocolor": 256, "color24": -1, "transparency": 0, "lweight": -1, "linewidth": 0.0, "ltscale": 1.0, "visible": 1, "thickness": 0.0, "ext": null, "height": 4.0000000000000009, "text": "9", "angle": 33.174917728887074, "widthscale": 13.582537148526169, "oblique": 0.0, "style": "style1", "textgen": 1, "alignh": 0, "alignv": 1, "interlin": 1.0 }, "geometry": { "type": "Point", "coordinates": [ -40.360075368001503, -20.42907912993574, 0.0 ] } },
{ "type": "Feature", "properties": { "fid": 8819, "handle": 773152, "block": -1, "etype": 19, "space": 0, "layer": "0", "olinetype": "bylayer", "linetype": "", "color": "0,0,0,55", "ocolor": 256, "color24": -1, "transparency": 0, "lweight": -1, "linewidth": 0.0, "ltscale": 1.0, "visible": 1, "thickness": 0.0, "ext": null, "height": 4.0000000000000009, "text": "11", "angle": 33.174917728887074, "widthscale": 13.582537148526169, "oblique": 0.0, "style": "style1", "textgen": 1, "alignh": 0, "alignv": 1, "interlin": 1.0 }, "geometry": { "type": "Point", "coordinates": [ -40.359993389448704, -20.429031576154067, 0.0 ] } },
{ "type": "Feature", "properties": { "fid": 8820, "handle": 773153, "block": -1, "etype": 19, "space": 0, "layer": "0", "olinetype": "bylayer", "linetype": "", "color": "0,0,0,55", "ocolor": 256, "color24": -1, "transparency": 0, "lweight": -1, "linewidth": 0.0, "ltscale": 1.0, "visible": 1, "thickness": 0.0, "ext": null, "height": 4.0000000000000009, "text": "13", "angle": 33.174917728887074, "widthscale": 13.582537148526169, "oblique": 0.0, "style": "style1", "textgen": 1, "alignh": 0, "alignv": 1, "interlin": 1.0 }, "geometry": { "type": "Point", "coordinates": [ -40.359924297394194, -20.428997045247389, 0.0 ] } },
{ "type": "Feature", "properties": { "fid": 8821, "handle": 773154, "block": -1, "etype": 19, "space": 0, "layer": "0", "olinetype": "bylayer", "linetype": "", "color": "0,0,0,55", "ocolor": 256, "color24": -1, "transparency": 0, "lweight": -1, "linewidth": 0.0, "ltscale": 1.0, "visible": 1, "thickness": 0.0, "ext": null, "height": 4.0000000000000009, "text": "15", "angle": 33.174917728887074, "widthscale": 13.582537148526169, "oblique": 0.0, "style": "style1", "textgen": 1, "alignh": 0, "alignv": 1, "interlin": 1.0 }, "geometry": { "type": "Point", "coordinates": [ -40.359846055716318, -20.428944061088128, 0.0 ] } },
{ "type": "Feature", "properties": { "fid": 8822, "handle": 773155, "block": -1, "etype": 19, "space": 0, "layer": "0", "olinetype": "bylayer", "linetype": "", "color": "0,0,0,55", "ocolor": 256, "color24": -1, "transparency": 0, "lweight": -1, "linewidth": 0.0, "ltscale": 1.0, "visible": 1, "thickness": 0.0, "ext": null, "height": 4.0000000000000009, "text": "17", "angle": 33.174917728887074, "widthscale": 13.582537148526169, "oblique": 0.0, "style": "style1", "textgen": 1, "alignh": 0, "alignv": 1, "interlin": 1.0 }, "geometry": { "type": "Point", "coordinates": [ -40.359760909450593, -20.428897141977096, 0.0 ] } },
{ "type": "Feature", "properties": { "fid": 8823, "handle": 773156, "block": -1, "etype": 19, "space": 0, "layer": "0", "olinetype": "bylayer", "linetype": "", "color": "0,0,0,55", "ocolor": 256, "color24": -1, "transparency": 0, "lweight": -1, "linewidth": 0.0, "ltscale": 1.0, "visible": 1, "thickness": 0.0, "ext": null, "height": 4.0000000000000009, "text": "21", "angle": 33.174917728887074, "widthscale": 13.582537148526169, "oblique": 0.0, "style": "style1", "textgen": 1, "alignh": 0, "alignv": 1, "interlin": 1.0 }, "geometry": { "type": "Point", "coordinates": [ -40.359427728577955, -20.428790363375587, 0.0 ] } },
{ "type": "Feature", "properties": { "fid": 8824, "handle": 773157, "block": -1, "etype": 19, "space": 0, "layer": "0", "olinetype": "bylayer", "linetype": "", "color": "0,0,0,55", "ocolor": 256, "color24": -1, "transparency": 0, "lweight": -1, "linewidth": 0.0, "ltscale": 1.0, "visible": 1, "thickness": 0.0, "ext": null, "height": 4.0000000000000009, "text": "22", "angle": 33.174917728887074, "widthscale": 13.582537148526169, "oblique": 0.0, "style": "style1", "textgen": 1, "alignh": 0, "alignv": 1, "interlin": 1.0 }, "geometry": { "type": "Point", "coordinates": [ -40.359484305189177, -20.42871187256916, 0.0 ] } },
{ "type": "Feature", "properties": { "fid": 8825, "handle": 773158, "block": -1, "etype": 19, "space": 0, "layer": "0", "olinetype": "bylayer", "linetype": "", "color": "0,0,0,55", "ocolor": 256, "color24": -1, "transparency": 0, "lweight": -1, "linewidth": 0.0, "ltscale": 1.0, "visible": 1, "thickness": 0.0, "ext": null, "height": 4.0000000000000009, "text": "23", "angle": 33.174917728887074, "widthscale": 13.582537148526169, "oblique": 0.0, "style": "style1", "textgen": 1, "alignh": 0, "alignv": 1, "interlin": 1.0 }, "geometry": { "type": "Point", "coordinates": [ -40.35953416580336, -20.428636049566276, 0.0 ] } },
{ "type": "Feature", "properties": { "fid": 8826, "handle": 773159, "block": -1, "etype": 19, "space": 0, "layer": "0", "olinetype": "bylayer", "linetype": "", "color": "0,0,0,55", "ocolor": 256, "color24": -1, "transparency": 0, "lweight": -1, "linewidth": 0.0, "ltscale": 1.0, "visible": 1, "thickness": 0.0, "ext": null, "height": 4.0000000000000009, "text": "24", "angle": 33.174917728887074, "widthscale": 13.582537148526169, "oblique": 0.0, "style": "style1", "textgen": 1, "alignh": 0, "alignv": 1, "interlin": 1.0 }, "geometry": { "type": "Point", "coordinates": [ -40.359591174272367, -20.428566835318474, 0.0 ] } },
{ "type": "Feature", "properties": { "fid": 8827, "handle": 773160, "block": -1, "etype": 19, "space": 0, "layer": "0", "olinetype": "bylayer", "linetype": "", "color": "0,0,0,55", "ocolor": 256, "color24": -1, "transparency": 0, "lweight": -1, "linewidth": 0.0, "ltscale": 1.0, "visible": 1, "thickness": 0.0, "ext": null, "height": 4.0000000000000009, "text": "25", "angle": 33.174917728887074, "widthscale": 13.582537148526169, "oblique": 0.0, "style": "style1", "textgen": 1, "alignh": 0, "alignv": 1, "interlin": 1.0 }, "geometry": { "type": "Point", "coordinates": [ -40.359639361132444, -20.428488869772053, 0.0 ] } },
{ "type": "Feature", "properties": { "fid": 8828, "handle": 773161, "block": -1, "etype": 19, "space": 0, "layer": "0", "olinetype": "bylayer", "linetype": "", "color": "0,0,0,55", "ocolor": 256, "color24": -1, "transparency": 0, "lweight": -1, "linewidth": 0.0, "ltscale": 1.0, "visible": 1, "thickness": 0.0, "ext": null, "height": 4.0000000000000009, "text": "26", "angle": 33.174917728887074, "widthscale": 13.582537148526169, "oblique": 0.0, "style": "style1", "textgen": 1, "alignh": 0, "alignv": 1, "interlin": 1.0 }, "geometry": { "type": "Point", "coordinates": [ -40.359689906961457, -20.428406869646107, 0.0 ] } },
{ "type": "Feature", "properties": { "fid": 8829, "handle": 773162, "block": -1, "etype": 19, "space": 0, "layer": "0", "olinetype": "bylayer", "linetype": "", "color": "0,0,0,55", "ocolor": 256, "color24": -1, "transparency": 0, "lweight": -1, "linewidth": 0.0, "ltscale": 1.0, "visible": 1, "thickness": 0.0, "ext": null, "height": 4.0000000000000009, "text": "16", "angle": 33.174917728887074, "widthscale": 13.582537148526169, "oblique": 0.0, "style": "style1", "textgen": 1, "alignh": 0, "alignv": 1, "interlin": 1.0 }, "geometry": { "type": "Point", "coordinates": [ -40.360013392419177, -20.428707849907905, 0.0 ] } },
{ "type": "Feature", "properties": { "fid": 8830, "handle": 773315, "block": -1, "etype": 19, "space": 0, "layer": "0", "olinetype": "bylayer", "linetype": "", "color": "0,0,0,55", "ocolor": 256, "color24": -1, "transparency": 0, "lweight": -1, "linewidth": 0.0, "ltscale": 1.0, "visible": 1, "thickness": 0.0, "ext": null, "height": 4.0000000000000009, "text": "3", "angle": 33.174917728887074, "widthscale": 13.582537148526169, "oblique": 0.0, "style": "style1", "textgen": 1, "alignh": 0, "alignv": 1, "interlin": 1.0 }, "geometry": { "type": "Point", "coordinates": [ -40.360045682620083, -20.429622964639393, 0.0 ] } },
{ "type": "Feature", "properties": { "fid": 8831, "handle": 773316, "block": -1, "etype": 19, "space": 0, "layer": "0", "olinetype": "bylayer", "linetype": "", "color": "0,0,0,55", "ocolor": 256, "color24": -1, "transparency": 0, "lweight": -1, "linewidth": 0.0, "ltscale": 1.0, "visible": 1, "thickness": 0.0, "ext": null, "height": 4.0000000000000009, "text": "4", "angle": 33.174917728887074, "widthscale": 13.582537148526169, "oblique": 0.0, "style": "style1", "textgen": 1, "alignh": 0, "alignv": 1, "interlin": 1.0 }, "geometry": { "type": "Point", "coordinates": [ -40.360097601152297, -20.429553209719739, 0.0 ] } },
{ "type": "Feature", "properties": { "fid": 8832, "handle": 773317, "block": -1, "etype": 19, "space": 0, "layer": "0", "olinetype": "bylayer", "linetype": "", "color": "0,0,0,55", "ocolor": 256, "color24": -1, "transparency": 0, "lweight": -1, "linewidth": 0.0, "ltscale": 1.0, "visible": 1, "thickness": 0.0, "ext": null, "height": 4.0000000000000009, "text": "5", "angle": 33.174917728887074, "widthscale": 13.582537148526169, "oblique": 0.0, "style": "style1", "textgen": 1, "alignh": 0, "alignv": 1, "interlin": 1.0 }, "geometry": { "type": "Point", "coordinates": [ -40.360152123603008, -20.429473974434654, 0.0 ] } },
{ "type": "Feature", "properties": { "fid": 8833, "handle": 773318, "block": -1, "etype": 19, "space": 0, "layer": "0", "olinetype": "bylayer", "linetype": "", "color": "0,0,0,55", "ocolor": 256, "color24": -1, "transparency": 0, "lweight": -1, "linewidth": 0.0, "ltscale": 1.0, "visible": 1, "thickness": 0.0, "ext": null, "height": 4.0000000000000009, "text": "1", "angle": 33.174917728887074, "widthscale": 13.582537148526169, "oblique": 0.0, "style": "style1", "textgen": 1, "alignh": 0, "alignv": 1, "interlin": 1.0 }, "geometry": { "type": "Point", "coordinates": [ -40.359897026337642, -20.429830438813447, 0.0 ] } },
{ "type": "Feature", "properties": { "fid": 8834, "handle": 773319, "block": -1, "etype": 19, "space": 0, "layer": "0", "olinetype": "bylayer", "linetype": "", "color": "0,0,0,55", "ocolor": 256, "color24": -1, "transparency": 0, "lweight": -1, "linewidth": 0.0, "ltscale": 1.0, "visible": 1, "thickness": 0.0, "ext": null, "height": 4.0000000000000009, "text": "2", "angle": 33.174917728887074, "widthscale": 13.582537148526169, "oblique": 0.0, "style": "style1", "textgen": 1, "alignh": 0, "alignv": 1, "interlin": 1.0 }, "geometry": { "type": "Point", "coordinates": [ -40.35997934193292, -20.429718750975422, 0.0 ] } },
{ "type": "Feature", "properties": { "fid": 8835, "handle": 773320, "block": -1, "etype": 19, "space": 0, "layer": "0", "olinetype": "bylayer", "linetype": "", "color": "0,0,0,55", "ocolor": 256, "color24": -1, "transparency": 0, "lweight": -1, "linewidth": 0.0, "ltscale": 1.0, "visible": 1, "thickness": 0.0, "ext": null, "height": 4.0000000000000009, "text": "7", "angle": 33.174917728887074, "widthscale": 13.582537148526169, "oblique": 0.0, "style": "style1", "textgen": 1, "alignh": 0, "alignv": 1, "interlin": 1.0 }, "geometry": { "type": "Point", "coordinates": [ -40.359952095319677, -20.429441338585384, 0.0 ] } },
{ "type": "Feature", "properties": { "fid": 8836, "handle": 773321, "block": -1, "etype": 19, "space": 0, "layer": "0", "olinetype": "bylayer", "linetype": "", "color": "0,0,0,55", "ocolor": 256, "color24": -1, "transparency": 0, "lweight": -1, "linewidth": 0.0, "ltscale": 1.0, "visible": 1, "thickness": 0.0, "ext": null, "height": 4.0000000000000009, "text": "9", "angle": 33.174917728887074, "widthscale": 13.582537148526169, "oblique": 0.0, "style": "style1", "textgen": 1, "alignh": 0, "alignv": 1, "interlin": 1.0 }, "geometry": { "type": "Point", "coordinates": [ -40.3598688530491, -20.429390721743445, 0.0 ] } },
{ "type": "Feature", "properties": { "fid": 8837, "handle": 773322, "block": -1, "etype": 19, "space": 0, "layer": "0", "olinetype": "bylayer", "linetype": "", "color": "0,0,0,55", "ocolor": 256, "color24": -1, "transparency": 0, "lweight": -1, "linewidth": 0.0, "ltscale": 1.0, "visible": 1, "thickness": 0.0, "ext": null, "height": 4.0000000000000009, "text": "11", "angle": 33.174917728887074, "widthscale": 13.582537148526169, "oblique": 0.0, "style": "style1", "textgen": 1, "alignh": 0, "alignv": 1, "interlin": 1.0 }, "geometry": { "type": "Point", "coordinates": [ -40.359803407904415, -20.429347852579358, 0.0 ] } },
{ "type": "Feature", "properties": { "fid": 8838, "handle": 773323, "block": -1, "etype": 19, "space": 0, "layer": "0", "olinetype": "bylayer", "linetype": "", "color": "0,0,0,55", "ocolor": 256, "color24": -1, "transparency": 0, "lweight": -1, "linewidth": 0.0, "ltscale": 1.0, "visible": 1, "thickness": 0.0, "ext": null, "height": 4.0000000000000009, "text": "13", "angle": 33.174917728887074, "widthscale": 13.582537148526169, "oblique": 0.0, "style": "style1", "textgen": 1, "alignh": 0, "alignv": 1, "interlin": 1.0 }, "geometry": { "type": "Point", "coordinates": [ -40.359725273715341, -20.429302649345487, 0.0 ] } },
{ "type": "Feature", "properties": { "fid": 8839, "handle": 773324, "block": -1, "etype": 19, "space": 0, "layer": "0", "olinetype": "bylayer", "linetype": "", "color": "0,0,0,55", "ocolor": 256, "color24": -1, "transparency": 0, "lweight": -1, "linewidth": 0.0, "ltscale": 1.0, "visible": 1, "thickness": 0.0, "ext": null, "height": 4.0000000000000009, "text": "17", "angle": 33.174917728887074, "widthscale": 13.582537148526169, "oblique": 0.0, "style": "style1", "textgen": 1, "alignh": 0, "alignv": 1, "interlin": 1.0 }, "geometry": { "type": "Point", "coordinates": [ -40.359554873157265, -20.429201029946604, 0.0 ] } },
{ "type": "Feature", "properties": { "fid": 8840, "handle": 773325, "block": -1, "etype": 19, "space": 0, "layer": "0", "olinetype": "bylayer", "linetype": "", "color": "0,0,0,55", "ocolor": 256, "color24": -1, "transparency": 0, "lweight": -1, "linewidth": 0.0, "ltscale": 1.0, "visible": 1, "thickness": 0.0, "ext": null, "height": 4.0000000000000009, "text": "18", "angle": 33.174917728887074, "widthscale": 13.582537148526169, "oblique": 0.0, "style": "style1", "textgen": 1, "alignh": 0, "alignv": 1, "interlin": 1.0 }, "geometry": { "type": "Point", "coordinates": [ -40.359290502040047, -20.429378849834638, 0.0 ] } },
{ "type": "Feature", "properties": { "fid": 8841, "handle": 773326, "block": -1, "etype": 19, "space": 0, "layer": "0", "olinetype": "bylayer", "linetype": "", "color": "0,0,0,55", "ocolor": 256, "color24": -1, "transparency": 0, "lweight": -1, "linewidth": 0.0, "ltscale": 1.0, "visible": 1, "thickness": 0.0, "ext": null, "height": 4.0000000000000009, "text": "6", "angle": 33.174917728887074, "widthscale": 13.582537148526169, "oblique": 0.0, "style": "style1", "textgen": 1, "alignh": 0, "alignv": 1, "interlin": 1.0 }, "geometry": { "type": "Point", "coordinates": [ -40.359788925220492, -20.429678466260786, 0.0 ] } },
{ "type": "Feature", "properties": { "fid": 8842, "handle": 773327, "block": -1, "etype": 19, "space": 0, "layer": "0", "olinetype": "bylayer", "linetype": "", "color": "0,0,0,55", "ocolor": 256, "color24": -1, "transparency": 0, "lweight": -1, "linewidth": 0.0, "ltscale": 1.0, "visible": 1, "thickness": 0.0, "ext": null, "height": 4.0000000000000009, "text": "8", "angle": 33.174917728887074, "widthscale": 13.582537148526169, "oblique": 0.0, "style": "style1", "textgen": 1, "alignh": 0, "alignv": 1, "interlin": 1.0 }, "geometry": { "type": "Point", "coordinates": [ -40.359705593084364, -20.429624941480789, 0.0 ] } },
{ "type": "Feature", "properties": { "fid": 8843, "handle": 773328, "block": -1, "etype": 19, "space": 0, "layer": "0", "olinetype": "bylayer", "linetype": "", "color": "0,0,0,55", "ocolor": 256, "color24": -1, "transparency": 0, "lweight": -1, "linewidth": 0.0, "ltscale": 1.0, "visible": 1, "thickness": 0.0, "ext": null, "height": 4.0000000000000009, "text": "10", "angle": 33.174917728887074, "widthscale": 13.582537148526169, "oblique": 0.0, "style": "style1", "textgen": 1, "alignh": 0, "alignv": 1, "interlin": 1.0 }, "geometry": { "type": "Point", "coordinates": [ -40.359637310453358, -20.429585761917487, 0.0 ] } },
{ "type": "Feature", "properties": { "fid": 8844, "handle": 773329, "block": -1, "etype": 19, "space": 0, "layer": "0", "olinetype": "bylayer", "linetype": "", "color": "0,0,0,55", "ocolor": 256, "color24": -1, "transparency": 0, "lweight": -1, "linewidth": 0.0, "ltscale": 1.0, "visible": 1, "thickness": 0.0, "ext": null, "height": 4.0000000000000009, "text": "12", "angle": 33.174917728887074, "widthscale": 13.582537148526169, "oblique": 0.0, "style": "style1", "textgen": 1, "alignh": 0, "alignv": 1, "interlin": 1.0 }, "geometry": { "type": "Point", "coordinates": [ -40.359554522101249, -20.429542856495544, 0.0 ] } },
{ "type": "Feature", "properties": { "fid": 8845, "handle": 773330, "block": -1, "etype": 19, "space": 0, "layer": "0", "olinetype": "bylayer", "linetype": "", "color": "0,0,0,55", "ocolor": 256, "color24": -1, "transparency": 0, "lweight": -1, "linewidth": 0.0, "ltscale": 1.0, "visible": 1, "thickness": 0.0, "ext": null, "height": 4.0000000000000009, "text": "14", "angle": 33.174917728887074, "widthscale": 13.582537148526169, "oblique": 0.0, "style": "style1", "textgen": 1, "alignh": 0, "alignv": 1, "interlin": 1.0 }, "geometry": { "type": "Point", "coordinates": [ -40.359476280251428, -20.429489872181751, 0.0 ] } },
{ "type": "Feature", "properties": { "fid": 8846, "handle": 773331, "block": -1, "etype": 19, "space": 0, "layer": "0", "olinetype": "bylayer", "linetype": "", "color": "0,0,0,55", "ocolor": 256, "color24": -1, "transparency": 0, "lweight": -1, "linewidth": 0.0, "ltscale": 1.0, "visible": 1, "thickness": 0.0, "ext": null, "height": 4.0000000000000009, "text": "16", "angle": 33.174917728887074, "widthscale": 13.582537148526169, "oblique": 0.0, "style": "style1", "textgen": 1, "alignh": 0, "alignv": 1, "interlin": 1.0 }, "geometry": { "type": "Point", "coordinates": [ -40.359391133775325, -20.429442952903319, 0.0 ] } },
{ "type": "Feature", "properties": { "fid": 8847, "handle": 773332, "block": -1, "etype": 19, "space": 0, "layer": "0", "olinetype": "bylayer", "linetype": "", "color": "0,0,0,55", "ocolor": 256, "color24": -1, "transparency": 0, "lweight": -1, "linewidth": 0.0, "ltscale": 1.0, "visible": 1, "thickness": 0.0, "ext": null, "height": 4.0000000000000009, "text": "20", "angle": 33.174917728887074, "widthscale": 13.582537148526169, "oblique": 0.0, "style": "style1", "textgen": 1, "alignh": 0, "alignv": 1, "interlin": 1.0 }, "geometry": { "type": "Point", "coordinates": [ -40.359057951913066, -20.429336173652544, 0.0 ] } },
{ "type": "Feature", "properties": { "fid": 8848, "handle": 773333, "block": -1, "etype": 19, "space": 0, "layer": "0", "olinetype": "bylayer", "linetype": "", "color": "0,0,0,55", "ocolor": 256, "color24": -1, "transparency": 0, "lweight": -1, "linewidth": 0.0, "ltscale": 1.0, "visible": 1, "thickness": 0.0, "ext": null, "height": 4.0000000000000009, "text": "21", "angle": 33.174917728887074, "widthscale": 13.582537148526169, "oblique": 0.0, "style": "style1", "textgen": 1, "alignh": 0, "alignv": 1, "interlin": 1.0 }, "geometry": { "type": "Point", "coordinates": [ -40.359114528901628, -20.429257682949174, 0.0 ] } },
{ "type": "Feature", "properties": { "fid": 8849, "handle": 773334, "block": -1, "etype": 19, "space": 0, "layer": "0", "olinetype": "bylayer", "linetype": "", "color": "0,0,0,55", "ocolor": 256, "color24": -1, "transparency": 0, "lweight": -1, "linewidth": 0.0, "ltscale": 1.0, "visible": 1, "thickness": 0.0, "ext": null, "height": 4.0000000000000009, "text": "22", "angle": 33.174917728887074, "widthscale": 13.582537148526169, "oblique": 0.0, "style": "style1", "textgen": 1, "alignh": 0, "alignv": 1, "interlin": 1.0 }, "geometry": { "type": "Point", "coordinates": [ -40.359164389862791, -20.4291818600366, 0.0 ] } },
{ "type": "Feature", "properties": { "fid": 8850, "handle": 773335, "block": -1, "etype": 19, "space": 0, "layer": "0", "olinetype": "bylayer", "linetype": "", "color": "0,0,0,55", "ocolor": 256, "color24": -1, "transparency": 0, "lweight": -1, "linewidth": 0.0, "ltscale": 1.0, "visible": 1, "thickness": 0.0, "ext": null, "height": 4.0000000000000009, "text": "23", "angle": 33.174917728887074, "widthscale": 13.582537148526169, "oblique": 0.0, "style": "style1", "textgen": 1, "alignh": 0, "alignv": 1, "interlin": 1.0 }, "geometry": { "type": "Point", "coordinates": [ -40.359221398690629, -20.429112645893344, 0.0 ] } },
{ "type": "Feature", "properties": { "fid": 8851, "handle": 773336, "block": -1, "etype": 19, "space": 0, "layer": "0", "olinetype": "bylayer", "linetype": "", "color": "0,0,0,55", "ocolor": 256, "color24": -1, "transparency": 0, "lweight": -1, "linewidth": 0.0, "ltscale": 1.0, "visible": 1, "thickness": 0.0, "ext": null, "height": 4.0000000000000009, "text": "24", "angle": 33.174917728887074, "widthscale": 13.582537148526169, "oblique": 0.0, "style": "style1", "textgen": 1, "alignh": 0, "alignv": 1, "interlin": 1.0 }, "geometry": { "type": "Point", "coordinates": [ -40.359269585896165, -20.429034680433929, 0.0 ] } },
{ "type": "Feature", "properties": { "fid": 8852, "handle": 773337, "block": -1, "etype": 19, "space": 0, "layer": "0", "olinetype": "bylayer", "linetype": "", "color": "0,0,0,55", "ocolor": 256, "color24": -1, "transparency": 0, "lweight": -1, "linewidth": 0.0, "ltscale": 1.0, "visible": 1, "thickness": 0.0, "ext": null, "height": 4.0000000000000009, "text": "25", "angle": 33.174917728887074, "widthscale": 13.582537148526169, "oblique": 0.0, "style": "style1", "textgen": 1, "alignh": 0, "alignv": 1, "interlin": 1.0 }, "geometry": { "type": "Point", "coordinates": [ -40.359330404016745, -20.428958961194887, 0.0 ] } },
{ "type": "Feature", "properties": { "fid": 8853, "handle": 773338, "block": -1, "etype": 19, "space": 0, "layer": "0", "olinetype": "bylayer", "linetype": "", "color": "0,0,0,55", "ocolor": 256, "color24": -1, "transparency": 0, "lweight": -1, "linewidth": 0.0, "ltscale": 1.0, "visible": 1, "thickness": 0.0, "ext": null, "height": 4.0000000000000009, "text": "15", "angle": 33.174917728887074, "widthscale": 13.582537148526169, "oblique": 0.0, "style": "style1", "textgen": 1, "alignh": 0, "alignv": 1, "interlin": 1.0 }, "geometry": { "type": "Point", "coordinates": [ -40.359643618079168, -20.429253661306007, 0.0 ] } },
{ "type": "Feature", "properties": { "fid": 8854, "handle": 773339, "block": -1, "etype": 19, "space": 0, "layer": "0", "olinetype": "bylayer", "linetype": "", "color": "0,0,0,55", "ocolor": 256, "color24": -1, "transparency": 0, "lweight": -1, "linewidth": 0.0, "ltscale": 1.0, "visible": 1, "thickness": 0.0, "ext": null, "height": 4.0000000000000009, "text": "19", "angle": 33.174917728887074, "widthscale": 13.582537148526169, "oblique": 0.0, "style": "style1", "textgen": 1, "alignh": 0, "alignv": 1, "interlin": 1.0 }, "geometry": { "type": "Point", "coordinates": [ -40.359460841533753, -20.429145285887529, 0.0 ] } },
{ "type": "Feature", "properties": { "fid": 8855, "handle": 773503, "block": -1, "etype": 19, "space": 0, "layer": "0", "olinetype": "bylayer", "linetype": "", "color": "0,0,0,55", "ocolor": 256, "color24": -1, "transparency": 0, "lweight": -1, "linewidth": 0.0, "ltscale": 1.0, "visible": 1, "thickness": 0.0, "ext": null, "height": 4.0000000000000009, "text": "1", "angle": 33.174917728887074, "widthscale": 13.582537148526169, "oblique": 0.0, "style": "style1", "textgen": 1, "alignh": 0, "alignv": 1, "interlin": 1.0 }, "geometry": { "type": "Point", "coordinates": [ -40.359480409739113, -20.430446148428516, 0.0 ] } },
{ "type": "Feature", "properties": { "fid": 8856, "handle": 773504, "block": -1, "etype": 19, "space": 0, "layer": "0", "olinetype": "bylayer", "linetype": "", "color": "0,0,0,55", "ocolor": 256, "color24": -1, "transparency": 0, "lweight": -1, "linewidth": 0.0, "ltscale": 1.0, "visible": 1, "thickness": 0.0, "ext": null, "height": 4.0000000000000009, "text": "2", "angle": 33.174917728887074, "widthscale": 13.582537148526169, "oblique": 0.0, "style": "style1", "textgen": 1, "alignh": 0, "alignv": 1, "interlin": 1.0 }, "geometry": { "type": "Point", "coordinates": [ -40.359539478035508, -20.430364037328868, 0.0 ] } },
{ "type": "Feature", "properties": { "fid": 8857, "handle": 773505, "block": -1, "etype": 19, "space": 0, "layer": "0", "olinetype": "bylayer", "linetype": "", "color": "0,0,0,55", "ocolor": 256, "color24": -1, "transparency": 0, "lweight": -1, "linewidth": 0.0, "ltscale": 1.0, "visible": 1, "thickness": 0.0, "ext": null, "height": 4.0000000000000009, "text": "5", "angle": 33.174917728887074, "widthscale": 13.582537148526169, "oblique": 0.0, "style": "style1", "textgen": 1, "alignh": 0, "alignv": 1, "interlin": 1.0 }, "geometry": { "type": "Point", "coordinates": [ -40.359596351442249, -20.430289930182141, 0.0 ] } },
{ "type": "Feature", "properties": { "fid": 8858, "handle": 773506, "block": -1, "etype": 19, "space": 0, "layer": "0", "olinetype": "bylayer", "linetype": "", "color": "0,0,0,55", "ocolor": 256, "color24": -1, "transparency": 0, "lweight": -1, "linewidth": 0.0, "ltscale": 1.0, "visible": 1, "thickness": 0.0, "ext": null, "height": 4.0000000000000009, "text": "3", "angle": 33.174917728887074, "widthscale": 13.582537148526169, "oblique": 0.0, "style": "style1", "textgen": 1, "alignh": 0, "alignv": 1, "interlin": 1.0 }, "geometry": { "type": "Point", "coordinates": [ -40.359655472904876, -20.430199607987255, 0.0 ] } },
{ "type": "Feature", "properties": { "fid": 8859, "handle": 773507, "block": -1, "etype": 19, "space": 0, "layer": "0", "olinetype": "bylayer", "linetype": "", "color": "0,0,0,55", "ocolor": 256, "color24": -1, "transparency": 0, "lweight": -1, "linewidth": 0.0, "ltscale": 1.0, "visible": 1, "thickness": 0.0, "ext": null, "height": 4.0000000000000009, "text": "4", "angle": 33.174917728887074, "widthscale": 13.582537148526169, "oblique": 0.0, "style": "style1", "textgen": 1, "alignh": 0, "alignv": 1, "interlin": 1.0 }, "geometry": { "type": "Point", "coordinates": [ -40.359728918609143, -20.430087835871745, 0.0 ] } },
{ "type": "Feature", "properties": { "fid": 8860, "handle": 773508, "block": -1, "etype": 19, "space": 0, "layer": "0", "olinetype": "bylayer", "linetype": "", "color": "0,0,0,55", "ocolor": 256, "color24": -1, "transparency": 0, "lweight": -1, "linewidth": 0.0, "ltscale": 1.0, "visible": 1, "thickness": 0.0, "ext": null, "height": 4.0000000000000009, "text": "7", "angle": 33.174917728887074, "widthscale": 13.582537148526169, "oblique": 0.0, "style": "style1", "textgen": 1, "alignh": 0, "alignv": 1, "interlin": 1.0 }, "geometry": { "type": "Point", "coordinates": [ -40.359546099814033, -20.430034257040273, 0.0 ] } },
{ "type": "Feature", "properties": { "fid": 8861, "handle": 773509, "block": -1, "etype": 19, "space": 0, "layer": "0", "olinetype": "bylayer", "linetype": "", "color": "0,0,0,55", "ocolor": 256, "color24": -1, "transparency": 0, "lweight": -1, "linewidth": 0.0, "ltscale": 1.0, "visible": 1, "thickness": 0.0, "ext": null, "height": 4.0000000000000009, "text": "9", "angle": 33.174917728887074, "widthscale": 13.582537148526169, "oblique": 0.0, "style": "style1", "textgen": 1, "alignh": 0, "alignv": 1, "interlin": 1.0 }, "geometry": { "type": "Point", "coordinates": [ -40.359462857332481, -20.429983640018033, 0.0 ] } },
{ "type": "Feature", "properties": { "fid": 8862, "handle": 773510, "block": -1, "etype": 19, "space": 0, "layer": "0", "olinetype": "bylayer", "linetype": "", "color": "0,0,0,55", "ocolor": 256, "color24": -1, "transparency": 0, "lweight": -1, "linewidth": 0.0, "ltscale": 1.0, "visible": 1, "thickness": 0.0, "ext": null, "height": 4.0000000000000009, "text": "11", "angle": 33.174917728887074, "widthscale": 13.582537148526169, "oblique": 0.0, "style": "style1", "textgen": 1, "alignh": 0, "alignv": 1, "interlin": 1.0 }, "geometry": { "type": "Point", "coordinates": [ -40.359397412029224, -20.429940770711895, 0.0 ] } },
{ "type": "Feature", "properties": { "fid": 8863, "handle": 773511, "block": -1, "etype": 19, "space": 0, "layer": "0", "olinetype": "bylayer", "linetype": "", "color": "0,0,0,55", "ocolor": 256, "color24": -1, "transparency": 0, "lweight": -1, "linewidth": 0.0, "ltscale": 1.0, "visible": 1, "thickness": 0.0, "ext": null, "height": 4.0000000000000009, "text": "13", "angle": 33.174917728887074, "widthscale": 13.582537148526169, "oblique": 0.0, "style": "style1", "textgen": 1, "alignh": 0, "alignv": 1, "interlin": 1.0 }, "geometry": { "type": "Point", "coordinates": [ -40.359319277636615, -20.429895567309018, 0.0 ] } },
{ "type": "Feature", "properties": { "fid": 8864, "handle": 773512, "block": -1, "etype": 19, "space": 0, "layer": "0", "olinetype": "bylayer", "linetype": "", "color": "0,0,0,55", "ocolor": 256, "color24": -1, "transparency": 0, "lweight": -1, "linewidth": 0.0, "ltscale": 1.0, "visible": 1, "thickness": 0.0, "ext": null, "height": 4.0000000000000009, "text": "17", "angle": 33.174917728887074, "widthscale": 13.582537148526169, "oblique": 0.0, "style": "style1", "textgen": 1, "alignh": 0, "alignv": 1, "interlin": 1.0 }, "geometry": { "type": "Point", "coordinates": [ -40.359148876641889, -20.429793947541256, 0.0 ] } },
{ "type": "Feature", "properties": { "fid": 8865, "handle": 773513, "block": -1, "etype": 19, "space": 0, "layer": "0", "olinetype": "bylayer", "linetype": "", "color": "0,0,0,55", "ocolor": 256, "color24": -1, "transparency": 0, "lweight": -1, "linewidth": 0.0, "ltscale": 1.0, "visible": 1, "thickness": 0.0, "ext": null, "height": 4.0000000000000009, "text": "18", "angle": 33.174917728887074, "widthscale": 13.582537148526169, "oblique": 0.0, "style": "style1", "textgen": 1, "alignh": 0, "alignv": 1, "interlin": 1.0 }, "geometry": { "type": "Point", "coordinates": [ -40.358884504048447, -20.429971766884567, 0.0 ] } },
{ "type": "Feature", "properties": { "fid": 8866, "handle": 773514, "block": -1, "etype": 19, "space": 0, "layer": "0", "olinetype": "bylayer", "linetype": "", "color": "0,0,0,55", "ocolor": 256, "color24": -1, "transparency": 0, "lweight": -1, "linewidth": 0.0, "ltscale": 1.0, "visible": 1, "thickness": 0.0, "ext": null, "height": 4.0000000000000009, "text": "6", "angle": 33.174917728887074, "widthscale": 13.582537148526169, "oblique": 0.0, "style": "style1", "textgen": 1, "alignh": 0, "alignv": 1, "interlin": 1.0 }, "geometry": { "type": "Point", "coordinates": [ -40.359382928500395, -20.430271384389982, 0.0 ] } },
{ "type": "Feature", "properties": { "fid": 8867, "handle": 773515, "block": -1, "etype": 19, "space": 0, "layer": "0", "olinetype": "bylayer", "linetype": "", "color": "0,0,0,55", "ocolor": 256, "color24": -1, "transparency": 0, "lweight": -1, "linewidth": 0.0, "ltscale": 1.0, "visible": 1, "thickness": 0.0, "ext": null, "height": 4.0000000000000009, "text": "8", "angle": 33.174917728887074, "widthscale": 13.582537148526169, "oblique": 0.0, "style": "style1", "textgen": 1, "alignh": 0, "alignv": 1, "interlin": 1.0 }, "geometry": { "type": "Point", "coordinates": [ -40.35929959615985, -20.430217859429252, 0.0 ] } },
{ "type": "Feature", "properties": { "fid": 8868, "handle": 773516, "block": -1, "etype": 19, "space": 0, "layer": "0", "olinetype": "bylayer", "linetype": "", "color": "0,0,0,55", "ocolor": 256, "color24": -1, "transparency": 0, "lweight": -1, "linewidth": 0.0, "ltscale": 1.0, "visible": 1, "thickness": 0.0, "ext": null, "height": 4.0000000000000009, "text": "10", "angle": 33.174917728887074, "widthscale": 13.582537148526169, "oblique": 0.0, "style": "style1", "textgen": 1, "alignh": 0, "alignv": 1, "interlin": 1.0 }, "geometry": { "type": "Point", "coordinates": [ -40.3592313133502, -20.430178679718278, 0.0 ] } },
{ "type": "Feature", "properties": { "fid": 8869, "handle": 773517, "block": -1, "etype": 19, "space": 0, "layer": "0", "olinetype": "bylayer", "linetype": "", "color": "0,0,0,55", "ocolor": 256, "color24": -1, "transparency": 0, "lweight": -1, "linewidth": 0.0, "ltscale": 1.0, "visible": 1, "thickness": 0.0, "ext": null, "height": 4.0000000000000009, "text": "12", "angle": 33.174917728887074, "widthscale": 13.582537148526169, "oblique": 0.0, "style": "style1", "textgen": 1, "alignh": 0, "alignv": 1, "interlin": 1.0 }, "geometry": { "type": "Point", "coordinates": [ -40.359148524770568, -20.430135774117581, 0.0 ] } },
{ "type": "Feature", "properties": { "fid": 8870, "handle": 773518, "block": -1, "etype": 19, "space": 0, "layer": "0", "olinetype": "bylayer", "linetype": "", "color": "0,0,0,55", "ocolor": 256, "color24": -1, "transparency": 0, "lweight": -1, "linewidth": 0.0, "ltscale": 1.0, "visible": 1, "thickness": 0.0, "ext": null, "height": 4.0000000000000009, "text": "14", "angle": 33.174917728887074, "widthscale": 13.582537148526169, "oblique": 0.0, "style": "style1", "textgen": 1, "alignh": 0, "alignv": 1, "interlin": 1.0 }, "geometry": { "type": "Point", "coordinates": [ -40.359070282735317, -20.430082789633889, 0.0 ] } },
{ "type": "Feature", "properties": { "fid": 8871, "handle": 773519, "block": -1, "etype": 19, "space": 0, "layer": "0", "olinetype": "bylayer", "linetype": "", "color": "0,0,0,55", "ocolor": 256, "color24": -1, "transparency": 0, "lweight": -1, "linewidth": 0.0, "ltscale": 1.0, "visible": 1, "thickness": 0.0, "ext": null, "height": 4.0000000000000009, "text": "16", "angle": 33.174917728887074, "widthscale": 13.582537148526169, "oblique": 0.0, "style": "style1", "textgen": 1, "alignh": 0, "alignv": 1, "interlin": 1.0 }, "geometry": { "type": "Point", "coordinates": [ -40.358985136031848, -20.430035870171455, 0.0 ] } },
{ "type": "Feature", "properties": { "fid": 8872, "handle": 773520, "block": -1, "etype": 19, "space": 0, "layer": "0", "olinetype": "bylayer", "linetype": "", "color": "0,0,0,55", "ocolor": 256, "color24": -1, "transparency": 0, "lweight": -1, "linewidth": 0.0, "ltscale": 1.0, "visible": 1, "thickness": 0.0, "ext": null, "height": 4.0000000000000009, "text": "20", "angle": 33.174917728887074, "widthscale": 13.582537148526169, "oblique": 0.0, "style": "style1", "textgen": 1, "alignh": 0, "alignv": 1, "interlin": 1.0 }, "geometry": { "type": "Point", "coordinates": [ -40.358651953096995, -20.42992909020688, 0.0 ] } },
{ "type": "Feature", "properties": { "fid": 8873, "handle": 773521, "block": -1, "etype": 19, "space": 0, "layer": "0", "olinetype": "bylayer", "linetype": "", "color": "0,0,0,55", "ocolor": 256, "color24": -1, "transparency": 0, "lweight": -1, "linewidth": 0.0, "ltscale": 1.0, "visible": 1, "thickness": 0.0, "ext": null, "height": 4.0000000000000009, "text": "21", "angle": 33.174917728887074, "widthscale": 13.582537148526169, "oblique": 0.0, "style": "style1", "textgen": 1, "alignh": 0, "alignv": 1, "interlin": 1.0 }, "geometry": { "type": "Point", "coordinates": [ -40.358708530497786, -20.429850599616756, 0.0 ] } },
{ "type": "Feature", "properties": { "fid": 8874, "handle": 773522, "block": -1, "etype": 19, "space": 0, "layer": "0", "olinetype": "bylayer", "linetype": "", "color": "0,0,0,55", "ocolor": 256, "color24": -1, "transparency": 0, "lweight": -1, "linewidth": 0.0, "ltscale": 1.0, "visible": 1, "thickness": 0.0, "ext": null, "height": 4.0000000000000009, "text": "22", "angle": 33.174917728887074, "widthscale": 13.582537148526169, "oblique": 0.0, "style": "style1", "textgen": 1, "alignh": 0, "alignv": 1, "interlin": 1.0 }, "geometry": { "type": "Point", "coordinates": [ -40.358758391838045, -20.429774776803473, 0.0 ] } },
{ "type": "Feature", "properties": { "fid": 8875, "handle": 773523, "block": -1, "etype": 19, "space": 0, "layer": "0", "olinetype": "bylayer", "linetype": "", "color": "0,0,0,55", "ocolor": 256, "color24": -1, "transparency": 0, "lweight": -1, "linewidth": 0.0, "ltscale": 1.0, "visible": 1, "thickness": 0.0, "ext": null, "height": 4.0000000000000009, "text": "23", "angle": 33.174917728887074, "widthscale": 13.582537148526169, "oblique": 0.0, "style": "style1", "textgen": 1, "alignh": 0, "alignv": 1, "interlin": 1.0 }, "geometry": { "type": "Point", "coordinates": [ -40.358815401057718, -20.429705562775123, 0.0 ] } },
{ "type": "Feature", "properties": { "fid": 8876, "handle": 773524, "block": -1, "etype": 19, "space": 0, "layer": "0", "olinetype": "bylayer", "linetype": "", "color": "0,0,0,55", "ocolor": 256, "color24": -1, "transparency": 0, "lweight": -1, "linewidth": 0.0, "ltscale": 1.0, "visible": 1, "thickness": 0.0, "ext": null, "height": 4.0000000000000009, "text": "24", "angle": 33.174917728887074, "widthscale": 13.582537148526169, "oblique": 0.0, "style": "style1", "textgen": 1, "alignh": 0, "alignv": 1, "interlin": 1.0 }, "geometry": { "type": "Point", "coordinates": [ -40.358863588640808, -20.429627597411233, 0.0 ] } },
{ "type": "Feature", "properties": { "fid": 8877, "handle": 773525, "block": -1, "etype": 19, "space": 0, "layer": "0", "olinetype": "bylayer", "linetype": "", "color": "0,0,0,55", "ocolor": 256, "color24": -1, "transparency": 0, "lweight": -1, "linewidth": 0.0, "ltscale": 1.0, "visible": 1, "thickness": 0.0, "ext": null, "height": 4.0000000000000009, "text": "25", "angle": 33.174917728887074, "widthscale": 13.582537148526169, "oblique": 0.0, "style": "style1", "textgen": 1, "alignh": 0, "alignv": 1, "interlin": 1.0 }, "geometry": { "type": "Point", "coordinates": [ -40.358924407183885, -20.429551878294625, 0.0 ] } },
{ "type": "Feature", "properties": { "fid": 8878, "handle": 773526, "block": -1, "etype": 19, "space": 0, "layer": "0", "olinetype": "bylayer", "linetype": "", "color": "0,0,0,55", "ocolor": 256, "color24": -1, "transparency": 0, "lweight": -1, "linewidth": 0.0, "ltscale": 1.0, "visible": 1, "thickness": 0.0, "ext": null, "height": 4.0000000000000009, "text": "15", "angle": 33.174917728887074, "widthscale": 13.582537148526169, "oblique": 0.0, "style": "style1", "textgen": 1, "alignh": 0, "alignv": 1, "interlin": 1.0 }, "geometry": { "type": "Point", "coordinates": [ -40.359237621791898, -20.429846579092729, 0.0 ] } },
{ "type": "Feature", "properties": { "fid": 8879, "handle": 773527, "block": -1, "etype": 19, "space": 0, "layer": "0", "olinetype": "bylayer", "linetype": "", "color": "0,0,0,55", "ocolor": 256, "color24": -1, "transparency": 0, "lweight": -1, "linewidth": 0.0, "ltscale": 1.0, "visible": 1, "thickness": 0.0, "ext": null, "height": 4.0000000000000009, "text": "19", "angle": 33.174917728887074, "widthscale": 13.582537148526169, "oblique": 0.0, "style": "style1", "textgen": 1, "alignh": 0, "alignv": 1, "interlin": 1.0 }, "geometry": { "type": "Point", "coordinates": [ -40.359054844776658, -20.429738203278603, 0.0 ] } },
{ "type": "Feature", "properties": { "fid": 8880, "handle": 773623, "block": -1, "etype": 19, "space": 0, "layer": "0", "olinetype": "bylayer", "linetype": "", "color": "0,0,0,55", "ocolor": 256, "color24": -1, "transparency": 0, "lweight": -1, "linewidth": 0.0, "ltscale": 1.0, "visible": 1, "thickness": 0.0, "ext": null, "height": 4.0000000000000009, "text": "1", "angle": 33.174917819707311, "widthscale": 13.582537148526169, "oblique": 0.0, "style": "style1", "textgen": 1, "alignh": 0, "alignv": 1, "interlin": 1.0 }, "geometry": { "type": "Point", "coordinates": [ -40.35910431260308, -20.430990232628339, 0.0 ] } },
{ "type": "Feature", "properties": { "fid": 8881, "handle": 773624, "block": -1, "etype": 19, "space": 0, "layer": "0", "olinetype": "bylayer", "linetype": "", "color": "0,0,0,55", "ocolor": 256, "color24": -1, "transparency": 0, "lweight": -1, "linewidth": 0.0, "ltscale": 1.0, "visible": 1, "thickness": 0.0, "ext": null, "height": 4.0000000000000009, "text": "2", "angle": 33.174917819707311, "widthscale": 13.582537148526169, "oblique": 0.0, "style": "style1", "textgen": 1, "alignh": 0, "alignv": 1, "interlin": 1.0 }, "geometry": { "type": "Point", "coordinates": [ -40.359163381296867, -20.430908121638396, 0.0 ] } },
{ "type": "Feature", "properties": { "fid": 8882, "handle": 773625, "block": -1, "etype": 19, "space": 0, "layer": "0", "olinetype": "bylayer", "linetype": "", "color": "0,0,0,55", "ocolor": 256, "color24": -1, "transparency": 0, "lweight": -1, "linewidth": 0.0, "ltscale": 1.0, "visible": 1, "thickness": 0.0, "ext": null, "height": 4.0000000000000009, "text": "3", "angle": 33.174917819707311, "widthscale": 13.582537148526169, "oblique": 0.0, "style": "style1", "textgen": 1, "alignh": 0, "alignv": 1, "interlin": 1.0 }, "geometry": { "type": "Point", "coordinates": [ -40.359220255075272, -20.430834014597639, 0.0 ] } },
{ "type": "Feature", "properties": { "fid": 8883, "handle": 773626, "block": -1, "etype": 19, "space": 0, "layer": "0", "olinetype": "bylayer", "linetype": "", "color": "0,0,0,55", "ocolor": 256, "color24": -1, "transparency": 0, "lweight": -1, "linewidth": 0.0, "ltscale": 1.0, "visible": 1, "thickness": 0.0, "ext": null, "height": 4.0000000000000009, "text": "4", "angle": 33.174917819707311, "widthscale": 13.582537148526169, "oblique": 0.0, "style": "style1", "textgen": 1, "alignh": 0, "alignv": 1, "interlin": 1.0 }, "geometry": { "type": "Point", "coordinates": [ -40.359272174367405, -20.430764259889642, 0.0 ] } },
{ "type": "Feature", "properties": { "fid": 8884, "handle": 773627, "block": -1, "etype": 19, "space": 0, "layer": "0", "olinetype": "bylayer", "linetype": "", "color": "0,0,0,55", "ocolor": 256, "color24": -1, "transparency": 0, "lweight": -1, "linewidth": 0.0, "ltscale": 1.0, "visible": 1, "thickness": 0.0, "ext": null, "height": 4.0000000000000009, "text": "5", "angle": 33.174917819707311, "widthscale": 13.582537148526169, "oblique": 0.0, "style": "style1", "textgen": 1, "alignh": 0, "alignv": 1, "interlin": 1.0 }, "geometry": { "type": "Point", "coordinates": [ -40.359326697645095, -20.430685024825831, 0.0 ] } },
{ "type": "Feature", "properties": { "fid": 8885, "handle": 773628, "block": -1, "etype": 19, "space": 0, "layer": "0", "olinetype": "bylayer", "linetype": "", "color": "0,0,0,55", "ocolor": 256, "color24": -1, "transparency": 0, "lweight": -1, "linewidth": 0.0, "ltscale": 1.0, "visible": 1, "thickness": 0.0, "ext": null, "height": 4.0000000000000009, "text": "6", "angle": 33.174917819707311, "widthscale": 13.582537148526169, "oblique": 0.0, "style": "style1", "textgen": 1, "alignh": 0, "alignv": 1, "interlin": 1.0 }, "geometry": { "type": "Point", "coordinates": [ -40.359373507519486, -20.430608455169995, 0.0 ] } },
{ "type": "Feature", "properties": { "fid": 8886, "handle": 773629, "block": -1, "etype": 19, "space": 0, "layer": "0", "olinetype": "bylayer", "linetype": "", "color": "0,0,0,55", "ocolor": 256, "color24": -1, "transparency": 0, "lweight": -1, "linewidth": 0.0, "ltscale": 1.0, "visible": 1, "thickness": 0.0, "ext": null, "height": 4.0000000000000009, "text": "8", "angle": 33.174917819707311, "widthscale": 13.582537148526169, "oblique": 0.0, "style": "style1", "textgen": 1, "alignh": 0, "alignv": 1, "interlin": 1.0 }, "geometry": { "type": "Point", "coordinates": [ -40.359163009667057, -20.430579411836749, 0.0 ] } },
{ "type": "Feature", "properties": { "fid": 8887, "handle": 773630, "block": -1, "etype": 19, "space": 0, "layer": "0", "olinetype": "bylayer", "linetype": "", "color": "0,0,0,55", "ocolor": 256, "color24": -1, "transparency": 0, "lweight": -1, "linewidth": 0.0, "ltscale": 1.0, "visible": 1, "thickness": 0.0, "ext": null, "height": 4.0000000000000009, "text": "10", "angle": 33.174917819707311, "widthscale": 13.582537148526169, "oblique": 0.0, "style": "style1", "textgen": 1, "alignh": 0, "alignv": 1, "interlin": 1.0 }, "geometry": { "type": "Point", "coordinates": [ -40.359090641708598, -20.430537734455189, 0.0 ] } },
{ "type": "Feature", "properties": { "fid": 8888, "handle": 773631, "block": -1, "etype": 19, "space": 0, "layer": "0", "olinetype": "bylayer", "linetype": "", "color": "0,0,0,55", "ocolor": 256, "color24": -1, "transparency": 0, "lweight": -1, "linewidth": 0.0, "ltscale": 1.0, "visible": 1, "thickness": 0.0, "ext": null, "height": 4.0000000000000009, "text": "12", "angle": 33.174917819707311, "widthscale": 13.582537148526169, "oblique": 0.0, "style": "style1", "textgen": 1, "alignh": 0, "alignv": 1, "interlin": 1.0 }, "geometry": { "type": "Point", "coordinates": [ -40.359014321548038, -20.430485925203119, 0.0 ] } },
{ "type": "Feature", "properties": { "fid": 8889, "handle": 773632, "block": -1, "etype": 19, "space": 0, "layer": "0", "olinetype": "bylayer", "linetype": "", "color": "0,0,0,55", "ocolor": 256, "color24": -1, "transparency": 0, "lweight": -1, "linewidth": 0.0, "ltscale": 1.0, "visible": 1, "thickness": 0.0, "ext": null, "height": 4.0000000000000009, "text": "14", "angle": 33.174917819707311, "widthscale": 13.582537148526169, "oblique": 0.0, "style": "style1", "textgen": 1, "alignh": 0, "alignv": 1, "interlin": 1.0 }, "geometry": { "type": "Point", "coordinates": [ -40.358936186970965, -20.430440721640085, 0.0 ] } },
{ "type": "Feature", "properties": { "fid": 8890, "handle": 773633, "block": -1, "etype": 19, "space": 0, "layer": "0", "olinetype": "bylayer", "linetype": "", "color": "0,0,0,55", "ocolor": 256, "color24": -1, "transparency": 0, "lweight": -1, "linewidth": 0.0, "ltscale": 1.0, "visible": 1, "thickness": 0.0, "ext": null, "height": 4.0000000000000009, "text": "18", "angle": 33.174917819707311, "widthscale": 13.582537148526169, "oblique": 0.0, "style": "style1", "textgen": 1, "alignh": 0, "alignv": 1, "interlin": 1.0 }, "geometry": { "type": "Point", "coordinates": [ -40.358765785580793, -20.430339101522918, 0.0 ] } },
{ "type": "Feature", "properties": { "fid": 8891, "handle": 773634, "block": -1, "etype": 19, "space": 0, "layer": "0", "olinetype": "bylayer", "linetype": "", "color": "0,0,0,55", "ocolor": 256, "color24": -1, "transparency": 0, "lweight": -1, "linewidth": 0.0, "ltscale": 1.0, "visible": 1, "thickness": 0.0, "ext": null, "height": 4.0000000000000009, "text": "20", "angle": 33.174917819707311, "widthscale": 13.582537148526169, "oblique": 0.0, "style": "style1", "textgen": 1, "alignh": 0, "alignv": 1, "interlin": 1.0 }, "geometry": { "type": "Point", "coordinates": [ -40.358674195634521, -20.430285670444807, 0.0 ] } },
{ "type": "Feature", "properties": { "fid": 8892, "handle": 773635, "block": -1, "etype": 19, "space": 0, "layer": "0", "olinetype": "bylayer", "linetype": "", "color": "0,0,0,55", "ocolor": 256, "color24": -1, "transparency": 0, "lweight": -1, "linewidth": 0.0, "ltscale": 1.0, "visible": 1, "thickness": 0.0, "ext": null, "height": 4.0000000000000009, "text": "19", "angle": 33.174917819707311, "widthscale": 13.582537148526169, "oblique": 0.0, "style": "style1", "textgen": 1, "alignh": 0, "alignv": 1, "interlin": 1.0 }, "geometry": { "type": "Point", "coordinates": [ -40.358501411617432, -20.430516920350701, 0.0 ] } },
{ "type": "Feature", "properties": { "fid": 8893, "handle": 773636, "block": -1, "etype": 19, "space": 0, "layer": "0", "olinetype": "bylayer", "linetype": "", "color": "0,0,0,55", "ocolor": 256, "color24": -1, "transparency": 0, "lweight": -1, "linewidth": 0.0, "ltscale": 1.0, "visible": 1, "thickness": 0.0, "ext": null, "height": 4.0000000000000009, "text": "7", "angle": 33.174917819707311, "widthscale": 13.582537148526169, "oblique": 0.0, "style": "style1", "textgen": 1, "alignh": 0, "alignv": 1, "interlin": 1.0 }, "geometry": { "type": "Point", "coordinates": [ -40.358999837220765, -20.430816538878418, 0.0 ] } },
{ "type": "Feature", "properties": { "fid": 8894, "handle": 773637, "block": -1, "etype": 19, "space": 0, "layer": "0", "olinetype": "bylayer", "linetype": "", "color": "0,0,0,55", "ocolor": 256, "color24": -1, "transparency": 0, "lweight": -1, "linewidth": 0.0, "ltscale": 1.0, "visible": 1, "thickness": 0.0, "ext": null, "height": 4.0000000000000009, "text": "9", "angle": 33.174917819707311, "widthscale": 13.582537148526169, "oblique": 0.0, "style": "style1", "textgen": 1, "alignh": 0, "alignv": 1, "interlin": 1.0 }, "geometry": { "type": "Point", "coordinates": [ -40.358916504695458, -20.430763013746486, 0.0 ] } },
{ "type": "Feature", "properties": { "fid": 8895, "handle": 773638, "block": -1, "etype": 19, "space": 0, "layer": "0", "olinetype": "bylayer", "linetype": "", "color": "0,0,0,55", "ocolor": 256, "color24": -1, "transparency": 0, "lweight": -1, "linewidth": 0.0, "ltscale": 1.0, "visible": 1, "thickness": 0.0, "ext": null, "height": 4.0000000000000009, "text": "11", "angle": 33.174917819707311, "widthscale": 13.582537148526169, "oblique": 0.0, "style": "style1", "textgen": 1, "alignh": 0, "alignv": 1, "interlin": 1.0 }, "geometry": { "type": "Point", "coordinates": [ -40.358834525538718, -20.430715459458089, 0.0 ] } },
{ "type": "Feature", "properties": { "fid": 8896, "handle": 773639, "block": -1, "etype": 19, "space": 0, "layer": "0", "olinetype": "bylayer", "linetype": "", "color": "0,0,0,55", "ocolor": 256, "color24": -1, "transparency": 0, "lweight": -1, "linewidth": 0.0, "ltscale": 1.0, "visible": 1, "thickness": 0.0, "ext": null, "height": 4.0000000000000009, "text": "13", "angle": 33.174917819707311, "widthscale": 13.582537148526169, "oblique": 0.0, "style": "style1", "textgen": 1, "alignh": 0, "alignv": 1, "interlin": 1.0 }, "geometry": { "type": "Point", "coordinates": [ -40.35876543293751, -20.43068092812565, 0.0 ] } },
{ "type": "Feature", "properties": { "fid": 8897, "handle": 773640, "block": -1, "etype": 19, "space": 0, "layer": "0", "olinetype": "bylayer", "linetype": "", "color": "0,0,0,55", "ocolor": 256, "color24": -1, "transparency": 0, "lweight": -1, "linewidth": 0.0, "ltscale": 1.0, "visible": 1, "thickness": 0.0, "ext": null, "height": 4.0000000000000009, "text": "15", "angle": 33.174917819707311, "widthscale": 13.582537148526169, "oblique": 0.0, "style": "style1", "textgen": 1, "alignh": 0, "alignv": 1, "interlin": 1.0 }, "geometry": { "type": "Point", "coordinates": [ -40.358687190734933, -20.430627943481014, 0.0 ] } },
{ "type": "Feature", "properties": { "fid": 8898, "handle": 773641, "block": -1, "etype": 19, "space": 0, "layer": "0", "olinetype": "bylayer", "linetype": "", "color": "0,0,0,55", "ocolor": 256, "color24": -1, "transparency": 0, "lweight": -1, "linewidth": 0.0, "ltscale": 1.0, "visible": 1, "thickness": 0.0, "ext": null, "height": 4.0000000000000009, "text": "17", "angle": 33.174917819707311, "widthscale": 13.582537148526169, "oblique": 0.0, "style": "style1", "textgen": 1, "alignh": 0, "alignv": 1, "interlin": 1.0 }, "geometry": { "type": "Point", "coordinates": [ -40.358602043825144, -20.430581023844272, 0.0 ] } },
{ "type": "Feature", "properties": { "fid": 8899, "handle": 773642, "block": -1, "etype": 19, "space": 0, "layer": "0", "olinetype": "bylayer", "linetype": "", "color": "0,0,0,55", "ocolor": 256, "color24": -1, "transparency": 0, "lweight": -1, "linewidth": 0.0, "ltscale": 1.0, "visible": 1, "thickness": 0.0, "ext": null, "height": 4.0000000000000009, "text": "21", "angle": 33.174917819707311, "widthscale": 13.582537148526169, "oblique": 0.0, "style": "style1", "textgen": 1, "alignh": 0, "alignv": 1, "interlin": 1.0 }, "geometry": { "type": "Point", "coordinates": [ -40.358268859909877, -20.430474243203776, 0.0 ] } },
{ "type": "Feature", "properties": { "fid": 8900, "handle": 773643, "block": -1, "etype": 19, "space": 0, "layer": "0", "olinetype": "bylayer", "linetype": "", "color": "0,0,0,55", "ocolor": 256, "color24": -1, "transparency": 0, "lweight": -1, "linewidth": 0.0, "ltscale": 1.0, "visible": 1, "thickness": 0.0, "ext": null, "height": 4.0000000000000009, "text": "22", "angle": 33.174917819707311, "widthscale": 13.582537148526169, "oblique": 0.0, "style": "style1", "textgen": 1, "alignh": 0, "alignv": 1, "interlin": 1.0 }, "geometry": { "type": "Point", "coordinates": [ -40.358325437694965, -20.430395752720766, 0.0 ] } },
{ "type": "Feature", "properties": { "fid": 8901, "handle": 773644, "block": -1, "etype": 19, "space": 0, "layer": "0", "olinetype": "bylayer", "linetype": "", "color": "0,0,0,55", "ocolor": 256, "color24": -1, "transparency": 0, "lweight": -1, "linewidth": 0.0, "ltscale": 1.0, "visible": 1, "thickness": 0.0, "ext": null, "height": 4.0000000000000009, "text": "23", "angle": 33.174917819707311, "widthscale": 13.582537148526169, "oblique": 0.0, "style": "style1", "textgen": 1, "alignh": 0, "alignv": 1, "interlin": 1.0 }, "geometry": { "type": "Point", "coordinates": [ -40.358375299388939, -20.430319930001342, 0.0 ] } },
{ "type": "Feature", "properties": { "fid": 8902, "handle": 773645, "block": -1, "etype": 19, "space": 0, "layer": "0", "olinetype": "bylayer", "linetype": "", "color": "0,0,0,55", "ocolor": 256, "color24": -1, "transparency": 0, "lweight": -1, "linewidth": 0.0, "ltscale": 1.0, "visible": 1, "thickness": 0.0, "ext": null, "height": 4.0000000000000009, "text": "24", "angle": 33.174917819707311, "widthscale": 13.582537148526169, "oblique": 0.0, "style": "style1", "textgen": 1, "alignh": 0, "alignv": 1, "interlin": 1.0 }, "geometry": { "type": "Point", "coordinates": [ -40.358432308973626, -20.430250716081737, 0.0 ] } },
{ "type": "Feature", "properties": { "fid": 8903, "handle": 773646, "block": -1, "etype": 19, "space": 0, "layer": "0", "olinetype": "bylayer", "linetype": "", "color": "0,0,0,55", "ocolor": 256, "color24": -1, "transparency": 0, "lweight": -1, "linewidth": 0.0, "ltscale": 1.0, "visible": 1, "thickness": 0.0, "ext": null, "height": 4.0000000000000009, "text": "25", "angle": 33.174917819707311, "widthscale": 13.582537148526169, "oblique": 0.0, "style": "style1", "textgen": 1, "alignh": 0, "alignv": 1, "interlin": 1.0 }, "geometry": { "type": "Point", "coordinates": [ -40.358480496909081, -20.430172750808211, 0.0 ] } },
{ "type": "Feature", "properties": { "fid": 8904, "handle": 773647, "block": -1, "etype": 19, "space": 0, "layer": "0", "olinetype": "bylayer", "linetype": "", "color": "0,0,0,55", "ocolor": 256, "color24": -1, "transparency": 0, "lweight": -1, "linewidth": 0.0, "ltscale": 1.0, "visible": 1, "thickness": 0.0, "ext": null, "height": 4.0000000000000009, "text": "26", "angle": 33.174917819707311, "widthscale": 13.582537148526169, "oblique": 0.0, "style": "style1", "textgen": 1, "alignh": 0, "alignv": 1, "interlin": 1.0 }, "geometry": { "type": "Point", "coordinates": [ -40.3585310438676, -20.430090750968407, 0.0 ] } },
{ "type": "Feature", "properties": { "fid": 8905, "handle": 773648, "block": -1, "etype": 19, "space": 0, "layer": "0", "olinetype": "bylayer", "linetype": "", "color": "0,0,0,55", "ocolor": 256, "color24": -1, "transparency": 0, "lweight": -1, "linewidth": 0.0, "ltscale": 1.0, "visible": 1, "thickness": 0.0, "ext": null, "height": 4.0000000000000009, "text": "16", "angle": 33.174917819707311, "widthscale": 13.582537148526169, "oblique": 0.0, "style": "style1", "textgen": 1, "alignh": 0, "alignv": 1, "interlin": 1.0 }, "geometry": { "type": "Point", "coordinates": [ -40.358854530937393, -20.430391733256371, 0.0 ] } },
{ "type": "Feature", "properties": { "fid": 8906, "handle": 773745, "block": -1, "etype": 19, "space": 0, "layer": "0", "olinetype": "bylayer", "linetype": "", "color": "0,0,0,55", "ocolor": 256, "color24": -1, "transparency": 0, "lweight": -1, "linewidth": 0.0, "ltscale": 1.0, "visible": 1, "thickness": 0.0, "ext": null, "height": 4.0000000000000009, "text": "1", "angle": 33.174917819707311, "widthscale": 13.582537148526169, "oblique": 0.0, "style": "style1", "textgen": 1, "alignh": 0, "alignv": 1, "interlin": 1.0 }, "geometry": { "type": "Point", "coordinates": [ -40.357912070367703, -20.430255464165594, 0.0 ] } },
{ "type": "Feature", "properties": { "fid": 8907, "handle": 773746, "block": -1, "etype": 19, "space": 0, "layer": "0", "olinetype": "bylayer", "linetype": "", "color": "0,0,0,55", "ocolor": 256, "color24": -1, "transparency": 0, "lweight": -1, "linewidth": 0.0, "ltscale": 1.0, "visible": 1, "thickness": 0.0, "ext": null, "height": 4.0000000000000009, "text": "2", "angle": 33.174917819707311, "widthscale": 13.582537148526169, "oblique": 0.0, "style": "style1", "textgen": 1, "alignh": 0, "alignv": 1, "interlin": 1.0 }, "geometry": { "type": "Point", "coordinates": [ -40.35797113946446, -20.430173353553634, 0.0 ] } },
{ "type": "Feature", "properties": { "fid": 8908, "handle": 773747, "block": -1, "etype": 19, "space": 0, "layer": "0", "olinetype": "bylayer", "linetype": "", "color": "0,0,0,55", "ocolor": 256, "color24": -1, "transparency": 0, "lweight": -1, "linewidth": 0.0, "ltscale": 1.0, "visible": 1, "thickness": 0.0, "ext": null, "height": 4.0000000000000009, "text": "3", "angle": 33.174917819707311, "widthscale": 13.582537148526169, "oblique": 0.0, "style": "style1", "textgen": 1, "alignh": 0, "alignv": 1, "interlin": 1.0 }, "geometry": { "type": "Point", "coordinates": [ -40.358028013591159, -20.430099246879404, 0.0 ] } },
{ "type": "Feature", "properties": { "fid": 8909, "handle": 773748, "block": -1, "etype": 19, "space": 0, "layer": "0", "olinetype": "bylayer", "linetype": "", "color": "0,0,0,55", "ocolor": 256, "color24": -1, "transparency": 0, "lweight": -1, "linewidth": 0.0, "ltscale": 1.0, "visible": 1, "thickness": 0.0, "ext": null, "height": 4.0000000000000009, "text": "4", "angle": 33.174917819707311, "widthscale": 13.582537148526169, "oblique": 0.0, "style": "style1", "textgen": 1, "alignh": 0, "alignv": 1, "interlin": 1.0 }, "geometry": { "type": "Point", "coordinates": [ -40.358079933218107, -20.43002949250489, 0.0 ] } },
{ "type": "Feature", "properties": { "fid": 8910, "handle": 773749, "block": -1, "etype": 19, "space": 0, "layer": "0", "olinetype": "bylayer", "linetype": "", "color": "0,0,0,55", "ocolor": 256, "color24": -1, "transparency": 0, "lweight": -1, "linewidth": 0.0, "ltscale": 1.0, "visible": 1, "thickness": 0.0, "ext": null, "height": 4.0000000000000009, "text": "5", "angle": 33.174917819707311, "widthscale": 13.582537148526169, "oblique": 0.0, "style": "style1", "textgen": 1, "alignh": 0, "alignv": 1, "interlin": 1.0 }, "geometry": { "type": "Point", "coordinates": [ -40.358134456895307, -20.429950257788185, 0.0 ] } },
{ "type": "Feature", "properties": { "fid": 8911, "handle": 773750, "block": -1, "etype": 19, "space": 0, "layer": "0", "olinetype": "bylayer", "linetype": "", "color": "0,0,0,55", "ocolor": 256, "color24": -1, "transparency": 0, "lweight": -1, "linewidth": 0.0, "ltscale": 1.0, "visible": 1, "thickness": 0.0, "ext": null, "height": 4.0000000000000009, "text": "6", "angle": 33.174917819707311, "widthscale": 13.582537148526169, "oblique": 0.0, "style": "style1", "textgen": 1, "alignh": 0, "alignv": 1, "interlin": 1.0 }, "geometry": { "type": "Point", "coordinates": [ -40.358181267181166, -20.429873688425953, 0.0 ] } },
{ "type": "Feature", "properties": { "fid": 8912, "handle": 773751, "block": -1, "etype": 19, "space": 0, "layer": "0", "olinetype": "bylayer", "linetype": "", "color": "0,0,0,55", "ocolor": 256, "color24": -1, "transparency": 0, "lweight": -1, "linewidth": 0.0, "ltscale": 1.0, "visible": 1, "thickness": 0.0, "ext": null, "height": 4.0000000000000009, "text": "8", "angle": 33.174917819707311, "widthscale": 13.582537148526169, "oblique": 0.0, "style": "style1", "textgen": 1, "alignh": 0, "alignv": 1, "interlin": 1.0 }, "geometry": { "type": "Point", "coordinates": [ -40.357972517089848, -20.429853628043432, 0.0 ] } },
{ "type": "Feature", "properties": { "fid": 8913, "handle": 773752, "block": -1, "etype": 19, "space": 0, "layer": "0", "olinetype": "bylayer", "linetype": "", "color": "0,0,0,55", "ocolor": 256, "color24": -1, "transparency": 0, "lweight": -1, "linewidth": 0.0, "ltscale": 1.0, "visible": 1, "thickness": 0.0, "ext": null, "height": 4.0000000000000009, "text": "10", "angle": 33.174917819707311, "widthscale": 13.582537148526169, "oblique": 0.0, "style": "style1", "textgen": 1, "alignh": 0, "alignv": 1, "interlin": 1.0 }, "geometry": { "type": "Point", "coordinates": [ -40.357900149772803, -20.429811950126126, 0.0 ] } },
{ "type": "Feature", "properties": { "fid": 8914, "handle": 773753, "block": -1, "etype": 19, "space": 0, "layer": "0", "olinetype": "bylayer", "linetype": "", "color": "0,0,0,55", "ocolor": 256, "color24": -1, "transparency": 0, "lweight": -1, "linewidth": 0.0, "ltscale": 1.0, "visible": 1, "thickness": 0.0, "ext": null, "height": 4.0000000000000009, "text": "12", "angle": 33.174917819707311, "widthscale": 13.582537148526169, "oblique": 0.0, "style": "style1", "textgen": 1, "alignh": 0, "alignv": 1, "interlin": 1.0 }, "geometry": { "type": "Point", "coordinates": [ -40.357823830351521, -20.429760140304992, 0.0 ] } },
{ "type": "Feature", "properties": { "fid": 8915, "handle": 773754, "block": -1, "etype": 19, "space": 0, "layer": "0", "olinetype": "bylayer", "linetype": "", "color": "0,0,0,55", "ocolor": 256, "color24": -1, "transparency": 0, "lweight": -1, "linewidth": 0.0, "ltscale": 1.0, "visible": 1, "thickness": 0.0, "ext": null, "height": 4.0000000000000009, "text": "14", "angle": 33.174917819707311, "widthscale": 13.582537148526169, "oblique": 0.0, "style": "style1", "textgen": 1, "alignh": 0, "alignv": 1, "interlin": 1.0 }, "geometry": { "type": "Point", "coordinates": [ -40.357745696468591, -20.429714936163467, 0.0 ] } },
{ "type": "Feature", "properties": { "fid": 8916, "handle": 773755, "block": -1, "etype": 19, "space": 0, "layer": "0", "olinetype": "bylayer", "linetype": "", "color": "0,0,0,55", "ocolor": 256, "color24": -1, "transparency": 0, "lweight": -1, "linewidth": 0.0, "ltscale": 1.0, "visible": 1, "thickness": 0.0, "ext": null, "height": 4.0000000000000009, "text": "18", "angle": 33.174917819707311, "widthscale": 13.582537148526169, "oblique": 0.0, "style": "style1", "textgen": 1, "alignh": 0, "alignv": 1, "interlin": 1.0 }, "geometry": { "type": "Point", "coordinates": [ -40.357575296616574, -20.429613314783037, 0.0 ] } },
{ "type": "Feature", "properties": { "fid": 8917, "handle": 773756, "block": -1, "etype": 19, "space": 0, "layer": "0", "olinetype": "bylayer", "linetype": "", "color": "0,0,0,55", "ocolor": 256, "color24": -1, "transparency": 0, "lweight": -1, "linewidth": 0.0, "ltscale": 1.0, "visible": 1, "thickness": 0.0, "ext": null, "height": 4.0000000000000009, "text": "20", "angle": 33.174917819707311, "widthscale": 13.582537148526169, "oblique": 0.0, "style": "style1", "textgen": 1, "alignh": 0, "alignv": 1, "interlin": 1.0 }, "geometry": { "type": "Point", "coordinates": [ -40.35748370748756, -20.429559883026574, 0.0 ] } },
{ "type": "Feature", "properties": { "fid": 8918, "handle": 773757, "block": -1, "etype": 19, "space": 0, "layer": "0", "olinetype": "bylayer", "linetype": "", "color": "0,0,0,55", "ocolor": 256, "color24": -1, "transparency": 0, "lweight": -1, "linewidth": 0.0, "ltscale": 1.0, "visible": 1, "thickness": 0.0, "ext": null, "height": 4.0000000000000009, "text": "19", "angle": 33.174917819707311, "widthscale": 13.582537148526169, "oblique": 0.0, "style": "style1", "textgen": 1, "alignh": 0, "alignv": 1, "interlin": 1.0 }, "geometry": { "type": "Point", "coordinates": [ -40.357310922357037, -20.429791131824061, 0.0 ] } },
{ "type": "Feature", "properties": { "fid": 8919, "handle": 773758, "block": -1, "etype": 19, "space": 0, "layer": "0", "olinetype": "bylayer", "linetype": "", "color": "0,0,0,55", "ocolor": 256, "color24": -1, "transparency": 0, "lweight": -1, "linewidth": 0.0, "ltscale": 1.0, "visible": 1, "thickness": 0.0, "ext": null, "height": 4.0000000000000009, "text": "7", "angle": 33.174917819707311, "widthscale": 13.582537148526169, "oblique": 0.0, "style": "style1", "textgen": 1, "alignh": 0, "alignv": 1, "interlin": 1.0 }, "geometry": { "type": "Point", "coordinates": [ -40.357809343442099, -20.430090754048006, 0.0 ] } },
{ "type": "Feature", "properties": { "fid": 8920, "handle": 773759, "block": -1, "etype": 19, "space": 0, "layer": "0", "olinetype": "bylayer", "linetype": "", "color": "0,0,0,55", "ocolor": 256, "color24": -1, "transparency": 0, "lweight": -1, "linewidth": 0.0, "ltscale": 1.0, "visible": 1, "thickness": 0.0, "ext": null, "height": 4.0000000000000009, "text": "9", "angle": 33.174917819707311, "widthscale": 13.582537148526169, "oblique": 0.0, "style": "style1", "textgen": 1, "alignh": 0, "alignv": 1, "interlin": 1.0 }, "geometry": { "type": "Point", "coordinates": [ -40.357726011699647, -20.430037228296346, 0.0 ] } },
{ "type": "Feature", "properties": { "fid": 8921, "handle": 773760, "block": -1, "etype": 19, "space": 0, "layer": "0", "olinetype": "bylayer", "linetype": "", "color": "0,0,0,55", "ocolor": 256, "color24": -1, "transparency": 0, "lweight": -1, "linewidth": 0.0, "ltscale": 1.0, "visible": 1, "thickness": 0.0, "ext": null, "height": 4.0000000000000009, "text": "11", "angle": 33.174917819707311, "widthscale": 13.582537148526169, "oblique": 0.0, "style": "style1", "textgen": 1, "alignh": 0, "alignv": 1, "interlin": 1.0 }, "geometry": { "type": "Point", "coordinates": [ -40.357644033272258, -20.429989673400897, 0.0 ] } },
{ "type": "Feature", "properties": { "fid": 8922, "handle": 773761, "block": -1, "etype": 19, "space": 0, "layer": "0", "olinetype": "bylayer", "linetype": "", "color": "0,0,0,55", "ocolor": 256, "color24": -1, "transparency": 0, "lweight": -1, "linewidth": 0.0, "ltscale": 1.0, "visible": 1, "thickness": 0.0, "ext": null, "height": 4.0000000000000009, "text": "13", "angle": 33.174917819707311, "widthscale": 13.582537148526169, "oblique": 0.0, "style": "style1", "textgen": 1, "alignh": 0, "alignv": 1, "interlin": 1.0 }, "geometry": { "type": "Point", "coordinates": [ -40.357574941241374, -20.429955141559695, 0.0 ] } },
{ "type": "Feature", "properties": { "fid": 8923, "handle": 773762, "block": -1, "etype": 19, "space": 0, "layer": "0", "olinetype": "bylayer", "linetype": "", "color": "0,0,0,55", "ocolor": 256, "color24": -1, "transparency": 0, "lweight": -1, "linewidth": 0.0, "ltscale": 1.0, "visible": 1, "thickness": 0.0, "ext": null, "height": 4.0000000000000009, "text": "15", "angle": 33.174917819707311, "widthscale": 13.582537148526169, "oblique": 0.0, "style": "style1", "textgen": 1, "alignh": 0, "alignv": 1, "interlin": 1.0 }, "geometry": { "type": "Point", "coordinates": [ -40.357496699795654, -20.429902156331732, 0.0 ] } },
{ "type": "Feature", "properties": { "fid": 8924, "handle": 773763, "block": -1, "etype": 19, "space": 0, "layer": "0", "olinetype": "bylayer", "linetype": "", "color": "0,0,0,55", "ocolor": 256, "color24": -1, "transparency": 0, "lweight": -1, "linewidth": 0.0, "ltscale": 1.0, "visible": 1, "thickness": 0.0, "ext": null, "height": 4.0000000000000009, "text": "17", "angle": 33.174917819707311, "widthscale": 13.582537148526169, "oblique": 0.0, "style": "style1", "textgen": 1, "alignh": 0, "alignv": 1, "interlin": 1.0 }, "geometry": { "type": "Point", "coordinates": [ -40.357411553623642, -20.429855236065773, 0.0 ] } },
{ "type": "Feature", "properties": { "fid": 8925, "handle": 773764, "block": -1, "etype": 19, "space": 0, "layer": "0", "olinetype": "bylayer", "linetype": "", "color": "0,0,0,55", "ocolor": 256, "color24": -1, "transparency": 0, "lweight": -1, "linewidth": 0.0, "ltscale": 1.0, "visible": 1, "thickness": 0.0, "ext": null, "height": 4.0000000000000009, "text": "21", "angle": 33.174917819707311, "widthscale": 13.582537148526169, "oblique": 0.0, "style": "style1", "textgen": 1, "alignh": 0, "alignv": 1, "interlin": 1.0 }, "geometry": { "type": "Point", "coordinates": [ -40.357078371980968, -20.429748453002745, 0.0 ] } },
{ "type": "Feature", "properties": { "fid": 8926, "handle": 773765, "block": -1, "etype": 19, "space": 0, "layer": "0", "olinetype": "bylayer", "linetype": "", "color": "0,0,0,55", "ocolor": 256, "color24": -1, "transparency": 0, "lweight": -1, "linewidth": 0.0, "ltscale": 1.0, "visible": 1, "thickness": 0.0, "ext": null, "height": 4.0000000000000009, "text": "22", "angle": 33.174917819707311, "widthscale": 13.582537148526169, "oblique": 0.0, "style": "style1", "textgen": 1, "alignh": 0, "alignv": 1, "interlin": 1.0 }, "geometry": { "type": "Point", "coordinates": [ -40.357134950152812, -20.429669962881245, 0.0 ] } },
{ "type": "Feature", "properties": { "fid": 8927, "handle": 773766, "block": -1, "etype": 19, "space": 0, "layer": "0", "olinetype": "bylayer", "linetype": "", "color": "0,0,0,55", "ocolor": 256, "color24": -1, "transparency": 0, "lweight": -1, "linewidth": 0.0, "ltscale": 1.0, "visible": 1, "thickness": 0.0, "ext": null, "height": 4.0000000000000009, "text": "23", "angle": 33.174917819707311, "widthscale": 13.582537148526169, "oblique": 0.0, "style": "style1", "textgen": 1, "alignh": 0, "alignv": 1, "interlin": 1.0 }, "geometry": { "type": "Point", "coordinates": [ -40.357184812240746, -20.429594140476976, 0.0 ] } },
{ "type": "Feature", "properties": { "fid": 8928, "handle": 773767, "block": -1, "etype": 19, "space": 0, "layer": "0", "olinetype": "bylayer", "linetype": "", "color": "0,0,0,55", "ocolor": 256, "color24": -1, "transparency": 0, "lweight": -1, "linewidth": 0.0, "ltscale": 1.0, "visible": 1, "thickness": 0.0, "ext": null, "height": 4.0000000000000009, "text": "24", "angle": 33.174917819707311, "widthscale": 13.582537148526169, "oblique": 0.0, "style": "style1", "textgen": 1, "alignh": 0, "alignv": 1, "interlin": 1.0 }, "geometry": { "type": "Point", "coordinates": [ -40.357241822136139, -20.429524926926756, 0.0 ] } },
{ "type": "Feature", "properties": { "fid": 8929, "handle": 773768, "block": -1, "etype": 19, "space": 0, "layer": "0", "olinetype": "bylayer", "linetype": "", "color": "0,0,0,55", "ocolor": 256, "color24": -1, "transparency": 0, "lweight": -1, "linewidth": 0.0, "ltscale": 1.0, "visible": 1, "thickness": 0.0, "ext": null, "height": 4.0000000000000009, "text": "25", "angle": 33.174917819707311, "widthscale": 13.582537148526169, "oblique": 0.0, "style": "style1", "textgen": 1, "alignh": 0, "alignv": 1, "interlin": 1.0 }, "geometry": { "type": "Point", "coordinates": [ -40.357290010489855, -20.429446961955364, 0.0 ] } },
{ "type": "Feature", "properties": { "fid": 8930, "handle": 773769, "block": -1, "etype": 19, "space": 0, "layer": "0", "olinetype": "bylayer", "linetype": "", "color": "0,0,0,55", "ocolor": 256, "color24": -1, "transparency": 0, "lweight": -1, "linewidth": 0.0, "ltscale": 1.0, "visible": 1, "thickness": 0.0, "ext": null, "height": 4.0000000000000009, "text": "26", "angle": 33.174917819707311, "widthscale": 13.582537148526169, "oblique": 0.0, "style": "style1", "textgen": 1, "alignh": 0, "alignv": 1, "interlin": 1.0 }, "geometry": { "type": "Point", "coordinates": [ -40.357340557888854, -20.429364962432434, 0.0 ] } },
{ "type": "Feature", "properties": { "fid": 8931, "handle": 773770, "block": -1, "etype": 19, "space": 0, "layer": "0", "olinetype": "bylayer", "linetype": "", "color": "0,0,0,55", "ocolor": 256, "color24": -1, "transparency": 0, "lweight": -1, "linewidth": 0.0, "ltscale": 1.0, "visible": 1, "thickness": 0.0, "ext": null, "height": 4.0000000000000009, "text": "16", "angle": 33.174917819707311, "widthscale": 13.582537148526169, "oblique": 0.0, "style": "style1", "textgen": 1, "alignh": 0, "alignv": 1, "interlin": 1.0 }, "geometry": { "type": "Point", "coordinates": [ -40.357664041174473, -20.429665947174236, 0.0 ] } },
{ "type": "Feature", "properties": { "fid": 8932, "handle": 773886, "block": -1, "etype": 19, "space": 0, "layer": "0", "olinetype": "bylayer", "linetype": "", "color": "0,0,0,55", "ocolor": 256, "color24": -1, "transparency": 0, "lweight": -1, "linewidth": 0.0, "ltscale": 1.0, "visible": 1, "thickness": 0.0, "ext": null, "height": 4.0000000000000009, "text": "1", "angle": 33.174917728887074, "widthscale": 13.582537148526169, "oblique": 0.0, "style": "style1", "textgen": 1, "alignh": 0, "alignv": 1, "interlin": 1.0 }, "geometry": { "type": "Point", "coordinates": [ -40.358286494241142, -20.429711345036743, 0.0 ] } },
{ "type": "Feature", "properties": { "fid": 8933, "handle": 773887, "block": -1, "etype": 19, "space": 0, "layer": "0", "olinetype": "bylayer", "linetype": "", "color": "0,0,0,55", "ocolor": 256, "color24": -1, "transparency": 0, "lweight": -1, "linewidth": 0.0, "ltscale": 1.0, "visible": 1, "thickness": 0.0, "ext": null, "height": 4.0000000000000009, "text": "2", "angle": 33.174917728887074, "widthscale": 13.582537148526169, "oblique": 0.0, "style": "style1", "textgen": 1, "alignh": 0, "alignv": 1, "interlin": 1.0 }, "geometry": { "type": "Point", "coordinates": [ -40.35834556294143, -20.429629234315605, 0.0 ] } },
{ "type": "Feature", "properties": { "fid": 8934, "handle": 773888, "block": -1, "etype": 19, "space": 0, "layer": "0", "olinetype": "bylayer", "linetype": "", "color": "0,0,0,55", "ocolor": 256, "color24": -1, "transparency": 0, "lweight": -1, "linewidth": 0.0, "ltscale": 1.0, "visible": 1, "thickness": 0.0, "ext": null, "height": 4.0000000000000009, "text": "3", "angle": 33.174917728887074, "widthscale": 13.582537148526169, "oblique": 0.0, "style": "style1", "textgen": 1, "alignh": 0, "alignv": 1, "interlin": 1.0 }, "geometry": { "type": "Point", "coordinates": [ -40.358402436697297, -20.429555127535906, 0.0 ] } },
{ "type": "Feature", "properties": { "fid": 8935, "handle": 773889, "block": -1, "etype": 19, "space": 0, "layer": "0", "olinetype": "bylayer", "linetype": "", "color": "0,0,0,55", "ocolor": 256, "color24": -1, "transparency": 0, "lweight": -1, "linewidth": 0.0, "ltscale": 1.0, "visible": 1, "thickness": 0.0, "ext": null, "height": 4.0000000000000009, "text": "4", "angle": 33.174917728887074, "widthscale": 13.582537148526169, "oblique": 0.0, "style": "style1", "textgen": 1, "alignh": 0, "alignv": 1, "interlin": 1.0 }, "geometry": { "type": "Point", "coordinates": [ -40.358454355981067, -20.429485373065269, 0.0 ] } },
{ "type": "Feature", "properties": { "fid": 8936, "handle": 773890, "block": -1, "etype": 19, "space": 0, "layer": "0", "olinetype": "bylayer", "linetype": "", "color": "0,0,0,55", "ocolor": 256, "color24": -1, "transparency": 0, "lweight": -1, "linewidth": 0.0, "ltscale": 1.0, "visible": 1, "thickness": 0.0, "ext": null, "height": 4.0000000000000009, "text": "5", "angle": 33.174917728887074, "widthscale": 13.582537148526169, "oblique": 0.0, "style": "style1", "textgen": 1, "alignh": 0, "alignv": 1, "interlin": 1.0 }, "geometry": { "type": "Point", "coordinates": [ -40.358508879284756, -20.429406138248023, 0.0 ] } },
{ "type": "Feature", "properties": { "fid": 8937, "handle": 773891, "block": -1, "etype": 19, "space": 0, "layer": "0", "olinetype": "bylayer", "linetype": "", "color": "0,0,0,55", "ocolor": 256, "color24": -1, "transparency": 0, "lweight": -1, "linewidth": 0.0, "ltscale": 1.0, "visible": 1, "thickness": 0.0, "ext": null, "height": 4.0000000000000009, "text": "6", "angle": 33.174917728887074, "widthscale": 13.582537148526169, "oblique": 0.0, "style": "style1", "textgen": 1, "alignh": 0, "alignv": 1, "interlin": 1.0 }, "geometry": { "type": "Point", "coordinates": [ -40.358555689231146, -20.429329568800231, 0.0 ] } },
{ "type": "Feature", "properties": { "fid": 8938, "handle": 773892, "block": -1, "etype": 19, "space": 0, "layer": "0", "olinetype": "bylayer", "linetype": "", "color": "0,0,0,55", "ocolor": 256, "color24": -1, "transparency": 0, "lweight": -1, "linewidth": 0.0, "ltscale": 1.0, "visible": 1, "thickness": 0.0, "ext": null, "height": 4.0000000000000009, "text": "8", "angle": 33.174917728887074, "widthscale": 13.582537148526169, "oblique": 0.0, "style": "style1", "textgen": 1, "alignh": 0, "alignv": 1, "interlin": 1.0 }, "geometry": { "type": "Point", "coordinates": [ -40.35834900143513, -20.429302657537292, 0.0 ] } },
{ "type": "Feature", "properties": { "fid": 8939, "handle": 773893, "block": -1, "etype": 19, "space": 0, "layer": "0", "olinetype": "bylayer", "linetype": "", "color": "0,0,0,55", "ocolor": 256, "color24": -1, "transparency": 0, "lweight": -1, "linewidth": 0.0, "ltscale": 1.0, "visible": 1, "thickness": 0.0, "ext": null, "height": 4.0000000000000009, "text": "10", "angle": 33.174917728887074, "widthscale": 13.582537148526169, "oblique": 0.0, "style": "style1", "textgen": 1, "alignh": 0, "alignv": 1, "interlin": 1.0 }, "geometry": { "type": "Point", "coordinates": [ -40.35827663429378, -20.429260979765289, 0.0 ] } },
{ "type": "Feature", "properties": { "fid": 8940, "handle": 773894, "block": -1, "etype": 19, "space": 0, "layer": "0", "olinetype": "bylayer", "linetype": "", "color": "0,0,0,55", "ocolor": 256, "color24": -1, "transparency": 0, "lweight": -1, "linewidth": 0.0, "ltscale": 1.0, "visible": 1, "thickness": 0.0, "ext": null, "height": 4.0000000000000009, "text": "12", "angle": 33.174917728887074, "widthscale": 13.582537148526169, "oblique": 0.0, "style": "style1", "textgen": 1, "alignh": 0, "alignv": 1, "interlin": 1.0 }, "geometry": { "type": "Point", "coordinates": [ -40.358200315040406, -20.429209170097945, 0.0 ] } },
{ "type": "Feature", "properties": { "fid": 8941, "handle": 773895, "block": -1, "etype": 19, "space": 0, "layer": "0", "olinetype": "bylayer", "linetype": "", "color": "0,0,0,55", "ocolor": 256, "color24": -1, "transparency": 0, "lweight": -1, "linewidth": 0.0, "ltscale": 1.0, "visible": 1, "thickness": 0.0, "ext": null, "height": 4.0000000000000009, "text": "14", "angle": 33.174917728887074, "widthscale": 13.582537148526169, "oblique": 0.0, "style": "style1", "textgen": 1, "alignh": 0, "alignv": 1, "interlin": 1.0 }, "geometry": { "type": "Point", "coordinates": [ -40.358122181346729, -20.429163966113205, 0.0 ] } },
{ "type": "Feature", "properties": { "fid": 8942, "handle": 773896, "block": -1, "etype": 19, "space": 0, "layer": "0", "olinetype": "bylayer", "linetype": "", "color": "0,0,0,55", "ocolor": 256, "color24": -1, "transparency": 0, "lweight": -1, "linewidth": 0.0, "ltscale": 1.0, "visible": 1, "thickness": 0.0, "ext": null, "height": 4.0000000000000009, "text": "18", "angle": 33.174917728887074, "widthscale": 13.582537148526169, "oblique": 0.0, "style": "style1", "textgen": 1, "alignh": 0, "alignv": 1, "interlin": 1.0 }, "geometry": { "type": "Point", "coordinates": [ -40.357951781900702, -20.429062345075089, 0.0 ] } },
{ "type": "Feature", "properties": { "fid": 8943, "handle": 773897, "block": -1, "etype": 19, "space": 0, "layer": "0", "olinetype": "bylayer", "linetype": "", "color": "0,0,0,55", "ocolor": 256, "color24": -1, "transparency": 0, "lweight": -1, "linewidth": 0.0, "ltscale": 1.0, "visible": 1, "thickness": 0.0, "ext": null, "height": 4.0000000000000009, "text": "20", "angle": 33.174917728887074, "widthscale": 13.582537148526169, "oblique": 0.0, "style": "style1", "textgen": 1, "alignh": 0, "alignv": 1, "interlin": 1.0 }, "geometry": { "type": "Point", "coordinates": [ -40.357849762531089, -20.42902407115962, 0.0 ] } },
{ "type": "Feature", "properties": { "fid": 8944, "handle": 773898, "block": -1, "etype": 19, "space": 0, "layer": "0", "olinetype": "bylayer", "linetype": "", "color": "0,0,0,55", "ocolor": 256, "color24": -1, "transparency": 0, "lweight": -1, "linewidth": 0.0, "ltscale": 1.0, "visible": 1, "thickness": 0.0, "ext": null, "height": 4.0000000000000009, "text": "19", "angle": 33.174917728887074, "widthscale": 13.582537148526169, "oblique": 0.0, "style": "style1", "textgen": 1, "alignh": 0, "alignv": 1, "interlin": 1.0 }, "geometry": { "type": "Point", "coordinates": [ -40.357687409012271, -20.429240162621625, 0.0 ] } },
{ "type": "Feature", "properties": { "fid": 8945, "handle": 773899, "block": -1, "etype": 19, "space": 0, "layer": "0", "olinetype": "bylayer", "linetype": "", "color": "0,0,0,55", "ocolor": 256, "color24": -1, "transparency": 0, "lweight": -1, "linewidth": 0.0, "ltscale": 1.0, "visible": 1, "thickness": 0.0, "ext": null, "height": 4.0000000000000009, "text": "7", "angle": 33.174917728887074, "widthscale": 13.582537148526169, "oblique": 0.0, "style": "style1", "textgen": 1, "alignh": 0, "alignv": 1, "interlin": 1.0 }, "geometry": { "type": "Point", "coordinates": [ -40.358185828915076, -20.429539783844209, 0.0 ] } },
{ "type": "Feature", "properties": { "fid": 8946, "handle": 773900, "block": -1, "etype": 19, "space": 0, "layer": "0", "olinetype": "bylayer", "linetype": "", "color": "0,0,0,55", "ocolor": 256, "color24": -1, "transparency": 0, "lweight": -1, "linewidth": 0.0, "ltscale": 1.0, "visible": 1, "thickness": 0.0, "ext": null, "height": 4.0000000000000009, "text": "9", "angle": 33.174917728887074, "widthscale": 13.582537148526169, "oblique": 0.0, "style": "style1", "textgen": 1, "alignh": 0, "alignv": 1, "interlin": 1.0 }, "geometry": { "type": "Point", "coordinates": [ -40.358102497362701, -20.429486258260205, 0.0 ] } },
{ "type": "Feature", "properties": { "fid": 8947, "handle": 773901, "block": -1, "etype": 19, "space": 0, "layer": "0", "olinetype": "bylayer", "linetype": "", "color": "0,0,0,55", "ocolor": 256, "color24": -1, "transparency": 0, "lweight": -1, "linewidth": 0.0, "ltscale": 1.0, "visible": 1, "thickness": 0.0, "ext": null, "height": 4.0000000000000009, "text": "11", "angle": 33.174917728887074, "widthscale": 13.582537148526169, "oblique": 0.0, "style": "style1", "textgen": 1, "alignh": 0, "alignv": 1, "interlin": 1.0 }, "geometry": { "type": "Point", "coordinates": [ -40.358020519133611, -20.429438703529286, 0.0 ] } },
{ "type": "Feature", "properties": { "fid": 8948, "handle": 773902, "block": -1, "etype": 19, "space": 0, "layer": "0", "olinetype": "bylayer", "linetype": "", "color": "0,0,0,55", "ocolor": 256, "color24": -1, "transparency": 0, "lweight": -1, "linewidth": 0.0, "ltscale": 1.0, "visible": 1, "thickness": 0.0, "ext": null, "height": 4.0000000000000009, "text": "13", "angle": 33.174917728887074, "widthscale": 13.582537148526169, "oblique": 0.0, "style": "style1", "textgen": 1, "alignh": 0, "alignv": 1, "interlin": 1.0 }, "geometry": { "type": "Point", "coordinates": [ -40.35795142728206, -20.429404171826391, 0.0 ] } },
{ "type": "Feature", "properties": { "fid": 8949, "handle": 773903, "block": -1, "etype": 19, "space": 0, "layer": "0", "olinetype": "bylayer", "linetype": "", "color": "0,0,0,55", "ocolor": 256, "color24": -1, "transparency": 0, "lweight": -1, "linewidth": 0.0, "ltscale": 1.0, "visible": 1, "thickness": 0.0, "ext": null, "height": 4.0000000000000009, "text": "15", "angle": 33.174917728887074, "widthscale": 13.582537148526169, "oblique": 0.0, "style": "style1", "textgen": 1, "alignh": 0, "alignv": 1, "interlin": 1.0 }, "geometry": { "type": "Point", "coordinates": [ -40.357873186008803, -20.429351186756094, 0.0 ] } },
{ "type": "Feature", "properties": { "fid": 8950, "handle": 773904, "block": -1, "etype": 19, "space": 0, "layer": "0", "olinetype": "bylayer", "linetype": "", "color": "0,0,0,55", "ocolor": 256, "color24": -1, "transparency": 0, "lweight": -1, "linewidth": 0.0, "ltscale": 1.0, "visible": 1, "thickness": 0.0, "ext": null, "height": 4.0000000000000009, "text": "17", "angle": 33.174917728887074, "widthscale": 13.582537148526169, "oblique": 0.0, "style": "style1", "textgen": 1, "alignh": 0, "alignv": 1, "interlin": 1.0 }, "geometry": { "type": "Point", "coordinates": [ -40.357788040048156, -20.429304266660875, 0.0 ] } },
{ "type": "Feature", "properties": { "fid": 8951, "handle": 773905, "block": -1, "etype": 19, "space": 0, "layer": "0", "olinetype": "bylayer", "linetype": "", "color": "0,0,0,55", "ocolor": 256, "color24": -1, "transparency": 0, "lweight": -1, "linewidth": 0.0, "ltscale": 1.0, "visible": 1, "thickness": 0.0, "ext": null, "height": 4.0000000000000009, "text": "21", "angle": 33.174917728887074, "widthscale": 13.582537148526169, "oblique": 0.0, "style": "style1", "textgen": 1, "alignh": 0, "alignv": 1, "interlin": 1.0 }, "geometry": { "type": "Point", "coordinates": [ -40.35745485940236, -20.429197484260147, 0.0 ] } },
{ "type": "Feature", "properties": { "fid": 8952, "handle": 773906, "block": -1, "etype": 19, "space": 0, "layer": "0", "olinetype": "bylayer", "linetype": "", "color": "0,0,0,55", "ocolor": 256, "color24": -1, "transparency": 0, "lweight": -1, "linewidth": 0.0, "ltscale": 1.0, "visible": 1, "thickness": 0.0, "ext": null, "height": 4.0000000000000009, "text": "22", "angle": 33.174917728887074, "widthscale": 13.582537148526169, "oblique": 0.0, "style": "style1", "textgen": 1, "alignh": 0, "alignv": 1, "interlin": 1.0 }, "geometry": { "type": "Point", "coordinates": [ -40.357511437191405, -20.429118994033537, 0.0 ] } },
{ "type": "Feature", "properties": { "fid": 8953, "handle": 773907, "block": -1, "etype": 19, "space": 0, "layer": "0", "olinetype": "bylayer", "linetype": "", "color": "0,0,0,55", "ocolor": 256, "color24": -1, "transparency": 0, "lweight": -1, "linewidth": 0.0, "ltscale": 1.0, "visible": 1, "thickness": 0.0, "ext": null, "height": 4.0000000000000009, "text": "23", "angle": 33.174917728887074, "widthscale": 13.582537148526169, "oblique": 0.0, "style": "style1", "textgen": 1, "alignh": 0, "alignv": 1, "interlin": 1.0 }, "geometry": { "type": "Point", "coordinates": [ -40.357561298927344, -20.429043171537163, 0.0 ] } },
{ "type": "Feature", "properties": { "fid": 8954, "handle": 773908, "block": -1, "etype": 19, "space": 0, "layer": "0", "olinetype": "bylayer", "linetype": "", "color": "0,0,0,55", "ocolor": 256, "color24": -1, "transparency": 0, "lweight": -1, "linewidth": 0.0, "ltscale": 1.0, "visible": 1, "thickness": 0.0, "ext": null, "height": 4.0000000000000009, "text": "24", "angle": 33.174917728887074, "widthscale": 13.582537148526169, "oblique": 0.0, "style": "style1", "textgen": 1, "alignh": 0, "alignv": 1, "interlin": 1.0 }, "geometry": { "type": "Point", "coordinates": [ -40.357607877974942, -20.428989115524132, 0.0 ] } },
{ "type": "Feature", "properties": { "fid": 8955, "handle": 773909, "block": -1, "etype": 19, "space": 0, "layer": "0", "olinetype": "bylayer", "linetype": "", "color": "0,0,0,55", "ocolor": 256, "color24": -1, "transparency": 0, "lweight": -1, "linewidth": 0.0, "ltscale": 1.0, "visible": 1, "thickness": 0.0, "ext": null, "height": 4.0000000000000009, "text": "25", "angle": 33.174917728887074, "widthscale": 13.582537148526169, "oblique": 0.0, "style": "style1", "textgen": 1, "alignh": 0, "alignv": 1, "interlin": 1.0 }, "geometry": { "type": "Point", "coordinates": [ -40.357656065987769, -20.428911150466572, 0.0 ] } },
{ "type": "Feature", "properties": { "fid": 8956, "handle": 773910, "block": -1, "etype": 19, "space": 0, "layer": "0", "olinetype": "bylayer", "linetype": "", "color": "0,0,0,55", "ocolor": 256, "color24": -1, "transparency": 0, "lweight": -1, "linewidth": 0.0, "ltscale": 1.0, "visible": 1, "thickness": 0.0, "ext": null, "height": 4.0000000000000009, "text": "26", "angle": 33.174917728887074, "widthscale": 13.582537148526169, "oblique": 0.0, "style": "style1", "textgen": 1, "alignh": 0, "alignv": 1, "interlin": 1.0 }, "geometry": { "type": "Point", "coordinates": [ -40.357706613028732, -20.428829150853176, 0.0 ] } },
{ "type": "Feature", "properties": { "fid": 8957, "handle": 773911, "block": -1, "etype": 19, "space": 0, "layer": "0", "olinetype": "bylayer", "linetype": "", "color": "0,0,0,55", "ocolor": 256, "color24": -1, "transparency": 0, "lweight": -1, "linewidth": 0.0, "ltscale": 1.0, "visible": 1, "thickness": 0.0, "ext": null, "height": 4.0000000000000009, "text": "16", "angle": 33.174917728887074, "widthscale": 13.582537148526169, "oblique": 0.0, "style": "style1", "textgen": 1, "alignh": 0, "alignv": 1, "interlin": 1.0 }, "geometry": { "type": "Point", "coordinates": [ -40.358040526246498, -20.42911497728802, 0.0 ] } },
{ "type": "Feature", "properties": { "fid": 8958, "handle": 774014, "block": -1, "etype": 19, "space": 0, "layer": "0", "olinetype": "bylayer", "linetype": "", "color": "0,0,0,55", "ocolor": 256, "color24": -1, "transparency": 0, "lweight": -1, "linewidth": 0.0, "ltscale": 1.0, "visible": 1, "thickness": 0.0, "ext": null, "height": 4.0000000000000009, "text": "1", "angle": 33.174917819707311, "widthscale": 13.582537148526169, "oblique": 0.0, "style": "style1", "textgen": 1, "alignh": 0, "alignv": 1, "interlin": 1.0 }, "geometry": { "type": "Point", "coordinates": [ -40.356678381727185, -20.429502390217309, 0.0 ] } },
{ "type": "Feature", "properties": { "fid": 8959, "handle": 774015, "block": -1, "etype": 19, "space": 0, "layer": "0", "olinetype": "bylayer", "linetype": "", "color": "0,0,0,55", "ocolor": 256, "color24": -1, "transparency": 0, "lweight": -1, "linewidth": 0.0, "ltscale": 1.0, "visible": 1, "thickness": 0.0, "ext": null, "height": 4.0000000000000009, "text": "2", "angle": 33.174917819707311, "widthscale": 13.582537148526169, "oblique": 0.0, "style": "style1", "textgen": 1, "alignh": 0, "alignv": 1, "interlin": 1.0 }, "geometry": { "type": "Point", "coordinates": [ -40.35673745124334, -20.429420279996393, 0.0 ] } },
{ "type": "Feature", "properties": { "fid": 8960, "handle": 774016, "block": -1, "etype": 19, "space": 0, "layer": "0", "olinetype": "bylayer", "linetype": "", "color": "0,0,0,55", "ocolor": 256, "color24": -1, "transparency": 0, "lweight": -1, "linewidth": 0.0, "ltscale": 1.0, "visible": 1, "thickness": 0.0, "ext": null, "height": 4.0000000000000009, "text": "3", "angle": 33.174917819707311, "widthscale": 13.582537148526169, "oblique": 0.0, "style": "style1", "textgen": 1, "alignh": 0, "alignv": 1, "interlin": 1.0 }, "geometry": { "type": "Point", "coordinates": [ -40.356794325732842, -20.429346173701351, 0.0 ] } },
{ "type": "Feature", "properties": { "fid": 8961, "handle": 774017, "block": -1, "etype": 19, "space": 0, "layer": "0", "olinetype": "bylayer", "linetype": "", "color": "0,0,0,55", "ocolor": 256, "color24": -1, "transparency": 0, "lweight": -1, "linewidth": 0.0, "ltscale": 1.0, "visible": 1, "thickness": 0.0, "ext": null, "height": 4.0000000000000009, "text": "4", "angle": 33.174917819707311, "widthscale": 13.582537148526169, "oblique": 0.0, "style": "style1", "textgen": 1, "alignh": 0, "alignv": 1, "interlin": 1.0 }, "geometry": { "type": "Point", "coordinates": [ -40.35684624570839, -20.429276419671872, 0.0 ] } },
{ "type": "Feature", "properties": { "fid": 8962, "handle": 774018, "block": -1, "etype": 19, "space": 0, "layer": "0", "olinetype": "bylayer", "linetype": "", "color": "0,0,0,55", "ocolor": 256, "color24": -1, "transparency": 0, "lweight": -1, "linewidth": 0.0, "ltscale": 1.0, "visible": 1, "thickness": 0.0, "ext": null, "height": 4.0000000000000009, "text": "5", "angle": 33.174917819707311, "widthscale": 13.582537148526169, "oblique": 0.0, "style": "style1", "textgen": 1, "alignh": 0, "alignv": 1, "interlin": 1.0 }, "geometry": { "type": "Point", "coordinates": [ -40.356900769801264, -20.42919718531429, 0.0 ] } },
{ "type": "Feature", "properties": { "fid": 8963, "handle": 774019, "block": -1, "etype": 19, "space": 0, "layer": "0", "olinetype": "bylayer", "linetype": "", "color": "0,0,0,55", "ocolor": 256, "color24": -1, "transparency": 0, "lweight": -1, "linewidth": 0.0, "ltscale": 1.0, "visible": 1, "thickness": 0.0, "ext": null, "height": 4.0000000000000009, "text": "6", "angle": 33.174917819707311, "widthscale": 13.582537148526169, "oblique": 0.0, "style": "style1", "textgen": 1, "alignh": 0, "alignv": 1, "interlin": 1.0 }, "geometry": { "type": "Point", "coordinates": [ -40.356947580514799, -20.429120616255819, 0.0 ] } },
{ "type": "Feature", "properties": { "fid": 8964, "handle": 774020, "block": -1, "etype": 19, "space": 0, "layer": "0", "olinetype": "bylayer", "linetype": "", "color": "0,0,0,55", "ocolor": 256, "color24": -1, "transparency": 0, "lweight": -1, "linewidth": 0.0, "ltscale": 1.0, "visible": 1, "thickness": 0.0, "ext": null, "height": 4.0000000000000009, "text": "8", "angle": 33.174917819707311, "widthscale": 13.582537148526169, "oblique": 0.0, "style": "style1", "textgen": 1, "alignh": 0, "alignv": 1, "interlin": 1.0 }, "geometry": { "type": "Point", "coordinates": [ -40.356737604704961, -20.42909315502741, 0.0 ] } },
{ "type": "Feature", "properties": { "fid": 8965, "handle": 774021, "block": -1, "etype": 19, "space": 0, "layer": "0", "olinetype": "bylayer", "linetype": "", "color": "0,0,0,55", "ocolor": 256, "color24": -1, "transparency": 0, "lweight": -1, "linewidth": 0.0, "ltscale": 1.0, "visible": 1, "thickness": 0.0, "ext": null, "height": 4.0000000000000009, "text": "10", "angle": 33.174917819707311, "widthscale": 13.582537148526169, "oblique": 0.0, "style": "style1", "textgen": 1, "alignh": 0, "alignv": 1, "interlin": 1.0 }, "geometry": { "type": "Point", "coordinates": [ -40.356665238056948, -20.42905147655425, 0.0 ] } },
{ "type": "Feature", "properties": { "fid": 8966, "handle": 774022, "block": -1, "etype": 19, "space": 0, "layer": "0", "olinetype": "bylayer", "linetype": "", "color": "0,0,0,55", "ocolor": 256, "color24": -1, "transparency": 0, "lweight": -1, "linewidth": 0.0, "ltscale": 1.0, "visible": 1, "thickness": 0.0, "ext": null, "height": 4.0000000000000009, "text": "12", "angle": 33.174917819707311, "widthscale": 13.582537148526169, "oblique": 0.0, "style": "style1", "textgen": 1, "alignh": 0, "alignv": 1, "interlin": 1.0 }, "geometry": { "type": "Point", "coordinates": [ -40.356588919406406, -20.428999666142644, 0.0 ] } },
{ "type": "Feature", "properties": { "fid": 8967, "handle": 774023, "block": -1, "etype": 19, "space": 0, "layer": "0", "olinetype": "bylayer", "linetype": "", "color": "0,0,0,55", "ocolor": 256, "color24": -1, "transparency": 0, "lweight": -1, "linewidth": 0.0, "ltscale": 1.0, "visible": 1, "thickness": 0.0, "ext": null, "height": 4.0000000000000009, "text": "14", "angle": 33.174917819707311, "widthscale": 13.582537148526169, "oblique": 0.0, "style": "style1", "textgen": 1, "alignh": 0, "alignv": 1, "interlin": 1.0 }, "geometry": { "type": "Point", "coordinates": [ -40.356510786247533, -20.428954461400799, 0.0 ] } },
{ "type": "Feature", "properties": { "fid": 8968, "handle": 774024, "block": -1, "etype": 19, "space": 0, "layer": "0", "olinetype": "bylayer", "linetype": "", "color": "0,0,0,55", "ocolor": 256, "color24": -1, "transparency": 0, "lweight": -1, "linewidth": 0.0, "ltscale": 1.0, "visible": 1, "thickness": 0.0, "ext": null, "height": 4.0000000000000009, "text": "18", "angle": 33.174917819707311, "widthscale": 13.582537148526169, "oblique": 0.0, "style": "style1", "textgen": 1, "alignh": 0, "alignv": 1, "interlin": 1.0 }, "geometry": { "type": "Point", "coordinates": [ -40.356340387999765, -20.428852838709542, 0.0 ] } },
{ "type": "Feature", "properties": { "fid": 8969, "handle": 774025, "block": -1, "etype": 19, "space": 0, "layer": "0", "olinetype": "bylayer", "linetype": "", "color": "0,0,0,55", "ocolor": 256, "color24": -1, "transparency": 0, "lweight": -1, "linewidth": 0.0, "ltscale": 1.0, "visible": 1, "thickness": 0.0, "ext": null, "height": 4.0000000000000009, "text": "20", "angle": 33.174917819707311, "widthscale": 13.582537148526169, "oblique": 0.0, "style": "style1", "textgen": 1, "alignh": 0, "alignv": 1, "interlin": 1.0 }, "geometry": { "type": "Point", "coordinates": [ -40.356248799723147, -20.428799406249155, 0.0 ] } },
{ "type": "Feature", "properties": { "fid": 8970, "handle": 774026, "block": -1, "etype": 19, "space": 0, "layer": "0", "olinetype": "bylayer", "linetype": "", "color": "0,0,0,55", "ocolor": 256, "color24": -1, "transparency": 0, "lweight": -1, "linewidth": 0.0, "ltscale": 1.0, "visible": 1, "thickness": 0.0, "ext": null, "height": 4.0000000000000009, "text": "19", "angle": 33.174917819707311, "widthscale": 13.582537148526169, "oblique": 0.0, "style": "style1", "textgen": 1, "alignh": 0, "alignv": 1, "interlin": 1.0 }, "geometry": { "type": "Point", "coordinates": [ -40.356076013445573, -20.429030653896614, 0.0 ] } },
{ "type": "Feature", "properties": { "fid": 8971, "handle": 774027, "block": -1, "etype": 19, "space": 0, "layer": "0", "olinetype": "bylayer", "linetype": "", "color": "0,0,0,55", "ocolor": 256, "color24": -1, "transparency": 0, "lweight": -1, "linewidth": 0.0, "ltscale": 1.0, "visible": 1, "thickness": 0.0, "ext": null, "height": 4.0000000000000009, "text": "7", "angle": 33.174917819707311, "widthscale": 13.582537148526169, "oblique": 0.0, "style": "style1", "textgen": 1, "alignh": 0, "alignv": 1, "interlin": 1.0 }, "geometry": { "type": "Point", "coordinates": [ -40.356574429818387, -20.42933027995597, 0.0 ] } },
{ "type": "Feature", "properties": { "fid": 8972, "handle": 774028, "block": -1, "etype": 19, "space": 0, "layer": "0", "olinetype": "bylayer", "linetype": "", "color": "0,0,0,55", "ocolor": 256, "color24": -1, "transparency": 0, "lweight": -1, "linewidth": 0.0, "ltscale": 1.0, "visible": 1, "thickness": 0.0, "ext": null, "height": 4.0000000000000009, "text": "9", "angle": 33.174917819707311, "widthscale": 13.582537148526169, "oblique": 0.0, "style": "style1", "textgen": 1, "alignh": 0, "alignv": 1, "interlin": 1.0 }, "geometry": { "type": "Point", "coordinates": [ -40.356491098892263, -20.42927675356119, 0.0 ] } },
{ "type": "Feature", "properties": { "fid": 8973, "handle": 774029, "block": -1, "etype": 19, "space": 0, "layer": "0", "olinetype": "bylayer", "linetype": "", "color": "0,0,0,55", "ocolor": 256, "color24": -1, "transparency": 0, "lweight": -1, "linewidth": 0.0, "ltscale": 1.0, "visible": 1, "thickness": 0.0, "ext": null, "height": 4.0000000000000009, "text": "11", "angle": 33.174917819707311, "widthscale": 13.582537148526169, "oblique": 0.0, "style": "style1", "textgen": 1, "alignh": 0, "alignv": 1, "interlin": 1.0 }, "geometry": { "type": "Point", "coordinates": [ -40.356409121225617, -20.42922919803582, 0.0 ] } },
{ "type": "Feature", "properties": { "fid": 8974, "handle": 774030, "block": -1, "etype": 19, "space": 0, "layer": "0", "olinetype": "bylayer", "linetype": "", "color": "0,0,0,55", "ocolor": 256, "color24": -1, "transparency": 0, "lweight": -1, "linewidth": 0.0, "ltscale": 1.0, "visible": 1, "thickness": 0.0, "ext": null, "height": 4.0000000000000009, "text": "13", "angle": 33.174917819707311, "widthscale": 13.582537148526169, "oblique": 0.0, "style": "style1", "textgen": 1, "alignh": 0, "alignv": 1, "interlin": 1.0 }, "geometry": { "type": "Point", "coordinates": [ -40.356340029789848, -20.429194665666706, 0.0 ] } },
{ "type": "Feature", "properties": { "fid": 8975, "handle": 774031, "block": -1, "etype": 19, "space": 0, "layer": "0", "olinetype": "bylayer", "linetype": "", "color": "0,0,0,55", "ocolor": 256, "color24": -1, "transparency": 0, "lweight": -1, "linewidth": 0.0, "ltscale": 1.0, "visible": 1, "thickness": 0.0, "ext": null, "height": 4.0000000000000009, "text": "15", "angle": 33.174917819707311, "widthscale": 13.582537148526169, "oblique": 0.0, "style": "style1", "textgen": 1, "alignh": 0, "alignv": 1, "interlin": 1.0 }, "geometry": { "type": "Point", "coordinates": [ -40.356261789133235, -20.429141679833503, 0.0 ] } },
{ "type": "Feature", "properties": { "fid": 8976, "handle": 774032, "block": -1, "etype": 19, "space": 0, "layer": "0", "olinetype": "bylayer", "linetype": "", "color": "0,0,0,55", "ocolor": 256, "color24": -1, "transparency": 0, "lweight": -1, "linewidth": 0.0, "ltscale": 1.0, "visible": 1, "thickness": 0.0, "ext": null, "height": 4.0000000000000009, "text": "17", "angle": 33.174917819707311, "widthscale": 13.582537148526169, "oblique": 0.0, "style": "style1", "textgen": 1, "alignh": 0, "alignv": 1, "interlin": 1.0 }, "geometry": { "type": "Point", "coordinates": [ -40.356176643730819, -20.429094758914609, 0.0 ] } },
{ "type": "Feature", "properties": { "fid": 8977, "handle": 774033, "block": -1, "etype": 19, "space": 0, "layer": "0", "olinetype": "bylayer", "linetype": "", "color": "0,0,0,55", "ocolor": 256, "color24": -1, "transparency": 0, "lweight": -1, "linewidth": 0.0, "ltscale": 1.0, "visible": 1, "thickness": 0.0, "ext": null, "height": 4.0000000000000009, "text": "21", "angle": 33.174917819707311, "widthscale": 13.582537148526169, "oblique": 0.0, "style": "style1", "textgen": 1, "alignh": 0, "alignv": 1, "interlin": 1.0 }, "geometry": { "type": "Point", "coordinates": [ -40.355843464462325, -20.428987973337865, 0.0 ] } },
{ "type": "Feature", "properties": { "fid": 8978, "handle": 774034, "block": -1, "etype": 19, "space": 0, "layer": "0", "olinetype": "bylayer", "linetype": "", "color": "0,0,0,55", "ocolor": 256, "color24": -1, "transparency": 0, "lweight": -1, "linewidth": 0.0, "ltscale": 1.0, "visible": 1, "thickness": 0.0, "ext": null, "height": 4.0000000000000009, "text": "22", "angle": 33.174917819707311, "widthscale": 13.582537148526169, "oblique": 0.0, "style": "style1", "textgen": 1, "alignh": 0, "alignv": 1, "interlin": 1.0 }, "geometry": { "type": "Point", "coordinates": [ -40.355900043032698, -20.428909483591479, 0.0 ] } },
{ "type": "Feature", "properties": { "fid": 8979, "handle": 774035, "block": -1, "etype": 19, "space": 0, "layer": "0", "olinetype": "bylayer", "linetype": "", "color": "0,0,0,55", "ocolor": 256, "color24": -1, "transparency": 0, "lweight": -1, "linewidth": 0.0, "ltscale": 1.0, "visible": 1, "thickness": 0.0, "ext": null, "height": 4.0000000000000009, "text": "23", "angle": 33.174917819707311, "widthscale": 13.582537148526169, "oblique": 0.0, "style": "style1", "textgen": 1, "alignh": 0, "alignv": 1, "interlin": 1.0 }, "geometry": { "type": "Point", "coordinates": [ -40.355949905527062, -20.428833661514247, 0.0 ] } },
{ "type": "Feature", "properties": { "fid": 8980, "handle": 774036, "block": -1, "etype": 19, "space": 0, "layer": "0", "olinetype": "bylayer", "linetype": "", "color": "0,0,0,55", "ocolor": 256, "color24": -1, "transparency": 0, "lweight": -1, "linewidth": 0.0, "ltscale": 1.0, "visible": 1, "thickness": 0.0, "ext": null, "height": 4.0000000000000009, "text": "24", "angle": 33.174917819707311, "widthscale": 13.582537148526169, "oblique": 0.0, "style": "style1", "textgen": 1, "alignh": 0, "alignv": 1, "interlin": 1.0 }, "geometry": { "type": "Point", "coordinates": [ -40.3560069157421, -20.428764448347248, 0.0 ] } },
{ "type": "Feature", "properties": { "fid": 8981, "handle": 774037, "block": -1, "etype": 19, "space": 0, "layer": "0", "olinetype": "bylayer", "linetype": "", "color": "0,0,0,55", "ocolor": 256, "color24": -1, "transparency": 0, "lweight": -1, "linewidth": 0.0, "ltscale": 1.0, "visible": 1, "thickness": 0.0, "ext": null, "height": 4.0000000000000009, "text": "25", "angle": 33.174917819707311, "widthscale": 13.582537148526169, "oblique": 0.0, "style": "style1", "textgen": 1, "alignh": 0, "alignv": 1, "interlin": 1.0 }, "geometry": { "type": "Point", "coordinates": [ -40.356055104527485, -20.428686483689404, 0.0 ] } },
{ "type": "Feature", "properties": { "fid": 8982, "handle": 774038, "block": -1, "etype": 19, "space": 0, "layer": "0", "olinetype": "bylayer", "linetype": "", "color": "0,0,0,55", "ocolor": 256, "color24": -1, "transparency": 0, "lweight": -1, "linewidth": 0.0, "ltscale": 1.0, "visible": 1, "thickness": 0.0, "ext": null, "height": 4.0000000000000009, "text": "26", "angle": 33.174917819707311, "widthscale": 13.582537148526169, "oblique": 0.0, "style": "style1", "textgen": 1, "alignh": 0, "alignv": 1, "interlin": 1.0 }, "geometry": { "type": "Point", "coordinates": [ -40.356105652381075, -20.428604484495217, 0.0 ] } },
{ "type": "Feature", "properties": { "fid": 8983, "handle": 774039, "block": -1, "etype": 19, "space": 0, "layer": "0", "olinetype": "bylayer", "linetype": "", "color": "0,0,0,55", "ocolor": 256, "color24": -1, "transparency": 0, "lweight": -1, "linewidth": 0.0, "ltscale": 1.0, "visible": 1, "thickness": 0.0, "ext": null, "height": 4.0000000000000009, "text": "16", "angle": 33.174917819707311, "widthscale": 13.582537148526169, "oblique": 0.0, "style": "style1", "textgen": 1, "alignh": 0, "alignv": 1, "interlin": 1.0 }, "geometry": { "type": "Point", "coordinates": [ -40.356429131724575, -20.428905471783253, 0.0 ] } },
{ "type": "Feature", "properties": { "fid": 8984, "handle": 774123, "block": -1, "etype": 19, "space": 0, "layer": "0", "olinetype": "bylayer", "linetype": "", "color": "0,0,0,55", "ocolor": 256, "color24": -1, "transparency": 0, "lweight": -1, "linewidth": 0.0, "ltscale": 1.0, "visible": 1, "thickness": 0.0, "ext": null, "height": 4.0000000000000009, "text": "2", "angle": 33.174917819707318, "widthscale": 13.582537148526169, "oblique": 0.0, "style": "style1", "textgen": 1, "alignh": 0, "alignv": 1, "interlin": 1.0 }, "geometry": { "type": "Point", "coordinates": [ -40.35553300332397, -20.428687496363104, 0.0 ] } },
{ "type": "Feature", "properties": { "fid": 8985, "handle": 774124, "block": -1, "etype": 19, "space": 0, "layer": "0", "olinetype": "bylayer", "linetype": "", "color": "0,0,0,55", "ocolor": 256, "color24": -1, "transparency": 0, "lweight": -1, "linewidth": 0.0, "ltscale": 1.0, "visible": 1, "thickness": 0.0, "ext": null, "height": 4.0000000000000009, "text": "3", "angle": 33.174917819707318, "widthscale": 13.582537148526169, "oblique": 0.0, "style": "style1", "textgen": 1, "alignh": 0, "alignv": 1, "interlin": 1.0 }, "geometry": { "type": "Point", "coordinates": [ -40.355589878168431, -20.428613390438187, 0.0 ] } },
{ "type": "Feature", "properties": { "fid": 8986, "handle": 774125, "block": -1, "etype": 19, "space": 0, "layer": "0", "olinetype": "bylayer", "linetype": "", "color": "0,0,0,55", "ocolor": 256, "color24": -1, "transparency": 0, "lweight": -1, "linewidth": 0.0, "ltscale": 1.0, "visible": 1, "thickness": 0.0, "ext": null, "height": 4.0000000000000009, "text": "4", "angle": 33.174917819707318, "widthscale": 13.582537148526169, "oblique": 0.0, "style": "style1", "textgen": 1, "alignh": 0, "alignv": 1, "interlin": 1.0 }, "geometry": { "type": "Point", "coordinates": [ -40.355641798485038, -20.428543636745506, 0.0 ] } },
{ "type": "Feature", "properties": { "fid": 8987, "handle": 774126, "block": -1, "etype": 19, "space": 0, "layer": "0", "olinetype": "bylayer", "linetype": "", "color": "0,0,0,55", "ocolor": 256, "color24": -1, "transparency": 0, "lweight": -1, "linewidth": 0.0, "ltscale": 1.0, "visible": 1, "thickness": 0.0, "ext": null, "height": 4.0000000000000009, "text": "5", "angle": 33.174917819707318, "widthscale": 13.582537148526169, "oblique": 0.0, "style": "style1", "textgen": 1, "alignh": 0, "alignv": 1, "interlin": 1.0 }, "geometry": { "type": "Point", "coordinates": [ -40.35569632298445, -20.428464402738523, 0.0 ] } },
{ "type": "Feature", "properties": { "fid": 8988, "handle": 774127, "block": -1, "etype": 19, "space": 0, "layer": "0", "olinetype": "bylayer", "linetype": "", "color": "0,0,0,55", "ocolor": 256, "color24": -1, "transparency": 0, "lweight": -1, "linewidth": 0.0, "ltscale": 1.0, "visible": 1, "thickness": 0.0, "ext": null, "height": 4.0000000000000009, "text": "6", "angle": 33.174917819707318, "widthscale": 13.582537148526169, "oblique": 0.0, "style": "style1", "textgen": 1, "alignh": 0, "alignv": 1, "interlin": 1.0 }, "geometry": { "type": "Point", "coordinates": [ -40.355743134116103, -20.428387833976579, 0.0 ] } },
{ "type": "Feature", "properties": { "fid": 8989, "handle": 774128, "block": -1, "etype": 19, "space": 0, "layer": "0", "olinetype": "bylayer", "linetype": "", "color": "0,0,0,55", "ocolor": 256, "color24": -1, "transparency": 0, "lweight": -1, "linewidth": 0.0, "ltscale": 1.0, "visible": 1, "thickness": 0.0, "ext": null, "height": 4.0000000000000009, "text": "8", "angle": 33.174917819707311, "widthscale": 13.582537148526169, "oblique": 0.0, "style": "style1", "textgen": 1, "alignh": 0, "alignv": 1, "interlin": 1.0 }, "geometry": { "type": "Point", "coordinates": [ -40.355538385271501, -20.428365837034178, 0.0 ] } },
{ "type": "Feature", "properties": { "fid": 8990, "handle": 774129, "block": -1, "etype": 19, "space": 0, "layer": "0", "olinetype": "bylayer", "linetype": "", "color": "0,0,0,55", "ocolor": 256, "color24": -1, "transparency": 0, "lweight": -1, "linewidth": 0.0, "ltscale": 1.0, "visible": 1, "thickness": 0.0, "ext": null, "height": 4.0000000000000009, "text": "10", "angle": 33.174917819707311, "widthscale": 13.582537148526169, "oblique": 0.0, "style": "style1", "textgen": 1, "alignh": 0, "alignv": 1, "interlin": 1.0 }, "geometry": { "type": "Point", "coordinates": [ -40.355466019267752, -20.428324158021571, 0.0 ] } },
{ "type": "Feature", "properties": { "fid": 8991, "handle": 774130, "block": -1, "etype": 19, "space": 0, "layer": "0", "olinetype": "bylayer", "linetype": "", "color": "0,0,0,55", "ocolor": 256, "color24": -1, "transparency": 0, "lweight": -1, "linewidth": 0.0, "ltscale": 1.0, "visible": 1, "thickness": 0.0, "ext": null, "height": 4.0000000000000009, "text": "12", "angle": 33.174917819707311, "widthscale": 13.582537148526169, "oblique": 0.0, "style": "style1", "textgen": 1, "alignh": 0, "alignv": 1, "interlin": 1.0 }, "geometry": { "type": "Point", "coordinates": [ -40.355389701359918, -20.428272347037023, 0.0 ] } },
{ "type": "Feature", "properties": { "fid": 8992, "handle": 774131, "block": -1, "etype": 19, "space": 0, "layer": "0", "olinetype": "bylayer", "linetype": "", "color": "0,0,0,55", "ocolor": 256, "color24": -1, "transparency": 0, "lweight": -1, "linewidth": 0.0, "ltscale": 1.0, "visible": 1, "thickness": 0.0, "ext": null, "height": 4.0000000000000009, "text": "14", "angle": 33.174917819707311, "widthscale": 13.582537148526169, "oblique": 0.0, "style": "style1", "textgen": 1, "alignh": 0, "alignv": 1, "interlin": 1.0 }, "geometry": { "type": "Point", "coordinates": [ -40.355311568898315, -20.428227141712668, 0.0 ] } },
{ "type": "Feature", "properties": { "fid": 8993, "handle": 774132, "block": -1, "etype": 19, "space": 0, "layer": "0", "olinetype": "bylayer", "linetype": "", "color": "0,0,0,55", "ocolor": 256, "color24": -1, "transparency": 0, "lweight": -1, "linewidth": 0.0, "ltscale": 1.0, "visible": 1, "thickness": 0.0, "ext": null, "height": 4.0000000000000009, "text": "18", "angle": 33.174917819707311, "widthscale": 13.582537148526169, "oblique": 0.0, "style": "style1", "textgen": 1, "alignh": 0, "alignv": 1, "interlin": 1.0 }, "geometry": { "type": "Point", "coordinates": [ -40.355141172195601, -20.428125517749436, 0.0 ] } },
{ "type": "Feature", "properties": { "fid": 8994, "handle": 774133, "block": -1, "etype": 19, "space": 0, "layer": "0", "olinetype": "bylayer", "linetype": "", "color": "0,0,0,55", "ocolor": 256, "color24": -1, "transparency": 0, "lweight": -1, "linewidth": 0.0, "ltscale": 1.0, "visible": 1, "thickness": 0.0, "ext": null, "height": 4.0000000000000009, "text": "20", "angle": 33.174917819707311, "widthscale": 13.582537148526169, "oblique": 0.0, "style": "style1", "textgen": 1, "alignh": 0, "alignv": 1, "interlin": 1.0 }, "geometry": { "type": "Point", "coordinates": [ -40.355049584739895, -20.428072084606004, 0.0 ] } },
{ "type": "Feature", "properties": { "fid": 8995, "handle": 774134, "block": -1, "etype": 19, "space": 0, "layer": "0", "olinetype": "bylayer", "linetype": "", "color": "0,0,0,55", "ocolor": 256, "color24": -1, "transparency": 0, "lweight": -1, "linewidth": 0.0, "ltscale": 1.0, "visible": 1, "thickness": 0.0, "ext": null, "height": 4.0000000000000009, "text": "19", "angle": 33.174917819707311, "widthscale": 13.582537148526169, "oblique": 0.0, "style": "style1", "textgen": 1, "alignh": 0, "alignv": 1, "interlin": 1.0 }, "geometry": { "type": "Point", "coordinates": [ -40.354876797337184, -20.428303331137048, 0.0 ] } },
{ "type": "Feature", "properties": { "fid": 8996, "handle": 774135, "block": -1, "etype": 19, "space": 0, "layer": "0", "olinetype": "bylayer", "linetype": "", "color": "0,0,0,55", "ocolor": 256, "color24": -1, "transparency": 0, "lweight": -1, "linewidth": 0.0, "ltscale": 1.0, "visible": 1, "thickness": 0.0, "ext": null, "height": 4.0000000000000009, "text": "7", "angle": 33.174917819707311, "widthscale": 13.582537148526169, "oblique": 0.0, "style": "style1", "textgen": 1, "alignh": 0, "alignv": 1, "interlin": 1.0 }, "geometry": { "type": "Point", "coordinates": [ -40.355375209171399, -20.428602960918152, 0.0 ] } },
{ "type": "Feature", "properties": { "fid": 8997, "handle": 774136, "block": -1, "etype": 19, "space": 0, "layer": "0", "olinetype": "bylayer", "linetype": "", "color": "0,0,0,55", "ocolor": 256, "color24": -1, "transparency": 0, "lweight": -1, "linewidth": 0.0, "ltscale": 1.0, "visible": 1, "thickness": 0.0, "ext": null, "height": 4.0000000000000009, "text": "9", "angle": 33.174917819707311, "widthscale": 13.582537148526169, "oblique": 0.0, "style": "style1", "textgen": 1, "alignh": 0, "alignv": 1, "interlin": 1.0 }, "geometry": { "type": "Point", "coordinates": [ -40.355291879031732, -20.428549433899345, 0.0 ] } },
{ "type": "Feature", "properties": { "fid": 8998, "handle": 774137, "block": -1, "etype": 19, "space": 0, "layer": "0", "olinetype": "bylayer", "linetype": "", "color": "0,0,0,55", "ocolor": 256, "color24": -1, "transparency": 0, "lweight": -1, "linewidth": 0.0, "ltscale": 1.0, "visible": 1, "thickness": 0.0, "ext": null, "height": 4.0000000000000009, "text": "11", "angle": 33.174917819707311, "widthscale": 13.582537148526169, "oblique": 0.0, "style": "style1", "textgen": 1, "alignh": 0, "alignv": 1, "interlin": 1.0 }, "geometry": { "type": "Point", "coordinates": [ -40.355209902097677, -20.428501877762709, 0.0 ] } },
{ "type": "Feature", "properties": { "fid": 8999, "handle": 774138, "block": -1, "etype": 19, "space": 0, "layer": "0", "olinetype": "bylayer", "linetype": "", "color": "0,0,0,55", "ocolor": 256, "color24": -1, "transparency": 0, "lweight": -1, "linewidth": 0.0, "ltscale": 1.0, "visible": 1, "thickness": 0.0, "ext": null, "height": 4.0000000000000009, "text": "13", "angle": 33.174917819707311, "widthscale": 13.582537148526169, "oblique": 0.0, "style": "style1", "textgen": 1, "alignh": 0, "alignv": 1, "interlin": 1.0 }, "geometry": { "type": "Point", "coordinates": [ -40.355140811234669, -20.428467344881309, 0.0 ] } },
{ "type": "Feature", "properties": { "fid": 9000, "handle": 774139, "block": -1, "etype": 19, "space": 0, "layer": "0", "olinetype": "bylayer", "linetype": "", "color": "0,0,0,55", "ocolor": 256, "color24": -1, "transparency": 0, "lweight": -1, "linewidth": 0.0, "ltscale": 1.0, "visible": 1, "thickness": 0.0, "ext": null, "height": 4.0000000000000009, "text": "15", "angle": 33.174917819707311, "widthscale": 13.582537148526169, "oblique": 0.0, "style": "style1", "textgen": 1, "alignh": 0, "alignv": 1, "interlin": 1.0 }, "geometry": { "type": "Point", "coordinates": [ -40.355062571338436, -20.428414358460763, 0.0 ] } },
{ "type": "Feature", "properties": { "fid": 9001, "handle": 774140, "block": -1, "etype": 19, "space": 0, "layer": "0", "olinetype": "bylayer", "linetype": "", "color": "0,0,0,55", "ocolor": 256, "color24": -1, "transparency": 0, "lweight": -1, "linewidth": 0.0, "ltscale": 1.0, "visible": 1, "thickness": 0.0, "ext": null, "height": 4.0000000000000009, "text": "17", "angle": 33.174917819707311, "widthscale": 13.582537148526169, "oblique": 0.0, "style": "style1", "textgen": 1, "alignh": 0, "alignv": 1, "interlin": 1.0 }, "geometry": { "type": "Point", "coordinates": [ -40.354977426677031, -20.428367436908314, 0.0 ] } },
{ "type": "Feature", "properties": { "fid": 9002, "handle": 774141, "block": -1, "etype": 19, "space": 0, "layer": "0", "olinetype": "bylayer", "linetype": "", "color": "0,0,0,55", "ocolor": 256, "color24": -1, "transparency": 0, "lweight": -1, "linewidth": 0.0, "ltscale": 1.0, "visible": 1, "thickness": 0.0, "ext": null, "height": 4.0000000000000009, "text": "21", "angle": 33.174917819707311, "widthscale": 13.582537148526169, "oblique": 0.0, "style": "style1", "textgen": 1, "alignh": 0, "alignv": 1, "interlin": 1.0 }, "geometry": { "type": "Point", "coordinates": [ -40.354644249689493, -20.428260648892195, 0.0 ] } },
{ "type": "Feature", "properties": { "fid": 9003, "handle": 774142, "block": -1, "etype": 19, "space": 0, "layer": "0", "olinetype": "bylayer", "linetype": "", "color": "0,0,0,55", "ocolor": 256, "color24": -1, "transparency": 0, "lweight": -1, "linewidth": 0.0, "ltscale": 1.0, "visible": 1, "thickness": 0.0, "ext": null, "height": 4.0000000000000009, "text": "22", "angle": 33.174917819707311, "widthscale": 13.582537148526169, "oblique": 0.0, "style": "style1", "textgen": 1, "alignh": 0, "alignv": 1, "interlin": 1.0 }, "geometry": { "type": "Point", "coordinates": [ -40.354700828650579, -20.428182159509923, 0.0 ] } },
{ "type": "Feature", "properties": { "fid": 9004, "handle": 774143, "block": -1, "etype": 19, "space": 0, "layer": "0", "olinetype": "bylayer", "linetype": "", "color": "0,0,0,55", "ocolor": 256, "color24": -1, "transparency": 0, "lweight": -1, "linewidth": 0.0, "ltscale": 1.0, "visible": 1, "thickness": 0.0, "ext": null, "height": 4.0000000000000009, "text": "23", "angle": 33.174917819707311, "widthscale": 13.582537148526169, "oblique": 0.0, "style": "style1", "textgen": 1, "alignh": 0, "alignv": 1, "interlin": 1.0 }, "geometry": { "type": "Point", "coordinates": [ -40.354750691542797, -20.428106337750176, 0.0 ] } },
{ "type": "Feature", "properties": { "fid": 9005, "handle": 774144, "block": -1, "etype": 19, "space": 0, "layer": "0", "olinetype": "bylayer", "linetype": "", "color": "0,0,0,55", "ocolor": 256, "color24": -1, "transparency": 0, "lweight": -1, "linewidth": 0.0, "ltscale": 1.0, "visible": 1, "thickness": 0.0, "ext": null, "height": 4.0000000000000009, "text": "24", "angle": 33.174917819707311, "widthscale": 13.582537148526169, "oblique": 0.0, "style": "style1", "textgen": 1, "alignh": 0, "alignv": 1, "interlin": 1.0 }, "geometry": { "type": "Point", "coordinates": [ -40.354807702072002, -20.428037124955203, 0.0 ] } },
{ "type": "Feature", "properties": { "fid": 9006, "handle": 774145, "block": -1, "etype": 19, "space": 0, "layer": "0", "olinetype": "bylayer", "linetype": "", "color": "0,0,0,55", "ocolor": 256, "color24": -1, "transparency": 0, "lweight": -1, "linewidth": 0.0, "ltscale": 1.0, "visible": 1, "thickness": 0.0, "ext": null, "height": 4.0000000000000009, "text": "25", "angle": 33.174917819707311, "widthscale": 13.582537148526169, "oblique": 0.0, "style": "style1", "textgen": 1, "alignh": 0, "alignv": 1, "interlin": 1.0 }, "geometry": { "type": "Point", "coordinates": [ -40.354855891279648, -20.427959160601759, 0.0 ] } },
{ "type": "Feature", "properties": { "fid": 9007, "handle": 774146, "block": -1, "etype": 19, "space": 0, "layer": "0", "olinetype": "bylayer", "linetype": "", "color": "0,0,0,55", "ocolor": 256, "color24": -1, "transparency": 0, "lweight": -1, "linewidth": 0.0, "ltscale": 1.0, "visible": 1, "thickness": 0.0, "ext": null, "height": 4.0000000000000009, "text": "26", "angle": 33.174917819707311, "widthscale": 13.582537148526169, "oblique": 0.0, "style": "style1", "textgen": 1, "alignh": 0, "alignv": 1, "interlin": 1.0 }, "geometry": { "type": "Point", "coordinates": [ -40.354906439577917, -20.427877161726698, 0.0 ] } },
{ "type": "Feature", "properties": { "fid": 9008, "handle": 774147, "block": -1, "etype": 19, "space": 0, "layer": "0", "olinetype": "bylayer", "linetype": "", "color": "0,0,0,55", "ocolor": 256, "color24": -1, "transparency": 0, "lweight": -1, "linewidth": 0.0, "ltscale": 1.0, "visible": 1, "thickness": 0.0, "ext": null, "height": 4.0000000000000009, "text": "16", "angle": 33.174917819707311, "widthscale": 13.582537148526169, "oblique": 0.0, "style": "style1", "textgen": 1, "alignh": 0, "alignv": 1, "interlin": 1.0 }, "geometry": { "type": "Point", "coordinates": [ -40.355229915118095, -20.428178151485426, 0.0 ] } },
{ "type": "Feature", "properties": { "fid": 9009, "handle": 774155, "block": -1, "etype": 19, "space": 0, "layer": "0", "olinetype": "bylayer", "linetype": "", "color": "0,0,0,55", "ocolor": 256, "color24": -1, "transparency": 0, "lweight": -1, "linewidth": 0.0, "ltscale": 1.0, "visible": 1, "thickness": 0.0, "ext": null, "height": 4.0000000000000009, "text": "1", "angle": 33.174917819707318, "widthscale": 13.582537148526169, "oblique": 0.0, "style": "style1", "textgen": 1, "alignh": 0, "alignv": 1, "interlin": 1.0 }, "geometry": { "type": "Point", "coordinates": [ -40.355481579720141, -20.428760956213139, 0.0 ] } },
{ "type": "Feature", "properties": { "fid": 9010, "handle": 774172, "block": -1, "etype": 19, "space": 0, "layer": "0", "olinetype": "bylayer", "linetype": "", "color": "0,0,0,55", "ocolor": 256, "color24": -1, "transparency": 0, "lweight": -1, "linewidth": 0.0, "ltscale": 1.0, "visible": 1, "thickness": 0.0, "ext": null, "height": 4.0000000000000009, "text": "1", "angle": 33.174917819707318, "widthscale": 13.582537148526169, "oblique": 0.0, "style": "style1", "textgen": 1, "alignh": 0, "alignv": 1, "interlin": 1.0 }, "geometry": { "type": "Point", "coordinates": [ -40.354339778546745, -20.428064614152607, 0.0 ] } },
{ "type": "Feature", "properties": { "fid": 9011, "handle": 774173, "block": -1, "etype": 19, "space": 0, "layer": "0", "olinetype": "bylayer", "linetype": "", "color": "0,0,0,55", "ocolor": 256, "color24": -1, "transparency": 0, "lweight": -1, "linewidth": 0.0, "ltscale": 1.0, "visible": 1, "thickness": 0.0, "ext": null, "height": 4.0000000000000009, "text": "2", "angle": 33.174917819707318, "widthscale": 13.582537148526169, "oblique": 0.0, "style": "style1", "textgen": 1, "alignh": 0, "alignv": 1, "interlin": 1.0 }, "geometry": { "type": "Point", "coordinates": [ -40.35439884885421, -20.427982504673164, 0.0 ] } },
{ "type": "Feature", "properties": { "fid": 9012, "handle": 774174, "block": -1, "etype": 19, "space": 0, "layer": "0", "olinetype": "bylayer", "linetype": "", "color": "0,0,0,55", "ocolor": 256, "color24": -1, "transparency": 0, "lweight": -1, "linewidth": 0.0, "ltscale": 1.0, "visible": 1, "thickness": 0.0, "ext": null, "height": 4.0000000000000009, "text": "3", "angle": 33.174917819707318, "widthscale": 13.582537148526169, "oblique": 0.0, "style": "style1", "textgen": 1, "alignh": 0, "alignv": 1, "interlin": 1.0 }, "geometry": { "type": "Point", "coordinates": [ -40.354455724027787, -20.427908399097003, 0.0 ] } },
{ "type": "Feature", "properties": { "fid": 9013, "handle": 774175, "block": -1, "etype": 19, "space": 0, "layer": "0", "olinetype": "bylayer", "linetype": "", "color": "0,0,0,55", "ocolor": 256, "color24": -1, "transparency": 0, "lweight": -1, "linewidth": 0.0, "ltscale": 1.0, "visible": 1, "thickness": 0.0, "ext": null, "height": 4.0000000000000009, "text": "4", "angle": 33.174917819707318, "widthscale": 13.582537148526169, "oblique": 0.0, "style": "style1", "textgen": 1, "alignh": 0, "alignv": 1, "interlin": 1.0 }, "geometry": { "type": "Point", "coordinates": [ -40.354507644660877, -20.427838645721668, 0.0 ] } },
{ "type": "Feature", "properties": { "fid": 9014, "handle": 774176, "block": -1, "etype": 19, "space": 0, "layer": "0", "olinetype": "bylayer", "linetype": "", "color": "0,0,0,55", "ocolor": 256, "color24": -1, "transparency": 0, "lweight": -1, "linewidth": 0.0, "ltscale": 1.0, "visible": 1, "thickness": 0.0, "ext": null, "height": 4.0000000000000009, "text": "5", "angle": 33.174917819707318, "widthscale": 13.582537148526169, "oblique": 0.0, "style": "style1", "textgen": 1, "alignh": 0, "alignv": 1, "interlin": 1.0 }, "geometry": { "type": "Point", "coordinates": [ -40.354562169538262, -20.427759412044978, 0.0 ] } },
{ "type": "Feature", "properties": { "fid": 9015, "handle": 774177, "block": -1, "etype": 19, "space": 0, "layer": "0", "olinetype": "bylayer", "linetype": "", "color": "0,0,0,55", "ocolor": 256, "color24": -1, "transparency": 0, "lweight": -1, "linewidth": 0.0, "ltscale": 1.0, "visible": 1, "thickness": 0.0, "ext": null, "height": 4.0000000000000009, "text": "6", "angle": 33.174917819707318, "widthscale": 13.582537148526169, "oblique": 0.0, "style": "style1", "textgen": 1, "alignh": 0, "alignv": 1, "interlin": 1.0 }, "geometry": { "type": "Point", "coordinates": [ -40.354608981059535, -20.427682843562405, 0.0 ] } },
{ "type": "Feature", "properties": { "fid": 9016, "handle": 774199, "block": -1, "etype": 19, "space": 0, "layer": "0", "olinetype": "byblock", "linetype": "", "color": "0,0,0,55", "ocolor": 256, "color24": -1, "transparency": 0, "lweight": -1, "linewidth": 0.0, "ltscale": 1.0, "visible": 1, "thickness": 0.0, "ext": null, "height": 4.0000000000000009, "text": "1", "angle": 33.174917728887074, "widthscale": 13.582537148526169, "oblique": 0.0, "style": "style1", "textgen": 1, "alignh": 0, "alignv": 1, "interlin": 1.0 }, "geometry": { "type": "Point", "coordinates": [ -40.35472641771419, -20.427487150117738, 0.0 ] } },
{ "type": "Feature", "properties": { "fid": 9017, "handle": 774200, "block": -1, "etype": 19, "space": 0, "layer": "0", "olinetype": "byblock", "linetype": "", "color": "0,0,0,55", "ocolor": 256, "color24": -1, "transparency": 0, "lweight": -1, "linewidth": 0.0, "ltscale": 1.0, "visible": 1, "thickness": 0.0, "ext": null, "height": 4.0000000000000009, "text": "2", "angle": 33.174917728887074, "widthscale": 13.582537148526169, "oblique": 0.0, "style": "style1", "textgen": 1, "alignh": 0, "alignv": 1, "interlin": 1.0 }, "geometry": { "type": "Point", "coordinates": [ -40.35478595217068, -20.42740436543372, 0.0 ] } },
{ "type": "Feature", "properties": { "fid": 9018, "handle": 774201, "block": -1, "etype": 19, "space": 0, "layer": "0", "olinetype": "bylayer", "linetype": "", "color": "0,0,0,55", "ocolor": 256, "color24": -1, "transparency": 0, "lweight": -1, "linewidth": 0.0, "ltscale": 1.0, "visible": 1, "thickness": 0.0, "ext": null, "height": 4.0000000000000009, "text": "3", "angle": 33.174917728887074, "widthscale": 13.582537148526169, "oblique": 0.0, "style": "style1", "textgen": 1, "alignh": 0, "alignv": 1, "interlin": 1.0 }, "geometry": { "type": "Point", "coordinates": [ -40.354842362392255, -20.4273309348408, 0.0 ] } },
{ "type": "Feature", "properties": { "fid": 9019, "handle": 774202, "block": -1, "etype": 19, "space": 0, "layer": "0", "olinetype": "bylayer", "linetype": "", "color": "0,0,0,55", "ocolor": 256, "color24": -1, "transparency": 0, "lweight": -1, "linewidth": 0.0, "ltscale": 1.0, "visible": 1, "thickness": 0.0, "ext": null, "height": 4.0000000000000009, "text": "4", "angle": 33.174917728887074, "widthscale": 13.582537148526169, "oblique": 0.0, "style": "style1", "textgen": 1, "alignh": 0, "alignv": 1, "interlin": 1.0 }, "geometry": { "type": "Point", "coordinates": [ -40.354894282666208, -20.427261181366344, 0.0 ] } },
{ "type": "Feature", "properties": { "fid": 9020, "handle": 774203, "block": -1, "etype": 19, "space": 0, "layer": "0", "olinetype": "bylayer", "linetype": "", "color": "0,0,0,55", "ocolor": 256, "color24": -1, "transparency": 0, "lweight": -1, "linewidth": 0.0, "ltscale": 1.0, "visible": 1, "thickness": 0.0, "ext": null, "height": 4.0000000000000009, "text": "5", "angle": 33.174917728887074, "widthscale": 13.582537148526169, "oblique": 0.0, "style": "style1", "textgen": 1, "alignh": 0, "alignv": 1, "interlin": 1.0 }, "geometry": { "type": "Point", "coordinates": [ -40.354948807152923, -20.427181947585982, 0.0 ] } },
{ "type": "Feature", "properties": { "fid": 9021, "handle": 774204, "block": -1, "etype": 19, "space": 0, "layer": "0", "olinetype": "bylayer", "linetype": "", "color": "0,0,0,55", "ocolor": 256, "color24": -1, "transparency": 0, "lweight": -1, "linewidth": 0.0, "ltscale": 1.0, "visible": 1, "thickness": 0.0, "ext": null, "height": 4.0000000000000009, "text": "6", "angle": 33.174917728887074, "widthscale": 13.582537148526169, "oblique": 0.0, "style": "style1", "textgen": 1, "alignh": 0, "alignv": 1, "interlin": 1.0 }, "geometry": { "type": "Point", "coordinates": [ -40.354995618319435, -20.427105379015092, 0.0 ] } },
{ "type": "Feature", "properties": { "fid": 9022, "handle": 774205, "block": -1, "etype": 19, "space": 0, "layer": "0", "olinetype": "byblock", "linetype": "", "color": "0,0,0,55", "ocolor": 256, "color24": -1, "transparency": 0, "lweight": -1, "linewidth": 0.0, "ltscale": 1.0, "visible": 1, "thickness": 0.0, "ext": null, "height": 4.0000000000000009, "text": "7", "angle": 33.174917728887074, "widthscale": 13.582537148526169, "oblique": 0.0, "style": "style1", "textgen": 1, "alignh": 0, "alignv": 1, "interlin": 1.0 }, "geometry": { "type": "Point", "coordinates": [ -40.355020648460417, -20.427024284467354, 0.0 ] } },
{ "type": "Feature", "properties": { "fid": 9023, "handle": 774206, "block": -1, "etype": 19, "space": 0, "layer": "0", "olinetype": "byblock", "linetype": "", "color": "0,0,0,55", "ocolor": 256, "color24": -1, "transparency": 0, "lweight": -1, "linewidth": 0.0, "ltscale": 1.0, "visible": 1, "thickness": 0.0, "ext": null, "height": 4.0000000000000009, "text": "8", "angle": 33.174917728887074, "widthscale": 13.582537148526169, "oblique": 0.0, "style": "style1", "textgen": 1, "alignh": 0, "alignv": 1, "interlin": 1.0 }, "geometry": { "type": "Point", "coordinates": [ -40.355079718029373, -20.426942174790046, 0.0 ] } },
{ "type": "Feature", "properties": { "fid": 9024, "handle": 774207, "block": -1, "etype": 19, "space": 0, "layer": "0", "olinetype": "byblock", "linetype": "", "color": "0,0,0,55", "ocolor": 256, "color24": -1, "transparency": 0, "lweight": -1, "linewidth": 0.0, "ltscale": 1.0, "visible": 1, "thickness": 0.0, "ext": null, "height": 4.0000000000000009, "text": "9", "angle": 33.174917728887074, "widthscale": 13.582537148526169, "oblique": 0.0, "style": "style1", "textgen": 1, "alignh": 0, "alignv": 1, "interlin": 1.0 }, "geometry": { "type": "Point", "coordinates": [ -40.355136592511599, -20.426868069022696, 0.0 ] } },
{ "type": "Feature", "properties": { "fid": 9025, "handle": 774208, "block": -1, "etype": 19, "space": 0, "layer": "0", "olinetype": "byblock", "linetype": "", "color": "0,0,0,55", "ocolor": 256, "color24": -1, "transparency": 0, "lweight": -1, "linewidth": 0.0, "ltscale": 1.0, "visible": 1, "thickness": 0.0, "ext": null, "height": 4.0000000000000009, "text": "10", "angle": 33.174917728887074, "widthscale": 13.582537148526169, "oblique": 0.0, "style": "style1", "textgen": 1, "alignh": 0, "alignv": 1, "interlin": 1.0 }, "geometry": { "type": "Point", "coordinates": [ -40.355208935593943, -20.426809844937992, 0.0 ] } },
{ "type": "Feature", "properties": { "fid": 9026, "handle": 774209, "block": -1, "etype": 19, "space": 0, "layer": "0", "olinetype": "byblock", "linetype": "", "color": "0,0,0,55", "ocolor": 256, "color24": -1, "transparency": 0, "lweight": -1, "linewidth": 0.0, "ltscale": 1.0, "visible": 1, "thickness": 0.0, "ext": null, "height": 4.0000000000000009, "text": "11", "angle": 33.174917728887074, "widthscale": 13.582537148526169, "oblique": 0.0, "style": "style1", "textgen": 1, "alignh": 0, "alignv": 1, "interlin": 1.0 }, "geometry": { "type": "Point", "coordinates": [ -40.355261180826801, -20.426730176679392, 0.0 ] } },
{ "type": "Feature", "properties": { "fid": 9027, "handle": 774210, "block": -1, "etype": 19, "space": 0, "layer": "0", "olinetype": "byblock", "linetype": "", "color": "0,0,0,55", "ocolor": 256, "color24": -1, "transparency": 0, "lweight": -1, "linewidth": 0.0, "ltscale": 1.0, "visible": 1, "thickness": 0.0, "ext": null, "height": 4.0000000000000009, "text": "12", "angle": 33.174917728887074, "widthscale": 13.582537148526169, "oblique": 0.0, "style": "style1", "textgen": 1, "alignh": 0, "alignv": 1, "interlin": 1.0 }, "geometry": { "type": "Point", "coordinates": [ -40.355313434855432, -20.426656936496236, 0.0 ] } },
{ "type": "Feature", "properties": { "fid": 9028, "handle": 774211, "block": -1, "etype": 19, "space": 0, "layer": "0", "olinetype": "bylayer", "linetype": "", "color": "0,0,0,55", "ocolor": 256, "color24": -1, "transparency": 0, "lweight": -1, "linewidth": 0.0, "ltscale": 1.0, "visible": 1, "thickness": 0.0, "ext": null, "height": 4.0000000000000009, "text": "13", "angle": 33.174917728887074, "widthscale": 13.582537148526169, "oblique": 0.0, "style": "style1", "textgen": 1, "alignh": 0, "alignv": 1, "interlin": 1.0 }, "geometry": { "type": "Point", "coordinates": [ -40.355368921272607, -20.426580196328565, 0.0 ] } },
{ "type": "Feature", "properties": { "fid": 9029, "handle": 774268, "block": -1, "etype": 19, "space": 0, "layer": "0", "olinetype": "bylayer", "linetype": "", "color": "0,0,0,55", "ocolor": 256, "color24": -1, "transparency": 0, "lweight": -1, "linewidth": 0.0, "ltscale": 1.0, "visible": 1, "thickness": 0.0, "ext": null, "height": 4.0000000000000009, "text": "2", "angle": 33.170136880536305, "widthscale": 13.582537148526169, "oblique": 0.0, "style": "style1", "textgen": 1, "alignh": 0, "alignv": 1, "interlin": 1.0 }, "geometry": { "type": "Point", "coordinates": [ -40.357111877585226, -20.428876163277149, 0.0 ] } },
{ "type": "Feature", "properties": { "fid": 9030, "handle": 774269, "block": -1, "etype": 19, "space": 0, "layer": "0", "olinetype": "bylayer", "linetype": "", "color": "0,0,0,55", "ocolor": 256, "color24": -1, "transparency": 0, "lweight": -1, "linewidth": 0.0, "ltscale": 1.0, "visible": 1, "thickness": 0.0, "ext": null, "height": 4.0000000000000009, "text": "3", "angle": 33.170136880536305, "widthscale": 13.582537148526169, "oblique": 0.0, "style": "style1", "textgen": 1, "alignh": 0, "alignv": 1, "interlin": 1.0 }, "geometry": { "type": "Point", "coordinates": [ -40.357168751703902, -20.428802056876538, 0.0 ] } },
{ "type": "Feature", "properties": { "fid": 9031, "handle": 774270, "block": -1, "etype": 19, "space": 0, "layer": "0", "olinetype": "bylayer", "linetype": "", "color": "0,0,0,55", "ocolor": 256, "color24": -1, "transparency": 0, "lweight": -1, "linewidth": 0.0, "ltscale": 1.0, "visible": 1, "thickness": 0.0, "ext": null, "height": 4.0000000000000009, "text": "4", "angle": 33.170136880536305, "widthscale": 13.582537148526169, "oblique": 0.0, "style": "style1", "textgen": 1, "alignh": 0, "alignv": 1, "interlin": 1.0 }, "geometry": { "type": "Point", "coordinates": [ -40.357220671336286, -20.428732302750916, 0.0 ] } },
{ "type": "Feature", "properties": { "fid": 9032, "handle": 774271, "block": -1, "etype": 19, "space": 0, "layer": "0", "olinetype": "bylayer", "linetype": "", "color": "0,0,0,55", "ocolor": 256, "color24": -1, "transparency": 0, "lweight": -1, "linewidth": 0.0, "ltscale": 1.0, "visible": 1, "thickness": 0.0, "ext": null, "height": 4.0000000000000009, "text": "5", "angle": 33.170136880536305, "widthscale": 13.582537148526169, "oblique": 0.0, "style": "style1", "textgen": 1, "alignh": 0, "alignv": 1, "interlin": 1.0 }, "geometry": { "type": "Point", "coordinates": [ -40.357275195055649, -20.428653068292803, 0.0 ] } },
{ "type": "Feature", "properties": { "fid": 9033, "handle": 774272, "block": -1, "etype": 19, "space": 0, "layer": "0", "olinetype": "bylayer", "linetype": "", "color": "0,0,0,55", "ocolor": 256, "color24": -1, "transparency": 0, "lweight": -1, "linewidth": 0.0, "ltscale": 1.0, "visible": 1, "thickness": 0.0, "ext": null, "height": 4.0000000000000009, "text": "6", "angle": 33.170136880536305, "widthscale": 13.582537148526169, "oblique": 0.0, "style": "style1", "textgen": 1, "alignh": 0, "alignv": 1, "interlin": 1.0 }, "geometry": { "type": "Point", "coordinates": [ -40.357322005429708, -20.428576499148694, 0.0 ] } },
{ "type": "Feature", "properties": { "fid": 9034, "handle": 774273, "block": -1, "etype": 19, "space": 0, "layer": "0", "olinetype": "bylayer", "linetype": "", "color": "0,0,0,55", "ocolor": 256, "color24": -1, "transparency": 0, "lweight": -1, "linewidth": 0.0, "ltscale": 1.0, "visible": 1, "thickness": 0.0, "ext": null, "height": 4.0000000000000009, "text": "8", "angle": 33.170136880536305, "widthscale": 13.582537148526169, "oblique": 0.0, "style": "style1", "textgen": 1, "alignh": 0, "alignv": 1, "interlin": 1.0 }, "geometry": { "type": "Point", "coordinates": [ -40.35711297818527, -20.428551516202827, 0.0 ] } },
{ "type": "Feature", "properties": { "fid": 9035, "handle": 774274, "block": -1, "etype": 19, "space": 0, "layer": "0", "olinetype": "bylayer", "linetype": "", "color": "0,0,0,55", "ocolor": 256, "color24": -1, "transparency": 0, "lweight": -1, "linewidth": 0.0, "ltscale": 1.0, "visible": 1, "thickness": 0.0, "ext": null, "height": 4.0000000000000009, "text": "12", "angle": 33.170136880536305, "widthscale": 13.582537148526169, "oblique": 0.0, "style": "style1", "textgen": 1, "alignh": 0, "alignv": 1, "interlin": 1.0 }, "geometry": { "type": "Point", "coordinates": [ -40.357040611708676, -20.428509837874707, 0.0 ] } },
{ "type": "Feature", "properties": { "fid": 9036, "handle": 774275, "block": -1, "etype": 19, "space": 0, "layer": "0", "olinetype": "bylayer", "linetype": "", "color": "0,0,0,55", "ocolor": 256, "color24": -1, "transparency": 0, "lweight": -1, "linewidth": 0.0, "ltscale": 1.0, "visible": 1, "thickness": 0.0, "ext": null, "height": 4.0000000000000009, "text": "18", "angle": 33.170136880536305, "widthscale": 13.582537148526169, "oblique": 0.0, "style": "style1", "textgen": 1, "alignh": 0, "alignv": 1, "interlin": 1.0 }, "geometry": { "type": "Point", "coordinates": [ -40.356964293221559, -20.428458027616728, 0.0 ] } },
{ "type": "Feature", "properties": { "fid": 9037, "handle": 774276, "block": -1, "etype": 19, "space": 0, "layer": "0", "olinetype": "bylayer", "linetype": "", "color": "0,0,0,55", "ocolor": 256, "color24": -1, "transparency": 0, "lweight": -1, "linewidth": 0.0, "ltscale": 1.0, "visible": 1, "thickness": 0.0, "ext": null, "height": 4.0000000000000009, "text": "7", "angle": 33.170136880536305, "widthscale": 13.582537148526169, "oblique": 0.0, "style": "style1", "textgen": 1, "alignh": 0, "alignv": 1, "interlin": 1.0 }, "geometry": { "type": "Point", "coordinates": [ -40.356949804415692, -20.428788641433105, 0.0 ] } },
{ "type": "Feature", "properties": { "fid": 9038, "handle": 774277, "block": -1, "etype": 19, "space": 0, "layer": "0", "olinetype": "bylayer", "linetype": "", "color": "0,0,0,55", "ocolor": 256, "color24": -1, "transparency": 0, "lweight": -1, "linewidth": 0.0, "ltscale": 1.0, "visible": 1, "thickness": 0.0, "ext": null, "height": 4.0000000000000009, "text": "10", "angle": 33.170136880536305, "widthscale": 13.582537148526169, "oblique": 0.0, "style": "style1", "textgen": 1, "alignh": 0, "alignv": 1, "interlin": 1.0 }, "geometry": { "type": "Point", "coordinates": [ -40.356866473674721, -20.428735115205765, 0.0 ] } },
{ "type": "Feature", "properties": { "fid": 9039, "handle": 774278, "block": -1, "etype": 19, "space": 0, "layer": "0", "olinetype": "bylayer", "linetype": "", "color": "0,0,0,55", "ocolor": 256, "color24": -1, "transparency": 0, "lweight": -1, "linewidth": 0.0, "ltscale": 1.0, "visible": 1, "thickness": 0.0, "ext": null, "height": 4.0000000000000009, "text": "17", "angle": 33.170136880536305, "widthscale": 13.582537148526169, "oblique": 0.0, "style": "style1", "textgen": 1, "alignh": 0, "alignv": 1, "interlin": 1.0 }, "geometry": { "type": "Point", "coordinates": [ -40.356784496201492, -20.428687559844782, 0.0 ] } },
{ "type": "Feature", "properties": { "fid": 9040, "handle": 774279, "block": -1, "etype": 19, "space": 0, "layer": "0", "olinetype": "bylayer", "linetype": "", "color": "0,0,0,55", "ocolor": 256, "color24": -1, "transparency": 0, "lweight": -1, "linewidth": 0.0, "ltscale": 1.0, "visible": 1, "thickness": 0.0, "ext": null, "height": 4.0000000000000009, "text": "15", "angle": 33.170136880536305, "widthscale": 13.582537148526169, "oblique": 0.0, "style": "style1", "textgen": 1, "alignh": 0, "alignv": 1, "interlin": 1.0 }, "geometry": { "type": "Point", "coordinates": [ -40.356240935448078, -20.4284373612571, 0.0 ] } },
{ "type": "Feature", "properties": { "fid": 9041, "handle": 774280, "block": -1, "etype": 19, "space": 0, "layer": "0", "olinetype": "bylayer", "linetype": "", "color": "0,0,0,55", "ocolor": 256, "color24": -1, "transparency": 0, "lweight": -1, "linewidth": 0.0, "ltscale": 1.0, "visible": 1, "thickness": 0.0, "ext": null, "height": 4.0000000000000009, "text": "21", "angle": 33.170136880536305, "widthscale": 13.582537148526169, "oblique": 0.0, "style": "style1", "textgen": 1, "alignh": 0, "alignv": 1, "interlin": 1.0 }, "geometry": { "type": "Point", "coordinates": [ -40.356399231945595, -20.428198192655962, 0.0 ] } },
{ "type": "Feature", "properties": { "fid": 9042, "handle": 774281, "block": -1, "etype": 19, "space": 0, "layer": "0", "olinetype": "bylayer", "linetype": "", "color": "0,0,0,55", "ocolor": 256, "color24": -1, "transparency": 0, "lweight": -1, "linewidth": 0.0, "ltscale": 1.0, "visible": 1, "thickness": 0.0, "ext": null, "height": 4.0000000000000009, "text": "16", "angle": 33.170136880536305, "widthscale": 13.582537148526169, "oblique": 0.0, "style": "style1", "textgen": 1, "alignh": 0, "alignv": 1, "interlin": 1.0 }, "geometry": { "type": "Point", "coordinates": [ -40.356317495978864, -20.428320600043154, 0.0 ] } },
{ "type": "Feature", "properties": { "fid": 9043, "handle": 774282, "block": -1, "etype": 19, "space": 0, "layer": "0", "olinetype": "bylayer", "linetype": "", "color": "0,0,0,55", "ocolor": 256, "color24": -1, "transparency": 0, "lweight": -1, "linewidth": 0.0, "ltscale": 1.0, "visible": 1, "thickness": 0.0, "ext": null, "height": 4.0000000000000009, "text": "22", "angle": 33.170136880536305, "widthscale": 13.582537148526169, "oblique": 0.0, "style": "style1", "textgen": 1, "alignh": 0, "alignv": 1, "interlin": 1.0 }, "geometry": { "type": "Point", "coordinates": [ -40.356477710392426, -20.428090799348126, 0.0 ] } },
{ "type": "Feature", "properties": { "fid": 9044, "handle": 774289, "block": -1, "etype": 19, "space": 0, "layer": "0", "olinetype": "bylayer", "linetype": "", "color": "0,0,0,55", "ocolor": 256, "color24": -1, "transparency": 0, "lweight": -1, "linewidth": 0.0, "ltscale": 1.0, "visible": 1, "thickness": 0.0, "ext": null, "height": 4.0000000000000009, "text": "19", "angle": 33.170136880536305, "widthscale": 13.582537148526169, "oblique": 0.0, "style": "style1", "textgen": 1, "alignh": 0, "alignv": 1, "interlin": 1.0 }, "geometry": { "type": "Point", "coordinates": [ -40.356862619535647, -20.428401868897339, 0.0 ] } },
{ "type": "Feature", "properties": { "fid": 9045, "handle": 774290, "block": -1, "etype": 19, "space": 0, "layer": "0", "olinetype": "bylayer", "linetype": "", "color": "0,0,0,55", "ocolor": 256, "color24": -1, "transparency": 0, "lweight": -1, "linewidth": 0.0, "ltscale": 1.0, "visible": 1, "thickness": 0.0, "ext": null, "height": 4.0000000000000009, "text": "11", "angle": 33.170136880536305, "widthscale": 13.582537148526169, "oblique": 0.0, "style": "style1", "textgen": 1, "alignh": 0, "alignv": 1, "interlin": 1.0 }, "geometry": { "type": "Point", "coordinates": [ -40.356729488095844, -20.428334679449303, 0.0 ] } },
{ "type": "Feature", "properties": { "fid": 9046, "handle": 774291, "block": -1, "etype": 19, "space": 0, "layer": "0", "olinetype": "bylayer", "linetype": "", "color": "0,0,0,55", "ocolor": 256, "color24": -1, "transparency": 0, "lweight": -1, "linewidth": 0.0, "ltscale": 1.0, "visible": 1, "thickness": 0.0, "ext": null, "height": 4.0000000000000009, "text": "14", "angle": 33.170136880536305, "widthscale": 13.582537148526169, "oblique": 0.0, "style": "style1", "textgen": 1, "alignh": 0, "alignv": 1, "interlin": 1.0 }, "geometry": { "type": "Point", "coordinates": [ -40.356605889865627, -20.428261722032538, 0.0 ] } },
{ "type": "Feature", "properties": { "fid": 9047, "handle": 774292, "block": -1, "etype": 19, "space": 0, "layer": "0", "olinetype": "bylayer", "linetype": "", "color": "0,0,0,55", "ocolor": 256, "color24": -1, "transparency": 0, "lweight": -1, "linewidth": 0.0, "ltscale": 1.0, "visible": 1, "thickness": 0.0, "ext": null, "height": 4.0000000000000009, "text": "9", "angle": 33.170136880536305, "widthscale": 13.582537148526169, "oblique": 0.0, "style": "style1", "textgen": 1, "alignh": 0, "alignv": 1, "interlin": 1.0 }, "geometry": { "type": "Point", "coordinates": [ -40.356673495993491, -20.428634771818906, 0.0 ] } },
{ "type": "Feature", "properties": { "fid": 9048, "handle": 774293, "block": -1, "etype": 19, "space": 0, "layer": "0", "olinetype": "bylayer", "linetype": "", "color": "0,0,0,55", "ocolor": 256, "color24": -1, "transparency": 0, "lweight": -1, "linewidth": 0.0, "ltscale": 1.0, "visible": 1, "thickness": 0.0, "ext": null, "height": 4.0000000000000009, "text": "20", "angle": 33.170136880536305, "widthscale": 13.582537148526169, "oblique": 0.0, "style": "style1", "textgen": 1, "alignh": 0, "alignv": 1, "interlin": 1.0 }, "geometry": { "type": "Point", "coordinates": [ -40.356564053603186, -20.428565278679883, 0.0 ] } },
{ "type": "Feature", "properties": { "fid": 9049, "handle": 774294, "block": -1, "etype": 19, "space": 0, "layer": "0", "olinetype": "bylayer", "linetype": "", "color": "0,0,0,55", "ocolor": 256, "color24": -1, "transparency": 0, "lweight": -1, "linewidth": 0.0, "ltscale": 1.0, "visible": 1, "thickness": 0.0, "ext": null, "height": 4.0000000000000009, "text": "13", "angle": 33.170136880536305, "widthscale": 13.582537148526169, "oblique": 0.0, "style": "style1", "textgen": 1, "alignh": 0, "alignv": 1, "interlin": 1.0 }, "geometry": { "type": "Point", "coordinates": [ -40.356456823403363, -20.428494517967447, 0.0 ] } },
{ "type": "Feature", "properties": { "fid": 9050, "handle": 774544, "block": -1, "etype": 19, "space": 0, "layer": "0", "olinetype": "bylayer", "linetype": "", "color": "0,0,0,55", "ocolor": 256, "color24": -1, "transparency": 0, "lweight": -1, "linewidth": 0.0, "ltscale": 1.0, "visible": 1, "thickness": 0.0, "ext": null, "height": 4.0000000000000009, "text": "1", "angle": 33.174917728887074, "widthscale": 13.582537148526169, "oblique": 0.0, "style": "style1", "textgen": 1, "alignh": 0, "alignv": 1, "interlin": 1.0 }, "geometry": { "type": "Point", "coordinates": [ -40.357831939134485, -20.427819026354186, 0.0 ] } },
{ "type": "Feature", "properties": { "fid": 9051, "handle": 774545, "block": -1, "etype": 19, "space": 0, "layer": "0", "olinetype": "bylayer", "linetype": "", "color": "0,0,0,55", "ocolor": 256, "color24": -1, "transparency": 0, "lweight": -1, "linewidth": 0.0, "ltscale": 1.0, "visible": 1, "thickness": 0.0, "ext": null, "height": 4.0000000000000009, "text": "2", "angle": 33.174917728887074, "widthscale": 13.582537148526169, "oblique": 0.0, "style": "style1", "textgen": 1, "alignh": 0, "alignv": 1, "interlin": 1.0 }, "geometry": { "type": "Point", "coordinates": [ -40.357891007427099, -20.427736915797212, 0.0 ] } },
{ "type": "Feature", "properties": { "fid": 9052, "handle": 774546, "block": -1, "etype": 19, "space": 0, "layer": "0", "olinetype": "bylayer", "linetype": "", "color": "0,0,0,55", "ocolor": 256, "color24": -1, "transparency": 0, "lweight": -1, "linewidth": 0.0, "ltscale": 1.0, "visible": 1, "thickness": 0.0, "ext": null, "height": 4.0000000000000009, "text": "3", "angle": 33.174917728887074, "widthscale": 13.582537148526169, "oblique": 0.0, "style": "style1", "textgen": 1, "alignh": 0, "alignv": 1, "interlin": 1.0 }, "geometry": { "type": "Point", "coordinates": [ -40.357947880772031, -20.427662809177445, 0.0 ] } },
{ "type": "Feature", "properties": { "fid": 9053, "handle": 774547, "block": -1, "etype": 19, "space": 0, "layer": "0", "olinetype": "bylayer", "linetype": "", "color": "0,0,0,55", "ocolor": 256, "color24": -1, "transparency": 0, "lweight": -1, "linewidth": 0.0, "ltscale": 1.0, "visible": 1, "thickness": 0.0, "ext": null, "height": 4.0000000000000009, "text": "4", "angle": 33.174917728887074, "widthscale": 13.582537148526169, "oblique": 0.0, "style": "style1", "textgen": 1, "alignh": 0, "alignv": 1, "interlin": 1.0 }, "geometry": { "type": "Point", "coordinates": [ -40.357999799688486, -20.427593054852011, 0.0 ] } },
{ "type": "Feature", "properties": { "fid": 9054, "handle": 774548, "block": -1, "etype": 19, "space": 0, "layer": "0", "olinetype": "bylayer", "linetype": "", "color": "0,0,0,55", "ocolor": 256, "color24": -1, "transparency": 0, "lweight": -1, "linewidth": 0.0, "ltscale": 1.0, "visible": 1, "thickness": 0.0, "ext": null, "height": 4.0000000000000009, "text": "5", "angle": 33.174917728887074, "widthscale": 13.582537148526169, "oblique": 0.0, "style": "style1", "textgen": 1, "alignh": 0, "alignv": 1, "interlin": 1.0 }, "geometry": { "type": "Point", "coordinates": [ -40.358054322628703, -20.427513820185016, 0.0 ] } },
{ "type": "Feature", "properties": { "fid": 9055, "handle": 774549, "block": -1, "etype": 19, "space": 0, "layer": "0", "olinetype": "bylayer", "linetype": "", "color": "0,0,0,55", "ocolor": 256, "color24": -1, "transparency": 0, "lweight": -1, "linewidth": 0.0, "ltscale": 1.0, "visible": 1, "thickness": 0.0, "ext": null, "height": 4.0000000000000009, "text": "6", "angle": 33.174917728887074, "widthscale": 13.582537148526169, "oblique": 0.0, "style": "style1", "textgen": 1, "alignh": 0, "alignv": 1, "interlin": 1.0 }, "geometry": { "type": "Point", "coordinates": [ -40.358101132294784, -20.427437250862891, 0.0 ] } },
{ "type": "Feature", "properties": { "fid": 9056, "handle": 774550, "block": -1, "etype": 19, "space": 0, "layer": "0", "olinetype": "bylayer", "linetype": "", "color": "0,0,0,55", "ocolor": 256, "color24": -1, "transparency": 0, "lweight": -1, "linewidth": 0.0, "ltscale": 1.0, "visible": 1, "thickness": 0.0, "ext": null, "height": 4.0000000000000009, "text": "8", "angle": 33.174917728887074, "widthscale": 13.582537148526169, "oblique": 0.0, "style": "style1", "textgen": 1, "alignh": 0, "alignv": 1, "interlin": 1.0 }, "geometry": { "type": "Point", "coordinates": [ -40.357895803320027, -20.427417157928978, 0.0 ] } },
{ "type": "Feature", "properties": { "fid": 9057, "handle": 774551, "block": -1, "etype": 19, "space": 0, "layer": "0", "olinetype": "bylayer", "linetype": "", "color": "0,0,0,55", "ocolor": 256, "color24": -1, "transparency": 0, "lweight": -1, "linewidth": 0.0, "ltscale": 1.0, "visible": 1, "thickness": 0.0, "ext": null, "height": 4.0000000000000009, "text": "10", "angle": 33.174917728887074, "widthscale": 13.582537148526169, "oblique": 0.0, "style": "style1", "textgen": 1, "alignh": 0, "alignv": 1, "interlin": 1.0 }, "geometry": { "type": "Point", "coordinates": [ -40.357823437203379, -20.427375479902995, 0.0 ] } },
{ "type": "Feature", "properties": { "fid": 9058, "handle": 774552, "block": -1, "etype": 19, "space": 0, "layer": "0", "olinetype": "bylayer", "linetype": "", "color": "0,0,0,55", "ocolor": 256, "color24": -1, "transparency": 0, "lweight": -1, "linewidth": 0.0, "ltscale": 1.0, "visible": 1, "thickness": 0.0, "ext": null, "height": 4.0000000000000009, "text": "12", "angle": 33.174917728887074, "widthscale": 13.582537148526169, "oblique": 0.0, "style": "style1", "textgen": 1, "alignh": 0, "alignv": 1, "interlin": 1.0 }, "geometry": { "type": "Point", "coordinates": [ -40.357747119059745, -20.427323669964863, 0.0 ] } },
{ "type": "Feature", "properties": { "fid": 9059, "handle": 774553, "block": -1, "etype": 19, "space": 0, "layer": "0", "olinetype": "bylayer", "linetype": "", "color": "0,0,0,55", "ocolor": 256, "color24": -1, "transparency": 0, "lweight": -1, "linewidth": 0.0, "ltscale": 1.0, "visible": 1, "thickness": 0.0, "ext": null, "height": 4.0000000000000009, "text": "14", "angle": 33.174917728887074, "widthscale": 13.582537148526169, "oblique": 0.0, "style": "style1", "textgen": 1, "alignh": 0, "alignv": 1, "interlin": 1.0 }, "geometry": { "type": "Point", "coordinates": [ -40.357668986473151, -20.427278465705889, 0.0 ] } },
{ "type": "Feature", "properties": { "fid": 9060, "handle": 774554, "block": -1, "etype": 19, "space": 0, "layer": "0", "olinetype": "bylayer", "linetype": "", "color": "0,0,0,55", "ocolor": 256, "color24": -1, "transparency": 0, "lweight": -1, "linewidth": 0.0, "ltscale": 1.0, "visible": 1, "thickness": 0.0, "ext": null, "height": 4.0000000000000009, "text": "18", "angle": 33.174917728887074, "widthscale": 13.582537148526169, "oblique": 0.0, "style": "style1", "textgen": 1, "alignh": 0, "alignv": 1, "interlin": 1.0 }, "geometry": { "type": "Point", "coordinates": [ -40.357498589452767, -20.427176844068459, 0.0 ] } },
{ "type": "Feature", "properties": { "fid": 9061, "handle": 774555, "block": -1, "etype": 19, "space": 0, "layer": "0", "olinetype": "bylayer", "linetype": "", "color": "0,0,0,55", "ocolor": 256, "color24": -1, "transparency": 0, "lweight": -1, "linewidth": 0.0, "ltscale": 1.0, "visible": 1, "thickness": 0.0, "ext": null, "height": 4.0000000000000009, "text": "20", "angle": 33.174917728887074, "widthscale": 13.582537148526169, "oblique": 0.0, "style": "style1", "textgen": 1, "alignh": 0, "alignv": 1, "interlin": 1.0 }, "geometry": { "type": "Point", "coordinates": [ -40.357407001843939, -20.427123412174225, 0.0 ] } },
{ "type": "Feature", "properties": { "fid": 9062, "handle": 774556, "block": -1, "etype": 19, "space": 0, "layer": "0", "olinetype": "bylayer", "linetype": "", "color": "0,0,0,55", "ocolor": 256, "color24": -1, "transparency": 0, "lweight": -1, "linewidth": 0.0, "ltscale": 1.0, "visible": 1, "thickness": 0.0, "ext": null, "height": 4.0000000000000009, "text": "19", "angle": 33.174917728887074, "widthscale": 13.582537148526169, "oblique": 0.0, "style": "style1", "textgen": 1, "alignh": 0, "alignv": 1, "interlin": 1.0 }, "geometry": { "type": "Point", "coordinates": [ -40.357234219084589, -20.427354660811364, 0.0 ] } },
{ "type": "Feature", "properties": { "fid": 9063, "handle": 774557, "block": -1, "etype": 19, "space": 0, "layer": "0", "olinetype": "bylayer", "linetype": "", "color": "0,0,0,55", "ocolor": 256, "color24": -1, "transparency": 0, "lweight": -1, "linewidth": 0.0, "ltscale": 1.0, "visible": 1, "thickness": 0.0, "ext": null, "height": 4.0000000000000009, "text": "7", "angle": 33.174917728887074, "widthscale": 13.582537148526169, "oblique": 0.0, "style": "style1", "textgen": 1, "alignh": 0, "alignv": 1, "interlin": 1.0 }, "geometry": { "type": "Point", "coordinates": [ -40.357732631883465, -20.427654283787696, 0.0 ] } },
{ "type": "Feature", "properties": { "fid": 9064, "handle": 774558, "block": -1, "etype": 19, "space": 0, "layer": "0", "olinetype": "bylayer", "linetype": "", "color": "0,0,0,55", "ocolor": 256, "color24": -1, "transparency": 0, "lweight": -1, "linewidth": 0.0, "ltscale": 1.0, "visible": 1, "thickness": 0.0, "ext": null, "height": 4.0000000000000009, "text": "9", "angle": 33.174917728887074, "widthscale": 13.582537148526169, "oblique": 0.0, "style": "style1", "textgen": 1, "alignh": 0, "alignv": 1, "interlin": 1.0 }, "geometry": { "type": "Point", "coordinates": [ -40.357649301531552, -20.427600757909172, 0.0 ] } },
{ "type": "Feature", "properties": { "fid": 9065, "handle": 774559, "block": -1, "etype": 19, "space": 0, "layer": "0", "olinetype": "bylayer", "linetype": "", "color": "0,0,0,55", "ocolor": 256, "color24": -1, "transparency": 0, "lweight": -1, "linewidth": 0.0, "ltscale": 1.0, "visible": 1, "thickness": 0.0, "ext": null, "height": 4.0000000000000009, "text": "13", "angle": 33.174917728887074, "widthscale": 13.582537148526169, "oblique": 0.0, "style": "style1", "textgen": 1, "alignh": 0, "alignv": 1, "interlin": 1.0 }, "geometry": { "type": "Point", "coordinates": [ -40.357498233571768, -20.427518670947052, 0.0 ] } },
{ "type": "Feature", "properties": { "fid": 9066, "handle": 774560, "block": -1, "etype": 19, "space": 0, "layer": "0", "olinetype": "bylayer", "linetype": "", "color": "0,0,0,55", "ocolor": 256, "color24": -1, "transparency": 0, "lweight": -1, "linewidth": 0.0, "ltscale": 1.0, "visible": 1, "thickness": 0.0, "ext": null, "height": 4.0000000000000009, "text": "15", "angle": 33.174917728887074, "widthscale": 13.582537148526169, "oblique": 0.0, "style": "style1", "textgen": 1, "alignh": 0, "alignv": 1, "interlin": 1.0 }, "geometry": { "type": "Point", "coordinates": [ -40.357419993435705, -20.427465685599255, 0.0 ] } },
{ "type": "Feature", "properties": { "fid": 9067, "handle": 774561, "block": -1, "etype": 19, "space": 0, "layer": "0", "olinetype": "bylayer", "linetype": "", "color": "0,0,0,55", "ocolor": 256, "color24": -1, "transparency": 0, "lweight": -1, "linewidth": 0.0, "ltscale": 1.0, "visible": 1, "thickness": 0.0, "ext": null, "height": 4.0000000000000009, "text": "17", "angle": 33.174917728887074, "widthscale": 13.582537148526169, "oblique": 0.0, "style": "style1", "textgen": 1, "alignh": 0, "alignv": 1, "interlin": 1.0 }, "geometry": { "type": "Point", "coordinates": [ -40.357334848672842, -20.427418765206049, 0.0 ] } },
{ "type": "Feature", "properties": { "fid": 9068, "handle": 774562, "block": -1, "etype": 19, "space": 0, "layer": "0", "olinetype": "bylayer", "linetype": "", "color": "0,0,0,55", "ocolor": 256, "color24": -1, "transparency": 0, "lweight": -1, "linewidth": 0.0, "ltscale": 1.0, "visible": 1, "thickness": 0.0, "ext": null, "height": 4.0000000000000009, "text": "21", "angle": 33.174917728887074, "widthscale": 13.582537148526169, "oblique": 0.0, "style": "style1", "textgen": 1, "alignh": 0, "alignv": 1, "interlin": 1.0 }, "geometry": { "type": "Point", "coordinates": [ -40.357001672429313, -20.427311981668183, 0.0 ] } },
{ "type": "Feature", "properties": { "fid": 9069, "handle": 774563, "block": -1, "etype": 19, "space": 0, "layer": "0", "olinetype": "bylayer", "linetype": "", "color": "0,0,0,55", "ocolor": 256, "color24": -1, "transparency": 0, "lweight": -1, "linewidth": 0.0, "ltscale": 1.0, "visible": 1, "thickness": 0.0, "ext": null, "height": 4.0000000000000009, "text": "22", "angle": 33.174917728887074, "widthscale": 13.582537148526169, "oblique": 0.0, "style": "style1", "textgen": 1, "alignh": 0, "alignv": 1, "interlin": 1.0 }, "geometry": { "type": "Point", "coordinates": [ -40.357058249828825, -20.427233491598358, 0.0 ] } },
{ "type": "Feature", "properties": { "fid": 9070, "handle": 774564, "block": -1, "etype": 19, "space": 0, "layer": "0", "olinetype": "bylayer", "linetype": "", "color": "0,0,0,55", "ocolor": 256, "color24": -1, "transparency": 0, "lweight": -1, "linewidth": 0.0, "ltscale": 1.0, "visible": 1, "thickness": 0.0, "ext": null, "height": 4.0000000000000009, "text": "23", "angle": 33.174917728887074, "widthscale": 13.582537148526169, "oblique": 0.0, "style": "style1", "textgen": 1, "alignh": 0, "alignv": 1, "interlin": 1.0 }, "geometry": { "type": "Point", "coordinates": [ -40.357108111246085, -20.427157669237658, 0.0 ] } },
{ "type": "Feature", "properties": { "fid": 9071, "handle": 774565, "block": -1, "etype": 19, "space": 0, "layer": "0", "olinetype": "bylayer", "linetype": "", "color": "0,0,0,55", "ocolor": 256, "color24": -1, "transparency": 0, "lweight": -1, "linewidth": 0.0, "ltscale": 1.0, "visible": 1, "thickness": 0.0, "ext": null, "height": 4.0000000000000009, "text": "24", "angle": 33.174917728887074, "widthscale": 13.582537148526169, "oblique": 0.0, "style": "style1", "textgen": 1, "alignh": 0, "alignv": 1, "interlin": 1.0 }, "geometry": { "type": "Point", "coordinates": [ -40.357165120348498, -20.427088455742449, 0.0 ] } },
{ "type": "Feature", "properties": { "fid": 9072, "handle": 774566, "block": -1, "etype": 19, "space": 0, "layer": "0", "olinetype": "bylayer", "linetype": "", "color": "0,0,0,55", "ocolor": 256, "color24": -1, "transparency": 0, "lweight": -1, "linewidth": 0.0, "ltscale": 1.0, "visible": 1, "thickness": 0.0, "ext": null, "height": 4.0000000000000009, "text": "25", "angle": 33.174917728887074, "widthscale": 13.582537148526169, "oblique": 0.0, "style": "style1", "textgen": 1, "alignh": 0, "alignv": 1, "interlin": 1.0 }, "geometry": { "type": "Point", "coordinates": [ -40.357213308061056, -20.427010490811757, 0.0 ] } },
{ "type": "Feature", "properties": { "fid": 9073, "handle": 774567, "block": -1, "etype": 19, "space": 0, "layer": "0", "olinetype": "bylayer", "linetype": "", "color": "0,0,0,55", "ocolor": 256, "color24": -1, "transparency": 0, "lweight": -1, "linewidth": 0.0, "ltscale": 1.0, "visible": 1, "thickness": 0.0, "ext": null, "height": 4.0000000000000009, "text": "26", "angle": 33.174917728887074, "widthscale": 13.582537148526169, "oblique": 0.0, "style": "style1", "textgen": 1, "alignh": 0, "alignv": 1, "interlin": 1.0 }, "geometry": { "type": "Point", "coordinates": [ -40.357263854787846, -20.42692849133141, 0.0 ] } },
{ "type": "Feature", "properties": { "fid": 9074, "handle": 774568, "block": -1, "etype": 19, "space": 0, "layer": "0", "olinetype": "bylayer", "linetype": "", "color": "0,0,0,55", "ocolor": 256, "color24": -1, "transparency": 0, "lweight": -1, "linewidth": 0.0, "ltscale": 1.0, "visible": 1, "thickness": 0.0, "ext": null, "height": 4.0000000000000009, "text": "16", "angle": 33.174917728887074, "widthscale": 13.582537148526169, "oblique": 0.0, "style": "style1", "textgen": 1, "alignh": 0, "alignv": 1, "interlin": 1.0 }, "geometry": { "type": "Point", "coordinates": [ -40.357587332536369, -20.427229476593443, 0.0 ] } },
{ "type": "Feature", "properties": { "fid": 9075, "handle": 774709, "block": -1, "etype": 19, "space": 0, "layer": "0", "olinetype": "bylayer", "linetype": "", "color": "0,0,0,55", "ocolor": 256, "color24": -1, "transparency": 0, "lweight": -1, "linewidth": 0.0, "ltscale": 1.0, "visible": 1, "thickness": 0.0, "ext": null, "height": 4.0000000000000009, "text": "1", "angle": 33.174917728887074, "widthscale": 13.582537148526169, "oblique": 0.0, "style": "style1", "textgen": 1, "alignh": 0, "alignv": 1, "interlin": 1.0 }, "geometry": { "type": "Point", "coordinates": [ -40.358202632643064, -20.427274428363532, 0.0 ] } },
{ "type": "Feature", "properties": { "fid": 9076, "handle": 774710, "block": -1, "etype": 19, "space": 0, "layer": "0", "olinetype": "bylayer", "linetype": "", "color": "0,0,0,55", "ocolor": 256, "color24": -1, "transparency": 0, "lweight": -1, "linewidth": 0.0, "ltscale": 1.0, "visible": 1, "thickness": 0.0, "ext": null, "height": 4.0000000000000009, "text": "2", "angle": 33.174917728887074, "widthscale": 13.582537148526169, "oblique": 0.0, "style": "style1", "textgen": 1, "alignh": 0, "alignv": 1, "interlin": 1.0 }, "geometry": { "type": "Point", "coordinates": [ -40.358261700541291, -20.42719231769868, 0.0 ] } },
{ "type": "Feature", "properties": { "fid": 9077, "handle": 774711, "block": -1, "etype": 19, "space": 0, "layer": "0", "olinetype": "bylayer", "linetype": "", "color": "0,0,0,55", "ocolor": 256, "color24": -1, "transparency": 0, "lweight": -1, "linewidth": 0.0, "ltscale": 1.0, "visible": 1, "thickness": 0.0, "ext": null, "height": 4.0000000000000009, "text": "3", "angle": 33.174917728887074, "widthscale": 13.582537148526169, "oblique": 0.0, "style": "style1", "textgen": 1, "alignh": 0, "alignv": 1, "interlin": 1.0 }, "geometry": { "type": "Point", "coordinates": [ -40.358318573517259, -20.427118210974619, 0.0 ] } },
{ "type": "Feature", "properties": { "fid": 9078, "handle": 774712, "block": -1, "etype": 19, "space": 0, "layer": "0", "olinetype": "bylayer", "linetype": "", "color": "0,0,0,55", "ocolor": 256, "color24": -1, "transparency": 0, "lweight": -1, "linewidth": 0.0, "ltscale": 1.0, "visible": 1, "thickness": 0.0, "ext": null, "height": 4.0000000000000009, "text": "4", "angle": 33.174917728887074, "widthscale": 13.582537148526169, "oblique": 0.0, "style": "style1", "textgen": 1, "alignh": 0, "alignv": 1, "interlin": 1.0 }, "geometry": { "type": "Point", "coordinates": [ -40.358370492092334, -20.427048456554168, 0.0 ] } },
{ "type": "Feature", "properties": { "fid": 9079, "handle": 774713, "block": -1, "etype": 19, "space": 0, "layer": "0", "olinetype": "bylayer", "linetype": "", "color": "0,0,0,55", "ocolor": 256, "color24": -1, "transparency": 0, "lweight": -1, "linewidth": 0.0, "ltscale": 1.0, "visible": 1, "thickness": 0.0, "ext": null, "height": 4.0000000000000009, "text": "5", "angle": 33.174917728887074, "widthscale": 13.582537148526169, "oblique": 0.0, "style": "style1", "textgen": 1, "alignh": 0, "alignv": 1, "interlin": 1.0 }, "geometry": { "type": "Point", "coordinates": [ -40.358425014661009, -20.426969221787864, 0.0 ] } },
{ "type": "Feature", "properties": { "fid": 9080, "handle": 774714, "block": -1, "etype": 19, "space": 0, "layer": "0", "olinetype": "bylayer", "linetype": "", "color": "0,0,0,55", "ocolor": 256, "color24": -1, "transparency": 0, "lweight": -1, "linewidth": 0.0, "ltscale": 1.0, "visible": 1, "thickness": 0.0, "ext": null, "height": 4.0000000000000009, "text": "6", "angle": 33.174917728887074, "widthscale": 13.582537148526169, "oblique": 0.0, "style": "style1", "textgen": 1, "alignh": 0, "alignv": 1, "interlin": 1.0 }, "geometry": { "type": "Point", "coordinates": [ -40.358471823989618, -20.426892652381085, 0.0 ] } },
{ "type": "Feature", "properties": { "fid": 9081, "handle": 774715, "block": -1, "etype": 19, "space": 0, "layer": "0", "olinetype": "bylayer", "linetype": "", "color": "0,0,0,55", "ocolor": 256, "color24": -1, "transparency": 0, "lweight": -1, "linewidth": 0.0, "ltscale": 1.0, "visible": 1, "thickness": 0.0, "ext": null, "height": 4.0000000000000009, "text": "8", "angle": 33.174917728887074, "widthscale": 13.582537148526169, "oblique": 0.0, "style": "style1", "textgen": 1, "alignh": 0, "alignv": 1, "interlin": 1.0 }, "geometry": { "type": "Point", "coordinates": [ -40.358269395466522, -20.426864191051873, 0.0 ] } },
{ "type": "Feature", "properties": { "fid": 9082, "handle": 774716, "block": -1, "etype": 19, "space": 0, "layer": "0", "olinetype": "bylayer", "linetype": "", "color": "0,0,0,55", "ocolor": 256, "color24": -1, "transparency": 0, "lweight": -1, "linewidth": 0.0, "ltscale": 1.0, "visible": 1, "thickness": 0.0, "ext": null, "height": 4.0000000000000009, "text": "10", "angle": 33.174917728887074, "widthscale": 13.582537148526169, "oblique": 0.0, "style": "style1", "textgen": 1, "alignh": 0, "alignv": 1, "interlin": 1.0 }, "geometry": { "type": "Point", "coordinates": [ -40.358197029527247, -20.426822513169672, 0.0 ] } },
{ "type": "Feature", "properties": { "fid": 9083, "handle": 774717, "block": -1, "etype": 19, "space": 0, "layer": "0", "olinetype": "bylayer", "linetype": "", "color": "0,0,0,55", "ocolor": 256, "color24": -1, "transparency": 0, "lweight": -1, "linewidth": 0.0, "ltscale": 1.0, "visible": 1, "thickness": 0.0, "ext": null, "height": 4.0000000000000009, "text": "12", "angle": 33.174917728887074, "widthscale": 13.582537148526169, "oblique": 0.0, "style": "style1", "textgen": 1, "alignh": 0, "alignv": 1, "interlin": 1.0 }, "geometry": { "type": "Point", "coordinates": [ -40.358120711553532, -20.426770703383845, 0.0 ] } },
{ "type": "Feature", "properties": { "fid": 9084, "handle": 774718, "block": -1, "etype": 19, "space": 0, "layer": "0", "olinetype": "bylayer", "linetype": "", "color": "0,0,0,55", "ocolor": 256, "color24": -1, "transparency": 0, "lweight": -1, "linewidth": 0.0, "ltscale": 1.0, "visible": 1, "thickness": 0.0, "ext": null, "height": 4.0000000000000009, "text": "14", "angle": 33.174917728887074, "widthscale": 13.582537148526169, "oblique": 0.0, "style": "style1", "textgen": 1, "alignh": 0, "alignv": 1, "interlin": 1.0 }, "geometry": { "type": "Point", "coordinates": [ -40.358042579158031, -20.426725499280145, 0.0 ] } },
{ "type": "Feature", "properties": { "fid": 9085, "handle": 774719, "block": -1, "etype": 19, "space": 0, "layer": "0", "olinetype": "bylayer", "linetype": "", "color": "0,0,0,55", "ocolor": 256, "color24": -1, "transparency": 0, "lweight": -1, "linewidth": 0.0, "ltscale": 1.0, "visible": 1, "thickness": 0.0, "ext": null, "height": 4.0000000000000009, "text": "18", "angle": 33.174917728887074, "widthscale": 13.582537148526169, "oblique": 0.0, "style": "style1", "textgen": 1, "alignh": 0, "alignv": 1, "interlin": 1.0 }, "geometry": { "type": "Point", "coordinates": [ -40.357872182547723, -20.426623877981605, 0.0 ] } },
{ "type": "Feature", "properties": { "fid": 9086, "handle": 774720, "block": -1, "etype": 19, "space": 0, "layer": "0", "olinetype": "bylayer", "linetype": "", "color": "0,0,0,55", "ocolor": 256, "color24": -1, "transparency": 0, "lweight": -1, "linewidth": 0.0, "ltscale": 1.0, "visible": 1, "thickness": 0.0, "ext": null, "height": 4.0000000000000009, "text": "20", "angle": 33.174917728887074, "widthscale": 13.582537148526169, "oblique": 0.0, "style": "style1", "textgen": 1, "alignh": 0, "alignv": 1, "interlin": 1.0 }, "geometry": { "type": "Point", "coordinates": [ -40.357780595161927, -20.42657044626948, 0.0 ] } },
{ "type": "Feature", "properties": { "fid": 9087, "handle": 774721, "block": -1, "etype": 19, "space": 0, "layer": "0", "olinetype": "bylayer", "linetype": "", "color": "0,0,0,55", "ocolor": 256, "color24": -1, "transparency": 0, "lweight": -1, "linewidth": 0.0, "ltscale": 1.0, "visible": 1, "thickness": 0.0, "ext": null, "height": 4.0000000000000009, "text": "19", "angle": 33.174917728887074, "widthscale": 13.582537148526169, "oblique": 0.0, "style": "style1", "textgen": 1, "alignh": 0, "alignv": 1, "interlin": 1.0 }, "geometry": { "type": "Point", "coordinates": [ -40.357607813549834, -20.426801695225254, 0.0 ] } },
{ "type": "Feature", "properties": { "fid": 9088, "handle": 774722, "block": -1, "etype": 19, "space": 0, "layer": "0", "olinetype": "bylayer", "linetype": "", "color": "0,0,0,55", "ocolor": 256, "color24": -1, "transparency": 0, "lweight": -1, "linewidth": 0.0, "ltscale": 1.0, "visible": 1, "thickness": 0.0, "ext": null, "height": 4.0000000000000009, "text": "7", "angle": 33.174917728887074, "widthscale": 13.582537148526169, "oblique": 0.0, "style": "style1", "textgen": 1, "alignh": 0, "alignv": 1, "interlin": 1.0 }, "geometry": { "type": "Point", "coordinates": [ -40.358106225154408, -20.427101317210067, 0.0 ] } },
{ "type": "Feature", "properties": { "fid": 9089, "handle": 774723, "block": -1, "etype": 19, "space": 0, "layer": "0", "olinetype": "bylayer", "linetype": "", "color": "0,0,0,55", "ocolor": 256, "color24": -1, "transparency": 0, "lweight": -1, "linewidth": 0.0, "ltscale": 1.0, "visible": 1, "thickness": 0.0, "ext": null, "height": 4.0000000000000009, "text": "9", "angle": 33.174917728887074, "widthscale": 13.582537148526169, "oblique": 0.0, "style": "style1", "textgen": 1, "alignh": 0, "alignv": 1, "interlin": 1.0 }, "geometry": { "type": "Point", "coordinates": [ -40.358022894994654, -20.427047791497564, 0.0 ] } },
{ "type": "Feature", "properties": { "fid": 9090, "handle": 774724, "block": -1, "etype": 19, "space": 0, "layer": "0", "olinetype": "bylayer", "linetype": "", "color": "0,0,0,55", "ocolor": 256, "color24": -1, "transparency": 0, "lweight": -1, "linewidth": 0.0, "ltscale": 1.0, "visible": 1, "thickness": 0.0, "ext": null, "height": 4.0000000000000009, "text": "11", "angle": 33.174917728887074, "widthscale": 13.582537148526169, "oblique": 0.0, "style": "style1", "textgen": 1, "alignh": 0, "alignv": 1, "interlin": 1.0 }, "geometry": { "type": "Point", "coordinates": [ -40.357940918127795, -20.427000236641813, 0.0 ] } },
{ "type": "Feature", "properties": { "fid": 9091, "handle": 774725, "block": -1, "etype": 19, "space": 0, "layer": "0", "olinetype": "bylayer", "linetype": "", "color": "0,0,0,55", "ocolor": 256, "color24": -1, "transparency": 0, "lweight": -1, "linewidth": 0.0, "ltscale": 1.0, "visible": 1, "thickness": 0.0, "ext": null, "height": 4.0000000000000009, "text": "13", "angle": 33.174917728887074, "widthscale": 13.582537148526169, "oblique": 0.0, "style": "style1", "textgen": 1, "alignh": 0, "alignv": 1, "interlin": 1.0 }, "geometry": { "type": "Point", "coordinates": [ -40.357871827415956, -20.426965704835368, 0.0 ] } },
{ "type": "Feature", "properties": { "fid": 9092, "handle": 774726, "block": -1, "etype": 19, "space": 0, "layer": "0", "olinetype": "bylayer", "linetype": "", "color": "0,0,0,55", "ocolor": 256, "color24": -1, "transparency": 0, "lweight": -1, "linewidth": 0.0, "ltscale": 1.0, "visible": 1, "thickness": 0.0, "ext": null, "height": 4.0000000000000009, "text": "15", "angle": 33.174917728887074, "widthscale": 13.582537148526169, "oblique": 0.0, "style": "style1", "textgen": 1, "alignh": 0, "alignv": 1, "interlin": 1.0 }, "geometry": { "type": "Point", "coordinates": [ -40.35779358745436, -20.42691271964361, 0.0 ] } },
{ "type": "Feature", "properties": { "fid": 9093, "handle": 774727, "block": -1, "etype": 19, "space": 0, "layer": "0", "olinetype": "bylayer", "linetype": "", "color": "0,0,0,55", "ocolor": 256, "color24": -1, "transparency": 0, "lweight": -1, "linewidth": 0.0, "ltscale": 1.0, "visible": 1, "thickness": 0.0, "ext": null, "height": 4.0000000000000009, "text": "17", "angle": 33.174917728887074, "widthscale": 13.582537148526169, "oblique": 0.0, "style": "style1", "textgen": 1, "alignh": 0, "alignv": 1, "interlin": 1.0 }, "geometry": { "type": "Point", "coordinates": [ -40.357708442904865, -20.426865799419453, 0.0 ] } },
{ "type": "Feature", "properties": { "fid": 9094, "handle": 774728, "block": -1, "etype": 19, "space": 0, "layer": "0", "olinetype": "bylayer", "linetype": "", "color": "0,0,0,55", "ocolor": 256, "color24": -1, "transparency": 0, "lweight": -1, "linewidth": 0.0, "ltscale": 1.0, "visible": 1, "thickness": 0.0, "ext": null, "height": 4.0000000000000009, "text": "21", "angle": 33.174917728887074, "widthscale": 13.582537148526169, "oblique": 0.0, "style": "style1", "textgen": 1, "alignh": 0, "alignv": 1, "interlin": 1.0 }, "geometry": { "type": "Point", "coordinates": [ -40.357375267664281, -20.426759016537371, 0.0 ] } },
{ "type": "Feature", "properties": { "fid": 9095, "handle": 774729, "block": -1, "etype": 19, "space": 0, "layer": "0", "olinetype": "bylayer", "linetype": "", "color": "0,0,0,55", "ocolor": 256, "color24": -1, "transparency": 0, "lweight": -1, "linewidth": 0.0, "ltscale": 1.0, "visible": 1, "thickness": 0.0, "ext": null, "height": 4.0000000000000009, "text": "22", "angle": 33.174917728887074, "widthscale": 13.582537148526169, "oblique": 0.0, "style": "style1", "textgen": 1, "alignh": 0, "alignv": 1, "interlin": 1.0 }, "geometry": { "type": "Point", "coordinates": [ -40.357431844682061, -20.426680526363427, 0.0 ] } },
{ "type": "Feature", "properties": { "fid": 9096, "handle": 774730, "block": -1, "etype": 19, "space": 0, "layer": "0", "olinetype": "bylayer", "linetype": "", "color": "0,0,0,55", "ocolor": 256, "color24": -1, "transparency": 0, "lweight": -1, "linewidth": 0.0, "ltscale": 1.0, "visible": 1, "thickness": 0.0, "ext": null, "height": 4.0000000000000009, "text": "23", "angle": 33.174917728887074, "widthscale": 13.582537148526169, "oblique": 0.0, "style": "style1", "textgen": 1, "alignh": 0, "alignv": 1, "interlin": 1.0 }, "geometry": { "type": "Point", "coordinates": [ -40.357481705748349, -20.426604703911465, 0.0 ] } },
{ "type": "Feature", "properties": { "fid": 9097, "handle": 774731, "block": -1, "etype": 19, "space": 0, "layer": "0", "olinetype": "byblock", "linetype": "", "color": "0,0,0,55", "ocolor": 256, "color24": -1, "transparency": 0, "lweight": -1, "linewidth": 0.0, "ltscale": 1.0, "visible": 1, "thickness": 0.0, "ext": null, "height": 4.0000000000000009, "text": "24", "angle": 33.174917728887074, "widthscale": 13.582537148526169, "oblique": 0.0, "style": "style1", "textgen": 1, "alignh": 0, "alignv": 1, "interlin": 1.0 }, "geometry": { "type": "Point", "coordinates": [ -40.357538714487738, -20.42653549031057, 0.0 ] } },
{ "type": "Feature", "properties": { "fid": 9098, "handle": 774732, "block": -1, "etype": 19, "space": 0, "layer": "0", "olinetype": "byblock", "linetype": "", "color": "0,0,0,55", "ocolor": 256, "color24": -1, "transparency": 0, "lweight": -1, "linewidth": 0.0, "ltscale": 1.0, "visible": 1, "thickness": 0.0, "ext": null, "height": 4.0000000000000009, "text": "25", "angle": 33.174917728887074, "widthscale": 13.582537148526169, "oblique": 0.0, "style": "style1", "textgen": 1, "alignh": 0, "alignv": 1, "interlin": 1.0 }, "geometry": { "type": "Point", "coordinates": [ -40.357586901850866, -20.426457525292001, 0.0 ] } },
{ "type": "Feature", "properties": { "fid": 9099, "handle": 774733, "block": -1, "etype": 19, "space": 0, "layer": "0", "olinetype": "byblock", "linetype": "", "color": "0,0,0,55", "ocolor": 256, "color24": -1, "transparency": 0, "lweight": -1, "linewidth": 0.0, "ltscale": 1.0, "visible": 1, "thickness": 0.0, "ext": null, "height": 4.0000000000000009, "text": "26", "angle": 33.174917728887074, "widthscale": 13.582537148526169, "oblique": 0.0, "style": "style1", "textgen": 1, "alignh": 0, "alignv": 1, "interlin": 1.0 }, "geometry": { "type": "Point", "coordinates": [ -40.357637448210646, -20.426375525719539, 0.0 ] } },
{ "type": "Feature", "properties": { "fid": 9100, "handle": 774734, "block": -1, "etype": 19, "space": 0, "layer": "0", "olinetype": "bylayer", "linetype": "", "color": "0,0,0,55", "ocolor": 256, "color24": -1, "transparency": 0, "lweight": -1, "linewidth": 0.0, "ltscale": 1.0, "visible": 1, "thickness": 0.0, "ext": null, "height": 4.0000000000000009, "text": "16", "angle": 33.174917728887074, "widthscale": 13.582537148526169, "oblique": 0.0, "style": "style1", "textgen": 1, "alignh": 0, "alignv": 1, "interlin": 1.0 }, "geometry": { "type": "Point", "coordinates": [ -40.357960925417125, -20.426676510330111, 0.0 ] } },
{ "type": "Feature", "properties": { "fid": 9101, "handle": 774915, "block": -1, "etype": 19, "space": 0, "layer": "0", "olinetype": "byblock", "linetype": "", "color": "0,0,0,55", "ocolor": 256, "color24": -1, "transparency": 0, "lweight": -1, "linewidth": 0.0, "ltscale": 1.0, "visible": 1, "thickness": 0.0, "ext": null, "height": 4.0000000000000009, "text": "1", "angle": 33.174917728887074, "widthscale": 13.582537148526169, "oblique": 0.0, "style": "style1", "textgen": 1, "alignh": 0, "alignv": 1, "interlin": 1.0 }, "geometry": { "type": "Point", "coordinates": [ -40.355502307955334, -20.426383604449605, 0.0 ] } },
{ "type": "Feature", "properties": { "fid": 9102, "handle": 774916, "block": -1, "etype": 19, "space": 0, "layer": "0", "olinetype": "byblock", "linetype": "", "color": "0,0,0,55", "ocolor": 256, "color24": -1, "transparency": 0, "lweight": -1, "linewidth": 0.0, "ltscale": 1.0, "visible": 1, "thickness": 0.0, "ext": null, "height": 4.0000000000000009, "text": "2", "angle": 33.174917728887074, "widthscale": 13.582537148526169, "oblique": 0.0, "style": "style1", "textgen": 1, "alignh": 0, "alignv": 1, "interlin": 1.0 }, "geometry": { "type": "Point", "coordinates": [ -40.355561377035137, -20.426301494631176, 0.0 ] } },
{ "type": "Feature", "properties": { "fid": 9103, "handle": 774917, "block": -1, "etype": 19, "space": 0, "layer": "0", "olinetype": "bylayer", "linetype": "", "color": "0,0,0,55", "ocolor": 256, "color24": -1, "transparency": 0, "lweight": -1, "linewidth": 0.0, "ltscale": 1.0, "visible": 1, "thickness": 0.0, "ext": null, "height": 4.0000000000000009, "text": "3", "angle": 33.174917728887074, "widthscale": 13.582537148526169, "oblique": 0.0, "style": "style1", "textgen": 1, "alignh": 0, "alignv": 1, "interlin": 1.0 }, "geometry": { "type": "Point", "coordinates": [ -40.355618251060505, -20.426227388727479, 0.0 ] } },
{ "type": "Feature", "properties": { "fid": 9104, "handle": 774918, "block": -1, "etype": 19, "space": 0, "layer": "0", "olinetype": "bylayer", "linetype": "", "color": "0,0,0,55", "ocolor": 256, "color24": -1, "transparency": 0, "lweight": -1, "linewidth": 0.0, "ltscale": 1.0, "visible": 1, "thickness": 0.0, "ext": null, "height": 4.0000000000000009, "text": "4", "angle": 33.174917728887074, "widthscale": 13.582537148526169, "oblique": 0.0, "style": "style1", "textgen": 1, "alignh": 0, "alignv": 1, "interlin": 1.0 }, "geometry": { "type": "Point", "coordinates": [ -40.355670170631065, -20.426157635053634, 0.0 ] } },
{ "type": "Feature", "properties": { "fid": 9105, "handle": 774919, "block": -1, "etype": 19, "space": 0, "layer": "0", "olinetype": "byblock", "linetype": "", "color": "0,0,0,55", "ocolor": 256, "color24": -1, "transparency": 0, "lweight": -1, "linewidth": 0.0, "ltscale": 1.0, "visible": 1, "thickness": 0.0, "ext": null, "height": 4.0000000000000009, "text": "5", "angle": 33.174917728887074, "widthscale": 13.582537148526169, "oblique": 0.0, "style": "style1", "textgen": 1, "alignh": 0, "alignv": 1, "interlin": 1.0 }, "geometry": { "type": "Point", "coordinates": [ -40.355724694351771, -20.426078401064874, 0.0 ] } },
{ "type": "Feature", "properties": { "fid": 9106, "handle": 774920, "block": -1, "etype": 19, "space": 0, "layer": "0", "olinetype": "byblock", "linetype": "", "color": "0,0,0,55", "ocolor": 256, "color24": -1, "transparency": 0, "lweight": -1, "linewidth": 0.0, "ltscale": 1.0, "visible": 1, "thickness": 0.0, "ext": null, "height": 4.0000000000000009, "text": "6", "angle": 33.174917728887074, "widthscale": 13.582537148526169, "oblique": 0.0, "style": "style1", "textgen": 1, "alignh": 0, "alignv": 1, "interlin": 1.0 }, "geometry": { "type": "Point", "coordinates": [ -40.355771504821668, -20.426001832316413, 0.0 ] } },
{ "type": "Feature", "properties": { "fid": 9107, "handle": 774938, "block": -1, "etype": 19, "space": 0, "layer": "0", "olinetype": "byblock", "linetype": "", "color": "0,0,0,55", "ocolor": 256, "color24": -1, "transparency": 0, "lweight": -1, "linewidth": 0.0, "ltscale": 1.0, "visible": 1, "thickness": 0.0, "ext": null, "height": 4.0000000000000009, "text": "1", "angle": 33.174917728887074, "widthscale": 13.582537148526169, "oblique": 0.0, "style": "style1", "textgen": 1, "alignh": 0, "alignv": 1, "interlin": 1.0 }, "geometry": { "type": "Point", "coordinates": [ -40.355881369862935, -20.425835578139576, 0.0 ] } },
{ "type": "Feature", "properties": { "fid": 9108, "handle": 774939, "block": -1, "etype": 19, "space": 0, "layer": "0", "olinetype": "byblock", "linetype": "", "color": "0,0,0,55", "ocolor": 256, "color24": -1, "transparency": 0, "lweight": -1, "linewidth": 0.0, "ltscale": 1.0, "visible": 1, "thickness": 0.0, "ext": null, "height": 4.0000000000000009, "text": "2", "angle": 33.174917728887074, "widthscale": 13.582537148526169, "oblique": 0.0, "style": "style1", "textgen": 1, "alignh": 0, "alignv": 1, "interlin": 1.0 }, "geometry": { "type": "Point", "coordinates": [ -40.355940438542561, -20.425753468210683, 0.0 ] } },
{ "type": "Feature", "properties": { "fid": 9109, "handle": 774940, "block": -1, "etype": 19, "space": 0, "layer": "0", "olinetype": "byblock", "linetype": "", "color": "0,0,0,55", "ocolor": 256, "color24": -1, "transparency": 0, "lweight": -1, "linewidth": 0.0, "ltscale": 1.0, "visible": 1, "thickness": 0.0, "ext": null, "height": 4.0000000000000009, "text": "3", "angle": 33.174917728887074, "widthscale": 13.582537148526169, "oblique": 0.0, "style": "style1", "textgen": 1, "alignh": 0, "alignv": 1, "interlin": 1.0 }, "geometry": { "type": "Point", "coordinates": [ -40.355997312193658, -20.425679362200206, 0.0 ] } },
{ "type": "Feature", "properties": { "fid": 9110, "handle": 774941, "block": -1, "etype": 19, "space": 0, "layer": "0", "olinetype": "byblock", "linetype": "", "color": "0,0,0,55", "ocolor": 256, "color24": -1, "transparency": 0, "lweight": -1, "linewidth": 0.0, "ltscale": 1.0, "visible": 1, "thickness": 0.0, "ext": null, "height": 4.0000000000000009, "text": "4", "angle": 33.174917728887074, "widthscale": 13.582537148526169, "oblique": 0.0, "style": "style1", "textgen": 1, "alignh": 0, "alignv": 1, "interlin": 1.0 }, "geometry": { "type": "Point", "coordinates": [ -40.356049231417813, -20.425609608429081, 0.0 ] } },
{ "type": "Feature", "properties": { "fid": 9111, "handle": 774942, "block": -1, "etype": 19, "space": 0, "layer": "0", "olinetype": "byblock", "linetype": "", "color": "0,0,0,55", "ocolor": 256, "color24": -1, "transparency": 0, "lweight": -1, "linewidth": 0.0, "ltscale": 1.0, "visible": 1, "thickness": 0.0, "ext": null, "height": 4.0000000000000009, "text": "5", "angle": 33.174917728887074, "widthscale": 13.582537148526169, "oblique": 0.0, "style": "style1", "textgen": 1, "alignh": 0, "alignv": 1, "interlin": 1.0 }, "geometry": { "type": "Point", "coordinates": [ -40.356103754761492, -20.425530374338596, 0.0 ] } },
{ "type": "Feature", "properties": { "fid": 9112, "handle": 774943, "block": -1, "etype": 19, "space": 0, "layer": "0", "olinetype": "byblock", "linetype": "", "color": "0,0,0,55", "ocolor": 256, "color24": -1, "transparency": 0, "lweight": -1, "linewidth": 0.0, "ltscale": 1.0, "visible": 1, "thickness": 0.0, "ext": null, "height": 4.0000000000000009, "text": "6", "angle": 33.174917728887074, "widthscale": 13.582537148526169, "oblique": 0.0, "style": "style1", "textgen": 1, "alignh": 0, "alignv": 1, "interlin": 1.0 }, "geometry": { "type": "Point", "coordinates": [ -40.356150564888686, -20.42545380550348, 0.0 ] } },
{ "type": "Feature", "properties": { "fid": 9113, "handle": 774962, "block": -1, "etype": 19, "space": 0, "layer": "0", "olinetype": "byblock", "linetype": "", "color": "0,0,0,55", "ocolor": 256, "color24": -1, "transparency": 0, "lweight": -1, "linewidth": 0.0, "ltscale": 1.0, "visible": 1, "thickness": 0.0, "ext": null, "height": 4.0000000000000009, "text": "1", "angle": 33.174917728887074, "widthscale": 13.582537148526169, "oblique": 0.0, "style": "style1", "textgen": 1, "alignh": 0, "alignv": 1, "interlin": 1.0 }, "geometry": { "type": "Point", "coordinates": [ -40.356277116968009, -20.425260472674186, 0.0 ] } },
{ "type": "Feature", "properties": { "fid": 9114, "handle": 774963, "block": -1, "etype": 19, "space": 0, "layer": "0", "olinetype": "byblock", "linetype": "", "color": "0,0,0,55", "ocolor": 256, "color24": -1, "transparency": 0, "lweight": -1, "linewidth": 0.0, "ltscale": 1.0, "visible": 1, "thickness": 0.0, "ext": null, "height": 4.0000000000000009, "text": "2", "angle": 33.174917728887074, "widthscale": 13.582537148526169, "oblique": 0.0, "style": "style1", "textgen": 1, "alignh": 0, "alignv": 1, "interlin": 1.0 }, "geometry": { "type": "Point", "coordinates": [ -40.356336185228827, -20.425178362630017, 0.0 ] } },
{ "type": "Feature", "properties": { "fid": 9115, "handle": 774964, "block": -1, "etype": 19, "space": 0, "layer": "0", "olinetype": "byblock", "linetype": "", "color": "0,0,0,55", "ocolor": 256, "color24": -1, "transparency": 0, "lweight": -1, "linewidth": 0.0, "ltscale": 1.0, "visible": 1, "thickness": 0.0, "ext": null, "height": 4.0000000000000009, "text": "3", "angle": 33.174917728887074, "widthscale": 13.582537148526169, "oblique": 0.0, "style": "style1", "textgen": 1, "alignh": 0, "alignv": 1, "interlin": 1.0 }, "geometry": { "type": "Point", "coordinates": [ -40.356393058488166, -20.425104256508163, 0.0 ] } },
{ "type": "Feature", "properties": { "fid": 9116, "handle": 774965, "block": -1, "etype": 19, "space": 0, "layer": "0", "olinetype": "byblock", "linetype": "", "color": "0,0,0,55", "ocolor": 256, "color24": -1, "transparency": 0, "lweight": -1, "linewidth": 0.0, "ltscale": 1.0, "visible": 1, "thickness": 0.0, "ext": null, "height": 4.0000000000000009, "text": "4", "angle": 33.174917728887074, "widthscale": 13.582537148526169, "oblique": 0.0, "style": "style1", "textgen": 1, "alignh": 0, "alignv": 1, "interlin": 1.0 }, "geometry": { "type": "Point", "coordinates": [ -40.356444977349831, -20.425034502635448, 0.0 ] } },
{ "type": "Feature", "properties": { "fid": 9117, "handle": 774966, "block": -1, "etype": 19, "space": 0, "layer": "0", "olinetype": "byblock", "linetype": "", "color": "0,0,0,55", "ocolor": 256, "color24": -1, "transparency": 0, "lweight": -1, "linewidth": 0.0, "ltscale": 1.0, "visible": 1, "thickness": 0.0, "ext": null, "height": 4.0000000000000009, "text": "5", "angle": 33.174917728887074, "widthscale": 13.582537148526169, "oblique": 0.0, "style": "style1", "textgen": 1, "alignh": 0, "alignv": 1, "interlin": 1.0 }, "geometry": { "type": "Point", "coordinates": [ -40.356499500298924, -20.424955268438858, 0.0 ] } },
{ "type": "Feature", "properties": { "fid": 9118, "handle": 774967, "block": -1, "etype": 19, "space": 0, "layer": "0", "olinetype": "byblock", "linetype": "", "color": "0,0,0,55", "ocolor": 256, "color24": -1, "transparency": 0, "lweight": -1, "linewidth": 0.0, "ltscale": 1.0, "visible": 1, "thickness": 0.0, "ext": null, "height": 4.0000000000000009, "text": "6", "angle": 33.174917728887074, "widthscale": 13.582537148526169, "oblique": 0.0, "style": "style1", "textgen": 1, "alignh": 0, "alignv": 1, "interlin": 1.0 }, "geometry": { "type": "Point", "coordinates": [ -40.356546310067507, -20.424878699513279, 0.0 ] } },
{ "type": "Feature", "properties": { "fid": 9119, "handle": 774984, "block": -1, "etype": 19, "space": 0, "layer": "0", "olinetype": "byblock", "linetype": "", "color": "0,0,0,55", "ocolor": 256, "color24": -1, "transparency": 0, "lweight": -1, "linewidth": 0.0, "ltscale": 1.0, "visible": 1, "thickness": 0.0, "ext": null, "height": 4.0000000000000009, "text": "1", "angle": 33.174917728887074, "widthscale": 13.582537148526169, "oblique": 0.0, "style": "style1", "textgen": 1, "alignh": 0, "alignv": 1, "interlin": 1.0 }, "geometry": { "type": "Point", "coordinates": [ -40.356658587761899, -20.424728126765046, 0.0 ] } },
{ "type": "Feature", "properties": { "fid": 9120, "handle": 774985, "block": -1, "etype": 19, "space": 0, "layer": "0", "olinetype": "byblock", "linetype": "", "color": "0,0,0,55", "ocolor": 256, "color24": -1, "transparency": 0, "lweight": -1, "linewidth": 0.0, "ltscale": 1.0, "visible": 1, "thickness": 0.0, "ext": null, "height": 4.0000000000000009, "text": "2", "angle": 33.174917728887074, "widthscale": 13.582537148526169, "oblique": 0.0, "style": "style1", "textgen": 1, "alignh": 0, "alignv": 1, "interlin": 1.0 }, "geometry": { "type": "Point", "coordinates": [ -40.356717655626696, -20.424646016609422, 0.0 ] } },
{ "type": "Feature", "properties": { "fid": 9121, "handle": 774986, "block": -1, "etype": 19, "space": 0, "layer": "0", "olinetype": "byblock", "linetype": "", "color": "0,0,0,55", "ocolor": 256, "color24": -1, "transparency": 0, "lweight": -1, "linewidth": 0.0, "ltscale": 1.0, "visible": 1, "thickness": 0.0, "ext": null, "height": 4.0000000000000009, "text": "3", "angle": 33.174917728887074, "widthscale": 13.582537148526169, "oblique": 0.0, "style": "style1", "textgen": 1, "alignh": 0, "alignv": 1, "interlin": 1.0 }, "geometry": { "type": "Point", "coordinates": [ -40.356774528515857, -20.424571910379903, 0.0 ] } },
{ "type": "Feature", "properties": { "fid": 9122, "handle": 774987, "block": -1, "etype": 19, "space": 0, "layer": "0", "olinetype": "byblock", "linetype": "", "color": "0,0,0,55", "ocolor": 256, "color24": -1, "transparency": 0, "lweight": -1, "linewidth": 0.0, "ltscale": 1.0, "visible": 1, "thickness": 0.0, "ext": null, "height": 4.0000000000000009, "text": "4", "angle": 33.174917728887074, "widthscale": 13.582537148526169, "oblique": 0.0, "style": "style1", "textgen": 1, "alignh": 0, "alignv": 1, "interlin": 1.0 }, "geometry": { "type": "Point", "coordinates": [ -40.356826447034869, -20.424502156409122, 0.0 ] } },
{ "type": "Feature", "properties": { "fid": 9123, "handle": 774988, "block": -1, "etype": 19, "space": 0, "layer": "0", "olinetype": "byblock", "linetype": "", "color": "0,0,0,55", "ocolor": 256, "color24": -1, "transparency": 0, "lweight": -1, "linewidth": 0.0, "ltscale": 1.0, "visible": 1, "thickness": 0.0, "ext": null, "height": 4.0000000000000009, "text": "5", "angle": 33.174917728887074, "widthscale": 13.582537148526169, "oblique": 0.0, "style": "style1", "textgen": 1, "alignh": 0, "alignv": 1, "interlin": 1.0 }, "geometry": { "type": "Point", "coordinates": [ -40.356880969610678, -20.424422922109986, 0.0 ] } },
{ "type": "Feature", "properties": { "fid": 9124, "handle": 774989, "block": -1, "etype": 19, "space": 0, "layer": "0", "olinetype": "bylayer", "linetype": "", "color": "0,0,0,55", "ocolor": 256, "color24": -1, "transparency": 0, "lweight": -1, "linewidth": 0.0, "ltscale": 1.0, "visible": 1, "thickness": 0.0, "ext": null, "height": 4.0000000000000009, "text": "6", "angle": 33.174917728887074, "widthscale": 13.582537148526169, "oblique": 0.0, "style": "style1", "textgen": 1, "alignh": 0, "alignv": 1, "interlin": 1.0 }, "geometry": { "type": "Point", "coordinates": [ -40.356927779039609, -20.424346353097039, 0.0 ] } },
{ "type": "Feature", "properties": { "fid": 9125, "handle": 775006, "block": -1, "etype": 19, "space": 0, "layer": "0", "olinetype": "byblock", "linetype": "", "color": "0,0,0,55", "ocolor": 256, "color24": -1, "transparency": 0, "lweight": -1, "linewidth": 0.0, "ltscale": 1.0, "visible": 1, "thickness": 0.0, "ext": null, "height": 4.0000000000000009, "text": "1", "angle": 33.170136880536305, "widthscale": 13.582537148526169, "oblique": 0.0, "style": "style1", "textgen": 1, "alignh": 0, "alignv": 1, "interlin": 1.0 }, "geometry": { "type": "Point", "coordinates": [ -40.357037641676598, -20.424180098264209, 0.0 ] } },
{ "type": "Feature", "properties": { "fid": 9126, "handle": 775007, "block": -1, "etype": 19, "space": 0, "layer": "0", "olinetype": "byblock", "linetype": "", "color": "0,0,0,55", "ocolor": 256, "color24": -1, "transparency": 0, "lweight": -1, "linewidth": 0.0, "ltscale": 1.0, "visible": 1, "thickness": 0.0, "ext": null, "height": 4.0000000000000009, "text": "2", "angle": 33.170136880536305, "widthscale": 13.582537148526169, "oblique": 0.0, "style": "style1", "textgen": 1, "alignh": 0, "alignv": 1, "interlin": 1.0 }, "geometry": { "type": "Point", "coordinates": [ -40.357096709141238, -20.424097987998202, 0.0 ] } },
{ "type": "Feature", "properties": { "fid": 9127, "handle": 775008, "block": -1, "etype": 19, "space": 0, "layer": "0", "olinetype": "byblock", "linetype": "", "color": "0,0,0,55", "ocolor": 256, "color24": -1, "transparency": 0, "lweight": -1, "linewidth": 0.0, "ltscale": 1.0, "visible": 1, "thickness": 0.0, "ext": null, "height": 4.0000000000000009, "text": "3", "angle": 33.170136880536305, "widthscale": 13.582537148526169, "oblique": 0.0, "style": "style1", "textgen": 1, "alignh": 0, "alignv": 1, "interlin": 1.0 }, "geometry": { "type": "Point", "coordinates": [ -40.357153581656171, -20.424023881661967, 0.0 ] } },
{ "type": "Feature", "properties": { "fid": 9128, "handle": 775009, "block": -1, "etype": 19, "space": 0, "layer": "0", "olinetype": "byblock", "linetype": "", "color": "0,0,0,55", "ocolor": 256, "color24": -1, "transparency": 0, "lweight": -1, "linewidth": 0.0, "ltscale": 1.0, "visible": 1, "thickness": 0.0, "ext": null, "height": 4.0000000000000009, "text": "4", "angle": 33.170136880536305, "widthscale": 13.582537148526169, "oblique": 0.0, "style": "style1", "textgen": 1, "alignh": 0, "alignv": 1, "interlin": 1.0 }, "geometry": { "type": "Point", "coordinates": [ -40.357205499828872, -20.423954127593923, 0.0 ] } },
{ "type": "Feature", "properties": { "fid": 9129, "handle": 775010, "block": -1, "etype": 19, "space": 0, "layer": "0", "olinetype": "bylayer", "linetype": "", "color": "0,0,0,55", "ocolor": 256, "color24": -1, "transparency": 0, "lweight": -1, "linewidth": 0.0, "ltscale": 1.0, "visible": 1, "thickness": 0.0, "ext": null, "height": 4.0000000000000009, "text": "5", "angle": 33.170136880536305, "widthscale": 13.582537148526169, "oblique": 0.0, "style": "style1", "textgen": 1, "alignh": 0, "alignv": 1, "interlin": 1.0 }, "geometry": { "type": "Point", "coordinates": [ -40.357260022027681, -20.423874893193041, 0.0 ] } },
{ "type": "Feature", "properties": { "fid": 9130, "handle": 775011, "block": -1, "etype": 19, "space": 0, "layer": "0", "olinetype": "bylayer", "linetype": "", "color": "0,0,0,55", "ocolor": 256, "color24": -1, "transparency": 0, "lweight": -1, "linewidth": 0.0, "ltscale": 1.0, "visible": 1, "thickness": 0.0, "ext": null, "height": 4.0000000000000009, "text": "6", "angle": 33.170136880536305, "widthscale": 13.582537148526169, "oblique": 0.0, "style": "style1", "textgen": 1, "alignh": 0, "alignv": 1, "interlin": 1.0 }, "geometry": { "type": "Point", "coordinates": [ -40.357306831113945, -20.423798324093507, 0.0 ] } },
{ "type": "Feature", "properties": { "fid": 9131, "handle": 775035, "block": -1, "etype": 19, "space": 0, "layer": "0", "olinetype": "byblock", "linetype": "", "color": "0,0,0,55", "ocolor": 256, "color24": -1, "transparency": 0, "lweight": -1, "linewidth": 0.0, "ltscale": 1.0, "visible": 1, "thickness": 0.0, "ext": null, "height": 4.0000000000000009, "text": "1", "angle": 33.174917728887074, "widthscale": 13.582537148526169, "oblique": 0.0, "style": "style1", "textgen": 1, "alignh": 0, "alignv": 1, "interlin": 1.0 }, "geometry": { "type": "Point", "coordinates": [ -40.357424540710632, -20.423649994571573, 0.0 ] } },
{ "type": "Feature", "properties": { "fid": 9132, "handle": 775036, "block": -1, "etype": 19, "space": 0, "layer": "0", "olinetype": "byblock", "linetype": "", "color": "0,0,0,55", "ocolor": 256, "color24": -1, "transparency": 0, "lweight": -1, "linewidth": 0.0, "ltscale": 1.0, "visible": 1, "thickness": 0.0, "ext": null, "height": 4.0000000000000009, "text": "2", "angle": 33.174917728887074, "widthscale": 13.582537148526169, "oblique": 0.0, "style": "style1", "textgen": 1, "alignh": 0, "alignv": 1, "interlin": 1.0 }, "geometry": { "type": "Point", "coordinates": [ -40.357494038097521, -20.42355272651373, 0.0 ] } },
{ "type": "Feature", "properties": { "fid": 9133, "handle": 775037, "block": -1, "etype": 19, "space": 0, "layer": "0", "olinetype": "bylayer", "linetype": "", "color": "0,0,0,55", "ocolor": 256, "color24": -1, "transparency": 0, "lweight": -1, "linewidth": 0.0, "ltscale": 1.0, "visible": 1, "thickness": 0.0, "ext": null, "height": 4.0000000000000009, "text": "3", "angle": 33.174917728887074, "widthscale": 13.582537148526169, "oblique": 0.0, "style": "style1", "textgen": 1, "alignh": 0, "alignv": 1, "interlin": 1.0 }, "geometry": { "type": "Point", "coordinates": [ -40.35755091023001, -20.423478620065278, 0.0 ] } },
{ "type": "Feature", "properties": { "fid": 9134, "handle": 775038, "block": -1, "etype": 19, "space": 0, "layer": "0", "olinetype": "bylayer", "linetype": "", "color": "0,0,0,55", "ocolor": 256, "color24": -1, "transparency": 0, "lweight": -1, "linewidth": 0.0, "ltscale": 1.0, "visible": 1, "thickness": 0.0, "ext": null, "height": 4.0000000000000009, "text": "4", "angle": 33.174917728887074, "widthscale": 13.582537148526169, "oblique": 0.0, "style": "style1", "textgen": 1, "alignh": 0, "alignv": 1, "interlin": 1.0 }, "geometry": { "type": "Point", "coordinates": [ -40.35760282804867, -20.423408865894949, 0.0 ] } },
{ "type": "Feature", "properties": { "fid": 9135, "handle": 775039, "block": -1, "etype": 19, "space": 0, "layer": "0", "olinetype": "bylayer", "linetype": "", "color": "0,0,0,55", "ocolor": 256, "color24": -1, "transparency": 0, "lweight": -1, "linewidth": 0.0, "ltscale": 1.0, "visible": 1, "thickness": 0.0, "ext": null, "height": 4.0000000000000009, "text": "5", "angle": 33.174917728887074, "widthscale": 13.582537148526169, "oblique": 0.0, "style": "style1", "textgen": 1, "alignh": 0, "alignv": 1, "interlin": 1.0 }, "geometry": { "type": "Point", "coordinates": [ -40.357657349861654, -20.423329631387226, 0.0 ] } },
{ "type": "Feature", "properties": { "fid": 9136, "handle": 775040, "block": -1, "etype": 19, "space": 0, "layer": "0", "olinetype": "bylayer", "linetype": "", "color": "0,0,0,55", "ocolor": 256, "color24": -1, "transparency": 0, "lweight": -1, "linewidth": 0.0, "ltscale": 1.0, "visible": 1, "thickness": 0.0, "ext": null, "height": 4.0000000000000009, "text": "6", "angle": 33.174917728887074, "widthscale": 13.582537148526169, "oblique": 0.0, "style": "style1", "textgen": 1, "alignh": 0, "alignv": 1, "interlin": 1.0 }, "geometry": { "type": "Point", "coordinates": [ -40.35770415859664, -20.42325306219664, 0.0 ] } },
{ "type": "Feature", "properties": { "fid": 9137, "handle": 775058, "block": -1, "etype": 19, "space": 0, "layer": "0", "olinetype": "bylayer", "linetype": "", "color": "0,0,0,55", "ocolor": 256, "color24": -1, "transparency": 0, "lweight": -1, "linewidth": 0.0, "ltscale": 1.0, "visible": 1, "thickness": 0.0, "ext": null, "height": 4.0000000000000009, "text": "1", "angle": 33.174917728887074, "widthscale": 13.582537148526169, "oblique": 0.0, "style": "style1", "textgen": 1, "alignh": 0, "alignv": 1, "interlin": 1.0 }, "geometry": { "type": "Point", "coordinates": [ -40.357796433973327, -20.423106709164507, 0.0 ] } },
{ "type": "Feature", "properties": { "fid": 9138, "handle": 775059, "block": -1, "etype": 19, "space": 0, "layer": "0", "olinetype": "byblock", "linetype": "", "color": "0,0,0,55", "ocolor": 256, "color24": -1, "transparency": 0, "lweight": -1, "linewidth": 0.0, "ltscale": 1.0, "visible": 1, "thickness": 0.0, "ext": null, "height": 4.0000000000000009, "text": "2", "angle": 33.174917728887074, "widthscale": 13.582537148526169, "oblique": 0.0, "style": "style1", "textgen": 1, "alignh": 0, "alignv": 1, "interlin": 1.0 }, "geometry": { "type": "Point", "coordinates": [ -40.357855500645258, -20.423024598677095, 0.0 ] } },
{ "type": "Feature", "properties": { "fid": 9139, "handle": 775060, "block": -1, "etype": 19, "space": 0, "layer": "0", "olinetype": "byblock", "linetype": "", "color": "0,0,0,55", "ocolor": 256, "color24": -1, "transparency": 0, "lweight": -1, "linewidth": 0.0, "ltscale": 1.0, "visible": 1, "thickness": 0.0, "ext": null, "height": 4.0000000000000009, "text": "3", "angle": 33.174917728887074, "widthscale": 13.582537148526169, "oblique": 0.0, "style": "style1", "textgen": 1, "alignh": 0, "alignv": 1, "interlin": 1.0 }, "geometry": { "type": "Point", "coordinates": [ -40.357912372419037, -20.422950492126951, 0.0 ] } },
{ "type": "Feature", "properties": { "fid": 9140, "handle": 775061, "block": -1, "etype": 19, "space": 0, "layer": "0", "olinetype": "byblock", "linetype": "", "color": "0,0,0,55", "ocolor": 256, "color24": -1, "transparency": 0, "lweight": -1, "linewidth": 0.0, "ltscale": 1.0, "visible": 1, "thickness": 0.0, "ext": null, "height": 4.0000000000000009, "text": "4", "angle": 33.174917728887074, "widthscale": 13.582537148526169, "oblique": 0.0, "style": "style1", "textgen": 1, "alignh": 0, "alignv": 1, "interlin": 1.0 }, "geometry": { "type": "Point", "coordinates": [ -40.357964289905787, -20.422880737863956, 0.0 ] } },
{ "type": "Feature", "properties": { "fid": 9141, "handle": 775062, "block": -1, "etype": 19, "space": 0, "layer": "0", "olinetype": "byblock", "linetype": "", "color": "0,0,0,55", "ocolor": 256, "color24": -1, "transparency": 0, "lweight": -1, "linewidth": 0.0, "ltscale": 1.0, "visible": 1, "thickness": 0.0, "ext": null, "height": 4.0000000000000009, "text": "5", "angle": 33.174917728887074, "widthscale": 13.582537148526169, "oblique": 0.0, "style": "style1", "textgen": 1, "alignh": 0, "alignv": 1, "interlin": 1.0 }, "geometry": { "type": "Point", "coordinates": [ -40.358018811357539, -20.422801503259358, 0.0 ] } },
{ "type": "Feature", "properties": { "fid": 9142, "handle": 775063, "block": -1, "etype": 19, "space": 0, "layer": "0", "olinetype": "byblock", "linetype": "", "color": "0,0,0,55", "ocolor": 256, "color24": -1, "transparency": 0, "lweight": -1, "linewidth": 0.0, "ltscale": 1.0, "visible": 1, "thickness": 0.0, "ext": null, "height": 4.0000000000000009, "text": "6", "angle": 33.174917728887074, "widthscale": 13.582537148526169, "oblique": 0.0, "style": "style1", "textgen": 1, "alignh": 0, "alignv": 1, "interlin": 1.0 }, "geometry": { "type": "Point", "coordinates": [ -40.358065619764282, -20.422724933986199, 0.0 ] } },
{ "type": "Feature", "properties": { "fid": 9143, "handle": 775082, "block": -1, "etype": 19, "space": 0, "layer": "0", "olinetype": "byblock", "linetype": "", "color": "0,0,0,55", "ocolor": 256, "color24": -1, "transparency": 0, "lweight": -1, "linewidth": 0.0, "ltscale": 1.0, "visible": 1, "thickness": 0.0, "ext": null, "height": 4.0000000000000009, "text": "1", "angle": 33.174917728887074, "widthscale": 13.582537148526169, "oblique": 0.0, "style": "style1", "textgen": 1, "alignh": 0, "alignv": 1, "interlin": 1.0 }, "geometry": { "type": "Point", "coordinates": [ -40.35817548013037, -20.422558678552463, 0.0 ] } },
{ "type": "Feature", "properties": { "fid": 9144, "handle": 775083, "block": -1, "etype": 19, "space": 0, "layer": "0", "olinetype": "byblock", "linetype": "", "color": "0,0,0,55", "ocolor": 256, "color24": -1, "transparency": 0, "lweight": -1, "linewidth": 0.0, "ltscale": 1.0, "visible": 1, "thickness": 0.0, "ext": null, "height": 4.0000000000000009, "text": "2", "angle": 33.174917728887074, "widthscale": 13.582537148526169, "oblique": 0.0, "style": "style1", "textgen": 1, "alignh": 0, "alignv": 1, "interlin": 1.0 }, "geometry": { "type": "Point", "coordinates": [ -40.358234546402237, -20.422476567954646, 0.0 ] } },
{ "type": "Feature", "properties": { "fid": 9145, "handle": 775084, "block": -1, "etype": 19, "space": 0, "layer": "0", "olinetype": "byblock", "linetype": "", "color": "0,0,0,55", "ocolor": 256, "color24": -1, "transparency": 0, "lweight": -1, "linewidth": 0.0, "ltscale": 1.0, "visible": 1, "thickness": 0.0, "ext": null, "height": 4.0000000000000009, "text": "3", "angle": 33.174917728887074, "widthscale": 13.582537148526169, "oblique": 0.0, "style": "style1", "textgen": 1, "alignh": 0, "alignv": 1, "interlin": 1.0 }, "geometry": { "type": "Point", "coordinates": [ -40.358291417801809, -20.422402461297789, 0.0 ] } },
{ "type": "Feature", "properties": { "fid": 9146, "handle": 775085, "block": -1, "etype": 19, "space": 0, "layer": "0", "olinetype": "byblock", "linetype": "", "color": "0,0,0,55", "ocolor": 256, "color24": -1, "transparency": 0, "lweight": -1, "linewidth": 0.0, "ltscale": 1.0, "visible": 1, "thickness": 0.0, "ext": null, "height": 4.0000000000000009, "text": "4", "angle": 33.174917728887074, "widthscale": 13.582537148526169, "oblique": 0.0, "style": "style1", "textgen": 1, "alignh": 0, "alignv": 1, "interlin": 1.0 }, "geometry": { "type": "Point", "coordinates": [ -40.358343334942276, -20.422332706937567, 0.0 ] } },
{ "type": "Feature", "properties": { "fid": 9147, "handle": 775086, "block": -1, "etype": 19, "space": 0, "layer": "0", "olinetype": "bylayer", "linetype": "", "color": "0,0,0,55", "ocolor": 256, "color24": -1, "transparency": 0, "lweight": -1, "linewidth": 0.0, "ltscale": 1.0, "visible": 1, "thickness": 0.0, "ext": null, "height": 4.0000000000000009, "text": "5", "angle": 33.174917728887074, "widthscale": 13.582537148526169, "oblique": 0.0, "style": "style1", "textgen": 1, "alignh": 0, "alignv": 1, "interlin": 1.0 }, "geometry": { "type": "Point", "coordinates": [ -40.358397856017085, -20.422253472231347, 0.0 ] } },
{ "type": "Feature", "properties": { "fid": 9148, "handle": 775087, "block": -1, "etype": 19, "space": 0, "layer": "0", "olinetype": "byblock", "linetype": "", "color": "0,0,0,55", "ocolor": 256, "color24": -1, "transparency": 0, "lweight": -1, "linewidth": 0.0, "ltscale": 1.0, "visible": 1, "thickness": 0.0, "ext": null, "height": 4.0000000000000009, "text": "6", "angle": 33.174917728887074, "widthscale": 13.582537148526169, "oblique": 0.0, "style": "style1", "textgen": 1, "alignh": 0, "alignv": 1, "interlin": 1.0 }, "geometry": { "type": "Point", "coordinates": [ -40.358444664081183, -20.422176902871577, 0.0 ] } },
{ "type": "Feature", "properties": { "fid": 9149, "handle": 775125, "block": -1, "etype": 19, "space": 0, "layer": "0", "olinetype": "byblock", "linetype": "", "color": "0,0,0,55", "ocolor": 256, "color24": -1, "transparency": 0, "lweight": -1, "linewidth": 0.0, "ltscale": 1.0, "visible": 1, "thickness": 0.0, "ext": null, "height": 4.0000000000000009, "text": "1", "angle": 33.174917728887074, "widthscale": 13.582537148526169, "oblique": 0.0, "style": "style1", "textgen": 1, "alignh": 0, "alignv": 1, "interlin": 1.0 }, "geometry": { "type": "Point", "coordinates": [ -40.35895046960178, -20.421437718696456, 0.0 ] } },
{ "type": "Feature", "properties": { "fid": 9150, "handle": 775126, "block": -1, "etype": 19, "space": 0, "layer": "0", "olinetype": "byblock", "linetype": "", "color": "0,0,0,55", "ocolor": 256, "color24": -1, "transparency": 0, "lweight": -1, "linewidth": 0.0, "ltscale": 1.0, "visible": 1, "thickness": 0.0, "ext": null, "height": 4.0000000000000009, "text": "2", "angle": 33.174917728887074, "widthscale": 13.582537148526169, "oblique": 0.0, "style": "style1", "textgen": 1, "alignh": 0, "alignv": 1, "interlin": 1.0 }, "geometry": { "type": "Point", "coordinates": [ -40.359009535055506, -20.421355607872918, 0.0 ] } },
{ "type": "Feature", "properties": { "fid": 9151, "handle": 775127, "block": -1, "etype": 19, "space": 0, "layer": "0", "olinetype": "byblock", "linetype": "", "color": "0,0,0,55", "ocolor": 256, "color24": -1, "transparency": 0, "lweight": -1, "linewidth": 0.0, "ltscale": 1.0, "visible": 1, "thickness": 0.0, "ext": null, "height": 4.0000000000000009, "text": "3", "angle": 33.174917728887074, "widthscale": 13.582537148526169, "oblique": 0.0, "style": "style1", "textgen": 1, "alignh": 0, "alignv": 1, "interlin": 1.0 }, "geometry": { "type": "Point", "coordinates": [ -40.359066405689923, -20.421281500997967, 0.0 ] } },
{ "type": "Feature", "properties": { "fid": 9152, "handle": 775128, "block": -1, "etype": 19, "space": 0, "layer": "0", "olinetype": "byblock", "linetype": "", "color": "0,0,0,55", "ocolor": 256, "color24": -1, "transparency": 0, "lweight": -1, "linewidth": 0.0, "ltscale": 1.0, "visible": 1, "thickness": 0.0, "ext": null, "height": 4.0000000000000009, "text": "4", "angle": 33.174917728887074, "widthscale": 13.582537148526169, "oblique": 0.0, "style": "style1", "textgen": 1, "alignh": 0, "alignv": 1, "interlin": 1.0 }, "geometry": { "type": "Point", "coordinates": [ -40.359118322122299, -20.421211746438992, 0.0 ] } },
{ "type": "Feature", "properties": { "fid": 9153, "handle": 775129, "block": -1, "etype": 19, "space": 0, "layer": "0", "olinetype": "byblock", "linetype": "", "color": "0,0,0,55", "ocolor": 256, "color24": -1, "transparency": 0, "lweight": -1, "linewidth": 0.0, "ltscale": 1.0, "visible": 1, "thickness": 0.0, "ext": null, "height": 4.0000000000000009, "text": "5", "angle": 33.174917728887074, "widthscale": 13.582537148526169, "oblique": 0.0, "style": "style1", "textgen": 1, "alignh": 0, "alignv": 1, "interlin": 1.0 }, "geometry": { "type": "Point", "coordinates": [ -40.35917284242629, -20.421132511524959, 0.0 ] } },
{ "type": "Feature", "properties": { "fid": 9154, "handle": 775130, "block": -1, "etype": 19, "space": 0, "layer": "0", "olinetype": "byblock", "linetype": "", "color": "0,0,0,55", "ocolor": 256, "color24": -1, "transparency": 0, "lweight": -1, "linewidth": 0.0, "ltscale": 1.0, "visible": 1, "thickness": 0.0, "ext": null, "height": 4.0000000000000009, "text": "6", "angle": 33.174917728887074, "widthscale": 13.582537148526169, "oblique": 0.0, "style": "style1", "textgen": 1, "alignh": 0, "alignv": 1, "interlin": 1.0 }, "geometry": { "type": "Point", "coordinates": [ -40.359219649789779, -20.421055941988122, 0.0 ] } },
{ "type": "Feature", "properties": { "fid": 9155, "handle": 775133, "block": -1, "etype": 19, "space": 0, "layer": "0", "olinetype": "bylayer", "linetype": "", "color": "0,0,0,55", "ocolor": 256, "color24": -1, "transparency": 0, "lweight": -1, "linewidth": 0.0, "ltscale": 1.0, "visible": 1, "thickness": 0.0, "ext": null, "height": 4.0000000000000009, "text": "7", "angle": 33.174917728887074, "widthscale": 13.582537148526169, "oblique": 0.0, "style": "style1", "textgen": 1, "alignh": 0, "alignv": 1, "interlin": 1.0 }, "geometry": { "type": "Point", "coordinates": [ -40.359266756350166, -20.420983243566493, 0.0 ] } },
{ "type": "Feature", "properties": { "fid": 9156, "handle": 775175, "block": -1, "etype": 19, "space": 0, "layer": "0", "olinetype": "bylayer", "linetype": "", "color": "0,0,0,55", "ocolor": 256, "color24": -1, "transparency": 0, "lweight": -1, "linewidth": 0.0, "ltscale": 1.0, "visible": 1, "thickness": 0.0, "ext": null, "height": 4.0000000000000009, "text": "8", "angle": 33.174917728887074, "widthscale": 13.582537148526169, "oblique": 0.0, "style": "style1", "textgen": 1, "alignh": 0, "alignv": 1, "interlin": 1.0 }, "geometry": { "type": "Point", "coordinates": [ -40.359953832476592, -20.421951037088331, 0.0 ] } },
{ "type": "Feature", "properties": { "fid": 9157, "handle": 775176, "block": -1, "etype": 19, "space": 0, "layer": "0", "olinetype": "bylayer", "linetype": "", "color": "0,0,0,55", "ocolor": 256, "color24": -1, "transparency": 0, "lweight": -1, "linewidth": 0.0, "ltscale": 1.0, "visible": 1, "thickness": 0.0, "ext": null, "height": 4.0000000000000009, "text": "10", "angle": 33.174917728887074, "widthscale": 13.582537148526169, "oblique": 0.0, "style": "style1", "textgen": 1, "alignh": 0, "alignv": 1, "interlin": 1.0 }, "geometry": { "type": "Point", "coordinates": [ -40.359881468510686, -20.421909359779196, 0.0 ] } },
{ "type": "Feature", "properties": { "fid": 9158, "handle": 775177, "block": -1, "etype": 19, "space": 0, "layer": "0", "olinetype": "bylayer", "linetype": "", "color": "0,0,0,55", "ocolor": 256, "color24": -1, "transparency": 0, "lweight": -1, "linewidth": 0.0, "ltscale": 1.0, "visible": 1, "thickness": 0.0, "ext": null, "height": 4.0000000000000009, "text": "12", "angle": 33.174917728887074, "widthscale": 13.582537148526169, "oblique": 0.0, "style": "style1", "textgen": 1, "alignh": 0, "alignv": 1, "interlin": 1.0 }, "geometry": { "type": "Point", "coordinates": [ -40.359805152548461, -20.421857550598183, 0.0 ] } },
{ "type": "Feature", "properties": { "fid": 9159, "handle": 775178, "block": -1, "etype": 19, "space": 0, "layer": "0", "olinetype": "byblock", "linetype": "", "color": "0,0,0,55", "ocolor": 256, "color24": -1, "transparency": 0, "lweight": -1, "linewidth": 0.0, "ltscale": 1.0, "visible": 1, "thickness": 0.0, "ext": null, "height": 4.0000000000000009, "text": "14", "angle": 33.174917728887074, "widthscale": 13.582537148526169, "oblique": 0.0, "style": "style1", "textgen": 1, "alignh": 0, "alignv": 1, "interlin": 1.0 }, "geometry": { "type": "Point", "coordinates": [ -40.35972702228171, -20.421812347113203, 0.0 ] } },
{ "type": "Feature", "properties": { "fid": 9160, "handle": 775179, "block": -1, "etype": 19, "space": 0, "layer": "0", "olinetype": "byblock", "linetype": "", "color": "0,0,0,55", "ocolor": 256, "color24": -1, "transparency": 0, "lweight": -1, "linewidth": 0.0, "ltscale": 1.0, "visible": 1, "thickness": 0.0, "ext": null, "height": 4.0000000000000009, "text": "18", "angle": 33.174917728887074, "widthscale": 13.582537148526169, "oblique": 0.0, "style": "style1", "textgen": 1, "alignh": 0, "alignv": 1, "interlin": 1.0 }, "geometry": { "type": "Point", "coordinates": [ -40.359556630287017, -20.421710727164239, 0.0 ] } },
{ "type": "Feature", "properties": { "fid": 9161, "handle": 775180, "block": -1, "etype": 19, "space": 0, "layer": "0", "olinetype": "byblock", "linetype": "", "color": "0,0,0,55", "ocolor": 256, "color24": -1, "transparency": 0, "lweight": -1, "linewidth": 0.0, "ltscale": 1.0, "visible": 1, "thickness": 0.0, "ext": null, "height": 4.0000000000000009, "text": "20", "angle": 33.174917728887074, "widthscale": 13.582537148526169, "oblique": 0.0, "style": "style1", "textgen": 1, "alignh": 0, "alignv": 1, "interlin": 1.0 }, "geometry": { "type": "Point", "coordinates": [ -40.359465045392604, -20.421657296177379, 0.0 ] } },
{ "type": "Feature", "properties": { "fid": 9162, "handle": 775181, "block": -1, "etype": 19, "space": 0, "layer": "0", "olinetype": "byblock", "linetype": "", "color": "0,0,0,55", "ocolor": 256, "color24": -1, "transparency": 0, "lweight": -1, "linewidth": 0.0, "ltscale": 1.0, "visible": 1, "thickness": 0.0, "ext": null, "height": 4.0000000000000009, "text": "19", "angle": 33.174917728887074, "widthscale": 13.582537148526169, "oblique": 0.0, "style": "style1", "textgen": 1, "alignh": 0, "alignv": 1, "interlin": 1.0 }, "geometry": { "type": "Point", "coordinates": [ -40.359743784655763, -20.421444143614384, 0.0 ] } },
{ "type": "Feature", "properties": { "fid": 9163, "handle": 775182, "block": -1, "etype": 19, "space": 0, "layer": "0", "olinetype": "byblock", "linetype": "", "color": "0,0,0,55", "ocolor": 256, "color24": -1, "transparency": 0, "lweight": -1, "linewidth": 0.0, "ltscale": 1.0, "visible": 1, "thickness": 0.0, "ext": null, "height": 4.0000000000000009, "text": "9", "angle": 33.174917728887074, "widthscale": 13.582537148526169, "oblique": 0.0, "style": "style1", "textgen": 1, "alignh": 0, "alignv": 1, "interlin": 1.0 }, "geometry": { "type": "Point", "coordinates": [ -40.360131334298778, -20.421675167741018, 0.0 ] } },
{ "type": "Feature", "properties": { "fid": 9164, "handle": 775183, "block": -1, "etype": 19, "space": 0, "layer": "0", "olinetype": "byblock", "linetype": "", "color": "0,0,0,55", "ocolor": 256, "color24": -1, "transparency": 0, "lweight": -1, "linewidth": 0.0, "ltscale": 1.0, "visible": 1, "thickness": 0.0, "ext": null, "height": 4.0000000000000009, "text": "11", "angle": 33.174917728887074, "widthscale": 13.582537148526169, "oblique": 0.0, "style": "style1", "textgen": 1, "alignh": 0, "alignv": 1, "interlin": 1.0 }, "geometry": { "type": "Point", "coordinates": [ -40.360061091851094, -20.421634258623257, 0.0 ] } },
{ "type": "Feature", "properties": { "fid": 9165, "handle": 775184, "block": -1, "etype": 19, "space": 0, "layer": "0", "olinetype": "byblock", "linetype": "", "color": "0,0,0,55", "ocolor": 256, "color24": -1, "transparency": 0, "lweight": -1, "linewidth": 0.0, "ltscale": 1.0, "visible": 1, "thickness": 0.0, "ext": null, "height": 4.0000000000000009, "text": "13", "angle": 33.174917728887074, "widthscale": 13.582537148526169, "oblique": 0.0, "style": "style1", "textgen": 1, "alignh": 0, "alignv": 1, "interlin": 1.0 }, "geometry": { "type": "Point", "coordinates": [ -40.35999200319236, -20.421599727528772, 0.0 ] } },
{ "type": "Feature", "properties": { "fid": 9166, "handle": 775185, "block": -1, "etype": 19, "space": 0, "layer": "0", "olinetype": "byblock", "linetype": "", "color": "0,0,0,55", "ocolor": 256, "color24": -1, "transparency": 0, "lweight": -1, "linewidth": 0.0, "ltscale": 1.0, "visible": 1, "thickness": 0.0, "ext": null, "height": 4.0000000000000009, "text": "15", "angle": 33.174917728887074, "widthscale": 13.582537148526169, "oblique": 0.0, "style": "style1", "textgen": 1, "alignh": 0, "alignv": 1, "interlin": 1.0 }, "geometry": { "type": "Point", "coordinates": [ -40.359902033356775, -20.421540098236999, 0.0 ] } },
{ "type": "Feature", "properties": { "fid": 9167, "handle": 775186, "block": -1, "etype": 19, "space": 0, "layer": "0", "olinetype": "byblock", "linetype": "", "color": "0,0,0,55", "ocolor": 256, "color24": -1, "transparency": 0, "lweight": -1, "linewidth": 0.0, "ltscale": 1.0, "visible": 1, "thickness": 0.0, "ext": null, "height": 4.0000000000000009, "text": "17", "angle": 33.174917728887074, "widthscale": 13.582537148526169, "oblique": 0.0, "style": "style1", "textgen": 1, "alignh": 0, "alignv": 1, "interlin": 1.0 }, "geometry": { "type": "Point", "coordinates": [ -40.359816891294173, -20.421493178884869, 0.0 ] } },
{ "type": "Feature", "properties": { "fid": 9168, "handle": 775187, "block": -1, "etype": 19, "space": 0, "layer": "0", "olinetype": "byblock", "linetype": "", "color": "0,0,0,55", "ocolor": 256, "color24": -1, "transparency": 0, "lweight": -1, "linewidth": 0.0, "ltscale": 1.0, "visible": 1, "thickness": 0.0, "ext": null, "height": 4.0000000000000009, "text": "22", "angle": 33.174917728887074, "widthscale": 13.582537148526169, "oblique": 0.0, "style": "style1", "textgen": 1, "alignh": 0, "alignv": 1, "interlin": 1.0 }, "geometry": { "type": "Point", "coordinates": [ -40.359229889342416, -20.421602659256109, 0.0 ] } },
{ "type": "Feature", "properties": { "fid": 9169, "handle": 775188, "block": -1, "etype": 19, "space": 0, "layer": "0", "olinetype": "byblock", "linetype": "", "color": "0,0,0,55", "ocolor": 256, "color24": -1, "transparency": 0, "lweight": -1, "linewidth": 0.0, "ltscale": 1.0, "visible": 1, "thickness": 0.0, "ext": null, "height": 4.0000000000000009, "text": "23", "angle": 33.174917728887074, "widthscale": 13.582537148526169, "oblique": 0.0, "style": "style1", "textgen": 1, "alignh": 0, "alignv": 1, "interlin": 1.0 }, "geometry": { "type": "Point", "coordinates": [ -40.359279748016426, -20.421526836388605, 0.0 ] } },
{ "type": "Feature", "properties": { "fid": 9170, "handle": 775189, "block": -1, "etype": 19, "space": 0, "layer": "0", "olinetype": "byblock", "linetype": "", "color": "0,0,0,55", "ocolor": 256, "color24": -1, "transparency": 0, "lweight": -1, "linewidth": 0.0, "ltscale": 1.0, "visible": 1, "thickness": 0.0, "ext": null, "height": 4.0000000000000009, "text": "24", "angle": 33.174917728887074, "widthscale": 13.582537148526169, "oblique": 0.0, "style": "style1", "textgen": 1, "alignh": 0, "alignv": 1, "interlin": 1.0 }, "geometry": { "type": "Point", "coordinates": [ -40.359336754187261, -20.421457622311081, 0.0 ] } },
{ "type": "Feature", "properties": { "fid": 9171, "handle": 775190, "block": -1, "etype": 19, "space": 0, "layer": "0", "olinetype": "byblock", "linetype": "", "color": "0,0,0,55", "ocolor": 256, "color24": -1, "transparency": 0, "lweight": -1, "linewidth": 0.0, "ltscale": 1.0, "visible": 1, "thickness": 0.0, "ext": null, "height": 4.0000000000000009, "text": "25", "angle": 33.174917728887074, "widthscale": 13.582537148526169, "oblique": 0.0, "style": "style1", "textgen": 1, "alignh": 0, "alignv": 1, "interlin": 1.0 }, "geometry": { "type": "Point", "coordinates": [ -40.359384939193752, -20.421379656891403, 0.0 ] } },
{ "type": "Feature", "properties": { "fid": 9172, "handle": 775191, "block": -1, "etype": 19, "space": 0, "layer": "0", "olinetype": "byblock", "linetype": "", "color": "0,0,0,55", "ocolor": 256, "color24": -1, "transparency": 0, "lweight": -1, "linewidth": 0.0, "ltscale": 1.0, "visible": 1, "thickness": 0.0, "ext": null, "height": 4.0000000000000009, "text": "27", "angle": 33.174917728887074, "widthscale": 13.582537148526169, "oblique": 0.0, "style": "style1", "textgen": 1, "alignh": 0, "alignv": 1, "interlin": 1.0 }, "geometry": { "type": "Point", "coordinates": [ -40.359487632326847, -20.42122186758338, 0.0 ] } },
{ "type": "Feature", "properties": { "fid": 9173, "handle": 775192, "block": -1, "etype": 19, "space": 0, "layer": "0", "olinetype": "byblock", "linetype": "", "color": "0,0,0,55", "ocolor": 256, "color24": -1, "transparency": 0, "lweight": -1, "linewidth": 0.0, "ltscale": 1.0, "visible": 1, "thickness": 0.0, "ext": null, "height": 4.0000000000000009, "text": "16", "angle": 33.174917728887074, "widthscale": 13.582537148526169, "oblique": 0.0, "style": "style1", "textgen": 1, "alignh": 0, "alignv": 1, "interlin": 1.0 }, "geometry": { "type": "Point", "coordinates": [ -40.359645370750023, -20.421763358809887, 0.0 ] } },
{ "type": "Feature", "properties": { "fid": 9174, "handle": 775194, "block": -1, "etype": 19, "space": 0, "layer": "0", "olinetype": "byblock", "linetype": "", "color": "0,0,0,55", "ocolor": 256, "color24": -1, "transparency": 0, "lweight": -1, "linewidth": 0.0, "ltscale": 1.0, "visible": 1, "thickness": 0.0, "ext": null, "height": 4.0000000000000009, "text": "26", "angle": 33.174917728887074, "widthscale": 13.582537148526169, "oblique": 0.0, "style": "style1", "textgen": 1, "alignh": 0, "alignv": 1, "interlin": 1.0 }, "geometry": { "type": "Point", "coordinates": [ -40.359435483079444, -20.421297656898201, 0.0 ] } },
{ "type": "Feature", "properties": { "fid": 9175, "handle": 775195, "block": -1, "etype": 19, "space": 0, "layer": "0", "olinetype": "byblock", "linetype": "", "color": "0,0,0,55", "ocolor": 256, "color24": -1, "transparency": 0, "lweight": -1, "linewidth": 0.0, "ltscale": 1.0, "visible": 1, "thickness": 0.0, "ext": null, "height": 4.0000000000000009, "text": "21", "angle": 33.174917728887074, "widthscale": 13.582537148526169, "oblique": 0.0, "style": "style1", "textgen": 1, "alignh": 0, "alignv": 1, "interlin": 1.0 }, "geometry": { "type": "Point", "coordinates": [ -40.359653791623629, -20.421389128098397, 0.0 ] } },
{ "type": "Feature", "properties": { "fid": 9176, "handle": 775196, "block": -1, "etype": 19, "space": 0, "layer": "0", "olinetype": "byblock", "linetype": "", "color": "0,0,0,55", "ocolor": 256, "color24": -1, "transparency": 0, "lweight": -1, "linewidth": 0.0, "ltscale": 1.0, "visible": 1, "thickness": 0.0, "ext": null, "height": 4.0000000000000009, "text": "28", "angle": 33.174917728887074, "widthscale": 13.582537148526169, "oblique": 0.0, "style": "style1", "textgen": 1, "alignh": 0, "alignv": 1, "interlin": 1.0 }, "geometry": { "type": "Point", "coordinates": [ -40.359539781486134, -20.42114607831099, 0.0 ] } },
{ "type": "Feature", "properties": { "fid": 9177, "handle": 775197, "block": -1, "etype": 19, "space": 0, "layer": "0", "olinetype": "byblock", "linetype": "", "color": "0,0,0,55", "ocolor": 256, "color24": -1, "transparency": 0, "lweight": -1, "linewidth": 0.0, "ltscale": 1.0, "visible": 1, "thickness": 0.0, "ext": null, "height": 4.0000000000000009, "text": "1", "angle": 33.174917728887074, "widthscale": 13.582537148526169, "oblique": 0.0, "style": "style1", "textgen": 1, "alignh": 0, "alignv": 1, "interlin": 1.0 }, "geometry": { "type": "Point", "coordinates": [ -40.360053428668174, -20.422114409908129, 0.0 ] } },
{ "type": "Feature", "properties": { "fid": 9178, "handle": 775198, "block": -1, "etype": 19, "space": 0, "layer": "0", "olinetype": "byblock", "linetype": "", "color": "0,0,0,55", "ocolor": 256, "color24": -1, "transparency": 0, "lweight": -1, "linewidth": 0.0, "ltscale": 1.0, "visible": 1, "thickness": 0.0, "ext": null, "height": 4.0000000000000009, "text": "2", "angle": 33.174917728887074, "widthscale": 13.582537148526169, "oblique": 0.0, "style": "style1", "textgen": 1, "alignh": 0, "alignv": 1, "interlin": 1.0 }, "geometry": { "type": "Point", "coordinates": [ -40.360112493748176, -20.42203229873515, 0.0 ] } },
{ "type": "Feature", "properties": { "fid": 9179, "handle": 775199, "block": -1, "etype": 19, "space": 0, "layer": "0", "olinetype": "byblock", "linetype": "", "color": "0,0,0,55", "ocolor": 256, "color24": -1, "transparency": 0, "lweight": -1, "linewidth": 0.0, "ltscale": 1.0, "visible": 1, "thickness": 0.0, "ext": null, "height": 4.0000000000000009, "text": "3", "angle": 33.174917728887074, "widthscale": 13.582537148526169, "oblique": 0.0, "style": "style1", "textgen": 1, "alignh": 0, "alignv": 1, "interlin": 1.0 }, "geometry": { "type": "Point", "coordinates": [ -40.360169364059409, -20.421958191521309, 0.0 ] } },
{ "type": "Feature", "properties": { "fid": 9180, "handle": 775200, "block": -1, "etype": 19, "space": 0, "layer": "0", "olinetype": "bylayer", "linetype": "", "color": "0,0,0,55", "ocolor": 256, "color24": -1, "transparency": 0, "lweight": -1, "linewidth": 0.0, "ltscale": 1.0, "visible": 1, "thickness": 0.0, "ext": null, "height": 4.0000000000000009, "text": "4", "angle": 33.174917728887074, "widthscale": 13.582537148526169, "oblique": 0.0, "style": "style1", "textgen": 1, "alignh": 0, "alignv": 1, "interlin": 1.0 }, "geometry": { "type": "Point", "coordinates": [ -40.360221280181193, -20.421888436654019, 0.0 ] } },
{ "type": "Feature", "properties": { "fid": 9181, "handle": 775201, "block": -1, "etype": 19, "space": 0, "layer": "0", "olinetype": "bylayer", "linetype": "", "color": "0,0,0,55", "ocolor": 256, "color24": -1, "transparency": 0, "lweight": -1, "linewidth": 0.0, "ltscale": 1.0, "visible": 1, "thickness": 0.0, "ext": null, "height": 4.0000000000000009, "text": "5", "angle": 33.174917728887074, "widthscale": 13.582537148526169, "oblique": 0.0, "style": "style1", "textgen": 1, "alignh": 0, "alignv": 1, "interlin": 1.0 }, "geometry": { "type": "Point", "coordinates": [ -40.360275800114707, -20.421809201419016, 0.0 ] } },
{ "type": "Feature", "properties": { "fid": 9182, "handle": 775202, "block": -1, "etype": 19, "space": 0, "layer": "0", "olinetype": "bylayer", "linetype": "", "color": "0,0,0,55", "ocolor": 256, "color24": -1, "transparency": 0, "lweight": -1, "linewidth": 0.0, "ltscale": 1.0, "visible": 1, "thickness": 0.0, "ext": null, "height": 4.0000000000000009, "text": "6", "angle": 33.174917728887074, "widthscale": 13.582537148526169, "oblique": 0.0, "style": "style1", "textgen": 1, "alignh": 0, "alignv": 1, "interlin": 1.0 }, "geometry": { "type": "Point", "coordinates": [ -40.360322607096847, -20.421732631610809, 0.0 ] } },
{ "type": "Feature", "properties": { "fid": 9183, "handle": 775203, "block": -1, "etype": 19, "space": 0, "layer": "0", "olinetype": "bylayer", "linetype": "", "color": "0,0,0,55", "ocolor": 256, "color24": -1, "transparency": 0, "lweight": -1, "linewidth": 0.0, "ltscale": 1.0, "visible": 1, "thickness": 0.0, "ext": null, "height": 4.0000000000000009, "text": "7", "angle": 33.174917728887074, "widthscale": 13.582537148526169, "oblique": 0.0, "style": "style1", "textgen": 1, "alignh": 0, "alignv": 1, "interlin": 1.0 }, "geometry": { "type": "Point", "coordinates": [ -40.360370703990192, -20.421671512667295, 0.0 ] } },
{ "type": "Feature", "properties": { "fid": 9184, "handle": 775332, "block": -1, "etype": 19, "space": 0, "layer": "0", "olinetype": "byblock", "linetype": "", "color": "0,0,0,55", "ocolor": 256, "color24": -1, "transparency": 0, "lweight": -1, "linewidth": 0.0, "ltscale": 1.0, "visible": 1, "thickness": 0.0, "ext": null, "height": 4.0000000000000009, "text": "1", "angle": 33.174917728887074, "widthscale": 13.582537148526169, "oblique": 0.0, "style": "style1", "textgen": 1, "alignh": 0, "alignv": 1, "interlin": 1.0 }, "geometry": { "type": "Point", "coordinates": [ -40.359681514430221, -20.42265651324211, 0.0 ] } },
{ "type": "Feature", "properties": { "fid": 9185, "handle": 775333, "block": -1, "etype": 19, "space": 0, "layer": "0", "olinetype": "byblock", "linetype": "", "color": "0,0,0,55", "ocolor": 256, "color24": -1, "transparency": 0, "lweight": -1, "linewidth": 0.0, "ltscale": 1.0, "visible": 1, "thickness": 0.0, "ext": null, "height": 4.0000000000000009, "text": "2", "angle": 33.174917728887074, "widthscale": 13.582537148526169, "oblique": 0.0, "style": "style1", "textgen": 1, "alignh": 0, "alignv": 1, "interlin": 1.0 }, "geometry": { "type": "Point", "coordinates": [ -40.359740579904276, -20.422574402177396, 0.0 ] } },
{ "type": "Feature", "properties": { "fid": 9186, "handle": 775334, "block": -1, "etype": 19, "space": 0, "layer": "0", "olinetype": "byblock", "linetype": "", "color": "0,0,0,55", "ocolor": 256, "color24": -1, "transparency": 0, "lweight": -1, "linewidth": 0.0, "ltscale": 1.0, "visible": 1, "thickness": 0.0, "ext": null, "height": 4.0000000000000009, "text": "3", "angle": 33.174917728887074, "widthscale": 13.582537148526169, "oblique": 0.0, "style": "style1", "textgen": 1, "alignh": 0, "alignv": 1, "interlin": 1.0 }, "geometry": { "type": "Point", "coordinates": [ -40.35979697399317, -20.422500987703376, 0.0 ] } },
{ "type": "Feature", "properties": { "fid": 9187, "handle": 775335, "block": -1, "etype": 19, "space": 0, "layer": "0", "olinetype": "byblock", "linetype": "", "color": "0,0,0,55", "ocolor": 256, "color24": -1, "transparency": 0, "lweight": -1, "linewidth": 0.0, "ltscale": 1.0, "visible": 1, "thickness": 0.0, "ext": null, "height": 4.0000000000000009, "text": "4", "angle": 33.174917728887074, "widthscale": 13.582537148526169, "oblique": 0.0, "style": "style1", "textgen": 1, "alignh": 0, "alignv": 1, "interlin": 1.0 }, "geometry": { "type": "Point", "coordinates": [ -40.359848890456455, -20.422431232931512, 0.0 ] } },
{ "type": "Feature", "properties": { "fid": 9188, "handle": 775336, "block": -1, "etype": 19, "space": 0, "layer": "0", "olinetype": "byblock", "linetype": "", "color": "0,0,0,55", "ocolor": 256, "color24": -1, "transparency": 0, "lweight": -1, "linewidth": 0.0, "ltscale": 1.0, "visible": 1, "thickness": 0.0, "ext": null, "height": 4.0000000000000009, "text": "5", "angle": 33.174917728887074, "widthscale": 13.582537148526169, "oblique": 0.0, "style": "style1", "textgen": 1, "alignh": 0, "alignv": 1, "interlin": 1.0 }, "geometry": { "type": "Point", "coordinates": [ -40.359903410761703, -20.422351997796316, 0.0 ] } },
{ "type": "Feature", "properties": { "fid": 9189, "handle": 775337, "block": -1, "etype": 19, "space": 0, "layer": "0", "olinetype": "byblock", "linetype": "", "color": "0,0,0,55", "ocolor": 256, "color24": -1, "transparency": 0, "lweight": -1, "linewidth": 0.0, "ltscale": 1.0, "visible": 1, "thickness": 0.0, "ext": null, "height": 4.0000000000000009, "text": "6", "angle": 33.174917728887074, "widthscale": 13.582537148526169, "oblique": 0.0, "style": "style1", "textgen": 1, "alignh": 0, "alignv": 1, "interlin": 1.0 }, "geometry": { "type": "Point", "coordinates": [ -40.359950218081622, -20.422275428073089, 0.0 ] } },
{ "type": "Feature", "properties": { "fid": 9190, "handle": 775338, "block": -1, "etype": 19, "space": 0, "layer": "0", "olinetype": "byblock", "linetype": "", "color": "0,0,0,55", "ocolor": 256, "color24": -1, "transparency": 0, "lweight": -1, "linewidth": 0.0, "ltscale": 1.0, "visible": 1, "thickness": 0.0, "ext": null, "height": 4.0000000000000009, "text": "1", "angle": 33.174917728887074, "widthscale": 13.582537148526169, "oblique": 0.0, "style": "style1", "textgen": 1, "alignh": 0, "alignv": 1, "interlin": 1.0 }, "geometry": { "type": "Point", "coordinates": [ -40.359682445941864, -20.422658309334771, 0.0 ] } },
{ "type": "Feature", "properties": { "fid": 9191, "handle": 775339, "block": -1, "etype": 19, "space": 0, "layer": "0", "olinetype": "byblock", "linetype": "", "color": "0,0,0,55", "ocolor": 256, "color24": -1, "transparency": 0, "lweight": -1, "linewidth": 0.0, "ltscale": 1.0, "visible": 1, "thickness": 0.0, "ext": null, "height": 4.0000000000000009, "text": "2", "angle": 33.174917728887074, "widthscale": 13.582537148526169, "oblique": 0.0, "style": "style1", "textgen": 1, "alignh": 0, "alignv": 1, "interlin": 1.0 }, "geometry": { "type": "Point", "coordinates": [ -40.359741511416019, -20.422576198269709, 0.0 ] } },
{ "type": "Feature", "properties": { "fid": 9192, "handle": 775340, "block": -1, "etype": 19, "space": 0, "layer": "0", "olinetype": "byblock", "linetype": "", "color": "0,0,0,55", "ocolor": 256, "color24": -1, "transparency": 0, "lweight": -1, "linewidth": 0.0, "ltscale": 1.0, "visible": 1, "thickness": 0.0, "ext": null, "height": 4.0000000000000009, "text": "3", "angle": 33.174917728887074, "widthscale": 13.582537148526169, "oblique": 0.0, "style": "style1", "textgen": 1, "alignh": 0, "alignv": 1, "interlin": 1.0 }, "geometry": { "type": "Point", "coordinates": [ -40.359797905505054, -20.422502783795402, 0.0 ] } },
{ "type": "Feature", "properties": { "fid": 9193, "handle": 775341, "block": -1, "etype": 19, "space": 0, "layer": "0", "olinetype": "byblock", "linetype": "", "color": "0,0,0,55", "ocolor": 256, "color24": -1, "transparency": 0, "lweight": -1, "linewidth": 0.0, "ltscale": 1.0, "visible": 1, "thickness": 0.0, "ext": null, "height": 4.0000000000000009, "text": "4", "angle": 33.174917728887074, "widthscale": 13.582537148526169, "oblique": 0.0, "style": "style1", "textgen": 1, "alignh": 0, "alignv": 1, "interlin": 1.0 }, "geometry": { "type": "Point", "coordinates": [ -40.359849821968488, -20.422433029023274, 0.0 ] } },
{ "type": "Feature", "properties": { "fid": 9194, "handle": 775342, "block": -1, "etype": 19, "space": 0, "layer": "0", "olinetype": "byblock", "linetype": "", "color": "0,0,0,55", "ocolor": 256, "color24": -1, "transparency": 0, "lweight": -1, "linewidth": 0.0, "ltscale": 1.0, "visible": 1, "thickness": 0.0, "ext": null, "height": 4.0000000000000009, "text": "5", "angle": 33.174917728887074, "widthscale": 13.582537148526169, "oblique": 0.0, "style": "style1", "textgen": 1, "alignh": 0, "alignv": 1, "interlin": 1.0 }, "geometry": { "type": "Point", "coordinates": [ -40.359904342273794, -20.422353793887741, 0.0 ] } },
{ "type": "Feature", "properties": { "fid": 9195, "handle": 775343, "block": -1, "etype": 19, "space": 0, "layer": "0", "olinetype": "byblock", "linetype": "", "color": "0,0,0,55", "ocolor": 256, "color24": -1, "transparency": 0, "lweight": -1, "linewidth": 0.0, "ltscale": 1.0, "visible": 1, "thickness": 0.0, "ext": null, "height": 4.0000000000000009, "text": "6", "angle": 33.174917728887074, "widthscale": 13.582537148526169, "oblique": 0.0, "style": "style1", "textgen": 1, "alignh": 0, "alignv": 1, "interlin": 1.0 }, "geometry": { "type": "Point", "coordinates": [ -40.359951149593705, -20.422277224164304, 0.0 ] } },
{ "type": "Feature", "properties": { "fid": 9196, "handle": 775344, "block": -1, "etype": 19, "space": 0, "layer": "0", "olinetype": "byblock", "linetype": "", "color": "0,0,0,55", "ocolor": 256, "color24": -1, "transparency": 0, "lweight": -1, "linewidth": 0.0, "ltscale": 1.0, "visible": 1, "thickness": 0.0, "ext": null, "height": 4.0000000000000009, "text": "8", "angle": 33.174917728887074, "widthscale": 13.582537148526169, "oblique": 0.0, "style": "style1", "textgen": 1, "alignh": 0, "alignv": 1, "interlin": 1.0 }, "geometry": { "type": "Point", "coordinates": [ -40.359746877398983, -20.4222521581809, 0.0 ] } },
{ "type": "Feature", "properties": { "fid": 9197, "handle": 775345, "block": -1, "etype": 19, "space": 0, "layer": "0", "olinetype": "byblock", "linetype": "", "color": "0,0,0,55", "ocolor": 256, "color24": -1, "transparency": 0, "lweight": -1, "linewidth": 0.0, "ltscale": 1.0, "visible": 1, "thickness": 0.0, "ext": null, "height": 4.0000000000000009, "text": "10", "angle": 33.174917728887074, "widthscale": 13.582537148526169, "oblique": 0.0, "style": "style1", "textgen": 1, "alignh": 0, "alignv": 1, "interlin": 1.0 }, "geometry": { "type": "Point", "coordinates": [ -40.359674513337346, -20.422210480791975, 0.0 ] } },
{ "type": "Feature", "properties": { "fid": 9198, "handle": 775346, "block": -1, "etype": 19, "space": 0, "layer": "0", "olinetype": "byblock", "linetype": "", "color": "0,0,0,55", "ocolor": 256, "color24": -1, "transparency": 0, "lweight": -1, "linewidth": 0.0, "ltscale": 1.0, "visible": 1, "thickness": 0.0, "ext": null, "height": 4.0000000000000009, "text": "12", "angle": 33.174917728887074, "widthscale": 13.582537148526169, "oblique": 0.0, "style": "style1", "textgen": 1, "alignh": 0, "alignv": 1, "interlin": 1.0 }, "geometry": { "type": "Point", "coordinates": [ -40.35959819728366, -20.422158671526493, 0.0 ] } },
{ "type": "Feature", "properties": { "fid": 9199, "handle": 775347, "block": -1, "etype": 19, "space": 0, "layer": "0", "olinetype": "byblock", "linetype": "", "color": "0,0,0,55", "ocolor": 256, "color24": -1, "transparency": 0, "lweight": -1, "linewidth": 0.0, "ltscale": 1.0, "visible": 1, "thickness": 0.0, "ext": null, "height": 4.0000000000000009, "text": "14", "angle": 33.174917728887074, "widthscale": 13.582537148526169, "oblique": 0.0, "style": "style1", "textgen": 1, "alignh": 0, "alignv": 1, "interlin": 1.0 }, "geometry": { "type": "Point", "coordinates": [ -40.359520066913817, -20.42211346795531, 0.0 ] } },
{ "type": "Feature", "properties": { "fid": 9200, "handle": 775348, "block": -1, "etype": 19, "space": 0, "layer": "0", "olinetype": "bylayer", "linetype": "", "color": "0,0,0,55", "ocolor": 256, "color24": -1, "transparency": 0, "lweight": -1, "linewidth": 0.0, "ltscale": 1.0, "visible": 1, "thickness": 0.0, "ext": null, "height": 4.0000000000000009, "text": "18", "angle": 33.174917728887074, "widthscale": 13.582537148526169, "oblique": 0.0, "style": "style1", "textgen": 1, "alignh": 0, "alignv": 1, "interlin": 1.0 }, "geometry": { "type": "Point", "coordinates": [ -40.35934967469791, -20.422011847818322, 0.0 ] } },
{ "type": "Feature", "properties": { "fid": 9201, "handle": 775349, "block": -1, "etype": 19, "space": 0, "layer": "0", "olinetype": "bylayer", "linetype": "", "color": "0,0,0,55", "ocolor": 256, "color24": -1, "transparency": 0, "lweight": -1, "linewidth": 0.0, "ltscale": 1.0, "visible": 1, "thickness": 0.0, "ext": null, "height": 4.0000000000000009, "text": "20", "angle": 33.174917728887074, "widthscale": 13.582537148526169, "oblique": 0.0, "style": "style1", "textgen": 1, "alignh": 0, "alignv": 1, "interlin": 1.0 }, "geometry": { "type": "Point", "coordinates": [ -40.359258089683131, -20.42195841673043, 0.0 ] } },
{ "type": "Feature", "properties": { "fid": 9202, "handle": 775350, "block": -1, "etype": 19, "space": 0, "layer": "0", "olinetype": "byblock", "linetype": "", "color": "0,0,0,55", "ocolor": 256, "color24": -1, "transparency": 0, "lweight": -1, "linewidth": 0.0, "ltscale": 1.0, "visible": 1, "thickness": 0.0, "ext": null, "height": 4.0000000000000009, "text": "19", "angle": 33.174917728887074, "widthscale": 13.582537148526169, "oblique": 0.0, "style": "style1", "textgen": 1, "alignh": 0, "alignv": 1, "interlin": 1.0 }, "geometry": { "type": "Point", "coordinates": [ -40.359085791678751, -20.422188974221822, 0.0 ] } },
{ "type": "Feature", "properties": { "fid": 9203, "handle": 775351, "block": -1, "etype": 19, "space": 0, "layer": "0", "olinetype": "byblock", "linetype": "", "color": "0,0,0,55", "ocolor": 256, "color24": -1, "transparency": 0, "lweight": -1, "linewidth": 0.0, "ltscale": 1.0, "visible": 1, "thickness": 0.0, "ext": null, "height": 4.0000000000000009, "text": "7", "angle": 33.174917728887074, "widthscale": 13.582537148526169, "oblique": 0.0, "style": "style1", "textgen": 1, "alignh": 0, "alignv": 1, "interlin": 1.0 }, "geometry": { "type": "Point", "coordinates": [ -40.359584190446292, -20.422488592807813, 0.0 ] } },
{ "type": "Feature", "properties": { "fid": 9204, "handle": 775352, "block": -1, "etype": 19, "space": 0, "layer": "0", "olinetype": "byblock", "linetype": "", "color": "0,0,0,55", "ocolor": 256, "color24": -1, "transparency": 0, "lweight": -1, "linewidth": 0.0, "ltscale": 1.0, "visible": 1, "thickness": 0.0, "ext": null, "height": 4.0000000000000009, "text": "9", "angle": 33.174917728887074, "widthscale": 13.582537148526169, "oblique": 0.0, "style": "style1", "textgen": 1, "alignh": 0, "alignv": 1, "interlin": 1.0 }, "geometry": { "type": "Point", "coordinates": [ -40.359500862406541, -20.422435067663692, 0.0 ] } },
{ "type": "Feature", "properties": { "fid": 9205, "handle": 775353, "block": -1, "etype": 19, "space": 0, "layer": "0", "olinetype": "byblock", "linetype": "", "color": "0,0,0,55", "ocolor": 256, "color24": -1, "transparency": 0, "lweight": -1, "linewidth": 0.0, "ltscale": 1.0, "visible": 1, "thickness": 0.0, "ext": null, "height": 4.0000000000000009, "text": "11", "angle": 33.174917728887074, "widthscale": 13.582537148526169, "oblique": 0.0, "style": "style1", "textgen": 1, "alignh": 0, "alignv": 1, "interlin": 1.0 }, "geometry": { "type": "Point", "coordinates": [ -40.359418887664333, -20.422387513366932, 0.0 ] } },
{ "type": "Feature", "properties": { "fid": 9206, "handle": 775354, "block": -1, "etype": 19, "space": 0, "layer": "0", "olinetype": "byblock", "linetype": "", "color": "0,0,0,55", "ocolor": 256, "color24": -1, "transparency": 0, "lweight": -1, "linewidth": 0.0, "ltscale": 1.0, "visible": 1, "thickness": 0.0, "ext": null, "height": 4.0000000000000009, "text": "13", "angle": 33.174917728887074, "widthscale": 13.582537148526169, "oblique": 0.0, "style": "style1", "textgen": 1, "alignh": 0, "alignv": 1, "interlin": 1.0 }, "geometry": { "type": "Point", "coordinates": [ -40.359349798785573, -20.422352982031398, 0.0 ] } },
{ "type": "Feature", "properties": { "fid": 9207, "handle": 775355, "block": -1, "etype": 19, "space": 0, "layer": "0", "olinetype": "bylayer", "linetype": "", "color": "0,0,0,55", "ocolor": 256, "color24": -1, "transparency": 0, "lweight": -1, "linewidth": 0.0, "ltscale": 1.0, "visible": 1, "thickness": 0.0, "ext": null, "height": 4.0000000000000009, "text": "15", "angle": 33.174917728887074, "widthscale": 13.582537148526169, "oblique": 0.0, "style": "style1", "textgen": 1, "alignh": 0, "alignv": 1, "interlin": 1.0 }, "geometry": { "type": "Point", "coordinates": [ -40.359271560793573, -20.422299997373361, 0.0 ] } },
{ "type": "Feature", "properties": { "fid": 9208, "handle": 775356, "block": -1, "etype": 19, "space": 0, "layer": "0", "olinetype": "bylayer", "linetype": "", "color": "0,0,0,55", "ocolor": 256, "color24": -1, "transparency": 0, "lweight": -1, "linewidth": 0.0, "ltscale": 1.0, "visible": 1, "thickness": 0.0, "ext": null, "height": 4.0000000000000009, "text": "17", "angle": 33.174917728887074, "widthscale": 13.582537148526169, "oblique": 0.0, "style": "style1", "textgen": 1, "alignh": 0, "alignv": 1, "interlin": 1.0 }, "geometry": { "type": "Point", "coordinates": [ -40.359186418469662, -20.422253077729739, 0.0 ] } },
{ "type": "Feature", "properties": { "fid": 9209, "handle": 775357, "block": -1, "etype": 19, "space": 0, "layer": "0", "olinetype": "byblock", "linetype": "", "color": "0,0,0,55", "ocolor": 256, "color24": -1, "transparency": 0, "lweight": -1, "linewidth": 0.0, "ltscale": 1.0, "visible": 1, "thickness": 0.0, "ext": null, "height": 4.0000000000000009, "text": "21", "angle": 33.174917728887074, "widthscale": 13.582537148526169, "oblique": 0.0, "style": "style1", "textgen": 1, "alignh": 0, "alignv": 1, "interlin": 1.0 }, "geometry": { "type": "Point", "coordinates": [ -40.35885277593168, -20.422146989750185, 0.0 ] } },
{ "type": "Feature", "properties": { "fid": 9210, "handle": 775358, "block": -1, "etype": 19, "space": 0, "layer": "0", "olinetype": "byblock", "linetype": "", "color": "0,0,0,55", "ocolor": 256, "color24": -1, "transparency": 0, "lweight": -1, "linewidth": 0.0, "ltscale": 1.0, "visible": 1, "thickness": 0.0, "ext": null, "height": 4.0000000000000009, "text": "22", "angle": 33.174917728887074, "widthscale": 13.582537148526169, "oblique": 0.0, "style": "style1", "textgen": 1, "alignh": 0, "alignv": 1, "interlin": 1.0 }, "geometry": { "type": "Point", "coordinates": [ -40.358909350631407, -20.422068499193447, 0.0 ] } },
{ "type": "Feature", "properties": { "fid": 9211, "handle": 775359, "block": -1, "etype": 19, "space": 0, "layer": "0", "olinetype": "byblock", "linetype": "", "color": "0,0,0,55", "ocolor": 256, "color24": -1, "transparency": 0, "lweight": -1, "linewidth": 0.0, "ltscale": 1.0, "visible": 1, "thickness": 0.0, "ext": null, "height": 4.0000000000000009, "text": "23", "angle": 33.174917728887074, "widthscale": 13.582537148526169, "oblique": 0.0, "style": "style1", "textgen": 1, "alignh": 0, "alignv": 1, "interlin": 1.0 }, "geometry": { "type": "Point", "coordinates": [ -40.35895920960396, -20.42199267640429, 0.0 ] } },
{ "type": "Feature", "properties": { "fid": 9212, "handle": 775360, "block": -1, "etype": 19, "space": 0, "layer": "0", "olinetype": "bylayer", "linetype": "", "color": "0,0,0,55", "ocolor": 256, "color24": -1, "transparency": 0, "lweight": -1, "linewidth": 0.0, "ltscale": 1.0, "visible": 1, "thickness": 0.0, "ext": null, "height": 4.0000000000000009, "text": "24", "angle": 33.174917728887074, "widthscale": 13.582537148526169, "oblique": 0.0, "style": "style1", "textgen": 1, "alignh": 0, "alignv": 1, "interlin": 1.0 }, "geometry": { "type": "Point", "coordinates": [ -40.359016216083219, -20.421923462417489, 0.0 ] } },
{ "type": "Feature", "properties": { "fid": 9213, "handle": 775361, "block": -1, "etype": 19, "space": 0, "layer": "0", "olinetype": "byblock", "linetype": "", "color": "0,0,0,55", "ocolor": 256, "color24": -1, "transparency": 0, "lweight": -1, "linewidth": 0.0, "ltscale": 1.0, "visible": 1, "thickness": 0.0, "ext": null, "height": 4.0000000000000009, "text": "25", "angle": 33.174917728887074, "widthscale": 13.582537148526169, "oblique": 0.0, "style": "style1", "textgen": 1, "alignh": 0, "alignv": 1, "interlin": 1.0 }, "geometry": { "type": "Point", "coordinates": [ -40.359064401387037, -20.421845497073242, 0.0 ] } },
{ "type": "Feature", "properties": { "fid": 9214, "handle": 775362, "block": -1, "etype": 19, "space": 0, "layer": "0", "olinetype": "byblock", "linetype": "", "color": "0,0,0,55", "ocolor": 256, "color24": -1, "transparency": 0, "lweight": -1, "linewidth": 0.0, "ltscale": 1.0, "visible": 1, "thickness": 0.0, "ext": null, "height": 4.0000000000000009, "text": "26", "angle": 33.174917728887074, "widthscale": 13.582537148526169, "oblique": 0.0, "style": "style1", "textgen": 1, "alignh": 0, "alignv": 1, "interlin": 1.0 }, "geometry": { "type": "Point", "coordinates": [ -40.359114945585006, -20.421763497159102, 0.0 ] } },
{ "type": "Feature", "properties": { "fid": 9215, "handle": 775363, "block": -1, "etype": 19, "space": 0, "layer": "0", "olinetype": "byblock", "linetype": "", "color": "0,0,0,55", "ocolor": 256, "color24": -1, "transparency": 0, "lweight": -1, "linewidth": 0.0, "ltscale": 1.0, "visible": 1, "thickness": 0.0, "ext": null, "height": 4.0000000000000009, "text": "16", "angle": 33.174917728887074, "widthscale": 13.582537148526169, "oblique": 0.0, "style": "style1", "textgen": 1, "alignh": 0, "alignv": 1, "interlin": 1.0 }, "geometry": { "type": "Point", "coordinates": [ -40.359438415276465, -20.422064479561861, 0.0 ] } },
{ "type": "Feature", "properties": { "fid": 9216, "handle": 775491, "block": -1, "etype": 19, "space": 0, "layer": "0", "olinetype": "byblock", "linetype": "", "color": "0,0,0,55", "ocolor": 256, "color24": -1, "transparency": 0, "lweight": -1, "linewidth": 0.0, "ltscale": 1.0, "visible": 1, "thickness": 0.0, "ext": null, "height": 4.0000000000000009, "text": "1", "angle": 33.174917728887074, "widthscale": 13.582537148526169, "oblique": 0.0, "style": "style1", "textgen": 1, "alignh": 0, "alignv": 1, "interlin": 1.0 }, "geometry": { "type": "Point", "coordinates": [ -40.359292043614886, -20.423219704695271, 0.0 ] } },
{ "type": "Feature", "properties": { "fid": 9217, "handle": 775492, "block": -1, "etype": 19, "space": 0, "layer": "0", "olinetype": "byblock", "linetype": "", "color": "0,0,0,55", "ocolor": 256, "color24": -1, "transparency": 0, "lweight": -1, "linewidth": 0.0, "ltscale": 1.0, "visible": 1, "thickness": 0.0, "ext": null, "height": 4.0000000000000009, "text": "2", "angle": 33.174917728887074, "widthscale": 13.582537148526169, "oblique": 0.0, "style": "style1", "textgen": 1, "alignh": 0, "alignv": 1, "interlin": 1.0 }, "geometry": { "type": "Point", "coordinates": [ -40.359356213861062, -20.423136152792466, 0.0 ] } },
{ "type": "Feature", "properties": { "fid": 9218, "handle": 775493, "block": -1, "etype": 19, "space": 0, "layer": "0", "olinetype": "byblock", "linetype": "", "color": "0,0,0,55", "ocolor": 256, "color24": -1, "transparency": 0, "lweight": -1, "linewidth": 0.0, "ltscale": 1.0, "visible": 1, "thickness": 0.0, "ext": null, "height": 4.0000000000000009, "text": "3", "angle": 33.174917728887074, "widthscale": 13.582537148526169, "oblique": 0.0, "style": "style1", "textgen": 1, "alignh": 0, "alignv": 1, "interlin": 1.0 }, "geometry": { "type": "Point", "coordinates": [ -40.35941308492238, -20.423062045791326, 0.0 ] } },
{ "type": "Feature", "properties": { "fid": 9219, "handle": 775494, "block": -1, "etype": 19, "space": 0, "layer": "0", "olinetype": "byblock", "linetype": "", "color": "0,0,0,55", "ocolor": 256, "color24": -1, "transparency": 0, "lweight": -1, "linewidth": 0.0, "ltscale": 1.0, "visible": 1, "thickness": 0.0, "ext": null, "height": 4.0000000000000009, "text": "4", "angle": 33.174917728887074, "widthscale": 13.582537148526169, "oblique": 0.0, "style": "style1", "textgen": 1, "alignh": 0, "alignv": 1, "interlin": 1.0 }, "geometry": { "type": "Point", "coordinates": [ -40.359465001738236, -20.422992291117843, 0.0 ] } },
{ "type": "Feature", "properties": { "fid": 9220, "handle": 775495, "block": -1, "etype": 19, "space": 0, "layer": "0", "olinetype": "byblock", "linetype": "", "color": "0,0,0,55", "ocolor": 256, "color24": -1, "transparency": 0, "lweight": -1, "linewidth": 0.0, "ltscale": 1.0, "visible": 1, "thickness": 0.0, "ext": null, "height": 4.0000000000000009, "text": "5", "angle": 33.174917728887074, "widthscale": 13.582537148526169, "oblique": 0.0, "style": "style1", "textgen": 1, "alignh": 0, "alignv": 1, "interlin": 1.0 }, "geometry": { "type": "Point", "coordinates": [ -40.359519522427128, -20.422913056085505, 0.0 ] } },
{ "type": "Feature", "properties": { "fid": 9221, "handle": 775496, "block": -1, "etype": 19, "space": 0, "layer": "0", "olinetype": "byblock", "linetype": "", "color": "0,0,0,55", "ocolor": 256, "color24": -1, "transparency": 0, "lweight": -1, "linewidth": 0.0, "ltscale": 1.0, "visible": 1, "thickness": 0.0, "ext": null, "height": 4.0000000000000009, "text": "6", "angle": 33.174917728887074, "widthscale": 13.582537148526169, "oblique": 0.0, "style": "style1", "textgen": 1, "alignh": 0, "alignv": 1, "interlin": 1.0 }, "geometry": { "type": "Point", "coordinates": [ -40.359566330095682, -20.422836486449906, 0.0 ] } },
{ "type": "Feature", "properties": { "fid": 9222, "handle": 775497, "block": -1, "etype": 19, "space": 0, "layer": "0", "olinetype": "byblock", "linetype": "", "color": "0,0,0,55", "ocolor": 256, "color24": -1, "transparency": 0, "lweight": -1, "linewidth": 0.0, "ltscale": 1.0, "visible": 1, "thickness": 0.0, "ext": null, "height": 4.0000000000000009, "text": "8", "angle": 33.174917728887074, "widthscale": 13.582537148526169, "oblique": 0.0, "style": "style1", "textgen": 1, "alignh": 0, "alignv": 1, "interlin": 1.0 }, "geometry": { "type": "Point", "coordinates": [ -40.359354216799751, -20.422811414251889, 0.0 ] } },
{ "type": "Feature", "properties": { "fid": 9223, "handle": 775498, "block": -1, "etype": 19, "space": 0, "layer": "0", "olinetype": "byblock", "linetype": "", "color": "0,0,0,55", "ocolor": 256, "color24": -1, "transparency": 0, "lweight": -1, "linewidth": 0.0, "ltscale": 1.0, "visible": 1, "thickness": 0.0, "ext": null, "height": 4.0000000000000009, "text": "10", "angle": 33.174917728887074, "widthscale": 13.582537148526169, "oblique": 0.0, "style": "style1", "textgen": 1, "alignh": 0, "alignv": 1, "interlin": 1.0 }, "geometry": { "type": "Point", "coordinates": [ -40.359282329129705, -20.42276904411597, 0.0 ] } },
{ "type": "Feature", "properties": { "fid": 9224, "handle": 775499, "block": -1, "etype": 19, "space": 0, "layer": "0", "olinetype": "byblock", "linetype": "", "color": "0,0,0,55", "ocolor": 256, "color24": -1, "transparency": 0, "lweight": -1, "linewidth": 0.0, "ltscale": 1.0, "visible": 1, "thickness": 0.0, "ext": null, "height": 4.0000000000000009, "text": "12", "angle": 33.174917728887074, "widthscale": 13.582537148526169, "oblique": 0.0, "style": "style1", "textgen": 1, "alignh": 0, "alignv": 1, "interlin": 1.0 }, "geometry": { "type": "Point", "coordinates": [ -40.359206012908977, -20.422717234689955, 0.0 ] } },
{ "type": "Feature", "properties": { "fid": 9225, "handle": 775500, "block": -1, "etype": 19, "space": 0, "layer": "0", "olinetype": "byblock", "linetype": "", "color": "0,0,0,55", "ocolor": 256, "color24": -1, "transparency": 0, "lweight": -1, "linewidth": 0.0, "ltscale": 1.0, "visible": 1, "thickness": 0.0, "ext": null, "height": 4.0000000000000009, "text": "14", "angle": 33.174917728887074, "widthscale": 13.582537148526169, "oblique": 0.0, "style": "style1", "textgen": 1, "alignh": 0, "alignv": 1, "interlin": 1.0 }, "geometry": { "type": "Point", "coordinates": [ -40.359127882350016, -20.422672030955095, 0.0 ] } },
{ "type": "Feature", "properties": { "fid": 9226, "handle": 775501, "block": -1, "etype": 19, "space": 0, "layer": "0", "olinetype": "byblock", "linetype": "", "color": "0,0,0,55", "ocolor": 256, "color24": -1, "transparency": 0, "lweight": -1, "linewidth": 0.0, "ltscale": 1.0, "visible": 1, "thickness": 0.0, "ext": null, "height": 4.0000000000000009, "text": "18", "angle": 33.174917728887074, "widthscale": 13.582537148526169, "oblique": 0.0, "style": "style1", "textgen": 1, "alignh": 0, "alignv": 1, "interlin": 1.0 }, "geometry": { "type": "Point", "coordinates": [ -40.358957489728745, -20.422570410460771, 0.0 ] } },
{ "type": "Feature", "properties": { "fid": 9227, "handle": 775502, "block": -1, "etype": 19, "space": 0, "layer": "0", "olinetype": "byblock", "linetype": "", "color": "0,0,0,55", "ocolor": 256, "color24": -1, "transparency": 0, "lweight": -1, "linewidth": 0.0, "ltscale": 1.0, "visible": 1, "thickness": 0.0, "ext": null, "height": 4.0000000000000009, "text": "20", "angle": 33.174917728887074, "widthscale": 13.582537148526169, "oblique": 0.0, "style": "style1", "textgen": 1, "alignh": 0, "alignv": 1, "interlin": 1.0 }, "geometry": { "type": "Point", "coordinates": [ -40.358865904493342, -20.422516979180951, 0.0 ] } },
{ "type": "Feature", "properties": { "fid": 9228, "handle": 775503, "block": -1, "etype": 19, "space": 0, "layer": "0", "olinetype": "byblock", "linetype": "", "color": "0,0,0,55", "ocolor": 256, "color24": -1, "transparency": 0, "lweight": -1, "linewidth": 0.0, "ltscale": 1.0, "visible": 1, "thickness": 0.0, "ext": null, "height": 4.0000000000000009, "text": "19", "angle": 33.174917728887074, "widthscale": 13.582537148526169, "oblique": 0.0, "style": "style1", "textgen": 1, "alignh": 0, "alignv": 1, "interlin": 1.0 }, "geometry": { "type": "Point", "coordinates": [ -40.358693128713981, -20.422748228970669, 0.0 ] } },
{ "type": "Feature", "properties": { "fid": 9229, "handle": 775504, "block": -1, "etype": 19, "space": 0, "layer": "0", "olinetype": "byblock", "linetype": "", "color": "0,0,0,55", "ocolor": 256, "color24": -1, "transparency": 0, "lweight": -1, "linewidth": 0.0, "ltscale": 1.0, "visible": 1, "thickness": 0.0, "ext": null, "height": 4.0000000000000009, "text": "7", "angle": 33.174917728887074, "widthscale": 13.582537148526169, "oblique": 0.0, "style": "style1", "textgen": 1, "alignh": 0, "alignv": 1, "interlin": 1.0 }, "geometry": { "type": "Point", "coordinates": [ -40.35919152866326, -20.423047848603225, 0.0 ] } },
{ "type": "Feature", "properties": { "fid": 9230, "handle": 775505, "block": -1, "etype": 19, "space": 0, "layer": "0", "olinetype": "byblock", "linetype": "", "color": "0,0,0,55", "ocolor": 256, "color24": -1, "transparency": 0, "lweight": -1, "linewidth": 0.0, "ltscale": 1.0, "visible": 1, "thickness": 0.0, "ext": null, "height": 4.0000000000000009, "text": "9", "angle": 33.174917728887074, "widthscale": 13.582537148526169, "oblique": 0.0, "style": "style1", "textgen": 1, "alignh": 0, "alignv": 1, "interlin": 1.0 }, "geometry": { "type": "Point", "coordinates": [ -40.359108200433845, -20.422994323283817, 0.0 ] } },
{ "type": "Feature", "properties": { "fid": 9231, "handle": 775506, "block": -1, "etype": 19, "space": 0, "layer": "0", "olinetype": "byblock", "linetype": "", "color": "0,0,0,55", "ocolor": 256, "color24": -1, "transparency": 0, "lweight": -1, "linewidth": 0.0, "ltscale": 1.0, "visible": 1, "thickness": 0.0, "ext": null, "height": 4.0000000000000009, "text": "11", "angle": 33.174917728887074, "widthscale": 13.582537148526169, "oblique": 0.0, "style": "style1", "textgen": 1, "alignh": 0, "alignv": 1, "interlin": 1.0 }, "geometry": { "type": "Point", "coordinates": [ -40.359026225493245, -20.422946768815031, 0.0 ] } },
{ "type": "Feature", "properties": { "fid": 9232, "handle": 775507, "block": -1, "etype": 19, "space": 0, "layer": "0", "olinetype": "byblock", "linetype": "", "color": "0,0,0,55", "ocolor": 256, "color24": -1, "transparency": 0, "lweight": -1, "linewidth": 0.0, "ltscale": 1.0, "visible": 1, "thickness": 0.0, "ext": null, "height": 4.0000000000000009, "text": "13", "angle": 33.174917728887074, "widthscale": 13.582537148526169, "oblique": 0.0, "style": "style1", "textgen": 1, "alignh": 0, "alignv": 1, "interlin": 1.0 }, "geometry": { "type": "Point", "coordinates": [ -40.35895665986525, -20.422912929929407, 0.0 ] } },
{ "type": "Feature", "properties": { "fid": 9233, "handle": 775508, "block": -1, "etype": 19, "space": 0, "layer": "0", "olinetype": "byblock", "linetype": "", "color": "0,0,0,55", "ocolor": 256, "color24": -1, "transparency": 0, "lweight": -1, "linewidth": 0.0, "ltscale": 1.0, "visible": 1, "thickness": 0.0, "ext": null, "height": 4.0000000000000009, "text": "15", "angle": 33.174917728887074, "widthscale": 13.582537148526169, "oblique": 0.0, "style": "style1", "textgen": 1, "alignh": 0, "alignv": 1, "interlin": 1.0 }, "geometry": { "type": "Point", "coordinates": [ -40.358878421701256, -20.422859945106364, 0.0 ] } },
{ "type": "Feature", "properties": { "fid": 9234, "handle": 775509, "block": -1, "etype": 19, "space": 0, "layer": "0", "olinetype": "byblock", "linetype": "", "color": "0,0,0,55", "ocolor": 256, "color24": -1, "transparency": 0, "lweight": -1, "linewidth": 0.0, "ltscale": 1.0, "visible": 1, "thickness": 0.0, "ext": null, "height": 4.0000000000000009, "text": "17", "angle": 33.174917728887074, "widthscale": 13.582537148526169, "oblique": 0.0, "style": "style1", "textgen": 1, "alignh": 0, "alignv": 1, "interlin": 1.0 }, "geometry": { "type": "Point", "coordinates": [ -40.358793755735128, -20.422812332690146, 0.0 ] } },
{ "type": "Feature", "properties": { "fid": 9235, "handle": 775510, "block": -1, "etype": 19, "space": 0, "layer": "0", "olinetype": "byblock", "linetype": "", "color": "0,0,0,55", "ocolor": 256, "color24": -1, "transparency": 0, "lweight": -1, "linewidth": 0.0, "ltscale": 1.0, "visible": 1, "thickness": 0.0, "ext": null, "height": 4.0000000000000009, "text": "21", "angle": 33.174917728887074, "widthscale": 13.582537148526169, "oblique": 0.0, "style": "style1", "textgen": 1, "alignh": 0, "alignv": 1, "interlin": 1.0 }, "geometry": { "type": "Point", "coordinates": [ -40.358460588785761, -20.422705551385771, 0.0 ] } },
{ "type": "Feature", "properties": { "fid": 9236, "handle": 775511, "block": -1, "etype": 19, "space": 0, "layer": "0", "olinetype": "byblock", "linetype": "", "color": "0,0,0,55", "ocolor": 256, "color24": -1, "transparency": 0, "lweight": -1, "linewidth": 0.0, "ltscale": 1.0, "visible": 1, "thickness": 0.0, "ext": null, "height": 4.0000000000000009, "text": "22", "angle": 33.174917728887074, "widthscale": 13.582537148526169, "oblique": 0.0, "style": "style1", "textgen": 1, "alignh": 0, "alignv": 1, "interlin": 1.0 }, "geometry": { "type": "Point", "coordinates": [ -40.35851716387878, -20.42262706093857, 0.0 ] } },
{ "type": "Feature", "properties": { "fid": 9237, "handle": 775512, "block": -1, "etype": 19, "space": 0, "layer": "0", "olinetype": "byblock", "linetype": "", "color": "0,0,0,55", "ocolor": 256, "color24": -1, "transparency": 0, "lweight": -1, "linewidth": 0.0, "ltscale": 1.0, "visible": 1, "thickness": 0.0, "ext": null, "height": 4.0000000000000009, "text": "23", "angle": 33.174917728887074, "widthscale": 13.582537148526169, "oblique": 0.0, "style": "style1", "textgen": 1, "alignh": 0, "alignv": 1, "interlin": 1.0 }, "geometry": { "type": "Point", "coordinates": [ -40.358567023213254, -20.42255123824539, 0.0 ] } },
{ "type": "Feature", "properties": { "fid": 9238, "handle": 775513, "block": -1, "etype": 19, "space": 0, "layer": "0", "olinetype": "byblock", "linetype": "", "color": "0,0,0,55", "ocolor": 256, "color24": -1, "transparency": 0, "lweight": -1, "linewidth": 0.0, "ltscale": 1.0, "visible": 1, "thickness": 0.0, "ext": null, "height": 4.0000000000000009, "text": "24", "angle": 33.174917728887074, "widthscale": 13.582537148526169, "oblique": 0.0, "style": "style1", "textgen": 1, "alignh": 0, "alignv": 1, "interlin": 1.0 }, "geometry": { "type": "Point", "coordinates": [ -40.358624030066053, -20.422482024369724, 0.0 ] } },
{ "type": "Feature", "properties": { "fid": 9239, "handle": 775514, "block": -1, "etype": 19, "space": 0, "layer": "0", "olinetype": "byblock", "linetype": "", "color": "0,0,0,55", "ocolor": 256, "color24": -1, "transparency": 0, "lweight": -1, "linewidth": 0.0, "ltscale": 1.0, "visible": 1, "thickness": 0.0, "ext": null, "height": 4.0000000000000009, "text": "25", "angle": 33.174917728887074, "widthscale": 13.582537148526169, "oblique": 0.0, "style": "style1", "textgen": 1, "alignh": 0, "alignv": 1, "interlin": 1.0 }, "geometry": { "type": "Point", "coordinates": [ -40.358672215730465, -20.422404059117877, 0.0 ] } },
{ "type": "Feature", "properties": { "fid": 9240, "handle": 775515, "block": -1, "etype": 19, "space": 0, "layer": "0", "olinetype": "byblock", "linetype": "", "color": "0,0,0,55", "ocolor": 256, "color24": -1, "transparency": 0, "lweight": -1, "linewidth": 0.0, "ltscale": 1.0, "visible": 1, "thickness": 0.0, "ext": null, "height": 4.0000000000000009, "text": "26", "angle": 33.174917728887074, "widthscale": 13.582537148526169, "oblique": 0.0, "style": "style1", "textgen": 1, "alignh": 0, "alignv": 1, "interlin": 1.0 }, "geometry": { "type": "Point", "coordinates": [ -40.35872276030716, -20.422322059300612, 0.0 ] } },
{ "type": "Feature", "properties": { "fid": 9241, "handle": 775516, "block": -1, "etype": 19, "space": 0, "layer": "0", "olinetype": "byblock", "linetype": "", "color": "0,0,0,55", "ocolor": 256, "color24": -1, "transparency": 0, "lweight": -1, "linewidth": 0.0, "ltscale": 1.0, "visible": 1, "thickness": 0.0, "ext": null, "height": 4.0000000000000009, "text": "16", "angle": 33.174917728887074, "widthscale": 13.582537148526169, "oblique": 0.0, "style": "style1", "textgen": 1, "alignh": 0, "alignv": 1, "interlin": 1.0 }, "geometry": { "type": "Point", "coordinates": [ -40.359046230519077, -20.422623042390398, 0.0 ] } },
{ "type": "Feature", "properties": { "fid": 9242, "handle": 775626, "block": -1, "etype": 19, "space": 0, "layer": "0", "olinetype": "byblock", "linetype": "", "color": "0,0,0,55", "ocolor": 256, "color24": -1, "transparency": 0, "lweight": -1, "linewidth": 0.0, "ltscale": 1.0, "visible": 1, "thickness": 0.0, "ext": null, "height": 4.0000000000000009, "text": "1", "angle": 33.174917728887074, "widthscale": 13.582537148526169, "oblique": 0.0, "style": "style1", "textgen": 1, "alignh": 0, "alignv": 1, "interlin": 1.0 }, "geometry": { "type": "Point", "coordinates": [ -40.358917627972893, -20.423766989131643, 0.0 ] } },
{ "type": "Feature", "properties": { "fid": 9243, "handle": 775627, "block": -1, "etype": 19, "space": 0, "layer": "0", "olinetype": "byblock", "linetype": "", "color": "0,0,0,55", "ocolor": 256, "color24": -1, "transparency": 0, "lweight": -1, "linewidth": 0.0, "ltscale": 1.0, "visible": 1, "thickness": 0.0, "ext": null, "height": 4.0000000000000009, "text": "2", "angle": 33.174917728887074, "widthscale": 13.582537148526169, "oblique": 0.0, "style": "style1", "textgen": 1, "alignh": 0, "alignv": 1, "interlin": 1.0 }, "geometry": { "type": "Point", "coordinates": [ -40.358976694255318, -20.42368487828929, 0.0 ] } },
{ "type": "Feature", "properties": { "fid": 9244, "handle": 775628, "block": -1, "etype": 19, "space": 0, "layer": "0", "olinetype": "byblock", "linetype": "", "color": "0,0,0,55", "ocolor": 256, "color24": -1, "transparency": 0, "lweight": -1, "linewidth": 0.0, "ltscale": 1.0, "visible": 1, "thickness": 0.0, "ext": null, "height": 4.0000000000000009, "text": "3", "angle": 33.174917728887074, "widthscale": 13.582537148526169, "oblique": 0.0, "style": "style1", "textgen": 1, "alignh": 0, "alignv": 1, "interlin": 1.0 }, "geometry": { "type": "Point", "coordinates": [ -40.359033565691306, -20.423610771394973, 0.0 ] } },
{ "type": "Feature", "properties": { "fid": 9245, "handle": 775629, "block": -1, "etype": 19, "space": 0, "layer": "0", "olinetype": "byblock", "linetype": "", "color": "0,0,0,55", "ocolor": 256, "color24": -1, "transparency": 0, "lweight": -1, "linewidth": 0.0, "ltscale": 1.0, "visible": 1, "thickness": 0.0, "ext": null, "height": 4.0000000000000009, "text": "4", "angle": 33.174917728887074, "widthscale": 13.582537148526169, "oblique": 0.0, "style": "style1", "textgen": 1, "alignh": 0, "alignv": 1, "interlin": 1.0 }, "geometry": { "type": "Point", "coordinates": [ -40.359085482853871, -20.423541016818824, 0.0 ] } },
{ "type": "Feature", "properties": { "fid": 9246, "handle": 775630, "block": -1, "etype": 19, "space": 0, "layer": "0", "olinetype": "byblock", "linetype": "", "color": "0,0,0,55", "ocolor": 256, "color24": -1, "transparency": 0, "lweight": -1, "linewidth": 0.0, "ltscale": 1.0, "visible": 1, "thickness": 0.0, "ext": null, "height": 4.0000000000000009, "text": "5", "angle": 33.174917728887074, "widthscale": 13.582537148526169, "oblique": 0.0, "style": "style1", "textgen": 1, "alignh": 0, "alignv": 1, "interlin": 1.0 }, "geometry": { "type": "Point", "coordinates": [ -40.359140003920189, -20.423461781888218, 0.0 ] } },
{ "type": "Feature", "properties": { "fid": 9247, "handle": 775631, "block": -1, "etype": 19, "space": 0, "layer": "0", "olinetype": "byblock", "linetype": "", "color": "0,0,0,55", "ocolor": 256, "color24": -1, "transparency": 0, "lweight": -1, "linewidth": 0.0, "ltscale": 1.0, "visible": 1, "thickness": 0.0, "ext": null, "height": 4.0000000000000009, "text": "6", "angle": 33.174917728887074, "widthscale": 13.582537148526169, "oblique": 0.0, "style": "style1", "textgen": 1, "alignh": 0, "alignv": 1, "interlin": 1.0 }, "geometry": { "type": "Point", "coordinates": [ -40.359187764961838, -20.423383827307902, 0.0 ] } },
{ "type": "Feature", "properties": { "fid": 9248, "handle": 775632, "block": -1, "etype": 19, "space": 0, "layer": "0", "olinetype": "byblock", "linetype": "", "color": "0,0,0,55", "ocolor": 256, "color24": -1, "transparency": 0, "lweight": -1, "linewidth": 0.0, "ltscale": 1.0, "visible": 1, "thickness": 0.0, "ext": null, "height": 4.0000000000000009, "text": "8", "angle": 33.174917728887074, "widthscale": 13.582537148526169, "oblique": 0.0, "style": "style1", "textgen": 1, "alignh": 0, "alignv": 1, "interlin": 1.0 }, "geometry": { "type": "Point", "coordinates": [ -40.35898723795156, -20.423356142968277, 0.0 ] } },
{ "type": "Feature", "properties": { "fid": 9249, "handle": 775633, "block": -1, "etype": 19, "space": 0, "layer": "0", "olinetype": "byblock", "linetype": "", "color": "0,0,0,55", "ocolor": 256, "color24": -1, "transparency": 0, "lweight": -1, "linewidth": 0.0, "ltscale": 1.0, "visible": 1, "thickness": 0.0, "ext": null, "height": 4.0000000000000009, "text": "10", "angle": 33.174917728887074, "widthscale": 13.582537148526169, "oblique": 0.0, "style": "style1", "textgen": 1, "alignh": 0, "alignv": 1, "interlin": 1.0 }, "geometry": { "type": "Point", "coordinates": [ -40.358914873539142, -20.423314465286317, 0.0 ] } },
{ "type": "Feature", "properties": { "fid": 9250, "handle": 775634, "block": -1, "etype": 19, "space": 0, "layer": "0", "olinetype": "byblock", "linetype": "", "color": "0,0,0,55", "ocolor": 256, "color24": -1, "transparency": 0, "lweight": -1, "linewidth": 0.0, "ltscale": 1.0, "visible": 1, "thickness": 0.0, "ext": null, "height": 4.0000000000000009, "text": "12", "angle": 33.174917728887074, "widthscale": 13.582537148526169, "oblique": 0.0, "style": "style1", "textgen": 1, "alignh": 0, "alignv": 1, "interlin": 1.0 }, "geometry": { "type": "Point", "coordinates": [ -40.358838557150499, -20.42326265571063, 0.0 ] } },
{ "type": "Feature", "properties": { "fid": 9251, "handle": 775635, "block": -1, "etype": 19, "space": 0, "layer": "0", "olinetype": "byblock", "linetype": "", "color": "0,0,0,55", "ocolor": 256, "color24": -1, "transparency": 0, "lweight": -1, "linewidth": 0.0, "ltscale": 1.0, "visible": 1, "thickness": 0.0, "ext": null, "height": 4.0000000000000009, "text": "14", "angle": 33.174917728887074, "widthscale": 13.582537148526169, "oblique": 0.0, "style": "style1", "textgen": 1, "alignh": 0, "alignv": 1, "interlin": 1.0 }, "geometry": { "type": "Point", "coordinates": [ -40.358760426402817, -20.423217451823099, 0.0 ] } },
{ "type": "Feature", "properties": { "fid": 9252, "handle": 775636, "block": -1, "etype": 19, "space": 0, "layer": "0", "olinetype": "byblock", "linetype": "", "color": "0,0,0,55", "ocolor": 256, "color24": -1, "transparency": 0, "lweight": -1, "linewidth": 0.0, "ltscale": 1.0, "visible": 1, "thickness": 0.0, "ext": null, "height": 4.0000000000000009, "text": "18", "angle": 33.174917728887074, "widthscale": 13.582537148526169, "oblique": 0.0, "style": "style1", "textgen": 1, "alignh": 0, "alignv": 1, "interlin": 1.0 }, "geometry": { "type": "Point", "coordinates": [ -40.35859003337648, -20.423115830995659, 0.0 ] } },
{ "type": "Feature", "properties": { "fid": 9253, "handle": 775637, "block": -1, "etype": 19, "space": 0, "layer": "0", "olinetype": "byblock", "linetype": "", "color": "0,0,0,55", "ocolor": 256, "color24": -1, "transparency": 0, "lweight": -1, "linewidth": 0.0, "ltscale": 1.0, "visible": 1, "thickness": 0.0, "ext": null, "height": 4.0000000000000009, "text": "20", "angle": 33.174917728887074, "widthscale": 13.582537148526169, "oblique": 0.0, "style": "style1", "textgen": 1, "alignh": 0, "alignv": 1, "interlin": 1.0 }, "geometry": { "type": "Point", "coordinates": [ -40.358498447920809, -20.423062399536875, 0.0 ] } },
{ "type": "Feature", "properties": { "fid": 9254, "handle": 775638, "block": -1, "etype": 19, "space": 0, "layer": "0", "olinetype": "byblock", "linetype": "", "color": "0,0,0,55", "ocolor": 256, "color24": -1, "transparency": 0, "lweight": -1, "linewidth": 0.0, "ltscale": 1.0, "visible": 1, "thickness": 0.0, "ext": null, "height": 4.0000000000000009, "text": "19", "angle": 33.174917728887074, "widthscale": 13.582537148526169, "oblique": 0.0, "style": "style1", "textgen": 1, "alignh": 0, "alignv": 1, "interlin": 1.0 }, "geometry": { "type": "Point", "coordinates": [ -40.358325671011755, -20.423293649013363, 0.0 ] } },
{ "type": "Feature", "properties": { "fid": 9255, "handle": 775639, "block": -1, "etype": 19, "space": 0, "layer": "0", "olinetype": "byblock", "linetype": "", "color": "0,0,0,55", "ocolor": 256, "color24": -1, "transparency": 0, "lweight": -1, "linewidth": 0.0, "ltscale": 1.0, "visible": 1, "thickness": 0.0, "ext": null, "height": 4.0000000000000009, "text": "7", "angle": 33.174917728887074, "widthscale": 13.582537148526169, "oblique": 0.0, "style": "style1", "textgen": 1, "alignh": 0, "alignv": 1, "interlin": 1.0 }, "geometry": { "type": "Point", "coordinates": [ -40.358824072140727, -20.42359326962055, 0.0 ] } },
{ "type": "Feature", "properties": { "fid": 9256, "handle": 775640, "block": -1, "etype": 19, "space": 0, "layer": "0", "olinetype": "byblock", "linetype": "", "color": "0,0,0,55", "ocolor": 256, "color24": -1, "transparency": 0, "lweight": -1, "linewidth": 0.0, "ltscale": 1.0, "visible": 1, "thickness": 0.0, "ext": null, "height": 4.0000000000000009, "text": "9", "angle": 33.174917728887074, "widthscale": 13.582537148526169, "oblique": 0.0, "style": "style1", "textgen": 1, "alignh": 0, "alignv": 1, "interlin": 1.0 }, "geometry": { "type": "Point", "coordinates": [ -40.358740743721462, -20.42353974413794, 0.0 ] } },
{ "type": "Feature", "properties": { "fid": 9257, "handle": 775641, "block": -1, "etype": 19, "space": 0, "layer": "0", "olinetype": "byblock", "linetype": "", "color": "0,0,0,55", "ocolor": 256, "color24": -1, "transparency": 0, "lweight": -1, "linewidth": 0.0, "ltscale": 1.0, "visible": 1, "thickness": 0.0, "ext": null, "height": 4.0000000000000009, "text": "11", "angle": 33.174917728887074, "widthscale": 13.582537148526169, "oblique": 0.0, "style": "style1", "textgen": 1, "alignh": 0, "alignv": 1, "interlin": 1.0 }, "geometry": { "type": "Point", "coordinates": [ -40.358658768583133, -20.42349218950898, 0.0 ] } },
{ "type": "Feature", "properties": { "fid": 9258, "handle": 775642, "block": -1, "etype": 19, "space": 0, "layer": "0", "olinetype": "byblock", "linetype": "", "color": "0,0,0,55", "ocolor": 256, "color24": -1, "transparency": 0, "lweight": -1, "linewidth": 0.0, "ltscale": 1.0, "visible": 1, "thickness": 0.0, "ext": null, "height": 4.0000000000000009, "text": "13", "angle": 33.174917728887074, "widthscale": 13.582537148526169, "oblique": 0.0, "style": "style1", "textgen": 1, "alignh": 0, "alignv": 1, "interlin": 1.0 }, "geometry": { "type": "Point", "coordinates": [ -40.358590632381805, -20.42345627286586, 0.0 ] } },
{ "type": "Feature", "properties": { "fid": 9259, "handle": 775643, "block": -1, "etype": 19, "space": 0, "layer": "0", "olinetype": "byblock", "linetype": "", "color": "0,0,0,55", "ocolor": 256, "color24": -1, "transparency": 0, "lweight": -1, "linewidth": 0.0, "ltscale": 1.0, "visible": 1, "thickness": 0.0, "ext": null, "height": 4.0000000000000009, "text": "15", "angle": 33.174917728887074, "widthscale": 13.582537148526169, "oblique": 0.0, "style": "style1", "textgen": 1, "alignh": 0, "alignv": 1, "interlin": 1.0 }, "geometry": { "type": "Point", "coordinates": [ -40.358511441009647, -20.423404672918132, 0.0 ] } },
{ "type": "Feature", "properties": { "fid": 9260, "handle": 775644, "block": -1, "etype": 19, "space": 0, "layer": "0", "olinetype": "byblock", "linetype": "", "color": "0,0,0,55", "ocolor": 256, "color24": -1, "transparency": 0, "lweight": -1, "linewidth": 0.0, "ltscale": 1.0, "visible": 1, "thickness": 0.0, "ext": null, "height": 4.0000000000000009, "text": "17", "angle": 33.174917728887074, "widthscale": 13.582537148526169, "oblique": 0.0, "style": "style1", "textgen": 1, "alignh": 0, "alignv": 1, "interlin": 1.0 }, "geometry": { "type": "Point", "coordinates": [ -40.358426298263325, -20.423357752929892, 0.0 ] } },
{ "type": "Feature", "properties": { "fid": 9261, "handle": 775645, "block": -1, "etype": 19, "space": 0, "layer": "0", "olinetype": "byblock", "linetype": "", "color": "0,0,0,55", "ocolor": 256, "color24": -1, "transparency": 0, "lweight": -1, "linewidth": 0.0, "ltscale": 1.0, "visible": 1, "thickness": 0.0, "ext": null, "height": 4.0000000000000009, "text": "21", "angle": 33.174917728887074, "widthscale": 13.582537148526169, "oblique": 0.0, "style": "style1", "textgen": 1, "alignh": 0, "alignv": 1, "interlin": 1.0 }, "geometry": { "type": "Point", "coordinates": [ -40.358093130324264, -20.423250970980884, 0.0 ] } },
{ "type": "Feature", "properties": { "fid": 9262, "handle": 775646, "block": -1, "etype": 19, "space": 0, "layer": "0", "olinetype": "byblock", "linetype": "", "color": "0,0,0,55", "ocolor": 256, "color24": -1, "transparency": 0, "lweight": -1, "linewidth": 0.0, "ltscale": 1.0, "visible": 1, "thickness": 0.0, "ext": null, "height": 4.0000000000000009, "text": "22", "angle": 33.174917728887074, "widthscale": 13.582537148526169, "oblique": 0.0, "style": "style1", "textgen": 1, "alignh": 0, "alignv": 1, "interlin": 1.0 }, "geometry": { "type": "Point", "coordinates": [ -40.358149705793181, -20.42317248063604, 0.0 ] } },
{ "type": "Feature", "properties": { "fid": 9263, "handle": 775647, "block": -1, "etype": 19, "space": 0, "layer": "0", "olinetype": "byblock", "linetype": "", "color": "0,0,0,55", "ocolor": 256, "color24": -1, "transparency": 0, "lweight": -1, "linewidth": 0.0, "ltscale": 1.0, "visible": 1, "thickness": 0.0, "ext": null, "height": 4.0000000000000009, "text": "23", "angle": 33.174917728887074, "widthscale": 13.582537148526169, "oblique": 0.0, "style": "style1", "textgen": 1, "alignh": 0, "alignv": 1, "interlin": 1.0 }, "geometry": { "type": "Point", "coordinates": [ -40.358199565473207, -20.423096658032602, 0.0 ] } },
{ "type": "Feature", "properties": { "fid": 9264, "handle": 775648, "block": -1, "etype": 19, "space": 0, "layer": "0", "olinetype": "byblock", "linetype": "", "color": "0,0,0,55", "ocolor": 256, "color24": -1, "transparency": 0, "lweight": -1, "linewidth": 0.0, "ltscale": 1.0, "visible": 1, "thickness": 0.0, "ext": null, "height": 4.0000000000000009, "text": "24", "angle": 33.174917728887074, "widthscale": 13.582537148526169, "oblique": 0.0, "style": "style1", "textgen": 1, "alignh": 0, "alignv": 1, "interlin": 1.0 }, "geometry": { "type": "Point", "coordinates": [ -40.358256572683494, -20.423027444260807, 0.0 ] } },
{ "type": "Feature", "properties": { "fid": 9265, "handle": 775649, "block": -1, "etype": 19, "space": 0, "layer": "0", "olinetype": "byblock", "linetype": "", "color": "0,0,0,55", "ocolor": 256, "color24": -1, "transparency": 0, "lweight": -1, "linewidth": 0.0, "ltscale": 1.0, "visible": 1, "thickness": 0.0, "ext": null, "height": 4.0000000000000009, "text": "25", "angle": 33.174917728887074, "widthscale": 13.582537148526169, "oblique": 0.0, "style": "style1", "textgen": 1, "alignh": 0, "alignv": 1, "interlin": 1.0 }, "geometry": { "type": "Point", "coordinates": [ -40.358304758691922, -20.422949479095273, 0.0 ] } },
{ "type": "Feature", "properties": { "fid": 9266, "handle": 775650, "block": -1, "etype": 19, "space": 0, "layer": "0", "olinetype": "byblock", "linetype": "", "color": "0,0,0,55", "ocolor": 256, "color24": -1, "transparency": 0, "lweight": -1, "linewidth": 0.0, "ltscale": 1.0, "visible": 1, "thickness": 0.0, "ext": null, "height": 4.0000000000000009, "text": "26", "angle": 33.174917728887074, "widthscale": 13.582537148526169, "oblique": 0.0, "style": "style1", "textgen": 1, "alignh": 0, "alignv": 1, "interlin": 1.0 }, "geometry": { "type": "Point", "coordinates": [ -40.35835530362997, -20.422867479368609, 0.0 ] } },
{ "type": "Feature", "properties": { "fid": 9267, "handle": 775651, "block": -1, "etype": 19, "space": 0, "layer": "0", "olinetype": "byblock", "linetype": "", "color": "0,0,0,55", "ocolor": 256, "color24": -1, "transparency": 0, "lweight": -1, "linewidth": 0.0, "ltscale": 1.0, "visible": 1, "thickness": 0.0, "ext": null, "height": 4.0000000000000009, "text": "16", "angle": 33.174917728887074, "widthscale": 13.582537148526169, "oblique": 0.0, "style": "style1", "textgen": 1, "alignh": 0, "alignv": 1, "interlin": 1.0 }, "geometry": { "type": "Point", "coordinates": [ -40.358678774378411, -20.423168463098779, 0.0 ] } },
{ "type": "Feature", "properties": { "fid": 9268, "handle": 775779, "block": -1, "etype": 19, "space": 0, "layer": "0", "olinetype": "byblock", "linetype": "", "color": "0,0,0,55", "ocolor": 256, "color24": -1, "transparency": 0, "lweight": -1, "linewidth": 0.0, "ltscale": 1.0, "visible": 1, "thickness": 0.0, "ext": null, "height": 4.0000000000000009, "text": "1", "angle": 33.174917728887074, "widthscale": 13.582537148526169, "oblique": 0.0, "style": "style1", "textgen": 1, "alignh": 0, "alignv": 1, "interlin": 1.0 }, "geometry": { "type": "Point", "coordinates": [ -40.358545462324919, -20.424313849887866, 0.0 ] } },
{ "type": "Feature", "properties": { "fid": 9269, "handle": 775780, "block": -1, "etype": 19, "space": 0, "layer": "0", "olinetype": "byblock", "linetype": "", "color": "0,0,0,55", "ocolor": 256, "color24": -1, "transparency": 0, "lweight": -1, "linewidth": 0.0, "ltscale": 1.0, "visible": 1, "thickness": 0.0, "ext": null, "height": 4.0000000000000009, "text": "2", "angle": 33.174917728887074, "widthscale": 13.582537148526169, "oblique": 0.0, "style": "style1", "textgen": 1, "alignh": 0, "alignv": 1, "interlin": 1.0 }, "geometry": { "type": "Point", "coordinates": [ -40.358604529003252, -20.424231739153811, 0.0 ] } },
{ "type": "Feature", "properties": { "fid": 9270, "handle": 775781, "block": -1, "etype": 19, "space": 0, "layer": "0", "olinetype": "byblock", "linetype": "", "color": "0,0,0,55", "ocolor": 256, "color24": -1, "transparency": 0, "lweight": -1, "linewidth": 0.0, "ltscale": 1.0, "visible": 1, "thickness": 0.0, "ext": null, "height": 4.0000000000000009, "text": "3", "angle": 33.174917728887074, "widthscale": 13.582537148526169, "oblique": 0.0, "style": "style1", "textgen": 1, "alignh": 0, "alignv": 1, "interlin": 1.0 }, "geometry": { "type": "Point", "coordinates": [ -40.358661400809623, -20.424157632364157, 0.0 ] } },
{ "type": "Feature", "properties": { "fid": 9271, "handle": 775782, "block": -1, "etype": 19, "space": 0, "layer": "0", "olinetype": "byblock", "linetype": "", "color": "0,0,0,55", "ocolor": 256, "color24": -1, "transparency": 0, "lweight": -1, "linewidth": 0.0, "ltscale": 1.0, "visible": 1, "thickness": 0.0, "ext": null, "height": 4.0000000000000009, "text": "4", "angle": 33.174917728887074, "widthscale": 13.582537148526169, "oblique": 0.0, "style": "style1", "textgen": 1, "alignh": 0, "alignv": 1, "interlin": 1.0 }, "geometry": { "type": "Point", "coordinates": [ -40.358713318314884, -20.424087877883355, 0.0 ] } },
{ "type": "Feature", "properties": { "fid": 9272, "handle": 775783, "block": -1, "etype": 19, "space": 0, "layer": "0", "olinetype": "byblock", "linetype": "", "color": "0,0,0,55", "ocolor": 256, "color24": -1, "transparency": 0, "lweight": -1, "linewidth": 0.0, "ltscale": 1.0, "visible": 1, "thickness": 0.0, "ext": null, "height": 4.0000000000000009, "text": "5", "angle": 33.174917728887074, "widthscale": 13.582537148526169, "oblique": 0.0, "style": "style1", "textgen": 1, "alignh": 0, "alignv": 1, "interlin": 1.0 }, "geometry": { "type": "Point", "coordinates": [ -40.358767839754158, -20.424008643052449, 0.0 ] } },
{ "type": "Feature", "properties": { "fid": 9273, "handle": 775784, "block": -1, "etype": 19, "space": 0, "layer": "0", "olinetype": "byblock", "linetype": "", "color": "0,0,0,55", "ocolor": 256, "color24": -1, "transparency": 0, "lweight": -1, "linewidth": 0.0, "ltscale": 1.0, "visible": 1, "thickness": 0.0, "ext": null, "height": 4.0000000000000009, "text": "6", "angle": 33.174917728887074, "widthscale": 13.582537148526169, "oblique": 0.0, "style": "style1", "textgen": 1, "alignh": 0, "alignv": 1, "interlin": 1.0 }, "geometry": { "type": "Point", "coordinates": [ -40.358814648104556, -20.423932073588514, 0.0 ] } },
{ "type": "Feature", "properties": { "fid": 9274, "handle": 775785, "block": -1, "etype": 19, "space": 0, "layer": "0", "olinetype": "byblock", "linetype": "", "color": "0,0,0,55", "ocolor": 256, "color24": -1, "transparency": 0, "lweight": -1, "linewidth": 0.0, "ltscale": 1.0, "visible": 1, "thickness": 0.0, "ext": null, "height": 4.0000000000000009, "text": "8", "angle": 33.174917728887074, "widthscale": 13.582537148526169, "oblique": 0.0, "style": "style1", "textgen": 1, "alignh": 0, "alignv": 1, "interlin": 1.0 }, "geometry": { "type": "Point", "coordinates": [ -40.358611374622335, -20.42390237877061, 0.0 ] } },
{ "type": "Feature", "properties": { "fid": 9275, "handle": 775786, "block": -1, "etype": 19, "space": 0, "layer": "0", "olinetype": "byblock", "linetype": "", "color": "0,0,0,55", "ocolor": 256, "color24": -1, "transparency": 0, "lweight": -1, "linewidth": 0.0, "ltscale": 1.0, "visible": 1, "thickness": 0.0, "ext": null, "height": 4.0000000000000009, "text": "10", "angle": 33.174917728887074, "widthscale": 13.582537148526169, "oblique": 0.0, "style": "style1", "textgen": 1, "alignh": 0, "alignv": 1, "interlin": 1.0 }, "geometry": { "type": "Point", "coordinates": [ -40.358539010036331, -20.423860700943703, 0.0 ] } },
{ "type": "Feature", "properties": { "fid": 9276, "handle": 775787, "block": -1, "etype": 19, "space": 0, "layer": "0", "olinetype": "byblock", "linetype": "", "color": "0,0,0,55", "ocolor": 256, "color24": -1, "transparency": 0, "lweight": -1, "linewidth": 0.0, "ltscale": 1.0, "visible": 1, "thickness": 0.0, "ext": null, "height": 4.0000000000000009, "text": "12", "angle": 33.174917728887074, "widthscale": 13.582537148526169, "oblique": 0.0, "style": "style1", "textgen": 1, "alignh": 0, "alignv": 1, "interlin": 1.0 }, "geometry": { "type": "Point", "coordinates": [ -40.358462693481982, -20.423808891214499, 0.0 ] } },
{ "type": "Feature", "properties": { "fid": 9277, "handle": 775788, "block": -1, "etype": 19, "space": 0, "layer": "0", "olinetype": "byblock", "linetype": "", "color": "0,0,0,55", "ocolor": 256, "color24": -1, "transparency": 0, "lweight": -1, "linewidth": 0.0, "ltscale": 1.0, "visible": 1, "thickness": 0.0, "ext": null, "height": 4.0000000000000009, "text": "14", "angle": 33.174917728887074, "widthscale": 13.582537148526169, "oblique": 0.0, "style": "style1", "textgen": 1, "alignh": 0, "alignv": 1, "interlin": 1.0 }, "geometry": { "type": "Point", "coordinates": [ -40.358384562547371, -20.423763687170446, 0.0 ] } },
{ "type": "Feature", "properties": { "fid": 9278, "handle": 775789, "block": -1, "etype": 19, "space": 0, "layer": "0", "olinetype": "byblock", "linetype": "", "color": "0,0,0,55", "ocolor": 256, "color24": -1, "transparency": 0, "lweight": -1, "linewidth": 0.0, "ltscale": 1.0, "visible": 1, "thickness": 0.0, "ext": null, "height": 4.0000000000000009, "text": "18", "angle": 33.174917728887074, "widthscale": 13.582537148526169, "oblique": 0.0, "style": "style1", "textgen": 1, "alignh": 0, "alignv": 1, "interlin": 1.0 }, "geometry": { "type": "Point", "coordinates": [ -40.358214169120039, -20.423662066001373, 0.0 ] } },
{ "type": "Feature", "properties": { "fid": 9279, "handle": 775790, "block": -1, "etype": 19, "space": 0, "layer": "0", "olinetype": "byblock", "linetype": "", "color": "0,0,0,55", "ocolor": 256, "color24": -1, "transparency": 0, "lweight": -1, "linewidth": 0.0, "ltscale": 1.0, "visible": 1, "thickness": 0.0, "ext": null, "height": 4.0000000000000009, "text": "20", "angle": 33.174917728887074, "widthscale": 13.582537148526169, "oblique": 0.0, "style": "style1", "textgen": 1, "alignh": 0, "alignv": 1, "interlin": 1.0 }, "geometry": { "type": "Point", "coordinates": [ -40.358122583446224, -20.423608634359059, 0.0 ] } },
{ "type": "Feature", "properties": { "fid": 9280, "handle": 775791, "block": -1, "etype": 19, "space": 0, "layer": "0", "olinetype": "byblock", "linetype": "", "color": "0,0,0,55", "ocolor": 256, "color24": -1, "transparency": 0, "lweight": -1, "linewidth": 0.0, "ltscale": 1.0, "visible": 1, "thickness": 0.0, "ext": null, "height": 4.0000000000000009, "text": "19", "angle": 33.174917728887074, "widthscale": 13.582537148526169, "oblique": 0.0, "style": "style1", "textgen": 1, "alignh": 0, "alignv": 1, "interlin": 1.0 }, "geometry": { "type": "Point", "coordinates": [ -40.357949805393488, -20.423839883514685, 0.0 ] } },
{ "type": "Feature", "properties": { "fid": 9281, "handle": 775792, "block": -1, "etype": 19, "space": 0, "layer": "0", "olinetype": "byblock", "linetype": "", "color": "0,0,0,55", "ocolor": 256, "color24": -1, "transparency": 0, "lweight": -1, "linewidth": 0.0, "ltscale": 1.0, "visible": 1, "thickness": 0.0, "ext": null, "height": 4.0000000000000009, "text": "7", "angle": 33.174917728887074, "widthscale": 13.582537148526169, "oblique": 0.0, "style": "style1", "textgen": 1, "alignh": 0, "alignv": 1, "interlin": 1.0 }, "geometry": { "type": "Point", "coordinates": [ -40.358448207690124, -20.424139505121357, 0.0 ] } },
{ "type": "Feature", "properties": { "fid": 9282, "handle": 775793, "block": -1, "etype": 19, "space": 0, "layer": "0", "olinetype": "byblock", "linetype": "", "color": "0,0,0,55", "ocolor": 256, "color24": -1, "transparency": 0, "lweight": -1, "linewidth": 0.0, "ltscale": 1.0, "visible": 1, "thickness": 0.0, "ext": null, "height": 4.0000000000000009, "text": "9", "angle": 33.174917728887074, "widthscale": 13.582537148526169, "oblique": 0.0, "style": "style1", "textgen": 1, "alignh": 0, "alignv": 1, "interlin": 1.0 }, "geometry": { "type": "Point", "coordinates": [ -40.35836487908319, -20.424085979471361, 0.0 ] } },
{ "type": "Feature", "properties": { "fid": 9283, "handle": 775794, "block": -1, "etype": 19, "space": 0, "layer": "0", "olinetype": "byblock", "linetype": "", "color": "0,0,0,55", "ocolor": 256, "color24": -1, "transparency": 0, "lweight": -1, "linewidth": 0.0, "ltscale": 1.0, "visible": 1, "thickness": 0.0, "ext": null, "height": 4.0000000000000009, "text": "11", "angle": 33.174917728887074, "widthscale": 13.582537148526169, "oblique": 0.0, "style": "style1", "textgen": 1, "alignh": 0, "alignv": 1, "interlin": 1.0 }, "geometry": { "type": "Point", "coordinates": [ -40.358282903749, -20.424038424678155, 0.0 ] } },
{ "type": "Feature", "properties": { "fid": 9284, "handle": 775795, "block": -1, "etype": 19, "space": 0, "layer": "0", "olinetype": "byblock", "linetype": "", "color": "0,0,0,55", "ocolor": 256, "color24": -1, "transparency": 0, "lweight": -1, "linewidth": 0.0, "ltscale": 1.0, "visible": 1, "thickness": 0.0, "ext": null, "height": 4.0000000000000009, "text": "13", "angle": 33.174917728887074, "widthscale": 13.582537148526169, "oblique": 0.0, "style": "style1", "textgen": 1, "alignh": 0, "alignv": 1, "interlin": 1.0 }, "geometry": { "type": "Point", "coordinates": [ -40.358213814334412, -20.424003892925537, 0.0 ] } },
{ "type": "Feature", "properties": { "fid": 9285, "handle": 775796, "block": -1, "etype": 19, "space": 0, "layer": "0", "olinetype": "byblock", "linetype": "", "color": "0,0,0,55", "ocolor": 256, "color24": -1, "transparency": 0, "lweight": -1, "linewidth": 0.0, "ltscale": 1.0, "visible": 1, "thickness": 0.0, "ext": null, "height": 4.0000000000000009, "text": "15", "angle": 33.174917728887074, "widthscale": 13.582537148526169, "oblique": 0.0, "style": "style1", "textgen": 1, "alignh": 0, "alignv": 1, "interlin": 1.0 }, "geometry": { "type": "Point", "coordinates": [ -40.358135575828044, -20.423950907791919, 0.0 ] } },
{ "type": "Feature", "properties": { "fid": 9286, "handle": 775797, "block": -1, "etype": 19, "space": 0, "layer": "0", "olinetype": "byblock", "linetype": "", "color": "0,0,0,55", "ocolor": 256, "color24": -1, "transparency": 0, "lweight": -1, "linewidth": 0.0, "ltscale": 1.0, "visible": 1, "thickness": 0.0, "ext": null, "height": 4.0000000000000009, "text": "17", "angle": 33.174917728887074, "widthscale": 13.582537148526169, "oblique": 0.0, "style": "style1", "textgen": 1, "alignh": 0, "alignv": 1, "interlin": 1.0 }, "geometry": { "type": "Point", "coordinates": [ -40.358050432872844, -20.423903987633253, 0.0 ] } },
{ "type": "Feature", "properties": { "fid": 9287, "handle": 775798, "block": -1, "etype": 19, "space": 0, "layer": "0", "olinetype": "byblock", "linetype": "", "color": "0,0,0,55", "ocolor": 256, "color24": -1, "transparency": 0, "lweight": -1, "linewidth": 0.0, "ltscale": 1.0, "visible": 1, "thickness": 0.0, "ext": null, "height": 4.0000000000000009, "text": "21", "angle": 33.174917728887074, "widthscale": 13.582537148526169, "oblique": 0.0, "style": "style1", "textgen": 1, "alignh": 0, "alignv": 1, "interlin": 1.0 }, "geometry": { "type": "Point", "coordinates": [ -40.357717263947102, -20.423797205023259, 0.0 ] } },
{ "type": "Feature", "properties": { "fid": 9288, "handle": 775799, "block": -1, "etype": 19, "space": 0, "layer": "0", "olinetype": "byblock", "linetype": "", "color": "0,0,0,55", "ocolor": 256, "color24": -1, "transparency": 0, "lweight": -1, "linewidth": 0.0, "ltscale": 1.0, "visible": 1, "thickness": 0.0, "ext": null, "height": 4.0000000000000009, "text": "22", "angle": 33.174917728887074, "widthscale": 13.582537148526169, "oblique": 0.0, "style": "style1", "textgen": 1, "alignh": 0, "alignv": 1, "interlin": 1.0 }, "geometry": { "type": "Point", "coordinates": [ -40.357773839796607, -20.423718714783256, 0.0 ] } },
{ "type": "Feature", "properties": { "fid": 9289, "handle": 775800, "block": -1, "etype": 19, "space": 0, "layer": "0", "olinetype": "byblock", "linetype": "", "color": "0,0,0,55", "ocolor": 256, "color24": -1, "transparency": 0, "lweight": -1, "linewidth": 0.0, "ltscale": 1.0, "visible": 1, "thickness": 0.0, "ext": null, "height": 4.0000000000000009, "text": "23", "angle": 33.174917728887074, "widthscale": 13.582537148526169, "oblique": 0.0, "style": "style1", "textgen": 1, "alignh": 0, "alignv": 1, "interlin": 1.0 }, "geometry": { "type": "Point", "coordinates": [ -40.357823699826703, -20.423642892271737, 0.0 ] } },
{ "type": "Feature", "properties": { "fid": 9290, "handle": 775801, "block": -1, "etype": 19, "space": 0, "layer": "0", "olinetype": "byblock", "linetype": "", "color": "0,0,0,55", "ocolor": 256, "color24": -1, "transparency": 0, "lweight": -1, "linewidth": 0.0, "ltscale": 1.0, "visible": 1, "thickness": 0.0, "ext": null, "height": 4.0000000000000009, "text": "24", "angle": 33.174917728887074, "widthscale": 13.582537148526169, "oblique": 0.0, "style": "style1", "textgen": 1, "alignh": 0, "alignv": 1, "interlin": 1.0 }, "geometry": { "type": "Point", "coordinates": [ -40.357880707398728, -20.423573678606353, 0.0 ] } },
{ "type": "Feature", "properties": { "fid": 9291, "handle": 775802, "block": -1, "etype": 19, "space": 0, "layer": "0", "olinetype": "byblock", "linetype": "", "color": "0,0,0,55", "ocolor": 256, "color24": -1, "transparency": 0, "lweight": -1, "linewidth": 0.0, "ltscale": 1.0, "visible": 1, "thickness": 0.0, "ext": null, "height": 4.0000000000000009, "text": "25", "angle": 33.174917728887074, "widthscale": 13.582537148526169, "oblique": 0.0, "style": "style1", "textgen": 1, "alignh": 0, "alignv": 1, "interlin": 1.0 }, "geometry": { "type": "Point", "coordinates": [ -40.357928893755812, -20.423495713529274, 0.0 ] } },
{ "type": "Feature", "properties": { "fid": 9292, "handle": 775803, "block": -1, "etype": 19, "space": 0, "layer": "0", "olinetype": "byblock", "linetype": "", "color": "0,0,0,55", "ocolor": 256, "color24": -1, "transparency": 0, "lweight": -1, "linewidth": 0.0, "ltscale": 1.0, "visible": 1, "thickness": 0.0, "ext": null, "height": 4.0000000000000009, "text": "26", "angle": 33.174917728887074, "widthscale": 13.582537148526169, "oblique": 0.0, "style": "style1", "textgen": 1, "alignh": 0, "alignv": 1, "interlin": 1.0 }, "geometry": { "type": "Point", "coordinates": [ -40.35797943906006, -20.423413713895386, 0.0 ] } },
{ "type": "Feature", "properties": { "fid": 9293, "handle": 775804, "block": -1, "etype": 19, "space": 0, "layer": "0", "olinetype": "byblock", "linetype": "", "color": "0,0,0,55", "ocolor": 256, "color24": -1, "transparency": 0, "lweight": -1, "linewidth": 0.0, "ltscale": 1.0, "visible": 1, "thickness": 0.0, "ext": null, "height": 4.0000000000000009, "text": "16", "angle": 33.174917728887074, "widthscale": 13.582537148526169, "oblique": 0.0, "style": "style1", "textgen": 1, "alignh": 0, "alignv": 1, "interlin": 1.0 }, "geometry": { "type": "Point", "coordinates": [ -40.358302910331453, -20.423714698282389, 0.0 ] } },
{ "type": "Feature", "properties": { "fid": 9294, "handle": 775940, "block": -1, "etype": 19, "space": 0, "layer": "0", "olinetype": "byblock", "linetype": "", "color": "0,0,0,55", "ocolor": 256, "color24": -1, "transparency": 0, "lweight": -1, "linewidth": 0.0, "ltscale": 1.0, "visible": 1, "thickness": 0.0, "ext": null, "height": 4.0000000000000009, "text": "1", "angle": 33.174917728887074, "widthscale": 13.582537148526169, "oblique": 0.0, "style": "style1", "textgen": 1, "alignh": 0, "alignv": 1, "interlin": 1.0 }, "geometry": { "type": "Point", "coordinates": [ -40.358160156222681, -20.42487380201236, 0.0 ] } },
{ "type": "Feature", "properties": { "fid": 9295, "handle": 775941, "block": -1, "etype": 19, "space": 0, "layer": "0", "olinetype": "byblock", "linetype": "", "color": "0,0,0,55", "ocolor": 256, "color24": -1, "transparency": 0, "lweight": -1, "linewidth": 0.0, "ltscale": 1.0, "visible": 1, "thickness": 0.0, "ext": null, "height": 4.0000000000000009, "text": "2", "angle": 33.174917728887074, "widthscale": 13.582537148526169, "oblique": 0.0, "style": "style1", "textgen": 1, "alignh": 0, "alignv": 1, "interlin": 1.0 }, "geometry": { "type": "Point", "coordinates": [ -40.358219223308744, -20.424791691390503, 0.0 ] } },
{ "type": "Feature", "properties": { "fid": 9296, "handle": 775942, "block": -1, "etype": 19, "space": 0, "layer": "0", "olinetype": "byblock", "linetype": "", "color": "0,0,0,55", "ocolor": 256, "color24": -1, "transparency": 0, "lweight": -1, "linewidth": 0.0, "ltscale": 1.0, "visible": 1, "thickness": 0.0, "ext": null, "height": 4.0000000000000009, "text": "3", "angle": 33.174917728887074, "widthscale": 13.582537148526169, "oblique": 0.0, "style": "style1", "textgen": 1, "alignh": 0, "alignv": 1, "interlin": 1.0 }, "geometry": { "type": "Point", "coordinates": [ -40.358276095496507, -20.424717584709249, 0.0 ] } },
{ "type": "Feature", "properties": { "fid": 9297, "handle": 775943, "block": -1, "etype": 19, "space": 0, "layer": "0", "olinetype": "byblock", "linetype": "", "color": "0,0,0,55", "ocolor": 256, "color24": -1, "transparency": 0, "lweight": -1, "linewidth": 0.0, "ltscale": 1.0, "visible": 1, "thickness": 0.0, "ext": null, "height": 4.0000000000000009, "text": "4", "angle": 33.174917728887074, "widthscale": 13.582537148526169, "oblique": 0.0, "style": "style1", "textgen": 1, "alignh": 0, "alignv": 1, "interlin": 1.0 }, "geometry": { "type": "Point", "coordinates": [ -40.358328013354658, -20.424647830327284, 0.0 ] } },
{ "type": "Feature", "properties": { "fid": 9298, "handle": 775944, "block": -1, "etype": 19, "space": 0, "layer": "0", "olinetype": "byblock", "linetype": "", "color": "0,0,0,55", "ocolor": 256, "color24": -1, "transparency": 0, "lweight": -1, "linewidth": 0.0, "ltscale": 1.0, "visible": 1, "thickness": 0.0, "ext": null, "height": 4.0000000000000009, "text": "5", "angle": 33.174917728887074, "widthscale": 13.582537148526169, "oblique": 0.0, "style": "style1", "textgen": 1, "alignh": 0, "alignv": 1, "interlin": 1.0 }, "geometry": { "type": "Point", "coordinates": [ -40.358382535178052, -20.424568595599705, 0.0 ] } },
{ "type": "Feature", "properties": { "fid": 9299, "handle": 775945, "block": -1, "etype": 19, "space": 0, "layer": "0", "olinetype": "byblock", "linetype": "", "color": "0,0,0,55", "ocolor": 256, "color24": -1, "transparency": 0, "lweight": -1, "linewidth": 0.0, "ltscale": 1.0, "visible": 1, "thickness": 0.0, "ext": null, "height": 4.0000000000000009, "text": "6", "angle": 33.174917728887074, "widthscale": 13.582537148526169, "oblique": 0.0, "style": "style1", "textgen": 1, "alignh": 0, "alignv": 1, "interlin": 1.0 }, "geometry": { "type": "Point", "coordinates": [ -40.358429343877575, -20.424492026223774, 0.0 ] } },
{ "type": "Feature", "properties": { "fid": 9300, "handle": 775946, "block": -1, "etype": 19, "space": 0, "layer": "0", "olinetype": "byblock", "linetype": "", "color": "0,0,0,55", "ocolor": 256, "color24": -1, "transparency": 0, "lweight": -1, "linewidth": 0.0, "ltscale": 1.0, "visible": 1, "thickness": 0.0, "ext": null, "height": 4.0000000000000009, "text": "8", "angle": 33.174917728887074, "widthscale": 13.582537148526169, "oblique": 0.0, "style": "style1", "textgen": 1, "alignh": 0, "alignv": 1, "interlin": 1.0 }, "geometry": { "type": "Point", "coordinates": [ -40.358226143069281, -20.424466024487536, 0.0 ] } },
{ "type": "Feature", "properties": { "fid": 9301, "handle": 775947, "block": -1, "etype": 19, "space": 0, "layer": "0", "olinetype": "byblock", "linetype": "", "color": "0,0,0,55", "ocolor": 256, "color24": -1, "transparency": 0, "lweight": -1, "linewidth": 0.0, "ltscale": 1.0, "visible": 1, "thickness": 0.0, "ext": null, "height": 4.0000000000000009, "text": "10", "angle": 33.174917728887074, "widthscale": 13.582537148526169, "oblique": 0.0, "style": "style1", "textgen": 1, "alignh": 0, "alignv": 1, "interlin": 1.0 }, "geometry": { "type": "Point", "coordinates": [ -40.35815377830356, -20.424424346512183, 0.0 ] } },
{ "type": "Feature", "properties": { "fid": 9302, "handle": 775948, "block": -1, "etype": 19, "space": 0, "layer": "0", "olinetype": "byblock", "linetype": "", "color": "0,0,0,55", "ocolor": 256, "color24": -1, "transparency": 0, "lweight": -1, "linewidth": 0.0, "ltscale": 1.0, "visible": 1, "thickness": 0.0, "ext": null, "height": 4.0000000000000009, "text": "12", "angle": 33.174917728887074, "widthscale": 13.582537148526169, "oblique": 0.0, "style": "style1", "textgen": 1, "alignh": 0, "alignv": 1, "interlin": 1.0 }, "geometry": { "type": "Point", "coordinates": [ -40.358077461577409, -20.424372536625764, 0.0 ] } },
{ "type": "Feature", "properties": { "fid": 9303, "handle": 775949, "block": -1, "etype": 19, "space": 0, "layer": "0", "olinetype": "byblock", "linetype": "", "color": "0,0,0,55", "ocolor": 256, "color24": -1, "transparency": 0, "lweight": -1, "linewidth": 0.0, "ltscale": 1.0, "visible": 1, "thickness": 0.0, "ext": null, "height": 4.0000000000000009, "text": "14", "angle": 33.174917728887074, "widthscale": 13.582537148526169, "oblique": 0.0, "style": "style1", "textgen": 1, "alignh": 0, "alignv": 1, "interlin": 1.0 }, "geometry": { "type": "Point", "coordinates": [ -40.357999330449211, -20.424327332421417, 0.0 ] } },
{ "type": "Feature", "properties": { "fid": 9304, "handle": 775950, "block": -1, "etype": 19, "space": 0, "layer": "0", "olinetype": "byblock", "linetype": "", "color": "0,0,0,55", "ocolor": 256, "color24": -1, "transparency": 0, "lweight": -1, "linewidth": 0.0, "ltscale": 1.0, "visible": 1, "thickness": 0.0, "ext": null, "height": 4.0000000000000009, "text": "18", "angle": 33.174917728887074, "widthscale": 13.582537148526169, "oblique": 0.0, "style": "style1", "textgen": 1, "alignh": 0, "alignv": 1, "interlin": 1.0 }, "geometry": { "type": "Point", "coordinates": [ -40.357828936606538, -20.424225710902427, 0.0 ] } },
{ "type": "Feature", "properties": { "fid": 9305, "handle": 775951, "block": -1, "etype": 19, "space": 0, "layer": "0", "olinetype": "byblock", "linetype": "", "color": "0,0,0,55", "ocolor": 256, "color24": -1, "transparency": 0, "lweight": -1, "linewidth": 0.0, "ltscale": 1.0, "visible": 1, "thickness": 0.0, "ext": null, "height": 4.0000000000000009, "text": "20", "angle": 33.174917728887074, "widthscale": 13.582537148526169, "oblique": 0.0, "style": "style1", "textgen": 1, "alignh": 0, "alignv": 1, "interlin": 1.0 }, "geometry": { "type": "Point", "coordinates": [ -40.357737350706827, -20.424172279072096, 0.0 ] } },
{ "type": "Feature", "properties": { "fid": 9306, "handle": 775952, "block": -1, "etype": 19, "space": 0, "layer": "0", "olinetype": "byblock", "linetype": "", "color": "0,0,0,55", "ocolor": 256, "color24": -1, "transparency": 0, "lweight": -1, "linewidth": 0.0, "ltscale": 1.0, "visible": 1, "thickness": 0.0, "ext": null, "height": 4.0000000000000009, "text": "19", "angle": 33.174917728887074, "widthscale": 13.582537148526169, "oblique": 0.0, "style": "style1", "textgen": 1, "alignh": 0, "alignv": 1, "interlin": 1.0 }, "geometry": { "type": "Point", "coordinates": [ -40.357564571477994, -20.424403527899031, 0.0 ] } },
{ "type": "Feature", "properties": { "fid": 9307, "handle": 775953, "block": -1, "etype": 19, "space": 0, "layer": "0", "olinetype": "byblock", "linetype": "", "color": "0,0,0,55", "ocolor": 256, "color24": -1, "transparency": 0, "lweight": -1, "linewidth": 0.0, "ltscale": 1.0, "visible": 1, "thickness": 0.0, "ext": null, "height": 4.0000000000000009, "text": "7", "angle": 33.174917728887074, "widthscale": 13.582537148526169, "oblique": 0.0, "style": "style1", "textgen": 1, "alignh": 0, "alignv": 1, "interlin": 1.0 }, "geometry": { "type": "Point", "coordinates": [ -40.35806297498408, -20.424703150529322, 0.0 ] } },
{ "type": "Feature", "properties": { "fid": 9308, "handle": 775954, "block": -1, "etype": 19, "space": 0, "layer": "0", "olinetype": "byblock", "linetype": "", "color": "0,0,0,55", "ocolor": 256, "color24": -1, "transparency": 0, "lweight": -1, "linewidth": 0.0, "ltscale": 1.0, "visible": 1, "thickness": 0.0, "ext": null, "height": 4.0000000000000009, "text": "9", "angle": 33.174917728887074, "widthscale": 13.582537148526169, "oblique": 0.0, "style": "style1", "textgen": 1, "alignh": 0, "alignv": 1, "interlin": 1.0 }, "geometry": { "type": "Point", "coordinates": [ -40.357979646182685, -20.424649624707964, 0.0 ] } },
{ "type": "Feature", "properties": { "fid": 9309, "handle": 775955, "block": -1, "etype": 19, "space": 0, "layer": "0", "olinetype": "byblock", "linetype": "", "color": "0,0,0,55", "ocolor": 256, "color24": -1, "transparency": 0, "lweight": -1, "linewidth": 0.0, "ltscale": 1.0, "visible": 1, "thickness": 0.0, "ext": null, "height": 4.0000000000000009, "text": "11", "angle": 33.174917728887074, "widthscale": 13.582537148526169, "oblique": 0.0, "style": "style1", "textgen": 1, "alignh": 0, "alignv": 1, "interlin": 1.0 }, "geometry": { "type": "Point", "coordinates": [ -40.35789767064567, -20.424602069746534, 0.0 ] } },
{ "type": "Feature", "properties": { "fid": 9310, "handle": 775956, "block": -1, "etype": 19, "space": 0, "layer": "0", "olinetype": "byblock", "linetype": "", "color": "0,0,0,55", "ocolor": 256, "color24": -1, "transparency": 0, "lweight": -1, "linewidth": 0.0, "ltscale": 1.0, "visible": 1, "thickness": 0.0, "ext": null, "height": 4.0000000000000009, "text": "13", "angle": 33.174917728887074, "widthscale": 13.582537148526169, "oblique": 0.0, "style": "style1", "textgen": 1, "alignh": 0, "alignv": 1, "interlin": 1.0 }, "geometry": { "type": "Point", "coordinates": [ -40.357828581047592, -20.424567537852528, 0.0 ] } },
{ "type": "Feature", "properties": { "fid": 9311, "handle": 775957, "block": -1, "etype": 19, "space": 0, "layer": "0", "olinetype": "byblock", "linetype": "", "color": "0,0,0,55", "ocolor": 256, "color24": -1, "transparency": 0, "lweight": -1, "linewidth": 0.0, "ltscale": 1.0, "visible": 1, "thickness": 0.0, "ext": null, "height": 4.0000000000000009, "text": "15", "angle": 33.174917728887074, "widthscale": 13.582537148526169, "oblique": 0.0, "style": "style1", "textgen": 1, "alignh": 0, "alignv": 1, "interlin": 1.0 }, "geometry": { "type": "Point", "coordinates": [ -40.35775034236481, -20.42451455255777, 0.0 ] } },
{ "type": "Feature", "properties": { "fid": 9312, "handle": 775958, "block": -1, "etype": 19, "space": 0, "layer": "0", "olinetype": "byblock", "linetype": "", "color": "0,0,0,55", "ocolor": 256, "color24": -1, "transparency": 0, "lweight": -1, "linewidth": 0.0, "ltscale": 1.0, "visible": 1, "thickness": 0.0, "ext": null, "height": 4.0000000000000009, "text": "17", "angle": 33.174917728887074, "widthscale": 13.582537148526169, "oblique": 0.0, "style": "style1", "textgen": 1, "alignh": 0, "alignv": 1, "interlin": 1.0 }, "geometry": { "type": "Point", "coordinates": [ -40.357665199193377, -20.424467632224591, 0.0 ] } },
{ "type": "Feature", "properties": { "fid": 9313, "handle": 775959, "block": -1, "etype": 19, "space": 0, "layer": "0", "olinetype": "byblock", "linetype": "", "color": "0,0,0,55", "ocolor": 256, "color24": -1, "transparency": 0, "lweight": -1, "linewidth": 0.0, "ltscale": 1.0, "visible": 1, "thickness": 0.0, "ext": null, "height": 4.0000000000000009, "text": "21", "angle": 33.174917728887074, "widthscale": 13.582537148526169, "oblique": 0.0, "style": "style1", "textgen": 1, "alignh": 0, "alignv": 1, "interlin": 1.0 }, "geometry": { "type": "Point", "coordinates": [ -40.357332029247992, -20.424360848937589, 0.0 ] } },
{ "type": "Feature", "properties": { "fid": 9314, "handle": 775960, "block": -1, "etype": 19, "space": 0, "layer": "0", "olinetype": "byblock", "linetype": "", "color": "0,0,0,55", "ocolor": 256, "color24": -1, "transparency": 0, "lweight": -1, "linewidth": 0.0, "ltscale": 1.0, "visible": 1, "thickness": 0.0, "ext": null, "height": 4.0000000000000009, "text": "22", "angle": 33.174917728887074, "widthscale": 13.582537148526169, "oblique": 0.0, "style": "style1", "textgen": 1, "alignh": 0, "alignv": 1, "interlin": 1.0 }, "geometry": { "type": "Point", "coordinates": [ -40.357388605488858, -20.424282358805026, 0.0 ] } },
{ "type": "Feature", "properties": { "fid": 9315, "handle": 775961, "block": -1, "etype": 19, "space": 0, "layer": "0", "olinetype": "byblock", "linetype": "", "color": "0,0,0,55", "ocolor": 256, "color24": -1, "transparency": 0, "lweight": -1, "linewidth": 0.0, "ltscale": 1.0, "visible": 1, "thickness": 0.0, "ext": null, "height": 4.0000000000000009, "text": "23", "angle": 33.174917728887074, "widthscale": 13.582537148526169, "oblique": 0.0, "style": "style1", "textgen": 1, "alignh": 0, "alignv": 1, "interlin": 1.0 }, "geometry": { "type": "Point", "coordinates": [ -40.357438465878893, -20.424206536387661, 0.0 ] } },
{ "type": "Feature", "properties": { "fid": 9316, "handle": 775962, "block": -1, "etype": 19, "space": 0, "layer": "0", "olinetype": "byblock", "linetype": "", "color": "0,0,0,55", "ocolor": 256, "color24": -1, "transparency": 0, "lweight": -1, "linewidth": 0.0, "ltscale": 1.0, "visible": 1, "thickness": 0.0, "ext": null, "height": 4.0000000000000009, "text": "24", "angle": 33.174917728887074, "widthscale": 13.582537148526169, "oblique": 0.0, "style": "style1", "textgen": 1, "alignh": 0, "alignv": 1, "interlin": 1.0 }, "geometry": { "type": "Point", "coordinates": [ -40.357495473822944, -20.424137322831257, 0.0 ] } },
{ "type": "Feature", "properties": { "fid": 9317, "handle": 775963, "block": -1, "etype": 19, "space": 0, "layer": "0", "olinetype": "byblock", "linetype": "", "color": "0,0,0,55", "ocolor": 256, "color24": -1, "transparency": 0, "lweight": -1, "linewidth": 0.0, "ltscale": 1.0, "visible": 1, "thickness": 0.0, "ext": null, "height": 4.0000000000000009, "text": "25", "angle": 33.174917728887074, "widthscale": 13.582537148526169, "oblique": 0.0, "style": "style1", "textgen": 1, "alignh": 0, "alignv": 1, "interlin": 1.0 }, "geometry": { "type": "Point", "coordinates": [ -40.357543660538454, -20.424059357844857, 0.0 ] } },
{ "type": "Feature", "properties": { "fid": 9318, "handle": 775964, "block": -1, "etype": 19, "space": 0, "layer": "0", "olinetype": "byblock", "linetype": "", "color": "0,0,0,55", "ocolor": 256, "color24": -1, "transparency": 0, "lweight": -1, "linewidth": 0.0, "ltscale": 1.0, "visible": 1, "thickness": 0.0, "ext": null, "height": 4.0000000000000009, "text": "26", "angle": 33.174917728887074, "widthscale": 13.582537148526169, "oblique": 0.0, "style": "style1", "textgen": 1, "alignh": 0, "alignv": 1, "interlin": 1.0 }, "geometry": { "type": "Point", "coordinates": [ -40.357594206219169, -20.423977358306011, 0.0 ] } },
{ "type": "Feature", "properties": { "fid": 9319, "handle": 775965, "block": -1, "etype": 19, "space": 0, "layer": "0", "olinetype": "byblock", "linetype": "", "color": "0,0,0,55", "ocolor": 256, "color24": -1, "transparency": 0, "lweight": -1, "linewidth": 0.0, "ltscale": 1.0, "visible": 1, "thickness": 0.0, "ext": null, "height": 4.0000000000000009, "text": "16", "angle": 33.174917728887074, "widthscale": 13.582537148526169, "oblique": 0.0, "style": "style1", "textgen": 1, "alignh": 0, "alignv": 1, "interlin": 1.0 }, "geometry": { "type": "Point", "coordinates": [ -40.357917678034916, -20.424278343365614, 0.0 ] } },
{ "type": "Feature", "properties": { "fid": 9320, "handle": 776109, "block": -1, "etype": 19, "space": 0, "layer": "0", "olinetype": "byblock", "linetype": "", "color": "0,0,0,55", "ocolor": 256, "color24": -1, "transparency": 0, "lweight": -1, "linewidth": 0.0, "ltscale": 1.0, "visible": 1, "thickness": 0.0, "ext": null, "height": 4.0000000000000009, "text": "1", "angle": 33.174917728887074, "widthscale": 13.582537148526169, "oblique": 0.0, "style": "style1", "textgen": 1, "alignh": 0, "alignv": 1, "interlin": 1.0 }, "geometry": { "type": "Point", "coordinates": [ -40.357781104928364, -20.42542183274028, 0.0 ] } },
{ "type": "Feature", "properties": { "fid": 9321, "handle": 776110, "block": -1, "etype": 19, "space": 0, "layer": "0", "olinetype": "byblock", "linetype": "", "color": "0,0,0,55", "ocolor": 256, "color24": -1, "transparency": 0, "lweight": -1, "linewidth": 0.0, "ltscale": 1.0, "visible": 1, "thickness": 0.0, "ext": null, "height": 4.0000000000000009, "text": "2", "angle": 33.174917728887074, "widthscale": 13.582537148526169, "oblique": 0.0, "style": "style1", "textgen": 1, "alignh": 0, "alignv": 1, "interlin": 1.0 }, "geometry": { "type": "Point", "coordinates": [ -40.357840172414562, -20.425339722228841, 0.0 ] } },
{ "type": "Feature", "properties": { "fid": 9322, "handle": 776111, "block": -1, "etype": 19, "space": 0, "layer": "0", "olinetype": "byblock", "linetype": "", "color": "0,0,0,55", "ocolor": 256, "color24": -1, "transparency": 0, "lweight": -1, "linewidth": 0.0, "ltscale": 1.0, "visible": 1, "thickness": 0.0, "ext": null, "height": 4.0000000000000009, "text": "3", "angle": 33.174917728887074, "widthscale": 13.582537148526169, "oblique": 0.0, "style": "style1", "textgen": 1, "alignh": 0, "alignv": 1, "interlin": 1.0 }, "geometry": { "type": "Point", "coordinates": [ -40.357897044976561, -20.425265615654279, 0.0 ] } },
{ "type": "Feature", "properties": { "fid": 9323, "handle": 776112, "block": -1, "etype": 19, "space": 0, "layer": "0", "olinetype": "byblock", "linetype": "", "color": "0,0,0,55", "ocolor": 256, "color24": -1, "transparency": 0, "lweight": -1, "linewidth": 0.0, "ltscale": 1.0, "visible": 1, "thickness": 0.0, "ext": null, "height": 4.0000000000000009, "text": "4", "angle": 33.174917728887074, "widthscale": 13.582537148526169, "oblique": 0.0, "style": "style1", "textgen": 1, "alignh": 0, "alignv": 1, "interlin": 1.0 }, "geometry": { "type": "Point", "coordinates": [ -40.357948963181059, -20.425195861369552, 0.0 ] } },
{ "type": "Feature", "properties": { "fid": 9324, "handle": 776113, "block": -1, "etype": 19, "space": 0, "layer": "0", "olinetype": "byblock", "linetype": "", "color": "0,0,0,55", "ocolor": 256, "color24": -1, "transparency": 0, "lweight": -1, "linewidth": 0.0, "ltscale": 1.0, "visible": 1, "thickness": 0.0, "ext": null, "height": 4.0000000000000009, "text": "5", "angle": 33.174917728887074, "widthscale": 13.582537148526169, "oblique": 0.0, "style": "style1", "textgen": 1, "alignh": 0, "alignv": 1, "interlin": 1.0 }, "geometry": { "type": "Point", "coordinates": [ -40.358003485381452, -20.42511662674363, 0.0 ] } },
{ "type": "Feature", "properties": { "fid": 9325, "handle": 776114, "block": -1, "etype": 19, "space": 0, "layer": "0", "olinetype": "byblock", "linetype": "", "color": "0,0,0,55", "ocolor": 256, "color24": -1, "transparency": 0, "lweight": -1, "linewidth": 0.0, "ltscale": 1.0, "visible": 1, "thickness": 0.0, "ext": null, "height": 4.0000000000000009, "text": "6", "angle": 33.174917728887074, "widthscale": 13.582537148526169, "oblique": 0.0, "style": "style1", "textgen": 1, "alignh": 0, "alignv": 1, "interlin": 1.0 }, "geometry": { "type": "Point", "coordinates": [ -40.358050294423649, -20.425040057454307, 0.0 ] } },
{ "type": "Feature", "properties": { "fid": 9326, "handle": 776115, "block": -1, "etype": 19, "space": 0, "layer": "0", "olinetype": "byblock", "linetype": "", "color": "0,0,0,55", "ocolor": 256, "color24": -1, "transparency": 0, "lweight": -1, "linewidth": 0.0, "ltscale": 1.0, "visible": 1, "thickness": 0.0, "ext": null, "height": 4.0000000000000009, "text": "8", "angle": 33.174917728887074, "widthscale": 13.582537148526169, "oblique": 0.0, "style": "style1", "textgen": 1, "alignh": 0, "alignv": 1, "interlin": 1.0 }, "geometry": { "type": "Point", "coordinates": [ -40.357851099089316, -20.425011060656121, 0.0 ] } },
{ "type": "Feature", "properties": { "fid": 9327, "handle": 776116, "block": -1, "etype": 19, "space": 0, "layer": "0", "olinetype": "byblock", "linetype": "", "color": "0,0,0,55", "ocolor": 256, "color24": -1, "transparency": 0, "lweight": -1, "linewidth": 0.0, "ltscale": 1.0, "visible": 1, "thickness": 0.0, "ext": null, "height": 4.0000000000000009, "text": "10", "angle": 33.174917728887074, "widthscale": 13.582537148526169, "oblique": 0.0, "style": "style1", "textgen": 1, "alignh": 0, "alignv": 1, "interlin": 1.0 }, "geometry": { "type": "Point", "coordinates": [ -40.357778734150394, -20.424969382536073, 0.0 ] } },
{ "type": "Feature", "properties": { "fid": 9328, "handle": 776117, "block": -1, "etype": 19, "space": 0, "layer": "0", "olinetype": "byblock", "linetype": "", "color": "0,0,0,55", "ocolor": 256, "color24": -1, "transparency": 0, "lweight": -1, "linewidth": 0.0, "ltscale": 1.0, "visible": 1, "thickness": 0.0, "ext": null, "height": 4.0000000000000009, "text": "12", "angle": 33.174917728887074, "widthscale": 13.582537148526169, "oblique": 0.0, "style": "style1", "textgen": 1, "alignh": 0, "alignv": 1, "interlin": 1.0 }, "geometry": { "type": "Point", "coordinates": [ -40.357702417258892, -20.424917572496518, 0.0 ] } },
{ "type": "Feature", "properties": { "fid": 9329, "handle": 776118, "block": -1, "etype": 19, "space": 0, "layer": "0", "olinetype": "byblock", "linetype": "", "color": "0,0,0,55", "ocolor": 256, "color24": -1, "transparency": 0, "lweight": -1, "linewidth": 0.0, "ltscale": 1.0, "visible": 1, "thickness": 0.0, "ext": null, "height": 4.0000000000000009, "text": "14", "angle": 33.174917728887074, "widthscale": 13.582537148526169, "oblique": 0.0, "style": "style1", "textgen": 1, "alignh": 0, "alignv": 1, "interlin": 1.0 }, "geometry": { "type": "Point", "coordinates": [ -40.357624285944155, -20.424872368135926, 0.0 ] } },
{ "type": "Feature", "properties": { "fid": 9330, "handle": 776119, "block": -1, "etype": 19, "space": 0, "layer": "0", "olinetype": "byblock", "linetype": "", "color": "0,0,0,55", "ocolor": 256, "color24": -1, "transparency": 0, "lweight": -1, "linewidth": 0.0, "ltscale": 1.0, "visible": 1, "thickness": 0.0, "ext": null, "height": 4.0000000000000009, "text": "18", "angle": 33.174917728887074, "widthscale": 13.582537148526169, "oblique": 0.0, "style": "style1", "textgen": 1, "alignh": 0, "alignv": 1, "interlin": 1.0 }, "geometry": { "type": "Point", "coordinates": [ -40.35745389170139, -20.42477074627601, 0.0 ] } },
{ "type": "Feature", "properties": { "fid": 9331, "handle": 776120, "block": -1, "etype": 19, "space": 0, "layer": "0", "olinetype": "byblock", "linetype": "", "color": "0,0,0,55", "ocolor": 256, "color24": -1, "transparency": 0, "lweight": -1, "linewidth": 0.0, "ltscale": 1.0, "visible": 1, "thickness": 0.0, "ext": null, "height": 4.0000000000000009, "text": "20", "angle": 33.174917728887074, "widthscale": 13.582537148526169, "oblique": 0.0, "style": "style1", "textgen": 1, "alignh": 0, "alignv": 1, "interlin": 1.0 }, "geometry": { "type": "Point", "coordinates": [ -40.357362305584012, -20.424717314262555, 0.0 ] } },
{ "type": "Feature", "properties": { "fid": 9332, "handle": 776121, "block": -1, "etype": 19, "space": 0, "layer": "0", "olinetype": "byblock", "linetype": "", "color": "0,0,0,55", "ocolor": 256, "color24": -1, "transparency": 0, "lweight": -1, "linewidth": 0.0, "ltscale": 1.0, "visible": 1, "thickness": 0.0, "ext": null, "height": 4.0000000000000009, "text": "19", "angle": 33.174917728887074, "widthscale": 13.582537148526169, "oblique": 0.0, "style": "style1", "textgen": 1, "alignh": 0, "alignv": 1, "interlin": 1.0 }, "geometry": { "type": "Point", "coordinates": [ -40.357189525213933, -20.424948562769277, 0.0 ] } },
{ "type": "Feature", "properties": { "fid": 9333, "handle": 776122, "block": -1, "etype": 19, "space": 0, "layer": "0", "olinetype": "byblock", "linetype": "", "color": "0,0,0,55", "ocolor": 256, "color24": -1, "transparency": 0, "lweight": -1, "linewidth": 0.0, "ltscale": 1.0, "visible": 1, "thickness": 0.0, "ext": null, "height": 4.0000000000000009, "text": "7", "angle": 33.174917728887074, "widthscale": 13.582537148526169, "oblique": 0.0, "style": "style1", "textgen": 1, "alignh": 0, "alignv": 1, "interlin": 1.0 }, "geometry": { "type": "Point", "coordinates": [ -40.357687929885067, -20.425248186396942, 0.0 ] } },
{ "type": "Feature", "properties": { "fid": 9334, "handle": 776123, "block": -1, "etype": 19, "space": 0, "layer": "0", "olinetype": "byblock", "linetype": "", "color": "0,0,0,55", "ocolor": 256, "color24": -1, "transparency": 0, "lweight": -1, "linewidth": 0.0, "ltscale": 1.0, "visible": 1, "thickness": 0.0, "ext": null, "height": 4.0000000000000009, "text": "9", "angle": 33.174917728887074, "widthscale": 13.582537148526169, "oblique": 0.0, "style": "style1", "textgen": 1, "alignh": 0, "alignv": 1, "interlin": 1.0 }, "geometry": { "type": "Point", "coordinates": [ -40.357604600896444, -20.425194660408547, 0.0 ] } },
{ "type": "Feature", "properties": { "fid": 9335, "handle": 776124, "block": -1, "etype": 19, "space": 0, "layer": "0", "olinetype": "byblock", "linetype": "", "color": "0,0,0,55", "ocolor": 256, "color24": -1, "transparency": 0, "lweight": -1, "linewidth": 0.0, "ltscale": 1.0, "visible": 1, "thickness": 0.0, "ext": null, "height": 4.0000000000000009, "text": "11", "angle": 33.174917728887074, "widthscale": 13.582537148526169, "oblique": 0.0, "style": "style1", "textgen": 1, "alignh": 0, "alignv": 1, "interlin": 1.0 }, "geometry": { "type": "Point", "coordinates": [ -40.357522625163995, -20.425147105283223, 0.0 ] } },
{ "type": "Feature", "properties": { "fid": 9336, "handle": 776125, "block": -1, "etype": 19, "space": 0, "layer": "0", "olinetype": "byblock", "linetype": "", "color": "0,0,0,55", "ocolor": 256, "color24": -1, "transparency": 0, "lweight": -1, "linewidth": 0.0, "ltscale": 1.0, "visible": 1, "thickness": 0.0, "ext": null, "height": 4.0000000000000009, "text": "13", "angle": 33.174917728887074, "widthscale": 13.582537148526169, "oblique": 0.0, "style": "style1", "textgen": 1, "alignh": 0, "alignv": 1, "interlin": 1.0 }, "geometry": { "type": "Point", "coordinates": [ -40.357453535389006, -20.425112573251507, 0.0 ] } },
{ "type": "Feature", "properties": { "fid": 9337, "handle": 776126, "block": -1, "etype": 19, "space": 0, "layer": "0", "olinetype": "byblock", "linetype": "", "color": "0,0,0,55", "ocolor": 256, "color24": -1, "transparency": 0, "lweight": -1, "linewidth": 0.0, "ltscale": 1.0, "visible": 1, "thickness": 0.0, "ext": null, "height": 4.0000000000000009, "text": "15", "angle": 33.174917728887074, "widthscale": 13.582537148526169, "oblique": 0.0, "style": "style1", "textgen": 1, "alignh": 0, "alignv": 1, "interlin": 1.0 }, "geometry": { "type": "Point", "coordinates": [ -40.357375296536439, -20.425059587799716, 0.0 ] } },
{ "type": "Feature", "properties": { "fid": 9338, "handle": 776127, "block": -1, "etype": 19, "space": 0, "layer": "0", "olinetype": "byblock", "linetype": "", "color": "0,0,0,55", "ocolor": 256, "color24": -1, "transparency": 0, "lweight": -1, "linewidth": 0.0, "ltscale": 1.0, "visible": 1, "thickness": 0.0, "ext": null, "height": 4.0000000000000009, "text": "17", "angle": 33.174917728887074, "widthscale": 13.582537148526169, "oblique": 0.0, "style": "style1", "textgen": 1, "alignh": 0, "alignv": 1, "interlin": 1.0 }, "geometry": { "type": "Point", "coordinates": [ -40.35729015315659, -20.425012667296457, 0.0 ] } },
{ "type": "Feature", "properties": { "fid": 9339, "handle": 776128, "block": -1, "etype": 19, "space": 0, "layer": "0", "olinetype": "byblock", "linetype": "", "color": "0,0,0,55", "ocolor": 256, "color24": -1, "transparency": 0, "lweight": -1, "linewidth": 0.0, "ltscale": 1.0, "visible": 1, "thickness": 0.0, "ext": null, "height": 4.0000000000000009, "text": "21", "angle": 33.174917728887074, "widthscale": 13.582537148526169, "oblique": 0.0, "style": "style1", "textgen": 1, "alignh": 0, "alignv": 1, "interlin": 1.0 }, "geometry": { "type": "Point", "coordinates": [ -40.356956982226663, -20.424905883349883, 0.0 ] } },
{ "type": "Feature", "properties": { "fid": 9340, "handle": 776129, "block": -1, "etype": 19, "space": 0, "layer": "0", "olinetype": "byblock", "linetype": "", "color": "0,0,0,55", "ocolor": 256, "color24": -1, "transparency": 0, "lweight": -1, "linewidth": 0.0, "ltscale": 1.0, "visible": 1, "thickness": 0.0, "ext": null, "height": 4.0000000000000009, "text": "22", "angle": 33.174917728887074, "widthscale": 13.582537148526169, "oblique": 0.0, "style": "style1", "textgen": 1, "alignh": 0, "alignv": 1, "interlin": 1.0 }, "geometry": { "type": "Point", "coordinates": [ -40.357013558847321, -20.424827393321937, 0.0 ] } },
{ "type": "Feature", "properties": { "fid": 9341, "handle": 776130, "block": -1, "etype": 19, "space": 0, "layer": "0", "olinetype": "byblock", "linetype": "", "color": "0,0,0,55", "ocolor": 256, "color24": -1, "transparency": 0, "lweight": -1, "linewidth": 0.0, "ltscale": 1.0, "visible": 1, "thickness": 0.0, "ext": null, "height": 4.0000000000000009, "text": "23", "angle": 33.174917728887074, "widthscale": 13.582537148526169, "oblique": 0.0, "style": "style1", "textgen": 1, "alignh": 0, "alignv": 1, "interlin": 1.0 }, "geometry": { "type": "Point", "coordinates": [ -40.35706341958668, -20.424751570996303, 0.0 ] } },
{ "type": "Feature", "properties": { "fid": 9342, "handle": 776131, "block": -1, "etype": 19, "space": 0, "layer": "0", "olinetype": "byblock", "linetype": "", "color": "0,0,0,55", "ocolor": 256, "color24": -1, "transparency": 0, "lweight": -1, "linewidth": 0.0, "ltscale": 1.0, "visible": 1, "thickness": 0.0, "ext": null, "height": 4.0000000000000009, "text": "24", "angle": 33.174917728887074, "widthscale": 13.582537148526169, "oblique": 0.0, "style": "style1", "textgen": 1, "alignh": 0, "alignv": 1, "interlin": 1.0 }, "geometry": { "type": "Point", "coordinates": [ -40.357120427891708, -20.424682357546107, 0.0 ] } },
{ "type": "Feature", "properties": { "fid": 9343, "handle": 776132, "block": -1, "etype": 19, "space": 0, "layer": "0", "olinetype": "byblock", "linetype": "", "color": "0,0,0,55", "ocolor": 256, "color24": -1, "transparency": 0, "lweight": -1, "linewidth": 0.0, "ltscale": 1.0, "visible": 1, "thickness": 0.0, "ext": null, "height": 4.0000000000000009, "text": "25", "angle": 33.174917728887074, "widthscale": 13.582537148526169, "oblique": 0.0, "style": "style1", "textgen": 1, "alignh": 0, "alignv": 1, "interlin": 1.0 }, "geometry": { "type": "Point", "coordinates": [ -40.357168614955143, -20.424604392647939, 0.0 ] } },
{ "type": "Feature", "properties": { "fid": 9344, "handle": 776133, "block": -1, "etype": 19, "space": 0, "layer": "0", "olinetype": "byblock", "linetype": "", "color": "0,0,0,55", "ocolor": 256, "color24": -1, "transparency": 0, "lweight": -1, "linewidth": 0.0, "ltscale": 1.0, "visible": 1, "thickness": 0.0, "ext": null, "height": 4.0000000000000009, "text": "26", "angle": 33.174917728887074, "widthscale": 13.582537148526169, "oblique": 0.0, "style": "style1", "textgen": 1, "alignh": 0, "alignv": 1, "interlin": 1.0 }, "geometry": { "type": "Point", "coordinates": [ -40.357219161001296, -20.424522393201681, 0.0 ] } },
{ "type": "Feature", "properties": { "fid": 9345, "handle": 776134, "block": -1, "etype": 19, "space": 0, "layer": "0", "olinetype": "byblock", "linetype": "", "color": "0,0,0,55", "ocolor": 256, "color24": -1, "transparency": 0, "lweight": -1, "linewidth": 0.0, "ltscale": 1.0, "visible": 1, "thickness": 0.0, "ext": null, "height": 4.0000000000000009, "text": "16", "angle": 33.174917728887074, "widthscale": 13.582537148526169, "oblique": 0.0, "style": "style1", "textgen": 1, "alignh": 0, "alignv": 1, "interlin": 1.0 }, "geometry": { "type": "Point", "coordinates": [ -40.357542633338781, -20.424823378916734, 0.0 ] } },
{ "type": "Feature", "properties": { "fid": 9346, "handle": 776277, "block": -1, "etype": 19, "space": 0, "layer": "0", "olinetype": "byblock", "linetype": "", "color": "0,0,0,55", "ocolor": 256, "color24": -1, "transparency": 0, "lweight": -1, "linewidth": 0.0, "ltscale": 1.0, "visible": 1, "thickness": 0.0, "ext": null, "height": 4.0000000000000009, "text": "1", "angle": 33.174917728887074, "widthscale": 13.582537148526169, "oblique": 0.0, "style": "style1", "textgen": 1, "alignh": 0, "alignv": 1, "interlin": 1.0 }, "geometry": { "type": "Point", "coordinates": [ -40.357407252089473, -20.425964785854845, 0.0 ] } },
{ "type": "Feature", "properties": { "fid": 9347, "handle": 776278, "block": -1, "etype": 19, "space": 0, "layer": "0", "olinetype": "byblock", "linetype": "", "color": "0,0,0,55", "ocolor": 256, "color24": -1, "transparency": 0, "lweight": -1, "linewidth": 0.0, "ltscale": 1.0, "visible": 1, "thickness": 0.0, "ext": null, "height": 4.0000000000000009, "text": "2", "angle": 33.174917728887074, "widthscale": 13.582537148526169, "oblique": 0.0, "style": "style1", "textgen": 1, "alignh": 0, "alignv": 1, "interlin": 1.0 }, "geometry": { "type": "Point", "coordinates": [ -40.357466319971195, -20.425882675452275, 0.0 ] } },
{ "type": "Feature", "properties": { "fid": 9348, "handle": 776279, "block": -1, "etype": 19, "space": 0, "layer": "0", "olinetype": "byblock", "linetype": "", "color": "0,0,0,55", "ocolor": 256, "color24": -1, "transparency": 0, "lweight": -1, "linewidth": 0.0, "ltscale": 1.0, "visible": 1, "thickness": 0.0, "ext": null, "height": 4.0000000000000009, "text": "3", "angle": 33.174917728887074, "widthscale": 13.582537148526169, "oblique": 0.0, "style": "style1", "textgen": 1, "alignh": 0, "alignv": 1, "interlin": 1.0 }, "geometry": { "type": "Point", "coordinates": [ -40.35752319290313, -20.425808568982976, 0.0 ] } },
{ "type": "Feature", "properties": { "fid": 9349, "handle": 776280, "block": -1, "etype": 19, "space": 0, "layer": "0", "olinetype": "byblock", "linetype": "", "color": "0,0,0,55", "ocolor": 256, "color24": -1, "transparency": 0, "lweight": -1, "linewidth": 0.0, "ltscale": 1.0, "visible": 1, "thickness": 0.0, "ext": null, "height": 4.0000000000000009, "text": "4", "angle": 33.174917728887074, "widthscale": 13.582537148526169, "oblique": 0.0, "style": "style1", "textgen": 1, "alignh": 0, "alignv": 1, "interlin": 1.0 }, "geometry": { "type": "Point", "coordinates": [ -40.357575111449968, -20.425738814794133, 0.0 ] } },
{ "type": "Feature", "properties": { "fid": 9350, "handle": 776281, "block": -1, "etype": 19, "space": 0, "layer": "0", "olinetype": "byblock", "linetype": "", "color": "0,0,0,55", "ocolor": 256, "color24": -1, "transparency": 0, "lweight": -1, "linewidth": 0.0, "ltscale": 1.0, "visible": 1, "thickness": 0.0, "ext": null, "height": 4.0000000000000009, "text": "5", "angle": 33.174917728887074, "widthscale": 13.582537148526169, "oblique": 0.0, "style": "style1", "textgen": 1, "alignh": 0, "alignv": 1, "interlin": 1.0 }, "geometry": { "type": "Point", "coordinates": [ -40.357629634022992, -20.425659580268476, 0.0 ] } },
{ "type": "Feature", "properties": { "fid": 9351, "handle": 776282, "block": -1, "etype": 19, "space": 0, "layer": "0", "olinetype": "byblock", "linetype": "", "color": "0,0,0,55", "ocolor": 256, "color24": -1, "transparency": 0, "lweight": -1, "linewidth": 0.0, "ltscale": 1.0, "visible": 1, "thickness": 0.0, "ext": null, "height": 4.0000000000000009, "text": "6", "angle": 33.174917728887074, "widthscale": 13.582537148526169, "oblique": 0.0, "style": "style1", "textgen": 1, "alignh": 0, "alignv": 1, "interlin": 1.0 }, "geometry": { "type": "Point", "coordinates": [ -40.357676443403832, -20.425583011064585, 0.0 ] } },
{ "type": "Feature", "properties": { "fid": 9352, "handle": 776283, "block": -1, "etype": 19, "space": 0, "layer": "0", "olinetype": "byblock", "linetype": "", "color": "0,0,0,55", "ocolor": 256, "color24": -1, "transparency": 0, "lweight": -1, "linewidth": 0.0, "ltscale": 1.0, "visible": 1, "thickness": 0.0, "ext": null, "height": 4.0000000000000009, "text": "8", "angle": 33.174917728887074, "widthscale": 13.582537148526169, "oblique": 0.0, "style": "style1", "textgen": 1, "alignh": 0, "alignv": 1, "interlin": 1.0 }, "geometry": { "type": "Point", "coordinates": [ -40.357458238653294, -20.42558198400048, 0.0 ] } },
{ "type": "Feature", "properties": { "fid": 9353, "handle": 776284, "block": -1, "etype": 19, "space": 0, "layer": "0", "olinetype": "byblock", "linetype": "", "color": "0,0,0,55", "ocolor": 256, "color24": -1, "transparency": 0, "lweight": -1, "linewidth": 0.0, "ltscale": 1.0, "visible": 1, "thickness": 0.0, "ext": null, "height": 4.0000000000000009, "text": "10", "angle": 33.174917728887074, "widthscale": 13.582537148526169, "oblique": 0.0, "style": "style1", "textgen": 1, "alignh": 0, "alignv": 1, "interlin": 1.0 }, "geometry": { "type": "Point", "coordinates": [ -40.357385873532969, -20.425540305728873, 0.0 ] } },
{ "type": "Feature", "properties": { "fid": 9354, "handle": 776285, "block": -1, "etype": 19, "space": 0, "layer": "0", "olinetype": "byblock", "linetype": "", "color": "0,0,0,55", "ocolor": 256, "color24": -1, "transparency": 0, "lweight": -1, "linewidth": 0.0, "ltscale": 1.0, "visible": 1, "thickness": 0.0, "ext": null, "height": 4.0000000000000009, "text": "12", "angle": 33.174917728887074, "widthscale": 13.582537148526169, "oblique": 0.0, "style": "style1", "textgen": 1, "alignh": 0, "alignv": 1, "interlin": 1.0 }, "geometry": { "type": "Point", "coordinates": [ -40.35730955646828, -20.425488495528857, 0.0 ] } },
{ "type": "Feature", "properties": { "fid": 9355, "handle": 776286, "block": -1, "etype": 19, "space": 0, "layer": "0", "olinetype": "byblock", "linetype": "", "color": "0,0,0,55", "ocolor": 256, "color24": -1, "transparency": 0, "lweight": -1, "linewidth": 0.0, "ltscale": 1.0, "visible": 1, "thickness": 0.0, "ext": null, "height": 4.0000000000000009, "text": "14", "angle": 33.174917728887074, "widthscale": 13.582537148526169, "oblique": 0.0, "style": "style1", "textgen": 1, "alignh": 0, "alignv": 1, "interlin": 1.0 }, "geometry": { "type": "Point", "coordinates": [ -40.357231424958158, -20.425443291004644, 0.0 ] } },
{ "type": "Feature", "properties": { "fid": 9356, "handle": 776287, "block": -1, "etype": 19, "space": 0, "layer": "0", "olinetype": "byblock", "linetype": "", "color": "0,0,0,55", "ocolor": 256, "color24": -1, "transparency": 0, "lweight": -1, "linewidth": 0.0, "ltscale": 1.0, "visible": 1, "thickness": 0.0, "ext": null, "height": 4.0000000000000009, "text": "18", "angle": 33.174917728887074, "widthscale": 13.582537148526169, "oblique": 0.0, "style": "style1", "textgen": 1, "alignh": 0, "alignv": 1, "interlin": 1.0 }, "geometry": { "type": "Point", "coordinates": [ -40.357061030296293, -20.42534166878762, 0.0 ] } },
{ "type": "Feature", "properties": { "fid": 9357, "handle": 776288, "block": -1, "etype": 19, "space": 0, "layer": "0", "olinetype": "byblock", "linetype": "", "color": "0,0,0,55", "ocolor": 256, "color24": -1, "transparency": 0, "lweight": -1, "linewidth": 0.0, "ltscale": 1.0, "visible": 1, "thickness": 0.0, "ext": null, "height": 4.0000000000000009, "text": "20", "angle": 33.174917728887074, "widthscale": 13.582537148526169, "oblique": 0.0, "style": "style1", "textgen": 1, "alignh": 0, "alignv": 1, "interlin": 1.0 }, "geometry": { "type": "Point", "coordinates": [ -40.356969443950895, -20.425288236582276, 0.0 ] } },
{ "type": "Feature", "properties": { "fid": 9358, "handle": 776289, "block": -1, "etype": 19, "space": 0, "layer": "0", "olinetype": "byblock", "linetype": "", "color": "0,0,0,55", "ocolor": 256, "color24": -1, "transparency": 0, "lweight": -1, "linewidth": 0.0, "ltscale": 1.0, "visible": 1, "thickness": 0.0, "ext": null, "height": 4.0000000000000009, "text": "19", "angle": 33.174917728887074, "widthscale": 13.582537148526169, "oblique": 0.0, "style": "style1", "textgen": 1, "alignh": 0, "alignv": 1, "interlin": 1.0 }, "geometry": { "type": "Point", "coordinates": [ -40.356796662385307, -20.425519484753558, 0.0 ] } },
{ "type": "Feature", "properties": { "fid": 9359, "handle": 776290, "block": -1, "etype": 19, "space": 0, "layer": "0", "olinetype": "byblock", "linetype": "", "color": "0,0,0,55", "ocolor": 256, "color24": -1, "transparency": 0, "lweight": -1, "linewidth": 0.0, "ltscale": 1.0, "visible": 1, "thickness": 0.0, "ext": null, "height": 4.0000000000000009, "text": "7", "angle": 33.174917728887074, "widthscale": 13.582537148526169, "oblique": 0.0, "style": "style1", "textgen": 1, "alignh": 0, "alignv": 1, "interlin": 1.0 }, "geometry": { "type": "Point", "coordinates": [ -40.357295068276848, -20.425819109426048, 0.0 ] } },
{ "type": "Feature", "properties": { "fid": 9360, "handle": 776291, "block": -1, "etype": 19, "space": 0, "layer": "0", "olinetype": "byblock", "linetype": "", "color": "0,0,0,55", "ocolor": 256, "color24": -1, "transparency": 0, "lweight": -1, "linewidth": 0.0, "ltscale": 1.0, "visible": 1, "thickness": 0.0, "ext": null, "height": 4.0000000000000009, "text": "9", "angle": 33.174917728887074, "widthscale": 13.582537148526169, "oblique": 0.0, "style": "style1", "textgen": 1, "alignh": 0, "alignv": 1, "interlin": 1.0 }, "geometry": { "type": "Point", "coordinates": [ -40.357211739092094, -20.425765583262702, 0.0 ] } },
{ "type": "Feature", "properties": { "fid": 9361, "handle": 776292, "block": -1, "etype": 19, "space": 0, "layer": "0", "olinetype": "byblock", "linetype": "", "color": "0,0,0,55", "ocolor": 256, "color24": -1, "transparency": 0, "lweight": -1, "linewidth": 0.0, "ltscale": 1.0, "visible": 1, "thickness": 0.0, "ext": null, "height": 4.0000000000000009, "text": "11", "angle": 33.174917728887074, "widthscale": 13.582537148526169, "oblique": 0.0, "style": "style1", "textgen": 1, "alignh": 0, "alignv": 1, "interlin": 1.0 }, "geometry": { "type": "Point", "coordinates": [ -40.357129763154937, -20.425718027965644, 0.0 ] } },
{ "type": "Feature", "properties": { "fid": 9362, "handle": 776293, "block": -1, "etype": 19, "space": 0, "layer": "0", "olinetype": "byblock", "linetype": "", "color": "0,0,0,55", "ocolor": 256, "color24": -1, "transparency": 0, "lweight": -1, "linewidth": 0.0, "ltscale": 1.0, "visible": 1, "thickness": 0.0, "ext": null, "height": 4.0000000000000009, "text": "13", "angle": 33.174917728887074, "widthscale": 13.582537148526169, "oblique": 0.0, "style": "style1", "textgen": 1, "alignh": 0, "alignv": 1, "interlin": 1.0 }, "geometry": { "type": "Point", "coordinates": [ -40.357060673194631, -20.425683495789645, 0.0 ] } },
{ "type": "Feature", "properties": { "fid": 9363, "handle": 776294, "block": -1, "etype": 19, "space": 0, "layer": "0", "olinetype": "byblock", "linetype": "", "color": "0,0,0,55", "ocolor": 256, "color24": -1, "transparency": 0, "lweight": -1, "linewidth": 0.0, "ltscale": 1.0, "visible": 1, "thickness": 0.0, "ext": null, "height": 4.0000000000000009, "text": "15", "angle": 33.174917728887074, "widthscale": 13.582537148526169, "oblique": 0.0, "style": "style1", "textgen": 1, "alignh": 0, "alignv": 1, "interlin": 1.0 }, "geometry": { "type": "Point", "coordinates": [ -40.356982434164209, -20.425630510173377, 0.0 ] } },
{ "type": "Feature", "properties": { "fid": 9364, "handle": 776295, "block": -1, "etype": 19, "space": 0, "layer": "0", "olinetype": "byblock", "linetype": "", "color": "0,0,0,55", "ocolor": 256, "color24": -1, "transparency": 0, "lweight": -1, "linewidth": 0.0, "ltscale": 1.0, "visible": 1, "thickness": 0.0, "ext": null, "height": 4.0000000000000009, "text": "17", "angle": 33.174917728887074, "widthscale": 13.582537148526169, "oblique": 0.0, "style": "style1", "textgen": 1, "alignh": 0, "alignv": 1, "interlin": 1.0 }, "geometry": { "type": "Point", "coordinates": [ -40.356897290566025, -20.425583589491989, 0.0 ] } },
{ "type": "Feature", "properties": { "fid": 9365, "handle": 776296, "block": -1, "etype": 19, "space": 0, "layer": "0", "olinetype": "byblock", "linetype": "", "color": "0,0,0,55", "ocolor": 256, "color24": -1, "transparency": 0, "lweight": -1, "linewidth": 0.0, "ltscale": 1.0, "visible": 1, "thickness": 0.0, "ext": null, "height": 4.0000000000000009, "text": "21", "angle": 33.174917728887074, "widthscale": 13.582537148526169, "oblique": 0.0, "style": "style1", "textgen": 1, "alignh": 0, "alignv": 1, "interlin": 1.0 }, "geometry": { "type": "Point", "coordinates": [ -40.356564118604787, -20.425476804854391, 0.0 ] } },
{ "type": "Feature", "properties": { "fid": 9366, "handle": 776297, "block": -1, "etype": 19, "space": 0, "layer": "0", "olinetype": "byblock", "linetype": "", "color": "0,0,0,55", "ocolor": 256, "color24": -1, "transparency": 0, "lweight": -1, "linewidth": 0.0, "ltscale": 1.0, "visible": 1, "thickness": 0.0, "ext": null, "height": 4.0000000000000009, "text": "22", "angle": 33.174917728887074, "widthscale": 13.582537148526169, "oblique": 0.0, "style": "style1", "textgen": 1, "alignh": 0, "alignv": 1, "interlin": 1.0 }, "geometry": { "type": "Point", "coordinates": [ -40.356620695623299, -20.425398314936121, 0.0 ] } },
{ "type": "Feature", "properties": { "fid": 9367, "handle": 776298, "block": -1, "etype": 19, "space": 0, "layer": "0", "olinetype": "byblock", "linetype": "", "color": "0,0,0,55", "ocolor": 256, "color24": -1, "transparency": 0, "lweight": -1, "linewidth": 0.0, "ltscale": 1.0, "visible": 1, "thickness": 0.0, "ext": null, "height": 4.0000000000000009, "text": "23", "angle": 33.174917728887074, "widthscale": 13.582537148526169, "oblique": 0.0, "style": "style1", "textgen": 1, "alignh": 0, "alignv": 1, "interlin": 1.0 }, "geometry": { "type": "Point", "coordinates": [ -40.356670556728616, -20.425322492706531, 0.0 ] } },
{ "type": "Feature", "properties": { "fid": 9368, "handle": 776299, "block": -1, "etype": 19, "space": 0, "layer": "0", "olinetype": "byblock", "linetype": "", "color": "0,0,0,55", "ocolor": 256, "color24": -1, "transparency": 0, "lweight": -1, "linewidth": 0.0, "ltscale": 1.0, "visible": 1, "thickness": 0.0, "ext": null, "height": 4.0000000000000009, "text": "24", "angle": 33.174917728887074, "widthscale": 13.582537148526169, "oblique": 0.0, "style": "style1", "textgen": 1, "alignh": 0, "alignv": 1, "interlin": 1.0 }, "geometry": { "type": "Point", "coordinates": [ -40.356727565411781, -20.425253279367588, 0.0 ] } },
{ "type": "Feature", "properties": { "fid": 9369, "handle": 776300, "block": -1, "etype": 19, "space": 0, "layer": "0", "olinetype": "byblock", "linetype": "", "color": "0,0,0,55", "ocolor": 256, "color24": -1, "transparency": 0, "lweight": -1, "linewidth": 0.0, "ltscale": 1.0, "visible": 1, "thickness": 0.0, "ext": null, "height": 4.0000000000000009, "text": "25", "angle": 33.174917728887074, "widthscale": 13.582537148526169, "oblique": 0.0, "style": "style1", "textgen": 1, "alignh": 0, "alignv": 1, "interlin": 1.0 }, "geometry": { "type": "Point", "coordinates": [ -40.356775752839667, -20.425175314561915, 0.0 ] } },
{ "type": "Feature", "properties": { "fid": 9370, "handle": 776301, "block": -1, "etype": 19, "space": 0, "layer": "0", "olinetype": "byblock", "linetype": "", "color": "0,0,0,55", "ocolor": 256, "color24": -1, "transparency": 0, "lweight": -1, "linewidth": 0.0, "ltscale": 1.0, "visible": 1, "thickness": 0.0, "ext": null, "height": 4.0000000000000009, "text": "26", "angle": 33.174917728887074, "widthscale": 13.582537148526169, "oblique": 0.0, "style": "style1", "textgen": 1, "alignh": 0, "alignv": 1, "interlin": 1.0 }, "geometry": { "type": "Point", "coordinates": [ -40.356826299268647, -20.425093315212639, 0.0 ] } },
{ "type": "Feature", "properties": { "fid": 9371, "handle": 776302, "block": -1, "etype": 19, "space": 0, "layer": "0", "olinetype": "byblock", "linetype": "", "color": "0,0,0,55", "ocolor": 256, "color24": -1, "transparency": 0, "lweight": -1, "linewidth": 0.0, "ltscale": 1.0, "visible": 1, "thickness": 0.0, "ext": null, "height": 4.0000000000000009, "text": "16", "angle": 33.174917728887074, "widthscale": 13.582537148526169, "oblique": 0.0, "style": "style1", "textgen": 1, "alignh": 0, "alignv": 1, "interlin": 1.0 }, "geometry": { "type": "Point", "coordinates": [ -40.357149772152624, -20.425394301614308, 0.0 ] } },
{ "type": "Feature", "properties": { "fid": 9372, "handle": 776445, "block": -1, "etype": 19, "space": 0, "layer": "0", "olinetype": "bylayer", "linetype": "", "color": "0,0,0,55", "ocolor": 256, "color24": -1, "transparency": 0, "lweight": -1, "linewidth": 0.0, "ltscale": 1.0, "visible": 1, "thickness": 0.0, "ext": null, "height": 4.0000000000000009, "text": "1", "angle": 33.174917728887074, "widthscale": 13.582537148526169, "oblique": 0.0, "style": "style1", "textgen": 1, "alignh": 0, "alignv": 1, "interlin": 1.0 }, "geometry": { "type": "Point", "coordinates": [ -40.357011507747067, -20.426539893660784, 0.0 ] } },
{ "type": "Feature", "properties": { "fid": 9373, "handle": 776446, "block": -1, "etype": 19, "space": 0, "layer": "0", "olinetype": "byblock", "linetype": "", "color": "0,0,0,55", "ocolor": 256, "color24": -1, "transparency": 0, "lweight": -1, "linewidth": 0.0, "ltscale": 1.0, "visible": 1, "thickness": 0.0, "ext": null, "height": 4.0000000000000009, "text": "2", "angle": 33.174917728887074, "widthscale": 13.582537148526169, "oblique": 0.0, "style": "style1", "textgen": 1, "alignh": 0, "alignv": 1, "interlin": 1.0 }, "geometry": { "type": "Point", "coordinates": [ -40.35707057604759, -20.426457783373554, 0.0 ] } },
{ "type": "Feature", "properties": { "fid": 9374, "handle": 776447, "block": -1, "etype": 19, "space": 0, "layer": "0", "olinetype": "byblock", "linetype": "", "color": "0,0,0,55", "ocolor": 256, "color24": -1, "transparency": 0, "lweight": -1, "linewidth": 0.0, "ltscale": 1.0, "visible": 1, "thickness": 0.0, "ext": null, "height": 4.0000000000000009, "text": "3", "angle": 33.174917728887074, "widthscale": 13.582537148526169, "oblique": 0.0, "style": "style1", "textgen": 1, "alignh": 0, "alignv": 1, "interlin": 1.0 }, "geometry": { "type": "Point", "coordinates": [ -40.357127449371291, -20.426383677015576, 0.0 ] } },
{ "type": "Feature", "properties": { "fid": 9375, "handle": 776448, "block": -1, "etype": 19, "space": 0, "layer": "0", "olinetype": "byblock", "linetype": "", "color": "0,0,0,55", "ocolor": 256, "color24": -1, "transparency": 0, "lweight": -1, "linewidth": 0.0, "ltscale": 1.0, "visible": 1, "thickness": 0.0, "ext": null, "height": 4.0000000000000009, "text": "4", "angle": 33.174917728887074, "widthscale": 13.582537148526169, "oblique": 0.0, "style": "style1", "textgen": 1, "alignh": 0, "alignv": 1, "interlin": 1.0 }, "geometry": { "type": "Point", "coordinates": [ -40.35717936828064, -20.426313922928291, 0.0 ] } },
{ "type": "Feature", "properties": { "fid": 9376, "handle": 776449, "block": -1, "etype": 19, "space": 0, "layer": "0", "olinetype": "byblock", "linetype": "", "color": "0,0,0,55", "ocolor": 256, "color24": -1, "transparency": 0, "lweight": -1, "linewidth": 0.0, "ltscale": 1.0, "visible": 1, "thickness": 0.0, "ext": null, "height": 4.0000000000000009, "text": "5", "angle": 33.174917728887074, "widthscale": 13.582537148526169, "oblique": 0.0, "style": "style1", "textgen": 1, "alignh": 0, "alignv": 1, "interlin": 1.0 }, "geometry": { "type": "Point", "coordinates": [ -40.357233891248249, -20.426234688508735, 0.0 ] } },
{ "type": "Feature", "properties": { "fid": 9377, "handle": 776450, "block": -1, "etype": 19, "space": 0, "layer": "0", "olinetype": "byblock", "linetype": "", "color": "0,0,0,55", "ocolor": 256, "color24": -1, "transparency": 0, "lweight": -1, "linewidth": 0.0, "ltscale": 1.0, "visible": 1, "thickness": 0.0, "ext": null, "height": 4.0000000000000009, "text": "6", "angle": 33.174917728887074, "widthscale": 13.582537148526169, "oblique": 0.0, "style": "style1", "textgen": 1, "alignh": 0, "alignv": 1, "interlin": 1.0 }, "geometry": { "type": "Point", "coordinates": [ -40.357280700987658, -20.426158119395243, 0.0 ] } },
{ "type": "Feature", "properties": { "fid": 9378, "handle": 776451, "block": -1, "etype": 19, "space": 0, "layer": "0", "olinetype": "byblock", "linetype": "", "color": "0,0,0,55", "ocolor": 256, "color24": -1, "transparency": 0, "lweight": -1, "linewidth": 0.0, "ltscale": 1.0, "visible": 1, "thickness": 0.0, "ext": null, "height": 4.0000000000000009, "text": "8", "angle": 33.174917728887074, "widthscale": 13.582537148526169, "oblique": 0.0, "style": "style1", "textgen": 1, "alignh": 0, "alignv": 1, "interlin": 1.0 }, "geometry": { "type": "Point", "coordinates": [ -40.357079913308688, -20.42613937962113, 0.0 ] } },
{ "type": "Feature", "properties": { "fid": 9379, "handle": 776452, "block": -1, "etype": 19, "space": 0, "layer": "0", "olinetype": "byblock", "linetype": "", "color": "0,0,0,55", "ocolor": 256, "color24": -1, "transparency": 0, "lweight": -1, "linewidth": 0.0, "ltscale": 1.0, "visible": 1, "thickness": 0.0, "ext": null, "height": 4.0000000000000009, "text": "10", "angle": 33.174917728887074, "widthscale": 13.582537148526169, "oblique": 0.0, "style": "style1", "textgen": 1, "alignh": 0, "alignv": 1, "interlin": 1.0 }, "geometry": { "type": "Point", "coordinates": [ -40.357007548009982, -20.426097701203794, 0.0 ] } },
{ "type": "Feature", "properties": { "fid": 9380, "handle": 776453, "block": -1, "etype": 19, "space": 0, "layer": "0", "olinetype": "byblock", "linetype": "", "color": "0,0,0,55", "ocolor": 256, "color24": -1, "transparency": 0, "lweight": -1, "linewidth": 0.0, "ltscale": 1.0, "visible": 1, "thickness": 0.0, "ext": null, "height": 4.0000000000000009, "text": "12", "angle": 33.174917728887074, "widthscale": 13.582537148526169, "oblique": 0.0, "style": "style1", "textgen": 1, "alignh": 0, "alignv": 1, "interlin": 1.0 }, "geometry": { "type": "Point", "coordinates": [ -40.356931230774592, -20.426045890849494, 0.0 ] } },
{ "type": "Feature", "properties": { "fid": 9381, "handle": 776454, "block": -1, "etype": 19, "space": 0, "layer": "0", "olinetype": "byblock", "linetype": "", "color": "0,0,0,55", "ocolor": 256, "color24": -1, "transparency": 0, "lweight": -1, "linewidth": 0.0, "ltscale": 1.0, "visible": 1, "thickness": 0.0, "ext": null, "height": 4.0000000000000009, "text": "14", "angle": 33.174917728887074, "widthscale": 13.582537148526169, "oblique": 0.0, "style": "style1", "textgen": 1, "alignh": 0, "alignv": 1, "interlin": 1.0 }, "geometry": { "type": "Point", "coordinates": [ -40.356853099072332, -20.426000686167932, 0.0 ] } },
{ "type": "Feature", "properties": { "fid": 9382, "handle": 776455, "block": -1, "etype": 19, "space": 0, "layer": "0", "olinetype": "byblock", "linetype": "", "color": "0,0,0,55", "ocolor": 256, "color24": -1, "transparency": 0, "lweight": -1, "linewidth": 0.0, "ltscale": 1.0, "visible": 1, "thickness": 0.0, "ext": null, "height": 4.0000000000000009, "text": "18", "angle": 33.174917728887074, "widthscale": 13.582537148526169, "oblique": 0.0, "style": "style1", "textgen": 1, "alignh": 0, "alignv": 1, "interlin": 1.0 }, "geometry": { "type": "Point", "coordinates": [ -40.356682703998182, -20.425899063607524, 0.0 ] } },
{ "type": "Feature", "properties": { "fid": 9383, "handle": 776456, "block": -1, "etype": 19, "space": 0, "layer": "0", "olinetype": "byblock", "linetype": "", "color": "0,0,0,55", "ocolor": 256, "color24": -1, "transparency": 0, "lweight": -1, "linewidth": 0.0, "ltscale": 1.0, "visible": 1, "thickness": 0.0, "ext": null, "height": 4.0000000000000009, "text": "20", "angle": 33.174917728887074, "widthscale": 13.582537148526169, "oblique": 0.0, "style": "style1", "textgen": 1, "alignh": 0, "alignv": 1, "interlin": 1.0 }, "geometry": { "type": "Point", "coordinates": [ -40.356591117428572, -20.42584563121774, 0.0 ] } },
{ "type": "Feature", "properties": { "fid": 9384, "handle": 776457, "block": -1, "etype": 19, "space": 0, "layer": "0", "olinetype": "byblock", "linetype": "", "color": "0,0,0,55", "ocolor": 256, "color24": -1, "transparency": 0, "lweight": -1, "linewidth": 0.0, "ltscale": 1.0, "visible": 1, "thickness": 0.0, "ext": null, "height": 4.0000000000000009, "text": "19", "angle": 33.174917728887074, "widthscale": 13.582537148526169, "oblique": 0.0, "style": "style1", "textgen": 1, "alignh": 0, "alignv": 1, "interlin": 1.0 }, "geometry": { "type": "Point", "coordinates": [ -40.356418334703882, -20.426076879066226, 0.0 ] } },
{ "type": "Feature", "properties": { "fid": 9385, "handle": 776458, "block": -1, "etype": 19, "space": 0, "layer": "0", "olinetype": "byblock", "linetype": "", "color": "0,0,0,55", "ocolor": 256, "color24": -1, "transparency": 0, "lweight": -1, "linewidth": 0.0, "ltscale": 1.0, "visible": 1, "thickness": 0.0, "ext": null, "height": 4.0000000000000009, "text": "7", "angle": 33.174917728887074, "widthscale": 13.582537148526169, "oblique": 0.0, "style": "style1", "textgen": 1, "alignh": 0, "alignv": 1, "interlin": 1.0 }, "geometry": { "type": "Point", "coordinates": [ -40.356916741796098, -20.426376504743281, 0.0 ] } },
{ "type": "Feature", "properties": { "fid": 9386, "handle": 776459, "block": -1, "etype": 19, "space": 0, "layer": "0", "olinetype": "byblock", "linetype": "", "color": "0,0,0,55", "ocolor": 256, "color24": -1, "transparency": 0, "lweight": -1, "linewidth": 0.0, "ltscale": 1.0, "visible": 1, "thickness": 0.0, "ext": null, "height": 4.0000000000000009, "text": "9", "angle": 33.174917728887074, "widthscale": 13.582537148526169, "oblique": 0.0, "style": "style1", "textgen": 1, "alignh": 0, "alignv": 1, "interlin": 1.0 }, "geometry": { "type": "Point", "coordinates": [ -40.356833412418183, -20.426322978411743, 0.0 ] } },
{ "type": "Feature", "properties": { "fid": 9387, "handle": 776460, "block": -1, "etype": 19, "space": 0, "layer": "0", "olinetype": "byblock", "linetype": "", "color": "0,0,0,55", "ocolor": 256, "color24": -1, "transparency": 0, "lweight": -1, "linewidth": 0.0, "ltscale": 1.0, "visible": 1, "thickness": 0.0, "ext": null, "height": 4.0000000000000009, "text": "11", "angle": 33.174917728887074, "widthscale": 13.582537148526169, "oblique": 0.0, "style": "style1", "textgen": 1, "alignh": 0, "alignv": 1, "interlin": 1.0 }, "geometry": { "type": "Point", "coordinates": [ -40.356751436279723, -20.426275422949562, 0.0 ] } },
{ "type": "Feature", "properties": { "fid": 9388, "handle": 776461, "block": -1, "etype": 19, "space": 0, "layer": "0", "olinetype": "byblock", "linetype": "", "color": "0,0,0,55", "ocolor": 256, "color24": -1, "transparency": 0, "lweight": -1, "linewidth": 0.0, "ltscale": 1.0, "visible": 1, "thickness": 0.0, "ext": null, "height": 4.0000000000000009, "text": "13", "angle": 33.174917728887074, "widthscale": 13.582537148526169, "oblique": 0.0, "style": "style1", "textgen": 1, "alignh": 0, "alignv": 1, "interlin": 1.0 }, "geometry": { "type": "Point", "coordinates": [ -40.356682346137447, -20.426240890634858, 0.0 ] } },
{ "type": "Feature", "properties": { "fid": 9389, "handle": 776462, "block": -1, "etype": 19, "space": 0, "layer": "0", "olinetype": "byblock", "linetype": "", "color": "0,0,0,55", "ocolor": 256, "color24": -1, "transparency": 0, "lweight": -1, "linewidth": 0.0, "ltscale": 1.0, "visible": 1, "thickness": 0.0, "ext": null, "height": 4.0000000000000009, "text": "15", "angle": 33.174917728887074, "widthscale": 13.582537148526169, "oblique": 0.0, "style": "style1", "textgen": 1, "alignh": 0, "alignv": 1, "interlin": 1.0 }, "geometry": { "type": "Point", "coordinates": [ -40.356604106931748, -20.426187904860427, 0.0 ] } },
{ "type": "Feature", "properties": { "fid": 9390, "handle": 776463, "block": -1, "etype": 19, "space": 0, "layer": "0", "olinetype": "byblock", "linetype": "", "color": "0,0,0,55", "ocolor": 256, "color24": -1, "transparency": 0, "lweight": -1, "linewidth": 0.0, "ltscale": 1.0, "visible": 1, "thickness": 0.0, "ext": null, "height": 4.0000000000000009, "text": "17", "angle": 33.174917728887074, "widthscale": 13.582537148526169, "oblique": 0.0, "style": "style1", "textgen": 1, "alignh": 0, "alignv": 1, "interlin": 1.0 }, "geometry": { "type": "Point", "coordinates": [ -40.356518963119008, -20.426140984007745, 0.0 ] } },
{ "type": "Feature", "properties": { "fid": 9391, "handle": 776464, "block": -1, "etype": 19, "space": 0, "layer": "0", "olinetype": "byblock", "linetype": "", "color": "0,0,0,55", "ocolor": 256, "color24": -1, "transparency": 0, "lweight": -1, "linewidth": 0.0, "ltscale": 1.0, "visible": 1, "thickness": 0.0, "ext": null, "height": 4.0000000000000009, "text": "21", "angle": 33.174917728887074, "widthscale": 13.582537148526169, "oblique": 0.0, "style": "style1", "textgen": 1, "alignh": 0, "alignv": 1, "interlin": 1.0 }, "geometry": { "type": "Point", "coordinates": [ -40.356185790147919, -20.426034198705729, 0.0 ] } },
{ "type": "Feature", "properties": { "fid": 9392, "handle": 776465, "block": -1, "etype": 19, "space": 0, "layer": "0", "olinetype": "byblock", "linetype": "", "color": "0,0,0,55", "ocolor": 256, "color24": -1, "transparency": 0, "lweight": -1, "linewidth": 0.0, "ltscale": 1.0, "visible": 1, "thickness": 0.0, "ext": null, "height": 4.0000000000000009, "text": "22", "angle": 33.174917728887074, "widthscale": 13.582537148526169, "oblique": 0.0, "style": "style1", "textgen": 1, "alignh": 0, "alignv": 1, "interlin": 1.0 }, "geometry": { "type": "Point", "coordinates": [ -40.35624236755212, -20.425955708892925, 0.0 ] } },
{ "type": "Feature", "properties": { "fid": 9393, "handle": 776466, "block": -1, "etype": 19, "space": 0, "layer": "0", "olinetype": "byblock", "linetype": "", "color": "0,0,0,55", "ocolor": 256, "color24": -1, "transparency": 0, "lweight": -1, "linewidth": 0.0, "ltscale": 1.0, "visible": 1, "thickness": 0.0, "ext": null, "height": 4.0000000000000009, "text": "23", "angle": 33.174917728887074, "widthscale": 13.582537148526169, "oblique": 0.0, "style": "style1", "textgen": 1, "alignh": 0, "alignv": 1, "interlin": 1.0 }, "geometry": { "type": "Point", "coordinates": [ -40.35629222901207, -20.425879886755812, 0.0 ] } },
{ "type": "Feature", "properties": { "fid": 9394, "handle": 776467, "block": -1, "etype": 19, "space": 0, "layer": "0", "olinetype": "byblock", "linetype": "", "color": "0,0,0,55", "ocolor": 256, "color24": -1, "transparency": 0, "lweight": -1, "linewidth": 0.0, "ltscale": 1.0, "visible": 1, "thickness": 0.0, "ext": null, "height": 4.0000000000000009, "text": "24", "angle": 33.174917728887074, "widthscale": 13.582537148526169, "oblique": 0.0, "style": "style1", "textgen": 1, "alignh": 0, "alignv": 1, "interlin": 1.0 }, "geometry": { "type": "Point", "coordinates": [ -40.356349238061945, -20.425810673523941, 0.0 ] } },
{ "type": "Feature", "properties": { "fid": 9395, "handle": 776468, "block": -1, "etype": 19, "space": 0, "layer": "0", "olinetype": "byblock", "linetype": "", "color": "0,0,0,55", "ocolor": 256, "color24": -1, "transparency": 0, "lweight": -1, "linewidth": 0.0, "ltscale": 1.0, "visible": 1, "thickness": 0.0, "ext": null, "height": 4.0000000000000009, "text": "25", "angle": 33.174917728887074, "widthscale": 13.582537148526169, "oblique": 0.0, "style": "style1", "textgen": 1, "alignh": 0, "alignv": 1, "interlin": 1.0 }, "geometry": { "type": "Point", "coordinates": [ -40.356397425842964, -20.425732708807281, 0.0 ] } },
{ "type": "Feature", "properties": { "fid": 9396, "handle": 776469, "block": -1, "etype": 19, "space": 0, "layer": "0", "olinetype": "byblock", "linetype": "", "color": "0,0,0,55", "ocolor": 256, "color24": -1, "transparency": 0, "lweight": -1, "linewidth": 0.0, "ltscale": 1.0, "visible": 1, "thickness": 0.0, "ext": null, "height": 4.0000000000000009, "text": "26", "angle": 33.174917728887074, "widthscale": 13.582537148526169, "oblique": 0.0, "style": "style1", "textgen": 1, "alignh": 0, "alignv": 1, "interlin": 1.0 }, "geometry": { "type": "Point", "coordinates": [ -40.356447972642826, -20.42565070955132, 0.0 ] } },
{ "type": "Feature", "properties": { "fid": 9397, "handle": 776470, "block": -1, "etype": 19, "space": 0, "layer": "0", "olinetype": "byblock", "linetype": "", "color": "0,0,0,55", "ocolor": 256, "color24": -1, "transparency": 0, "lweight": -1, "linewidth": 0.0, "ltscale": 1.0, "visible": 1, "thickness": 0.0, "ext": null, "height": 4.0000000000000009, "text": "16", "angle": 33.174917728887074, "widthscale": 13.582537148526169, "oblique": 0.0, "style": "style1", "textgen": 1, "alignh": 0, "alignv": 1, "interlin": 1.0 }, "geometry": { "type": "Point", "coordinates": [ -40.356771446069885, -20.425951696613037, 0.0 ] } },
{ "type": "Feature", "properties": { "fid": 9398, "handle": 776608, "block": -1, "etype": 19, "space": 0, "layer": "0", "olinetype": "bylayer", "linetype": "", "color": "0,0,0,55", "ocolor": 256, "color24": -1, "transparency": 0, "lweight": -1, "linewidth": 0.0, "ltscale": 1.0, "visible": 1, "thickness": 0.0, "ext": null, "height": 4.0000000000000009, "text": "1", "angle": 33.174917728887074, "widthscale": 13.582537148526169, "oblique": 0.0, "style": "style1", "textgen": 1, "alignh": 0, "alignv": 1, "interlin": 1.0 }, "geometry": { "type": "Point", "coordinates": [ -40.356632448488419, -20.427087922178874, 0.0 ] } },
{ "type": "Feature", "properties": { "fid": 9399, "handle": 776609, "block": -1, "etype": 19, "space": 0, "layer": "0", "olinetype": "bylayer", "linetype": "", "color": "0,0,0,55", "ocolor": 256, "color24": -1, "transparency": 0, "lweight": -1, "linewidth": 0.0, "ltscale": 1.0, "visible": 1, "thickness": 0.0, "ext": null, "height": 4.0000000000000009, "text": "2", "angle": 33.174917728887074, "widthscale": 13.582537148526169, "oblique": 0.0, "style": "style1", "textgen": 1, "alignh": 0, "alignv": 1, "interlin": 1.0 }, "geometry": { "type": "Point", "coordinates": [ -40.356691517189141, -20.427005812002029, 0.0 ] } },
{ "type": "Feature", "properties": { "fid": 9400, "handle": 776610, "block": -1, "etype": 19, "space": 0, "layer": "0", "olinetype": "bylayer", "linetype": "", "color": "0,0,0,55", "ocolor": 256, "color24": -1, "transparency": 0, "lweight": -1, "linewidth": 0.0, "ltscale": 1.0, "visible": 1, "thickness": 0.0, "ext": null, "height": 4.0000000000000009, "text": "3", "angle": 33.174917728887074, "widthscale": 13.582537148526169, "oblique": 0.0, "style": "style1", "textgen": 1, "alignh": 0, "alignv": 1, "interlin": 1.0 }, "geometry": { "type": "Point", "coordinates": [ -40.356748390887148, -20.426931705750878, 0.0 ] } },
{ "type": "Feature", "properties": { "fid": 9401, "handle": 776611, "block": -1, "etype": 19, "space": 0, "layer": "0", "olinetype": "bylayer", "linetype": "", "color": "0,0,0,55", "ocolor": 256, "color24": -1, "transparency": 0, "lweight": -1, "linewidth": 0.0, "ltscale": 1.0, "visible": 1, "thickness": 0.0, "ext": null, "height": 4.0000000000000009, "text": "4", "angle": 33.174917728887074, "widthscale": 13.582537148526169, "oblique": 0.0, "style": "style1", "textgen": 1, "alignh": 0, "alignv": 1, "interlin": 1.0 }, "geometry": { "type": "Point", "coordinates": [ -40.356800310142873, -20.426861951760813, 0.0 ] } },
{ "type": "Feature", "properties": { "fid": 9402, "handle": 776612, "block": -1, "etype": 19, "space": 0, "layer": "0", "olinetype": "bylayer", "linetype": "", "color": "0,0,0,55", "ocolor": 256, "color24": -1, "transparency": 0, "lweight": -1, "linewidth": 0.0, "ltscale": 1.0, "visible": 1, "thickness": 0.0, "ext": null, "height": 4.0000000000000009, "text": "5", "angle": 33.174917728887074, "widthscale": 13.582537148526169, "oblique": 0.0, "style": "style1", "textgen": 1, "alignh": 0, "alignv": 1, "interlin": 1.0 }, "geometry": { "type": "Point", "coordinates": [ -40.356854833487517, -20.426782717442972, 0.0 ] } },
{ "type": "Feature", "properties": { "fid": 9403, "handle": 776613, "block": -1, "etype": 19, "space": 0, "layer": "0", "olinetype": "bylayer", "linetype": "", "color": "0,0,0,55", "ocolor": 256, "color24": -1, "transparency": 0, "lweight": -1, "linewidth": 0.0, "ltscale": 1.0, "visible": 1, "thickness": 0.0, "ext": null, "height": 4.0000000000000009, "text": "6", "angle": 33.174917728887074, "widthscale": 13.582537148526169, "oblique": 0.0, "style": "style1", "textgen": 1, "alignh": 0, "alignv": 1, "interlin": 1.0 }, "geometry": { "type": "Point", "coordinates": [ -40.356901643569664, -20.426706148416159, 0.0 ] } },
{ "type": "Feature", "properties": { "fid": 9404, "handle": 776614, "block": -1, "etype": 19, "space": 0, "layer": "0", "olinetype": "bylayer", "linetype": "", "color": "0,0,0,55", "ocolor": 256, "color24": -1, "transparency": 0, "lweight": -1, "linewidth": 0.0, "ltscale": 1.0, "visible": 1, "thickness": 0.0, "ext": null, "height": 4.0000000000000009, "text": "8", "angle": 33.174917728887074, "widthscale": 13.582537148526169, "oblique": 0.0, "style": "style1", "textgen": 1, "alignh": 0, "alignv": 1, "interlin": 1.0 }, "geometry": { "type": "Point", "coordinates": [ -40.356701889991882, -20.426681131817865, 0.0 ] } },
{ "type": "Feature", "properties": { "fid": 9405, "handle": 776615, "block": -1, "etype": 19, "space": 0, "layer": "0", "olinetype": "bylayer", "linetype": "", "color": "0,0,0,55", "ocolor": 256, "color24": -1, "transparency": 0, "lweight": -1, "linewidth": 0.0, "ltscale": 1.0, "visible": 1, "thickness": 0.0, "ext": null, "height": 4.0000000000000009, "text": "10", "angle": 33.174917728887074, "widthscale": 13.582537148526169, "oblique": 0.0, "style": "style1", "textgen": 1, "alignh": 0, "alignv": 1, "interlin": 1.0 }, "geometry": { "type": "Point", "coordinates": [ -40.356629524522319, -20.426639453254449, 0.0 ] } },
{ "type": "Feature", "properties": { "fid": 9406, "handle": 776616, "block": -1, "etype": 19, "space": 0, "layer": "0", "olinetype": "bylayer", "linetype": "", "color": "0,0,0,55", "ocolor": 256, "color24": -1, "transparency": 0, "lweight": -1, "linewidth": 0.0, "ltscale": 1.0, "visible": 1, "thickness": 0.0, "ext": null, "height": 4.0000000000000009, "text": "12", "angle": 33.174917728887074, "widthscale": 13.582537148526169, "oblique": 0.0, "style": "style1", "textgen": 1, "alignh": 0, "alignv": 1, "interlin": 1.0 }, "geometry": { "type": "Point", "coordinates": [ -40.356553207124165, -20.426587642745485, 0.0 ] } },
{ "type": "Feature", "properties": { "fid": 9407, "handle": 776617, "block": -1, "etype": 19, "space": 0, "layer": "0", "olinetype": "byblock", "linetype": "", "color": "0,0,0,55", "ocolor": 256, "color24": -1, "transparency": 0, "lweight": -1, "linewidth": 0.0, "ltscale": 1.0, "visible": 1, "thickness": 0.0, "ext": null, "height": 4.0000000000000009, "text": "14", "angle": 33.174917728887074, "widthscale": 13.582537148526169, "oblique": 0.0, "style": "style1", "textgen": 1, "alignh": 0, "alignv": 1, "interlin": 1.0 }, "geometry": { "type": "Point", "coordinates": [ -40.356475075237888, -20.426542437906168, 0.0 ] } },
{ "type": "Feature", "properties": { "fid": 9408, "handle": 776618, "block": -1, "etype": 19, "space": 0, "layer": "0", "olinetype": "byblock", "linetype": "", "color": "0,0,0,55", "ocolor": 256, "color24": -1, "transparency": 0, "lweight": -1, "linewidth": 0.0, "ltscale": 1.0, "visible": 1, "thickness": 0.0, "ext": null, "height": 4.0000000000000009, "text": "18", "angle": 33.174917728887074, "widthscale": 13.582537148526169, "oblique": 0.0, "style": "style1", "textgen": 1, "alignh": 0, "alignv": 1, "interlin": 1.0 }, "geometry": { "type": "Point", "coordinates": [ -40.356304679769181, -20.426440815001534, 0.0 ] } },
{ "type": "Feature", "properties": { "fid": 9409, "handle": 776619, "block": -1, "etype": 19, "space": 0, "layer": "0", "olinetype": "byblock", "linetype": "", "color": "0,0,0,55", "ocolor": 256, "color24": -1, "transparency": 0, "lweight": -1, "linewidth": 0.0, "ltscale": 1.0, "visible": 1, "thickness": 0.0, "ext": null, "height": 4.0000000000000009, "text": "20", "angle": 33.174917728887074, "widthscale": 13.582537148526169, "oblique": 0.0, "style": "style1", "textgen": 1, "alignh": 0, "alignv": 1, "interlin": 1.0 }, "geometry": { "type": "Point", "coordinates": [ -40.356213092984838, -20.426387382426814, 0.0 ] } },
{ "type": "Feature", "properties": { "fid": 9410, "handle": 776620, "block": -1, "etype": 19, "space": 0, "layer": "0", "olinetype": "byblock", "linetype": "", "color": "0,0,0,55", "ocolor": 256, "color24": -1, "transparency": 0, "lweight": -1, "linewidth": 0.0, "ltscale": 1.0, "visible": 1, "thickness": 0.0, "ext": null, "height": 4.0000000000000009, "text": "19", "angle": 33.174917728887074, "widthscale": 13.582537148526169, "oblique": 0.0, "style": "style1", "textgen": 1, "alignh": 0, "alignv": 1, "interlin": 1.0 }, "geometry": { "type": "Point", "coordinates": [ -40.356040309117468, -20.426618629952181, 0.0 ] } },
{ "type": "Feature", "properties": { "fid": 9411, "handle": 776621, "block": -1, "etype": 19, "space": 0, "layer": "0", "olinetype": "bylayer", "linetype": "", "color": "0,0,0,55", "ocolor": 256, "color24": -1, "transparency": 0, "lweight": -1, "linewidth": 0.0, "ltscale": 1.0, "visible": 1, "thickness": 0.0, "ext": null, "height": 4.0000000000000009, "text": "7", "angle": 33.174917728887074, "widthscale": 13.582537148526169, "oblique": 0.0, "style": "style1", "textgen": 1, "alignh": 0, "alignv": 1, "interlin": 1.0 }, "geometry": { "type": "Point", "coordinates": [ -40.356538717358504, -20.426918256636316, 0.0 ] } },
{ "type": "Feature", "properties": { "fid": 9412, "handle": 776622, "block": -1, "etype": 19, "space": 0, "layer": "0", "olinetype": "bylayer", "linetype": "", "color": "0,0,0,55", "ocolor": 256, "color24": -1, "transparency": 0, "lweight": -1, "linewidth": 0.0, "ltscale": 1.0, "visible": 1, "thickness": 0.0, "ext": null, "height": 4.0000000000000009, "text": "9", "angle": 33.174917728887074, "widthscale": 13.582537148526169, "oblique": 0.0, "style": "style1", "textgen": 1, "alignh": 0, "alignv": 1, "interlin": 1.0 }, "geometry": { "type": "Point", "coordinates": [ -40.356455387796146, -20.426864730136117, 0.0 ] } },
{ "type": "Feature", "properties": { "fid": 9413, "handle": 776623, "block": -1, "etype": 19, "space": 0, "layer": "0", "olinetype": "bylayer", "linetype": "", "color": "0,0,0,55", "ocolor": 256, "color24": -1, "transparency": 0, "lweight": -1, "linewidth": 0.0, "ltscale": 1.0, "visible": 1, "thickness": 0.0, "ext": null, "height": 4.0000000000000009, "text": "11", "angle": 33.174917728887074, "widthscale": 13.582537148526169, "oblique": 0.0, "style": "style1", "textgen": 1, "alignh": 0, "alignv": 1, "interlin": 1.0 }, "geometry": { "type": "Point", "coordinates": [ -40.35637341146488, -20.42681717450845, 0.0 ] } },
{ "type": "Feature", "properties": { "fid": 9414, "handle": 776624, "block": -1, "etype": 19, "space": 0, "layer": "0", "olinetype": "byblock", "linetype": "", "color": "0,0,0,55", "ocolor": 256, "color24": -1, "transparency": 0, "lweight": -1, "linewidth": 0.0, "ltscale": 1.0, "visible": 1, "thickness": 0.0, "ext": null, "height": 4.0000000000000009, "text": "13", "angle": 33.174917728887074, "widthscale": 13.582537148526169, "oblique": 0.0, "style": "style1", "textgen": 1, "alignh": 0, "alignv": 1, "interlin": 1.0 }, "geometry": { "type": "Point", "coordinates": [ -40.35630432114781, -20.4267826420547, 0.0 ] } },
{ "type": "Feature", "properties": { "fid": 9415, "handle": 776625, "block": -1, "etype": 19, "space": 0, "layer": "0", "olinetype": "byblock", "linetype": "", "color": "0,0,0,55", "ocolor": 256, "color24": -1, "transparency": 0, "lweight": -1, "linewidth": 0.0, "ltscale": 1.0, "visible": 1, "thickness": 0.0, "ext": null, "height": 4.0000000000000009, "text": "15", "angle": 33.174917728887074, "widthscale": 13.582537148526169, "oblique": 0.0, "style": "style1", "textgen": 1, "alignh": 0, "alignv": 1, "interlin": 1.0 }, "geometry": { "type": "Point", "coordinates": [ -40.356226081774977, -20.426729656121726, 0.0 ] } },
{ "type": "Feature", "properties": { "fid": 9416, "handle": 776626, "block": -1, "etype": 19, "space": 0, "layer": "0", "olinetype": "byblock", "linetype": "", "color": "0,0,0,55", "ocolor": 256, "color24": -1, "transparency": 0, "lweight": -1, "linewidth": 0.0, "ltscale": 1.0, "visible": 1, "thickness": 0.0, "ext": null, "height": 4.0000000000000009, "text": "17", "angle": 33.174917728887074, "widthscale": 13.582537148526169, "oblique": 0.0, "style": "style1", "textgen": 1, "alignh": 0, "alignv": 1, "interlin": 1.0 }, "geometry": { "type": "Point", "coordinates": [ -40.356140937756528, -20.426682735097312, 0.0 ] } },
{ "type": "Feature", "properties": { "fid": 9417, "handle": 776627, "block": -1, "etype": 19, "space": 0, "layer": "0", "olinetype": "byblock", "linetype": "", "color": "0,0,0,55", "ocolor": 256, "color24": -1, "transparency": 0, "lweight": -1, "linewidth": 0.0, "ltscale": 1.0, "visible": 1, "thickness": 0.0, "ext": null, "height": 4.0000000000000009, "text": "21", "angle": 33.174917728887074, "widthscale": 13.582537148526169, "oblique": 0.0, "style": "style1", "textgen": 1, "alignh": 0, "alignv": 1, "interlin": 1.0 }, "geometry": { "type": "Point", "coordinates": [ -40.355807763809771, -20.426575949129337, 0.0 ] } },
{ "type": "Feature", "properties": { "fid": 9418, "handle": 776628, "block": -1, "etype": 19, "space": 0, "layer": "0", "olinetype": "byblock", "linetype": "", "color": "0,0,0,55", "ocolor": 256, "color24": -1, "transparency": 0, "lweight": -1, "linewidth": 0.0, "ltscale": 1.0, "visible": 1, "thickness": 0.0, "ext": null, "height": 4.0000000000000009, "text": "22", "angle": 33.174917728887074, "widthscale": 13.582537148526169, "oblique": 0.0, "style": "style1", "textgen": 1, "alignh": 0, "alignv": 1, "interlin": 1.0 }, "geometry": { "type": "Point", "coordinates": [ -40.355864341594277, -20.426497459422116, 0.0 ] } },
{ "type": "Feature", "properties": { "fid": 9419, "handle": 776629, "block": -1, "etype": 19, "space": 0, "layer": "0", "olinetype": "byblock", "linetype": "", "color": "0,0,0,55", "ocolor": 256, "color24": -1, "transparency": 0, "lweight": -1, "linewidth": 0.0, "ltscale": 1.0, "visible": 1, "thickness": 0.0, "ext": null, "height": 4.0000000000000009, "text": "23", "angle": 33.174917728887074, "widthscale": 13.582537148526169, "oblique": 0.0, "style": "style1", "textgen": 1, "alignh": 0, "alignv": 1, "interlin": 1.0 }, "geometry": { "type": "Point", "coordinates": [ -40.355914203404183, -20.426421637377558, 0.0 ] } },
{ "type": "Feature", "properties": { "fid": 9420, "handle": 776630, "block": -1, "etype": 19, "space": 0, "layer": "0", "olinetype": "byblock", "linetype": "", "color": "0,0,0,55", "ocolor": 256, "color24": -1, "transparency": 0, "lweight": -1, "linewidth": 0.0, "ltscale": 1.0, "visible": 1, "thickness": 0.0, "ext": null, "height": 4.0000000000000009, "text": "24", "angle": 33.174917728887074, "widthscale": 13.582537148526169, "oblique": 0.0, "style": "style1", "textgen": 1, "alignh": 0, "alignv": 1, "interlin": 1.0 }, "geometry": { "type": "Point", "coordinates": [ -40.355971212815348, -20.426352424252851, 0.0 ] } },
{ "type": "Feature", "properties": { "fid": 9421, "handle": 776631, "block": -1, "etype": 19, "space": 0, "layer": "0", "olinetype": "byblock", "linetype": "", "color": "0,0,0,55", "ocolor": 256, "color24": -1, "transparency": 0, "lweight": -1, "linewidth": 0.0, "ltscale": 1.0, "visible": 1, "thickness": 0.0, "ext": null, "height": 4.0000000000000009, "text": "25", "angle": 33.174917728887074, "widthscale": 13.582537148526169, "oblique": 0.0, "style": "style1", "textgen": 1, "alignh": 0, "alignv": 1, "interlin": 1.0 }, "geometry": { "type": "Point", "coordinates": [ -40.356019400944973, -20.426274459625237, 0.0 ] } },
{ "type": "Feature", "properties": { "fid": 9422, "handle": 776632, "block": -1, "etype": 19, "space": 0, "layer": "0", "olinetype": "byblock", "linetype": "", "color": "0,0,0,55", "ocolor": 256, "color24": -1, "transparency": 0, "lweight": -1, "linewidth": 0.0, "ltscale": 1.0, "visible": 1, "thickness": 0.0, "ext": null, "height": 4.0000000000000009, "text": "26", "angle": 33.174917728887074, "widthscale": 13.582537148526169, "oblique": 0.0, "style": "style1", "textgen": 1, "alignh": 0, "alignv": 1, "interlin": 1.0 }, "geometry": { "type": "Point", "coordinates": [ -40.356069948110978, -20.426192460462715, 0.0 ] } },
{ "type": "Feature", "properties": { "fid": 9423, "handle": 776633, "block": -1, "etype": 19, "space": 0, "layer": "0", "olinetype": "byblock", "linetype": "", "color": "0,0,0,55", "ocolor": 256, "color24": -1, "transparency": 0, "lweight": -1, "linewidth": 0.0, "ltscale": 1.0, "visible": 1, "thickness": 0.0, "ext": null, "height": 4.0000000000000009, "text": "16", "angle": 33.174917728887074, "widthscale": 13.582537148526169, "oblique": 0.0, "style": "style1", "textgen": 1, "alignh": 0, "alignv": 1, "interlin": 1.0 }, "geometry": { "type": "Point", "coordinates": [ -40.356393422047013, -20.426493448186324, 0.0 ] } },
{ "type": "Feature", "properties": { "fid": 9424, "handle": 776776, "block": -1, "etype": 19, "space": 0, "layer": "0", "olinetype": "bylayer", "linetype": "", "color": "0,0,0,55", "ocolor": 256, "color24": -1, "transparency": 0, "lweight": -1, "linewidth": 0.0, "ltscale": 1.0, "visible": 1, "thickness": 0.0, "ext": null, "height": 4.0000000000000009, "text": "1", "angle": 33.174917728887074, "widthscale": 13.582537148526169, "oblique": 0.0, "style": "style1", "textgen": 1, "alignh": 0, "alignv": 1, "interlin": 1.0 }, "geometry": { "type": "Point", "coordinates": [ -40.358602547048129, -20.426696081007961, 0.0 ] } },
{ "type": "Feature", "properties": { "fid": 9425, "handle": 776777, "block": -1, "etype": 19, "space": 0, "layer": "0", "olinetype": "bylayer", "linetype": "", "color": "0,0,0,55", "ocolor": 256, "color24": -1, "transparency": 0, "lweight": -1, "linewidth": 0.0, "ltscale": 1.0, "visible": 1, "thickness": 0.0, "ext": null, "height": 4.0000000000000009, "text": "2", "angle": 33.174917728887074, "widthscale": 13.582537148526169, "oblique": 0.0, "style": "style1", "textgen": 1, "alignh": 0, "alignv": 1, "interlin": 1.0 }, "geometry": { "type": "Point", "coordinates": [ -40.358661614524109, -20.426613970226573, 0.0 ] } },
{ "type": "Feature", "properties": { "fid": 9426, "handle": 776778, "block": -1, "etype": 19, "space": 0, "layer": "0", "olinetype": "bylayer", "linetype": "", "color": "0,0,0,55", "ocolor": 256, "color24": -1, "transparency": 0, "lweight": -1, "linewidth": 0.0, "ltscale": 1.0, "visible": 1, "thickness": 0.0, "ext": null, "height": 4.0000000000000009, "text": "3", "angle": 33.174917728887074, "widthscale": 13.582537148526169, "oblique": 0.0, "style": "style1", "textgen": 1, "alignh": 0, "alignv": 1, "interlin": 1.0 }, "geometry": { "type": "Point", "coordinates": [ -40.358718487105136, -20.426539863389962, 0.0 ] } },
{ "type": "Feature", "properties": { "fid": 9427, "handle": 776779, "block": -1, "etype": 19, "space": 0, "layer": "0", "olinetype": "byblock", "linetype": "", "color": "0,0,0,55", "ocolor": 256, "color24": -1, "transparency": 0, "lweight": -1, "linewidth": 0.0, "ltscale": 1.0, "visible": 1, "thickness": 0.0, "ext": null, "height": 4.0000000000000009, "text": "4", "angle": 33.174917728887074, "widthscale": 13.582537148526169, "oblique": 0.0, "style": "style1", "textgen": 1, "alignh": 0, "alignv": 1, "interlin": 1.0 }, "geometry": { "type": "Point", "coordinates": [ -40.358770405314743, -20.426470108866887, 0.0 ] } },
{ "type": "Feature", "properties": { "fid": 9428, "handle": 776780, "block": -1, "etype": 19, "space": 0, "layer": "0", "olinetype": "byblock", "linetype": "", "color": "0,0,0,55", "ocolor": 256, "color24": -1, "transparency": 0, "lweight": -1, "linewidth": 0.0, "ltscale": 1.0, "visible": 1, "thickness": 0.0, "ext": null, "height": 4.0000000000000009, "text": "5", "angle": 33.174917728887074, "widthscale": 13.582537148526169, "oblique": 0.0, "style": "style1", "textgen": 1, "alignh": 0, "alignv": 1, "interlin": 1.0 }, "geometry": { "type": "Point", "coordinates": [ -40.358824927485585, -20.426390873993316, 0.0 ] } },
{ "type": "Feature", "properties": { "fid": 9429, "handle": 776781, "block": -1, "etype": 19, "space": 0, "layer": "0", "olinetype": "bylayer", "linetype": "", "color": "0,0,0,55", "ocolor": 256, "color24": -1, "transparency": 0, "lweight": -1, "linewidth": 0.0, "ltscale": 1.0, "visible": 1, "thickness": 0.0, "ext": null, "height": 4.0000000000000009, "text": "6", "angle": 33.174917728887074, "widthscale": 13.582537148526169, "oblique": 0.0, "style": "style1", "textgen": 1, "alignh": 0, "alignv": 1, "interlin": 1.0 }, "geometry": { "type": "Point", "coordinates": [ -40.358871736452535, -20.426314304495172, 0.0 ] } },
{ "type": "Feature", "properties": { "fid": 9430, "handle": 776782, "block": -1, "etype": 19, "space": 0, "layer": "0", "olinetype": "byblock", "linetype": "", "color": "0,0,0,55", "ocolor": 256, "color24": -1, "transparency": 0, "lweight": -1, "linewidth": 0.0, "ltscale": 1.0, "visible": 1, "thickness": 0.0, "ext": null, "height": 4.0000000000000009, "text": "8", "angle": 33.174917728887074, "widthscale": 13.582537148526169, "oblique": 0.0, "style": "style1", "textgen": 1, "alignh": 0, "alignv": 1, "interlin": 1.0 }, "geometry": { "type": "Point", "coordinates": [ -40.358665759647067, -20.426290723577775, 0.0 ] } },
{ "type": "Feature", "properties": { "fid": 9431, "handle": 776783, "block": -1, "etype": 19, "space": 0, "layer": "0", "olinetype": "byblock", "linetype": "", "color": "0,0,0,55", "ocolor": 256, "color24": -1, "transparency": 0, "lweight": -1, "linewidth": 0.0, "ltscale": 1.0, "visible": 1, "thickness": 0.0, "ext": null, "height": 4.0000000000000009, "text": "10", "angle": 33.174917728887074, "widthscale": 13.582537148526169, "oblique": 0.0, "style": "style1", "textgen": 1, "alignh": 0, "alignv": 1, "interlin": 1.0 }, "geometry": { "type": "Point", "coordinates": [ -40.35859339388962, -20.426249045848586, 0.0 ] } },
{ "type": "Feature", "properties": { "fid": 9432, "handle": 776784, "block": -1, "etype": 19, "space": 0, "layer": "0", "olinetype": "byblock", "linetype": "", "color": "0,0,0,55", "ocolor": 256, "color24": -1, "transparency": 0, "lweight": -1, "linewidth": 0.0, "ltscale": 1.0, "visible": 1, "thickness": 0.0, "ext": null, "height": 4.0000000000000009, "text": "12", "angle": 33.174917728887074, "widthscale": 13.582537148526169, "oblique": 0.0, "style": "style1", "textgen": 1, "alignh": 0, "alignv": 1, "interlin": 1.0 }, "geometry": { "type": "Point", "coordinates": [ -40.35851707608937, -20.426197236224709, 0.0 ] } },
{ "type": "Feature", "properties": { "fid": 9433, "handle": 776785, "block": -1, "etype": 19, "space": 0, "layer": "0", "olinetype": "byblock", "linetype": "", "color": "0,0,0,55", "ocolor": 256, "color24": -1, "transparency": 0, "lweight": -1, "linewidth": 0.0, "ltscale": 1.0, "visible": 1, "thickness": 0.0, "ext": null, "height": 4.0000000000000009, "text": "14", "angle": 33.174917728887074, "widthscale": 13.582537148526169, "oblique": 0.0, "style": "style1", "textgen": 1, "alignh": 0, "alignv": 1, "interlin": 1.0 }, "geometry": { "type": "Point", "coordinates": [ -40.358438943889688, -20.426152032286211, 0.0 ] } },
{ "type": "Feature", "properties": { "fid": 9434, "handle": 776786, "block": -1, "etype": 19, "space": 0, "layer": "0", "olinetype": "byblock", "linetype": "", "color": "0,0,0,55", "ocolor": 256, "color24": -1, "transparency": 0, "lweight": -1, "linewidth": 0.0, "ltscale": 1.0, "visible": 1, "thickness": 0.0, "ext": null, "height": 4.0000000000000009, "text": "18", "angle": 33.174917728887074, "widthscale": 13.582537148526169, "oblique": 0.0, "style": "style1", "textgen": 1, "alignh": 0, "alignv": 1, "interlin": 1.0 }, "geometry": { "type": "Point", "coordinates": [ -40.358268547699367, -20.426050411348193, 0.0 ] } },
{ "type": "Feature", "properties": { "fid": 9435, "handle": 776787, "block": -1, "etype": 19, "space": 0, "layer": "0", "olinetype": "byblock", "linetype": "", "color": "0,0,0,55", "ocolor": 256, "color24": -1, "transparency": 0, "lweight": -1, "linewidth": 0.0, "ltscale": 1.0, "visible": 1, "thickness": 0.0, "ext": null, "height": 4.0000000000000009, "text": "20", "angle": 33.174917728887074, "widthscale": 13.582537148526169, "oblique": 0.0, "style": "style1", "textgen": 1, "alignh": 0, "alignv": 1, "interlin": 1.0 }, "geometry": { "type": "Point", "coordinates": [ -40.358176960542082, -20.425996979829733, 0.0 ] } },
{ "type": "Feature", "properties": { "fid": 9436, "handle": 776788, "block": -1, "etype": 19, "space": 0, "layer": "0", "olinetype": "byblock", "linetype": "", "color": "0,0,0,55", "ocolor": 256, "color24": -1, "transparency": 0, "lweight": -1, "linewidth": 0.0, "ltscale": 1.0, "visible": 1, "thickness": 0.0, "ext": null, "height": 4.0000000000000009, "text": "19", "angle": 33.174917728887074, "widthscale": 13.582537148526169, "oblique": 0.0, "style": "style1", "textgen": 1, "alignh": 0, "alignv": 1, "interlin": 1.0 }, "geometry": { "type": "Point", "coordinates": [ -40.358004180133626, -20.426228229124021, 0.0 ] } },
{ "type": "Feature", "properties": { "fid": 9437, "handle": 776789, "block": -1, "etype": 19, "space": 0, "layer": "0", "olinetype": "byblock", "linetype": "", "color": "0,0,0,55", "ocolor": 256, "color24": -1, "transparency": 0, "lweight": -1, "linewidth": 0.0, "ltscale": 1.0, "visible": 1, "thickness": 0.0, "ext": null, "height": 4.0000000000000009, "text": "7", "angle": 33.174917728887074, "widthscale": 13.582537148526169, "oblique": 0.0, "style": "style1", "textgen": 1, "alignh": 0, "alignv": 1, "interlin": 1.0 }, "geometry": { "type": "Point", "coordinates": [ -40.358502590515258, -20.426527850054111, 0.0 ] } },
{ "type": "Feature", "properties": { "fid": 9438, "handle": 776790, "block": -1, "etype": 19, "space": 0, "layer": "0", "olinetype": "byblock", "linetype": "", "color": "0,0,0,55", "ocolor": 256, "color24": -1, "transparency": 0, "lweight": -1, "linewidth": 0.0, "ltscale": 1.0, "visible": 1, "thickness": 0.0, "ext": null, "height": 4.0000000000000009, "text": "9", "angle": 33.174917728887074, "widthscale": 13.582537148526169, "oblique": 0.0, "style": "style1", "textgen": 1, "alignh": 0, "alignv": 1, "interlin": 1.0 }, "geometry": { "type": "Point", "coordinates": [ -40.35841926055199, -20.426474324518249, 0.0 ] } },
{ "type": "Feature", "properties": { "fid": 9439, "handle": 776791, "block": -1, "etype": 19, "space": 0, "layer": "0", "olinetype": "byblock", "linetype": "", "color": "0,0,0,55", "ocolor": 256, "color24": -1, "transparency": 0, "lweight": -1, "linewidth": 0.0, "ltscale": 1.0, "visible": 1, "thickness": 0.0, "ext": null, "height": 4.0000000000000009, "text": "11", "angle": 33.174917728887074, "widthscale": 13.582537148526169, "oblique": 0.0, "style": "style1", "textgen": 1, "alignh": 0, "alignv": 1, "interlin": 1.0 }, "geometry": { "type": "Point", "coordinates": [ -40.3583372838903, -20.426426769835828, 0.0 ] } },
{ "type": "Feature", "properties": { "fid": 9440, "handle": 776792, "block": -1, "etype": 19, "space": 0, "layer": "0", "olinetype": "byblock", "linetype": "", "color": "0,0,0,55", "ocolor": 256, "color24": -1, "transparency": 0, "lweight": -1, "linewidth": 0.0, "ltscale": 1.0, "visible": 1, "thickness": 0.0, "ext": null, "height": 4.0000000000000009, "text": "13", "angle": 33.174917728887074, "widthscale": 13.582537148526169, "oblique": 0.0, "style": "style1", "textgen": 1, "alignh": 0, "alignv": 1, "interlin": 1.0 }, "geometry": { "type": "Point", "coordinates": [ -40.358268193364275, -20.426392238175012, 0.0 ] } },
{ "type": "Feature", "properties": { "fid": 9441, "handle": 776793, "block": -1, "etype": 19, "space": 0, "layer": "0", "olinetype": "byblock", "linetype": "", "color": "0,0,0,55", "ocolor": 256, "color24": -1, "transparency": 0, "lweight": -1, "linewidth": 0.0, "ltscale": 1.0, "visible": 1, "thickness": 0.0, "ext": null, "height": 4.0000000000000009, "text": "15", "angle": 33.174917728887074, "widthscale": 13.582537148526169, "oblique": 0.0, "style": "style1", "textgen": 1, "alignh": 0, "alignv": 1, "interlin": 1.0 }, "geometry": { "type": "Point", "coordinates": [ -40.358189953580819, -20.426339253149301, 0.0 ] } },
{ "type": "Feature", "properties": { "fid": 9442, "handle": 776794, "block": -1, "etype": 19, "space": 0, "layer": "0", "olinetype": "byblock", "linetype": "", "color": "0,0,0,55", "ocolor": 256, "color24": -1, "transparency": 0, "lweight": -1, "linewidth": 0.0, "ltscale": 1.0, "visible": 1, "thickness": 0.0, "ext": null, "height": 4.0000000000000009, "text": "17", "angle": 33.174917728887074, "widthscale": 13.582537148526169, "oblique": 0.0, "style": "style1", "textgen": 1, "alignh": 0, "alignv": 1, "interlin": 1.0 }, "geometry": { "type": "Point", "coordinates": [ -40.35810480925015, -20.426292333104989, 0.0 ] } },
{ "type": "Feature", "properties": { "fid": 9443, "handle": 776795, "block": -1, "etype": 19, "space": 0, "layer": "0", "olinetype": "byblock", "linetype": "", "color": "0,0,0,55", "ocolor": 256, "color24": -1, "transparency": 0, "lweight": -1, "linewidth": 0.0, "ltscale": 1.0, "visible": 1, "thickness": 0.0, "ext": null, "height": 4.0000000000000009, "text": "21", "angle": 33.174917728887074, "widthscale": 13.582537148526169, "oblique": 0.0, "style": "style1", "textgen": 1, "alignh": 0, "alignv": 1, "interlin": 1.0 }, "geometry": { "type": "Point", "coordinates": [ -40.357771635044593, -20.426185550920422, 0.0 ] } },
{ "type": "Feature", "properties": { "fid": 9444, "handle": 776796, "block": -1, "etype": 19, "space": 0, "layer": "0", "olinetype": "byblock", "linetype": "", "color": "0,0,0,55", "ocolor": 256, "color24": -1, "transparency": 0, "lweight": -1, "linewidth": 0.0, "ltscale": 1.0, "visible": 1, "thickness": 0.0, "ext": null, "height": 4.0000000000000009, "text": "22", "angle": 33.174917728887074, "widthscale": 13.582537148526169, "oblique": 0.0, "style": "style1", "textgen": 1, "alignh": 0, "alignv": 1, "interlin": 1.0 }, "geometry": { "type": "Point", "coordinates": [ -40.357828211661811, -20.426107060635843, 0.0 ] } },
{ "type": "Feature", "properties": { "fid": 9445, "handle": 776797, "block": -1, "etype": 19, "space": 0, "layer": "0", "olinetype": "byblock", "linetype": "", "color": "0,0,0,55", "ocolor": 256, "color24": -1, "transparency": 0, "lweight": -1, "linewidth": 0.0, "ltscale": 1.0, "visible": 1, "thickness": 0.0, "ext": null, "height": 4.0000000000000009, "text": "23", "angle": 33.174917728887074, "widthscale": 13.582537148526169, "oblique": 0.0, "style": "style1", "textgen": 1, "alignh": 0, "alignv": 1, "interlin": 1.0 }, "geometry": { "type": "Point", "coordinates": [ -40.357878072359611, -20.426031238086896, 0.0 ] } },
{ "type": "Feature", "properties": { "fid": 9446, "handle": 776798, "block": -1, "etype": 19, "space": 0, "layer": "0", "olinetype": "byblock", "linetype": "", "color": "0,0,0,55", "ocolor": 256, "color24": -1, "transparency": 0, "lweight": -1, "linewidth": 0.0, "ltscale": 1.0, "visible": 1, "thickness": 0.0, "ext": null, "height": 4.0000000000000009, "text": "24", "angle": 33.174917728887074, "widthscale": 13.582537148526169, "oblique": 0.0, "style": "style1", "textgen": 1, "alignh": 0, "alignv": 1, "interlin": 1.0 }, "geometry": { "type": "Point", "coordinates": [ -40.357935080718342, -20.425962024373735, 0.0 ] } },
{ "type": "Feature", "properties": { "fid": 9447, "handle": 776799, "block": -1, "etype": 19, "space": 0, "layer": "0", "olinetype": "byblock", "linetype": "", "color": "0,0,0,55", "ocolor": 256, "color24": -1, "transparency": 0, "lweight": -1, "linewidth": 0.0, "ltscale": 1.0, "visible": 1, "thickness": 0.0, "ext": null, "height": 4.0000000000000009, "text": "25", "angle": 33.174917728887074, "widthscale": 13.582537148526169, "oblique": 0.0, "style": "style1", "textgen": 1, "alignh": 0, "alignv": 1, "interlin": 1.0 }, "geometry": { "type": "Point", "coordinates": [ -40.357983267714459, -20.425884059261882, 0.0 ] } },
{ "type": "Feature", "properties": { "fid": 9448, "handle": 776800, "block": -1, "etype": 19, "space": 0, "layer": "0", "olinetype": "byblock", "linetype": "", "color": "0,0,0,55", "ocolor": 256, "color24": -1, "transparency": 0, "lweight": -1, "linewidth": 0.0, "ltscale": 1.0, "visible": 1, "thickness": 0.0, "ext": null, "height": 4.0000000000000009, "text": "26", "angle": 33.174917728887074, "widthscale": 13.582537148526169, "oblique": 0.0, "style": "style1", "textgen": 1, "alignh": 0, "alignv": 1, "interlin": 1.0 }, "geometry": { "type": "Point", "coordinates": [ -40.358033813688735, -20.425802059591522, 0.0 ] } },
{ "type": "Feature", "properties": { "fid": 9449, "handle": 776801, "block": -1, "etype": 19, "space": 0, "layer": "0", "olinetype": "byblock", "linetype": "", "color": "0,0,0,55", "ocolor": 256, "color24": -1, "transparency": 0, "lweight": -1, "linewidth": 0.0, "ltscale": 1.0, "visible": 1, "thickness": 0.0, "ext": null, "height": 4.0000000000000009, "text": "16", "angle": 33.174917728887074, "widthscale": 13.582537148526169, "oblique": 0.0, "style": "style1", "textgen": 1, "alignh": 0, "alignv": 1, "interlin": 1.0 }, "geometry": { "type": "Point", "coordinates": [ -40.358357290349353, -20.426103043508959, 0.0 ] } },
{ "type": "Feature", "properties": { "fid": 9450, "handle": 776944, "block": -1, "etype": 19, "space": 0, "layer": "0", "olinetype": "bylayer", "linetype": "", "color": "0,0,0,55", "ocolor": 256, "color24": -1, "transparency": 0, "lweight": -1, "linewidth": 0.0, "ltscale": 1.0, "visible": 1, "thickness": 0.0, "ext": null, "height": 4.0000000000000009, "text": "1", "angle": 33.174917728887074, "widthscale": 13.582537148526169, "oblique": 0.0, "style": "style1", "textgen": 1, "alignh": 0, "alignv": 1, "interlin": 1.0 }, "geometry": { "type": "Point", "coordinates": [ -40.3589774251938, -20.426151285633221, 0.0 ] } },
{ "type": "Feature", "properties": { "fid": 9451, "handle": 776945, "block": -1, "etype": 19, "space": 0, "layer": "0", "olinetype": "bylayer", "linetype": "", "color": "0,0,0,55", "ocolor": 256, "color24": -1, "transparency": 0, "lweight": -1, "linewidth": 0.0, "ltscale": 1.0, "visible": 1, "thickness": 0.0, "ext": null, "height": 4.0000000000000009, "text": "2", "angle": 33.174917728887074, "widthscale": 13.582537148526169, "oblique": 0.0, "style": "style1", "textgen": 1, "alignh": 0, "alignv": 1, "interlin": 1.0 }, "geometry": { "type": "Point", "coordinates": [ -40.359036492273034, -20.426069174742665, 0.0 ] } },
{ "type": "Feature", "properties": { "fid": 9452, "handle": 776946, "block": -1, "etype": 19, "space": 0, "layer": "0", "olinetype": "bylayer", "linetype": "", "color": "0,0,0,55", "ocolor": 256, "color24": -1, "transparency": 0, "lweight": -1, "linewidth": 0.0, "ltscale": 1.0, "visible": 1, "thickness": 0.0, "ext": null, "height": 4.0000000000000009, "text": "3", "angle": 33.174917728887074, "widthscale": 13.582537148526169, "oblique": 0.0, "style": "style1", "textgen": 1, "alignh": 0, "alignv": 1, "interlin": 1.0 }, "geometry": { "type": "Point", "coordinates": [ -40.35909336448298, -20.425995067800564, 0.0 ] } },
{ "type": "Feature", "properties": { "fid": 9453, "handle": 776947, "block": -1, "etype": 19, "space": 0, "layer": "0", "olinetype": "bylayer", "linetype": "", "color": "0,0,0,55", "ocolor": 256, "color24": -1, "transparency": 0, "lweight": -1, "linewidth": 0.0, "ltscale": 1.0, "visible": 1, "thickness": 0.0, "ext": null, "height": 4.0000000000000009, "text": "4", "angle": 33.174917728887074, "widthscale": 13.582537148526169, "oblique": 0.0, "style": "style1", "textgen": 1, "alignh": 0, "alignv": 1, "interlin": 1.0 }, "geometry": { "type": "Point", "coordinates": [ -40.359145282349189, -20.425925313181338, 0.0 ] } },
{ "type": "Feature", "properties": { "fid": 9454, "handle": 776948, "block": -1, "etype": 19, "space": 0, "layer": "0", "olinetype": "bylayer", "linetype": "", "color": "0,0,0,55", "ocolor": 256, "color24": -1, "transparency": 0, "lweight": -1, "linewidth": 0.0, "ltscale": 1.0, "visible": 1, "thickness": 0.0, "ext": null, "height": 4.0000000000000009, "text": "5", "angle": 33.174917728887074, "widthscale": 13.582537148526169, "oblique": 0.0, "style": "style1", "textgen": 1, "alignh": 0, "alignv": 1, "interlin": 1.0 }, "geometry": { "type": "Point", "coordinates": [ -40.359199804146279, -20.425846078207293, 0.0 ] } },
{ "type": "Feature", "properties": { "fid": 9455, "handle": 776949, "block": -1, "etype": 19, "space": 0, "layer": "0", "olinetype": "bylayer", "linetype": "", "color": "0,0,0,55", "ocolor": 256, "color24": -1, "transparency": 0, "lweight": -1, "linewidth": 0.0, "ltscale": 1.0, "visible": 1, "thickness": 0.0, "ext": null, "height": 4.0000000000000009, "text": "6", "angle": 33.174917728887074, "widthscale": 13.582537148526169, "oblique": 0.0, "style": "style1", "textgen": 1, "alignh": 0, "alignv": 1, "interlin": 1.0 }, "geometry": { "type": "Point", "coordinates": [ -40.359246612773575, -20.42576950862351, 0.0 ] } },
{ "type": "Feature", "properties": { "fid": 9456, "handle": 776950, "block": -1, "etype": 19, "space": 0, "layer": "0", "olinetype": "bylayer", "linetype": "", "color": "0,0,0,55", "ocolor": 256, "color24": -1, "transparency": 0, "lweight": -1, "linewidth": 0.0, "ltscale": 1.0, "visible": 1, "thickness": 0.0, "ext": null, "height": 4.0000000000000009, "text": "8", "angle": 33.174917728887074, "widthscale": 13.582537148526169, "oblique": 0.0, "style": "style1", "textgen": 1, "alignh": 0, "alignv": 1, "interlin": 1.0 }, "geometry": { "type": "Point", "coordinates": [ -40.359036258103799, -20.425744691048664, 0.0 ] } },
{ "type": "Feature", "properties": { "fid": 9457, "handle": 776951, "block": -1, "etype": 19, "space": 0, "layer": "0", "olinetype": "bylayer", "linetype": "", "color": "0,0,0,55", "ocolor": 256, "color24": -1, "transparency": 0, "lweight": -1, "linewidth": 0.0, "ltscale": 1.0, "visible": 1, "thickness": 0.0, "ext": null, "height": 4.0000000000000009, "text": "10", "angle": 33.174917728887074, "widthscale": 13.582537148526169, "oblique": 0.0, "style": "style1", "textgen": 1, "alignh": 0, "alignv": 1, "interlin": 1.0 }, "geometry": { "type": "Point", "coordinates": [ -40.358963892521174, -20.425703013462162, 0.0 ] } },
{ "type": "Feature", "properties": { "fid": 9458, "handle": 776952, "block": -1, "etype": 19, "space": 0, "layer": "0", "olinetype": "bylayer", "linetype": "", "color": "0,0,0,55", "ocolor": 256, "color24": -1, "transparency": 0, "lweight": -1, "linewidth": 0.0, "ltscale": 1.0, "visible": 1, "thickness": 0.0, "ext": null, "height": 4.0000000000000009, "text": "12", "angle": 33.174917728887074, "widthscale": 13.582537148526169, "oblique": 0.0, "style": "style1", "textgen": 1, "alignh": 0, "alignv": 1, "interlin": 1.0 }, "geometry": { "type": "Point", "coordinates": [ -40.358887574888193, -20.425651203989371, 0.0 ] } },
{ "type": "Feature", "properties": { "fid": 9459, "handle": 776953, "block": -1, "etype": 19, "space": 0, "layer": "0", "olinetype": "byblock", "linetype": "", "color": "0,0,0,55", "ocolor": 256, "color24": -1, "transparency": 0, "lweight": -1, "linewidth": 0.0, "ltscale": 1.0, "visible": 1, "thickness": 0.0, "ext": null, "height": 4.0000000000000009, "text": "14", "angle": 33.174917728887074, "widthscale": 13.582537148526169, "oblique": 0.0, "style": "style1", "textgen": 1, "alignh": 0, "alignv": 1, "interlin": 1.0 }, "geometry": { "type": "Point", "coordinates": [ -40.358809442876783, -20.425606000204951, 0.0 ] } },
{ "type": "Feature", "properties": { "fid": 9460, "handle": 776954, "block": -1, "etype": 19, "space": 0, "layer": "0", "olinetype": "byblock", "linetype": "", "color": "0,0,0,55", "ocolor": 256, "color24": -1, "transparency": 0, "lweight": -1, "linewidth": 0.0, "ltscale": 1.0, "visible": 1, "thickness": 0.0, "ext": null, "height": 4.0000000000000009, "text": "18", "angle": 33.174917728887074, "widthscale": 13.582537148526169, "oblique": 0.0, "style": "style1", "textgen": 1, "alignh": 0, "alignv": 1, "interlin": 1.0 }, "geometry": { "type": "Point", "coordinates": [ -40.358639047090477, -20.425504379603172, 0.0 ] } },
{ "type": "Feature", "properties": { "fid": 9461, "handle": 776955, "block": -1, "etype": 19, "space": 0, "layer": "0", "olinetype": "byblock", "linetype": "", "color": "0,0,0,55", "ocolor": 256, "color24": -1, "transparency": 0, "lweight": -1, "linewidth": 0.0, "ltscale": 1.0, "visible": 1, "thickness": 0.0, "ext": null, "height": 4.0000000000000009, "text": "20", "angle": 33.174917728887074, "widthscale": 13.582537148526169, "oblique": 0.0, "style": "style1", "textgen": 1, "alignh": 0, "alignv": 1, "interlin": 1.0 }, "geometry": { "type": "Point", "coordinates": [ -40.358547460152913, -20.425450948265329, 0.0 ] } },
{ "type": "Feature", "properties": { "fid": 9462, "handle": 776956, "block": -1, "etype": 19, "space": 0, "layer": "0", "olinetype": "byblock", "linetype": "", "color": "0,0,0,55", "ocolor": 256, "color24": -1, "transparency": 0, "lweight": -1, "linewidth": 0.0, "ltscale": 1.0, "visible": 1, "thickness": 0.0, "ext": null, "height": 4.0000000000000009, "text": "19", "angle": 33.174917728887074, "widthscale": 13.582537148526169, "oblique": 0.0, "style": "style1", "textgen": 1, "alignh": 0, "alignv": 1, "interlin": 1.0 }, "geometry": { "type": "Point", "coordinates": [ -40.358374680879713, -20.425682197875641, 0.0 ] } },
{ "type": "Feature", "properties": { "fid": 9463, "handle": 776957, "block": -1, "etype": 19, "space": 0, "layer": "0", "olinetype": "bylayer", "linetype": "", "color": "0,0,0,55", "ocolor": 256, "color24": -1, "transparency": 0, "lweight": -1, "linewidth": 0.0, "ltscale": 1.0, "visible": 1, "thickness": 0.0, "ext": null, "height": 4.0000000000000009, "text": "7", "angle": 33.174917728887074, "widthscale": 13.582537148526169, "oblique": 0.0, "style": "style1", "textgen": 1, "alignh": 0, "alignv": 1, "interlin": 1.0 }, "geometry": { "type": "Point", "coordinates": [ -40.358873090084778, -20.425981817822034, 0.0 ] } },
{ "type": "Feature", "properties": { "fid": 9464, "handle": 776958, "block": -1, "etype": 19, "space": 0, "layer": "0", "olinetype": "byblock", "linetype": "", "color": "0,0,0,55", "ocolor": 256, "color24": -1, "transparency": 0, "lweight": -1, "linewidth": 0.0, "ltscale": 1.0, "visible": 1, "thickness": 0.0, "ext": null, "height": 4.0000000000000009, "text": "9", "angle": 33.174917728887074, "widthscale": 13.582537148526169, "oblique": 0.0, "style": "style1", "textgen": 1, "alignh": 0, "alignv": 1, "interlin": 1.0 }, "geometry": { "type": "Point", "coordinates": [ -40.358789760310792, -20.425928292450873, 0.0 ] } },
{ "type": "Feature", "properties": { "fid": 9465, "handle": 776959, "block": -1, "etype": 19, "space": 0, "layer": "0", "olinetype": "byblock", "linetype": "", "color": "0,0,0,55", "ocolor": 256, "color24": -1, "transparency": 0, "lweight": -1, "linewidth": 0.0, "ltscale": 1.0, "visible": 1, "thickness": 0.0, "ext": null, "height": 4.0000000000000009, "text": "11", "angle": 33.174917728887074, "widthscale": 13.582537148526169, "oblique": 0.0, "style": "style1", "textgen": 1, "alignh": 0, "alignv": 1, "interlin": 1.0 }, "geometry": { "type": "Point", "coordinates": [ -40.35870778384637, -20.425880737930161, 0.0 ] } },
{ "type": "Feature", "properties": { "fid": 9466, "handle": 776960, "block": -1, "etype": 19, "space": 0, "layer": "0", "olinetype": "byblock", "linetype": "", "color": "0,0,0,55", "ocolor": 256, "color24": -1, "transparency": 0, "lweight": -1, "linewidth": 0.0, "ltscale": 1.0, "visible": 1, "thickness": 0.0, "ext": null, "height": 4.0000000000000009, "text": "13", "angle": 33.174917728887074, "widthscale": 13.582537148526169, "oblique": 0.0, "style": "style1", "textgen": 1, "alignh": 0, "alignv": 1, "interlin": 1.0 }, "geometry": { "type": "Point", "coordinates": [ -40.358638693498634, -20.425846206405151, 0.0 ] } },
{ "type": "Feature", "properties": { "fid": 9467, "handle": 776961, "block": -1, "etype": 19, "space": 0, "layer": "0", "olinetype": "byblock", "linetype": "", "color": "0,0,0,55", "ocolor": 256, "color24": -1, "transparency": 0, "lweight": -1, "linewidth": 0.0, "ltscale": 1.0, "visible": 1, "thickness": 0.0, "ext": null, "height": 4.0000000000000009, "text": "15", "angle": 33.174917728887074, "widthscale": 13.582537148526169, "oblique": 0.0, "style": "style1", "textgen": 1, "alignh": 0, "alignv": 1, "interlin": 1.0 }, "geometry": { "type": "Point", "coordinates": [ -40.358560453886945, -20.425793221534327, 0.0 ] } },
{ "type": "Feature", "properties": { "fid": 9468, "handle": 776962, "block": -1, "etype": 19, "space": 0, "layer": "0", "olinetype": "byblock", "linetype": "", "color": "0,0,0,55", "ocolor": 256, "color24": -1, "transparency": 0, "lweight": -1, "linewidth": 0.0, "ltscale": 1.0, "visible": 1, "thickness": 0.0, "ext": null, "height": 4.0000000000000009, "text": "17", "angle": 33.174917728887074, "widthscale": 13.582537148526169, "oblique": 0.0, "style": "style1", "textgen": 1, "alignh": 0, "alignv": 1, "interlin": 1.0 }, "geometry": { "type": "Point", "coordinates": [ -40.358475309766526, -20.425746301657693, 0.0 ] } },
{ "type": "Feature", "properties": { "fid": 9469, "handle": 776963, "block": -1, "etype": 19, "space": 0, "layer": "0", "olinetype": "byblock", "linetype": "", "color": "0,0,0,55", "ocolor": 256, "color24": -1, "transparency": 0, "lweight": -1, "linewidth": 0.0, "ltscale": 1.0, "visible": 1, "thickness": 0.0, "ext": null, "height": 4.0000000000000009, "text": "21", "angle": 33.174917728887074, "widthscale": 13.582537148526169, "oblique": 0.0, "style": "style1", "textgen": 1, "alignh": 0, "alignv": 1, "interlin": 1.0 }, "geometry": { "type": "Point", "coordinates": [ -40.358142136550427, -20.42563952012377, 0.0 ] } },
{ "type": "Feature", "properties": { "fid": 9470, "handle": 776964, "block": -1, "etype": 19, "space": 0, "layer": "0", "olinetype": "byblock", "linetype": "", "color": "0,0,0,55", "ocolor": 256, "color24": -1, "transparency": 0, "lweight": -1, "linewidth": 0.0, "ltscale": 1.0, "visible": 1, "thickness": 0.0, "ext": null, "height": 4.0000000000000009, "text": "22", "angle": 33.174917728887074, "widthscale": 13.582537148526169, "oblique": 0.0, "style": "style1", "textgen": 1, "alignh": 0, "alignv": 1, "interlin": 1.0 }, "geometry": { "type": "Point", "coordinates": [ -40.3581987127899, -20.425561029735896, 0.0 ] } },
{ "type": "Feature", "properties": { "fid": 9471, "handle": 776965, "block": -1, "etype": 19, "space": 0, "layer": "0", "olinetype": "byblock", "linetype": "", "color": "0,0,0,55", "ocolor": 256, "color24": -1, "transparency": 0, "lweight": -1, "linewidth": 0.0, "ltscale": 1.0, "visible": 1, "thickness": 0.0, "ext": null, "height": 4.0000000000000009, "text": "23", "angle": 33.174917728887074, "widthscale": 13.582537148526169, "oblique": 0.0, "style": "style1", "textgen": 1, "alignh": 0, "alignv": 1, "interlin": 1.0 }, "geometry": { "type": "Point", "coordinates": [ -40.358248573140344, -20.425485207096461, 0.0 ] } },
{ "type": "Feature", "properties": { "fid": 9472, "handle": 776966, "block": -1, "etype": 19, "space": 0, "layer": "0", "olinetype": "byblock", "linetype": "", "color": "0,0,0,55", "ocolor": 256, "color24": -1, "transparency": 0, "lweight": -1, "linewidth": 0.0, "ltscale": 1.0, "visible": 1, "thickness": 0.0, "ext": null, "height": 4.0000000000000009, "text": "24", "angle": 33.174917728887074, "widthscale": 13.582537148526169, "oblique": 0.0, "style": "style1", "textgen": 1, "alignh": 0, "alignv": 1, "interlin": 1.0 }, "geometry": { "type": "Point", "coordinates": [ -40.358305581139895, -20.425415993278495, 0.0 ] } },
{ "type": "Feature", "properties": { "fid": 9473, "handle": 776967, "block": -1, "etype": 19, "space": 0, "layer": "0", "olinetype": "byblock", "linetype": "", "color": "0,0,0,55", "ocolor": 256, "color24": -1, "transparency": 0, "lweight": -1, "linewidth": 0.0, "ltscale": 1.0, "visible": 1, "thickness": 0.0, "ext": null, "height": 4.0000000000000009, "text": "25", "angle": 33.174917728887074, "widthscale": 13.582537148526169, "oblique": 0.0, "style": "style1", "textgen": 1, "alignh": 0, "alignv": 1, "interlin": 1.0 }, "geometry": { "type": "Point", "coordinates": [ -40.358353767790156, -20.425338028079508, 0.0 ] } },
{ "type": "Feature", "properties": { "fid": 9474, "handle": 776968, "block": -1, "etype": 19, "space": 0, "layer": "0", "olinetype": "byblock", "linetype": "", "color": "0,0,0,55", "ocolor": 256, "color24": -1, "transparency": 0, "lweight": -1, "linewidth": 0.0, "ltscale": 1.0, "visible": 1, "thickness": 0.0, "ext": null, "height": 4.0000000000000009, "text": "26", "angle": 33.174917728887074, "widthscale": 13.582537148526169, "oblique": 0.0, "style": "style1", "textgen": 1, "alignh": 0, "alignv": 1, "interlin": 1.0 }, "geometry": { "type": "Point", "coordinates": [ -40.358404313401167, -20.425256028317765, 0.0 ] } },
{ "type": "Feature", "properties": { "fid": 9475, "handle": 776969, "block": -1, "etype": 19, "space": 0, "layer": "0", "olinetype": "byblock", "linetype": "", "color": "0,0,0,55", "ocolor": 256, "color24": -1, "transparency": 0, "lweight": -1, "linewidth": 0.0, "ltscale": 1.0, "visible": 1, "thickness": 0.0, "ext": null, "height": 4.0000000000000009, "text": "16", "angle": 33.174917728887074, "widthscale": 13.582537148526169, "oblique": 0.0, "style": "style1", "textgen": 1, "alignh": 0, "alignv": 1, "interlin": 1.0 }, "geometry": { "type": "Point", "coordinates": [ -40.358727789529432, -20.425557011588815, 0.0 ] } },
{ "type": "Feature", "properties": { "fid": 9476, "handle": 777094, "block": -1, "etype": 19, "space": 0, "layer": "0", "olinetype": "bylayer", "linetype": "", "color": "0,0,0,55", "ocolor": 256, "color24": -1, "transparency": 0, "lweight": -1, "linewidth": 0.0, "ltscale": 1.0, "visible": 1, "thickness": 0.0, "ext": null, "height": 4.0000000000000009, "text": "1", "angle": 33.174917728887074, "widthscale": 13.582537148526169, "oblique": 0.0, "style": "style1", "textgen": 1, "alignh": 0, "alignv": 1, "interlin": 1.0 }, "geometry": { "type": "Point", "coordinates": [ -40.3593467895804, -20.425603085831298, 0.0 ] } },
{ "type": "Feature", "properties": { "fid": 9477, "handle": 777095, "block": -1, "etype": 19, "space": 0, "layer": "0", "olinetype": "bylayer", "linetype": "", "color": "0,0,0,55", "ocolor": 256, "color24": -1, "transparency": 0, "lweight": -1, "linewidth": 0.0, "ltscale": 1.0, "visible": 1, "thickness": 0.0, "ext": null, "height": 4.0000000000000009, "text": "2", "angle": 33.174917728887074, "widthscale": 13.582537148526169, "oblique": 0.0, "style": "style1", "textgen": 1, "alignh": 0, "alignv": 1, "interlin": 1.0 }, "geometry": { "type": "Point", "coordinates": [ -40.359405856264779, -20.425520974833308, 0.0 ] } },
{ "type": "Feature", "properties": { "fid": 9478, "handle": 777096, "block": -1, "etype": 19, "space": 0, "layer": "0", "olinetype": "bylayer", "linetype": "", "color": "0,0,0,55", "ocolor": 256, "color24": -1, "transparency": 0, "lweight": -1, "linewidth": 0.0, "ltscale": 1.0, "visible": 1, "thickness": 0.0, "ext": null, "height": 4.0000000000000009, "text": "3", "angle": 33.174917728887074, "widthscale": 13.582537148526169, "oblique": 0.0, "style": "style1", "textgen": 1, "alignh": 0, "alignv": 1, "interlin": 1.0 }, "geometry": { "type": "Point", "coordinates": [ -40.35946272810525, -20.425446867787379, 0.0 ] } },
{ "type": "Feature", "properties": { "fid": 9479, "handle": 777097, "block": -1, "etype": 19, "space": 0, "layer": "0", "olinetype": "bylayer", "linetype": "", "color": "0,0,0,55", "ocolor": 256, "color24": -1, "transparency": 0, "lweight": -1, "linewidth": 0.0, "ltscale": 1.0, "visible": 1, "thickness": 0.0, "ext": null, "height": 4.0000000000000009, "text": "4", "angle": 33.174917728887074, "widthscale": 13.582537148526169, "oblique": 0.0, "style": "style1", "textgen": 1, "alignh": 0, "alignv": 1, "interlin": 1.0 }, "geometry": { "type": "Point", "coordinates": [ -40.359514645629645, -20.425377113073623, 0.0 ] } },
{ "type": "Feature", "properties": { "fid": 9480, "handle": 777098, "block": -1, "etype": 19, "space": 0, "layer": "0", "olinetype": "bylayer", "linetype": "", "color": "0,0,0,55", "ocolor": 256, "color24": -1, "transparency": 0, "lweight": -1, "linewidth": 0.0, "ltscale": 1.0, "visible": 1, "thickness": 0.0, "ext": null, "height": 4.0000000000000009, "text": "5", "angle": 33.174917728887074, "widthscale": 13.582537148526169, "oblique": 0.0, "style": "style1", "textgen": 1, "alignh": 0, "alignv": 1, "interlin": 1.0 }, "geometry": { "type": "Point", "coordinates": [ -40.359569167054822, -20.425297878000627, 0.0 ] } },
{ "type": "Feature", "properties": { "fid": 9481, "handle": 777099, "block": -1, "etype": 19, "space": 0, "layer": "0", "olinetype": "bylayer", "linetype": "", "color": "0,0,0,55", "ocolor": 256, "color24": -1, "transparency": 0, "lweight": -1, "linewidth": 0.0, "ltscale": 1.0, "visible": 1, "thickness": 0.0, "ext": null, "height": 4.0000000000000009, "text": "6", "angle": 33.174917728887074, "widthscale": 13.582537148526169, "oblique": 0.0, "style": "style1", "textgen": 1, "alignh": 0, "alignv": 1, "interlin": 1.0 }, "geometry": { "type": "Point", "coordinates": [ -40.359615975344347, -20.425221308332617, 0.0 ] } },
{ "type": "Feature", "properties": { "fid": 9482, "handle": 777100, "block": -1, "etype": 19, "space": 0, "layer": "0", "olinetype": "bylayer", "linetype": "", "color": "0,0,0,55", "ocolor": 256, "color24": -1, "transparency": 0, "lweight": -1, "linewidth": 0.0, "ltscale": 1.0, "visible": 1, "thickness": 0.0, "ext": null, "height": 4.0000000000000009, "text": "8", "angle": 33.174917728887074, "widthscale": 13.582537148526169, "oblique": 0.0, "style": "style1", "textgen": 1, "alignh": 0, "alignv": 1, "interlin": 1.0 }, "geometry": { "type": "Point", "coordinates": [ -40.359418434122603, -20.425200683951893, 0.0 ] } },
{ "type": "Feature", "properties": { "fid": 9483, "handle": 777101, "block": -1, "etype": 19, "space": 0, "layer": "0", "olinetype": "bylayer", "linetype": "", "color": "0,0,0,55", "ocolor": 256, "color24": -1, "transparency": 0, "lweight": -1, "linewidth": 0.0, "ltscale": 1.0, "visible": 1, "thickness": 0.0, "ext": null, "height": 4.0000000000000009, "text": "10", "angle": 33.174917728887074, "widthscale": 13.582537148526169, "oblique": 0.0, "style": "style1", "textgen": 1, "alignh": 0, "alignv": 1, "interlin": 1.0 }, "geometry": { "type": "Point", "coordinates": [ -40.35934606871092, -20.425159006513152, 0.0 ] } },
{ "type": "Feature", "properties": { "fid": 9484, "handle": 777102, "block": -1, "etype": 19, "space": 0, "layer": "0", "olinetype": "bylayer", "linetype": "", "color": "0,0,0,55", "ocolor": 256, "color24": -1, "transparency": 0, "lweight": -1, "linewidth": 0.0, "ltscale": 1.0, "visible": 1, "thickness": 0.0, "ext": null, "height": 4.0000000000000009, "text": "12", "angle": 33.174917728887074, "widthscale": 13.582537148526169, "oblique": 0.0, "style": "style1", "textgen": 1, "alignh": 0, "alignv": 1, "interlin": 1.0 }, "geometry": { "type": "Point", "coordinates": [ -40.359269751240625, -20.42510719719683, 0.0 ] } },
{ "type": "Feature", "properties": { "fid": 9485, "handle": 777103, "block": -1, "etype": 19, "space": 0, "layer": "0", "olinetype": "bylayer", "linetype": "", "color": "0,0,0,55", "ocolor": 256, "color24": -1, "transparency": 0, "lweight": -1, "linewidth": 0.0, "ltscale": 1.0, "visible": 1, "thickness": 0.0, "ext": null, "height": 4.0000000000000009, "text": "14", "angle": 33.174917728887074, "widthscale": 13.582537148526169, "oblique": 0.0, "style": "style1", "textgen": 1, "alignh": 0, "alignv": 1, "interlin": 1.0 }, "geometry": { "type": "Point", "coordinates": [ -40.359191619413352, -20.425061993571987, 0.0 ] } },
{ "type": "Feature", "properties": { "fid": 9486, "handle": 777104, "block": -1, "etype": 19, "space": 0, "layer": "0", "olinetype": "bylayer", "linetype": "", "color": "0,0,0,55", "ocolor": 256, "color24": -1, "transparency": 0, "lweight": -1, "linewidth": 0.0, "ltscale": 1.0, "visible": 1, "thickness": 0.0, "ext": null, "height": 4.0000000000000009, "text": "18", "angle": 33.174917728887074, "widthscale": 13.582537148526169, "oblique": 0.0, "style": "style1", "textgen": 1, "alignh": 0, "alignv": 1, "interlin": 1.0 }, "geometry": { "type": "Point", "coordinates": [ -40.359021224021795, -20.424960373318424, 0.0 ] } },
{ "type": "Feature", "properties": { "fid": 9487, "handle": 777105, "block": -1, "etype": 19, "space": 0, "layer": "0", "olinetype": "bylayer", "linetype": "", "color": "0,0,0,55", "ocolor": 256, "color24": -1, "transparency": 0, "lweight": -1, "linewidth": 0.0, "ltscale": 1.0, "visible": 1, "thickness": 0.0, "ext": null, "height": 4.0000000000000009, "text": "20", "angle": 33.174917728887074, "widthscale": 13.582537148526169, "oblique": 0.0, "style": "style1", "textgen": 1, "alignh": 0, "alignv": 1, "interlin": 1.0 }, "geometry": { "type": "Point", "coordinates": [ -40.35892963729907, -20.424906942167681, 0.0 ] } },
{ "type": "Feature", "properties": { "fid": 9488, "handle": 777106, "block": -1, "etype": 19, "space": 0, "layer": "0", "olinetype": "byblock", "linetype": "", "color": "0,0,0,55", "ocolor": 256, "color24": -1, "transparency": 0, "lweight": -1, "linewidth": 0.0, "ltscale": 1.0, "visible": 1, "thickness": 0.0, "ext": null, "height": 4.0000000000000009, "text": "19", "angle": 33.174917728887074, "widthscale": 13.582537148526169, "oblique": 0.0, "style": "style1", "textgen": 1, "alignh": 0, "alignv": 1, "interlin": 1.0 }, "geometry": { "type": "Point", "coordinates": [ -40.358756859177234, -20.425138192104647, 0.0 ] } },
{ "type": "Feature", "properties": { "fid": 9489, "handle": 777107, "block": -1, "etype": 19, "space": 0, "layer": "0", "olinetype": "bylayer", "linetype": "", "color": "0,0,0,55", "ocolor": 256, "color24": -1, "transparency": 0, "lweight": -1, "linewidth": 0.0, "ltscale": 1.0, "visible": 1, "thickness": 0.0, "ext": null, "height": 4.0000000000000009, "text": "7", "angle": 33.174917728887074, "widthscale": 13.582537148526169, "oblique": 0.0, "style": "style1", "textgen": 1, "alignh": 0, "alignv": 1, "interlin": 1.0 }, "geometry": { "type": "Point", "coordinates": [ -40.359255267232967, -20.42543781103225, 0.0 ] } },
{ "type": "Feature", "properties": { "fid": 9490, "handle": 777108, "block": -1, "etype": 19, "space": 0, "layer": "0", "olinetype": "bylayer", "linetype": "", "color": "0,0,0,55", "ocolor": 256, "color24": -1, "transparency": 0, "lweight": -1, "linewidth": 0.0, "ltscale": 1.0, "visible": 1, "thickness": 0.0, "ext": null, "height": 4.0000000000000009, "text": "9", "angle": 33.174917728887074, "widthscale": 13.582537148526169, "oblique": 0.0, "style": "style1", "textgen": 1, "alignh": 0, "alignv": 1, "interlin": 1.0 }, "geometry": { "type": "Point", "coordinates": [ -40.359171937643445, -20.425384285831708, 0.0 ] } },
{ "type": "Feature", "properties": { "fid": 9491, "handle": 777109, "block": -1, "etype": 19, "space": 0, "layer": "0", "olinetype": "bylayer", "linetype": "", "color": "0,0,0,55", "ocolor": 256, "color24": -1, "transparency": 0, "lweight": -1, "linewidth": 0.0, "ltscale": 1.0, "visible": 1, "thickness": 0.0, "ext": null, "height": 4.0000000000000009, "text": "11", "angle": 33.174917728887074, "widthscale": 13.582537148526169, "oblique": 0.0, "style": "style1", "textgen": 1, "alignh": 0, "alignv": 1, "interlin": 1.0 }, "geometry": { "type": "Point", "coordinates": [ -40.359089961371922, -20.425336731478421, 0.0 ] } },
{ "type": "Feature", "properties": { "fid": 9492, "handle": 777110, "block": -1, "etype": 19, "space": 0, "layer": "0", "olinetype": "bylayer", "linetype": "", "color": "0,0,0,55", "ocolor": 256, "color24": -1, "transparency": 0, "lweight": -1, "linewidth": 0.0, "ltscale": 1.0, "visible": 1, "thickness": 0.0, "ext": null, "height": 4.0000000000000009, "text": "13", "angle": 33.174917728887074, "widthscale": 13.582537148526169, "oblique": 0.0, "style": "style1", "textgen": 1, "alignh": 0, "alignv": 1, "interlin": 1.0 }, "geometry": { "type": "Point", "coordinates": [ -40.359020871199256, -20.425302200094073, 0.0 ] } },
{ "type": "Feature", "properties": { "fid": 9493, "handle": 777111, "block": -1, "etype": 19, "space": 0, "layer": "0", "olinetype": "bylayer", "linetype": "", "color": "0,0,0,55", "ocolor": 256, "color24": -1, "transparency": 0, "lweight": -1, "linewidth": 0.0, "ltscale": 1.0, "visible": 1, "thickness": 0.0, "ext": null, "height": 4.0000000000000009, "text": "15", "angle": 33.174917728887074, "widthscale": 13.582537148526169, "oblique": 0.0, "style": "style1", "textgen": 1, "alignh": 0, "alignv": 1, "interlin": 1.0 }, "geometry": { "type": "Point", "coordinates": [ -40.358942631754608, -20.425249215383651, 0.0 ] } },
{ "type": "Feature", "properties": { "fid": 9494, "handle": 777112, "block": -1, "etype": 19, "space": 0, "layer": "0", "olinetype": "bylayer", "linetype": "", "color": "0,0,0,55", "ocolor": 256, "color24": -1, "transparency": 0, "lweight": -1, "linewidth": 0.0, "ltscale": 1.0, "visible": 1, "thickness": 0.0, "ext": null, "height": 4.0000000000000009, "text": "17", "angle": 33.174917728887074, "widthscale": 13.582537148526169, "oblique": 0.0, "style": "style1", "textgen": 1, "alignh": 0, "alignv": 1, "interlin": 1.0 }, "geometry": { "type": "Point", "coordinates": [ -40.358857487840098, -20.425202295680776, 0.0 ] } },
{ "type": "Feature", "properties": { "fid": 9495, "handle": 777113, "block": -1, "etype": 19, "space": 0, "layer": "0", "olinetype": "byblock", "linetype": "", "color": "0,0,0,55", "ocolor": 256, "color24": -1, "transparency": 0, "lweight": -1, "linewidth": 0.0, "ltscale": 1.0, "visible": 1, "thickness": 0.0, "ext": null, "height": 4.0000000000000009, "text": "21", "angle": 33.174917728887074, "widthscale": 13.582537148526169, "oblique": 0.0, "style": "style1", "textgen": 1, "alignh": 0, "alignv": 1, "interlin": 1.0 }, "geometry": { "type": "Point", "coordinates": [ -40.358524315602331, -20.425095514820448, 0.0 ] } },
{ "type": "Feature", "properties": { "fid": 9496, "handle": 777114, "block": -1, "etype": 19, "space": 0, "layer": "0", "olinetype": "byblock", "linetype": "", "color": "0,0,0,55", "ocolor": 256, "color24": -1, "transparency": 0, "lweight": -1, "linewidth": 0.0, "ltscale": 1.0, "visible": 1, "thickness": 0.0, "ext": null, "height": 4.0000000000000009, "text": "22", "angle": 33.174917728887074, "widthscale": 13.582537148526169, "oblique": 0.0, "style": "style1", "textgen": 1, "alignh": 0, "alignv": 1, "interlin": 1.0 }, "geometry": { "type": "Point", "coordinates": [ -40.358580891458566, -20.425017024325857, 0.0 ] } },
{ "type": "Feature", "properties": { "fid": 9497, "handle": 777115, "block": -1, "etype": 19, "space": 0, "layer": "0", "olinetype": "byblock", "linetype": "", "color": "0,0,0,55", "ocolor": 256, "color24": -1, "transparency": 0, "lweight": -1, "linewidth": 0.0, "ltscale": 1.0, "visible": 1, "thickness": 0.0, "ext": null, "height": 4.0000000000000009, "text": "23", "angle": 33.174917728887074, "widthscale": 13.582537148526169, "oblique": 0.0, "style": "style1", "textgen": 1, "alignh": 0, "alignv": 1, "interlin": 1.0 }, "geometry": { "type": "Point", "coordinates": [ -40.35863075145636, -20.424941201592826, 0.0 ] } },
{ "type": "Feature", "properties": { "fid": 9498, "handle": 777116, "block": -1, "etype": 19, "space": 0, "layer": "0", "olinetype": "byblock", "linetype": "", "color": "0,0,0,55", "ocolor": 256, "color24": -1, "transparency": 0, "lweight": -1, "linewidth": 0.0, "ltscale": 1.0, "visible": 1, "thickness": 0.0, "ext": null, "height": 4.0000000000000009, "text": "24", "angle": 33.174917728887074, "widthscale": 13.582537148526169, "oblique": 0.0, "style": "style1", "textgen": 1, "alignh": 0, "alignv": 1, "interlin": 1.0 }, "geometry": { "type": "Point", "coordinates": [ -40.358687759091943, -20.424871987666535, 0.0 ] } },
{ "type": "Feature", "properties": { "fid": 9499, "handle": 777117, "block": -1, "etype": 19, "space": 0, "layer": "0", "olinetype": "byblock", "linetype": "", "color": "0,0,0,55", "ocolor": 256, "color24": -1, "transparency": 0, "lweight": -1, "linewidth": 0.0, "ltscale": 1.0, "visible": 1, "thickness": 0.0, "ext": null, "height": 4.0000000000000009, "text": "25", "angle": 33.174917728887074, "widthscale": 13.582537148526169, "oblique": 0.0, "style": "style1", "textgen": 1, "alignh": 0, "alignv": 1, "interlin": 1.0 }, "geometry": { "type": "Point", "coordinates": [ -40.358735945390819, -20.42479402237748, 0.0 ] } },
{ "type": "Feature", "properties": { "fid": 9500, "handle": 777118, "block": -1, "etype": 19, "space": 0, "layer": "0", "olinetype": "byblock", "linetype": "", "color": "0,0,0,55", "ocolor": 256, "color24": -1, "transparency": 0, "lweight": -1, "linewidth": 0.0, "ltscale": 1.0, "visible": 1, "thickness": 0.0, "ext": null, "height": 4.0000000000000009, "text": "26", "angle": 33.174917728887074, "widthscale": 13.582537148526169, "oblique": 0.0, "style": "style1", "textgen": 1, "alignh": 0, "alignv": 1, "interlin": 1.0 }, "geometry": { "type": "Point", "coordinates": [ -40.358786490632795, -20.42471202252133, 0.0 ] } },
{ "type": "Feature", "properties": { "fid": 9501, "handle": 777119, "block": -1, "etype": 19, "space": 0, "layer": "0", "olinetype": "bylayer", "linetype": "", "color": "0,0,0,55", "ocolor": 256, "color24": -1, "transparency": 0, "lweight": -1, "linewidth": 0.0, "ltscale": 1.0, "visible": 1, "thickness": 0.0, "ext": null, "height": 4.0000000000000009, "text": "16", "angle": 33.174917728887074, "widthscale": 13.582537148526169, "oblique": 0.0, "style": "style1", "textgen": 1, "alignh": 0, "alignv": 1, "interlin": 1.0 }, "geometry": { "type": "Point", "coordinates": [ -40.359109966254508, -20.425013005122779, 0.0 ] } },
{ "type": "Feature", "properties": { "fid": 9502, "handle": 777214, "block": -1, "etype": 19, "space": 0, "layer": "0", "olinetype": "bylayer", "linetype": "", "color": "0,0,0,55", "ocolor": 256, "color24": -1, "transparency": 0, "lweight": -1, "linewidth": 0.0, "ltscale": 1.0, "visible": 1, "thickness": 0.0, "ext": null, "height": 4.0000000000000009, "text": "1", "angle": 33.174917728887074, "widthscale": 13.582537148526169, "oblique": 0.0, "style": "style1", "textgen": 1, "alignh": 0, "alignv": 1, "interlin": 1.0 }, "geometry": { "type": "Point", "coordinates": [ -40.359736265758585, -20.425039894209341, 0.0 ] } },
{ "type": "Feature", "properties": { "fid": 9503, "handle": 777215, "block": -1, "etype": 19, "space": 0, "layer": "0", "olinetype": "bylayer", "linetype": "", "color": "0,0,0,55", "ocolor": 256, "color24": -1, "transparency": 0, "lweight": -1, "linewidth": 0.0, "ltscale": 1.0, "visible": 1, "thickness": 0.0, "ext": null, "height": 4.0000000000000009, "text": "2", "angle": 33.174917728887074, "widthscale": 13.582537148526169, "oblique": 0.0, "style": "style1", "textgen": 1, "alignh": 0, "alignv": 1, "interlin": 1.0 }, "geometry": { "type": "Point", "coordinates": [ -40.359795332031794, -20.424957783097966, 0.0 ] } },
{ "type": "Feature", "properties": { "fid": 9504, "handle": 777216, "block": -1, "etype": 19, "space": 0, "layer": "0", "olinetype": "bylayer", "linetype": "", "color": "0,0,0,55", "ocolor": 256, "color24": -1, "transparency": 0, "lweight": -1, "linewidth": 0.0, "ltscale": 1.0, "visible": 1, "thickness": 0.0, "ext": null, "height": 4.0000000000000009, "text": "3", "angle": 33.174917728887074, "widthscale": 13.582537148526169, "oblique": 0.0, "style": "style1", "textgen": 1, "alignh": 0, "alignv": 1, "interlin": 1.0 }, "geometry": { "type": "Point", "coordinates": [ -40.359852203487698, -20.424883675942425, 0.0 ] } },
{ "type": "Feature", "properties": { "fid": 9505, "handle": 777217, "block": -1, "etype": 19, "space": 0, "layer": "0", "olinetype": "bylayer", "linetype": "", "color": "0,0,0,55", "ocolor": 256, "color24": -1, "transparency": 0, "lweight": -1, "linewidth": 0.0, "ltscale": 1.0, "visible": 1, "thickness": 0.0, "ext": null, "height": 4.0000000000000009, "text": "4", "angle": 33.174917728887074, "widthscale": 13.582537148526169, "oblique": 0.0, "style": "style1", "textgen": 1, "alignh": 0, "alignv": 1, "interlin": 1.0 }, "geometry": { "type": "Point", "coordinates": [ -40.359904120656218, -20.424813921128742, 0.0 ] } },
{ "type": "Feature", "properties": { "fid": 9506, "handle": 777218, "block": -1, "etype": 19, "space": 0, "layer": "0", "olinetype": "bylayer", "linetype": "", "color": "0,0,0,55", "ocolor": 256, "color24": -1, "transparency": 0, "lweight": -1, "linewidth": 0.0, "ltscale": 1.0, "visible": 1, "thickness": 0.0, "ext": null, "height": 4.0000000000000009, "text": "5", "angle": 33.174917728887074, "widthscale": 13.582537148526169, "oblique": 0.0, "style": "style1", "textgen": 1, "alignh": 0, "alignv": 1, "interlin": 1.0 }, "geometry": { "type": "Point", "coordinates": [ -40.359958641694007, -20.424734685951325, 0.0 ] } },
{ "type": "Feature", "properties": { "fid": 9507, "handle": 777219, "block": -1, "etype": 19, "space": 0, "layer": "0", "olinetype": "bylayer", "linetype": "", "color": "0,0,0,55", "ocolor": 256, "color24": -1, "transparency": 0, "lweight": -1, "linewidth": 0.0, "ltscale": 1.0, "visible": 1, "thickness": 0.0, "ext": null, "height": 4.0000000000000009, "text": "6", "angle": 33.174917728887074, "widthscale": 13.582537148526169, "oblique": 0.0, "style": "style1", "textgen": 1, "alignh": 0, "alignv": 1, "interlin": 1.0 }, "geometry": { "type": "Point", "coordinates": [ -40.360005926087851, -20.424657423761186, 0.0 ] } },
{ "type": "Feature", "properties": { "fid": 9508, "handle": 777220, "block": -1, "etype": 19, "space": 0, "layer": "0", "olinetype": "bylayer", "linetype": "", "color": "0,0,0,55", "ocolor": 256, "color24": -1, "transparency": 0, "lweight": -1, "linewidth": 0.0, "ltscale": 1.0, "visible": 1, "thickness": 0.0, "ext": null, "height": 4.0000000000000009, "text": "8", "angle": 33.174917728887074, "widthscale": 13.582537148526169, "oblique": 0.0, "style": "style1", "textgen": 1, "alignh": 0, "alignv": 1, "interlin": 1.0 }, "geometry": { "type": "Point", "coordinates": [ -40.359806071783993, -20.424641135204627, 0.0 ] } },
{ "type": "Feature", "properties": { "fid": 9509, "handle": 777221, "block": -1, "etype": 19, "space": 0, "layer": "0", "olinetype": "bylayer", "linetype": "", "color": "0,0,0,55", "ocolor": 256, "color24": -1, "transparency": 0, "lweight": -1, "linewidth": 0.0, "ltscale": 1.0, "visible": 1, "thickness": 0.0, "ext": null, "height": 4.0000000000000009, "text": "10", "angle": 33.174917728887074, "widthscale": 13.582537148526169, "oblique": 0.0, "style": "style1", "textgen": 1, "alignh": 0, "alignv": 1, "interlin": 1.0 }, "geometry": { "type": "Point", "coordinates": [ -40.359733706549498, -20.424599457915541, 0.0 ] } },
{ "type": "Feature", "properties": { "fid": 9510, "handle": 777222, "block": -1, "etype": 19, "space": 0, "layer": "0", "olinetype": "bylayer", "linetype": "", "color": "0,0,0,55", "ocolor": 256, "color24": -1, "transparency": 0, "lweight": -1, "linewidth": 0.0, "ltscale": 1.0, "visible": 1, "thickness": 0.0, "ext": null, "height": 4.0000000000000009, "text": "12", "angle": 33.174917728887074, "widthscale": 13.582537148526169, "oblique": 0.0, "style": "style1", "textgen": 1, "alignh": 0, "alignv": 1, "interlin": 1.0 }, "geometry": { "type": "Point", "coordinates": [ -40.359657389248177, -20.42454764875761, 0.0 ] } },
{ "type": "Feature", "properties": { "fid": 9511, "handle": 777223, "block": -1, "etype": 19, "space": 0, "layer": "0", "olinetype": "bylayer", "linetype": "", "color": "0,0,0,55", "ocolor": 256, "color24": -1, "transparency": 0, "lweight": -1, "linewidth": 0.0, "ltscale": 1.0, "visible": 1, "thickness": 0.0, "ext": null, "height": 4.0000000000000009, "text": "14", "angle": 33.174917728887074, "widthscale": 13.582537148526169, "oblique": 0.0, "style": "style1", "textgen": 1, "alignh": 0, "alignv": 1, "interlin": 1.0 }, "geometry": { "type": "Point", "coordinates": [ -40.359579257611742, -20.424502445294369, 0.0 ] } },
{ "type": "Feature", "properties": { "fid": 9512, "handle": 777224, "block": -1, "etype": 19, "space": 0, "layer": "0", "olinetype": "bylayer", "linetype": "", "color": "0,0,0,55", "ocolor": 256, "color24": -1, "transparency": 0, "lweight": -1, "linewidth": 0.0, "ltscale": 1.0, "visible": 1, "thickness": 0.0, "ext": null, "height": 4.0000000000000009, "text": "18", "angle": 33.174917728887074, "widthscale": 13.582537148526169, "oblique": 0.0, "style": "style1", "textgen": 1, "alignh": 0, "alignv": 1, "interlin": 1.0 }, "geometry": { "type": "Point", "coordinates": [ -40.359408862629458, -20.424400825393452, 0.0 ] } },
{ "type": "Feature", "properties": { "fid": 9513, "handle": 777225, "block": -1, "etype": 19, "space": 0, "layer": "0", "olinetype": "bylayer", "linetype": "", "color": "0,0,0,55", "ocolor": 256, "color24": -1, "transparency": 0, "lweight": -1, "linewidth": 0.0, "ltscale": 1.0, "visible": 1, "thickness": 0.0, "ext": null, "height": 4.0000000000000009, "text": "20", "angle": 33.174917728887074, "widthscale": 13.582537148526169, "oblique": 0.0, "style": "style1", "textgen": 1, "alignh": 0, "alignv": 1, "interlin": 1.0 }, "geometry": { "type": "Point", "coordinates": [ -40.359317276129417, -20.424347394432161, 0.0 ] } },
{ "type": "Feature", "properties": { "fid": 9514, "handle": 777226, "block": -1, "etype": 19, "space": 0, "layer": "0", "olinetype": "bylayer", "linetype": "", "color": "0,0,0,55", "ocolor": 256, "color24": -1, "transparency": 0, "lweight": -1, "linewidth": 0.0, "ltscale": 1.0, "visible": 1, "thickness": 0.0, "ext": null, "height": 4.0000000000000009, "text": "19", "angle": 33.174917728887074, "widthscale": 13.582537148526169, "oblique": 0.0, "style": "style1", "textgen": 1, "alignh": 0, "alignv": 1, "interlin": 1.0 }, "geometry": { "type": "Point", "coordinates": [ -40.359144975643467, -20.424577952269161, 0.0 ] } },
{ "type": "Feature", "properties": { "fid": 9515, "handle": 777227, "block": -1, "etype": 19, "space": 0, "layer": "0", "olinetype": "bylayer", "linetype": "", "color": "0,0,0,55", "ocolor": 256, "color24": -1, "transparency": 0, "lweight": -1, "linewidth": 0.0, "ltscale": 1.0, "visible": 1, "thickness": 0.0, "ext": null, "height": 4.0000000000000009, "text": "7", "angle": 33.174917728887074, "widthscale": 13.582537148526169, "oblique": 0.0, "style": "style1", "textgen": 1, "alignh": 0, "alignv": 1, "interlin": 1.0 }, "geometry": { "type": "Point", "coordinates": [ -40.359642906047284, -20.424878262596081, 0.0 ] } },
{ "type": "Feature", "properties": { "fid": 9516, "handle": 777228, "block": -1, "etype": 19, "space": 0, "layer": "0", "olinetype": "bylayer", "linetype": "", "color": "0,0,0,55", "ocolor": 256, "color24": -1, "transparency": 0, "lweight": -1, "linewidth": 0.0, "ltscale": 1.0, "visible": 1, "thickness": 0.0, "ext": null, "height": 4.0000000000000009, "text": "9", "angle": 33.174917728887074, "widthscale": 13.582537148526169, "oblique": 0.0, "style": "style1", "textgen": 1, "alignh": 0, "alignv": 1, "interlin": 1.0 }, "geometry": { "type": "Point", "coordinates": [ -40.359560053108169, -20.424824045136251, 0.0 ] } },
{ "type": "Feature", "properties": { "fid": 9517, "handle": 777229, "block": -1, "etype": 19, "space": 0, "layer": "0", "olinetype": "bylayer", "linetype": "", "color": "0,0,0,55", "ocolor": 256, "color24": -1, "transparency": 0, "lweight": -1, "linewidth": 0.0, "ltscale": 1.0, "visible": 1, "thickness": 0.0, "ext": null, "height": 4.0000000000000009, "text": "11", "angle": 33.174917728887074, "widthscale": 13.582537148526169, "oblique": 0.0, "style": "style1", "textgen": 1, "alignh": 0, "alignv": 1, "interlin": 1.0 }, "geometry": { "type": "Point", "coordinates": [ -40.35947807703684, -20.424776490952716, 0.0 ] } },
{ "type": "Feature", "properties": { "fid": 9518, "handle": 777230, "block": -1, "etype": 19, "space": 0, "layer": "0", "olinetype": "bylayer", "linetype": "", "color": "0,0,0,55", "ocolor": 256, "color24": -1, "transparency": 0, "lweight": -1, "linewidth": 0.0, "ltscale": 1.0, "visible": 1, "thickness": 0.0, "ext": null, "height": 4.0000000000000009, "text": "13", "angle": 33.174917728887074, "widthscale": 13.582537148526169, "oblique": 0.0, "style": "style1", "textgen": 1, "alignh": 0, "alignv": 1, "interlin": 1.0 }, "geometry": { "type": "Point", "coordinates": [ -40.359408987045526, -20.424741959711, 0.0 ] } },
{ "type": "Feature", "properties": { "fid": 9519, "handle": 777231, "block": -1, "etype": 19, "space": 0, "layer": "0", "olinetype": "bylayer", "linetype": "", "color": "0,0,0,55", "ocolor": 256, "color24": -1, "transparency": 0, "lweight": -1, "linewidth": 0.0, "ltscale": 1.0, "visible": 1, "thickness": 0.0, "ext": null, "height": 4.0000000000000009, "text": "15", "angle": 33.174917728887074, "widthscale": 13.582537148526169, "oblique": 0.0, "style": "style1", "textgen": 1, "alignh": 0, "alignv": 1, "interlin": 1.0 }, "geometry": { "type": "Point", "coordinates": [ -40.359330747774642, -20.4246889751632, 0.0 ] } },
{ "type": "Feature", "properties": { "fid": 9520, "handle": 777232, "block": -1, "etype": 19, "space": 0, "layer": "0", "olinetype": "bylayer", "linetype": "", "color": "0,0,0,55", "ocolor": 256, "color24": -1, "transparency": 0, "lweight": -1, "linewidth": 0.0, "ltscale": 1.0, "visible": 1, "thickness": 0.0, "ext": null, "height": 4.0000000000000009, "text": "17", "angle": 33.174917728887074, "widthscale": 13.582537148526169, "oblique": 0.0, "style": "style1", "textgen": 1, "alignh": 0, "alignv": 1, "interlin": 1.0 }, "geometry": { "type": "Point", "coordinates": [ -40.359245604073678, -20.424642055636429, 0.0 ] } },
{ "type": "Feature", "properties": { "fid": 9521, "handle": 777233, "block": -1, "etype": 19, "space": 0, "layer": "0", "olinetype": "byblock", "linetype": "", "color": "0,0,0,55", "ocolor": 256, "color24": -1, "transparency": 0, "lweight": -1, "linewidth": 0.0, "ltscale": 1.0, "visible": 1, "thickness": 0.0, "ext": null, "height": 4.0000000000000009, "text": "21", "angle": 33.174917728887074, "widthscale": 13.582537148526169, "oblique": 0.0, "style": "style1", "textgen": 1, "alignh": 0, "alignv": 1, "interlin": 1.0 }, "geometry": { "type": "Point", "coordinates": [ -40.358912432846537, -20.424535275459203, 0.0 ] } },
{ "type": "Feature", "properties": { "fid": 9522, "handle": 777234, "block": -1, "etype": 19, "space": 0, "layer": "0", "olinetype": "byblock", "linetype": "", "color": "0,0,0,55", "ocolor": 256, "color24": -1, "transparency": 0, "lweight": -1, "linewidth": 0.0, "ltscale": 1.0, "visible": 1, "thickness": 0.0, "ext": null, "height": 4.0000000000000009, "text": "22", "angle": 33.174917728887074, "widthscale": 13.582537148526169, "oblique": 0.0, "style": "style1", "textgen": 1, "alignh": 0, "alignv": 1, "interlin": 1.0 }, "geometry": { "type": "Point", "coordinates": [ -40.358968531850316, -20.424457477286797, 0.0 ] } },
{ "type": "Feature", "properties": { "fid": 9523, "handle": 777235, "block": -1, "etype": 19, "space": 0, "layer": "0", "olinetype": "byblock", "linetype": "", "color": "0,0,0,55", "ocolor": 256, "color24": -1, "transparency": 0, "lweight": -1, "linewidth": 0.0, "ltscale": 1.0, "visible": 1, "thickness": 0.0, "ext": null, "height": 4.0000000000000009, "text": "23", "angle": 33.174917728887074, "widthscale": 13.582537148526169, "oblique": 0.0, "style": "style1", "textgen": 1, "alignh": 0, "alignv": 1, "interlin": 1.0 }, "geometry": { "type": "Point", "coordinates": [ -40.359018391488149, -20.42438165445898, 0.0 ] } },
{ "type": "Feature", "properties": { "fid": 9524, "handle": 777236, "block": -1, "etype": 19, "space": 0, "layer": "0", "olinetype": "byblock", "linetype": "", "color": "0,0,0,55", "ocolor": 256, "color24": -1, "transparency": 0, "lweight": -1, "linewidth": 0.0, "ltscale": 1.0, "visible": 1, "thickness": 0.0, "ext": null, "height": 4.0000000000000009, "text": "24", "angle": 33.174917728887074, "widthscale": 13.582537148526169, "oblique": 0.0, "style": "style1", "textgen": 1, "alignh": 0, "alignv": 1, "interlin": 1.0 }, "geometry": { "type": "Point", "coordinates": [ -40.359075398751941, -20.424312440422888, 0.0 ] } },
{ "type": "Feature", "properties": { "fid": 9525, "handle": 777237, "block": -1, "etype": 19, "space": 0, "layer": "0", "olinetype": "bylayer", "linetype": "", "color": "0,0,0,55", "ocolor": 256, "color24": -1, "transparency": 0, "lweight": -1, "linewidth": 0.0, "ltscale": 1.0, "visible": 1, "thickness": 0.0, "ext": null, "height": 4.0000000000000009, "text": "25", "angle": 33.174917728887074, "widthscale": 13.582537148526169, "oblique": 0.0, "style": "style1", "textgen": 1, "alignh": 0, "alignv": 1, "interlin": 1.0 }, "geometry": { "type": "Point", "coordinates": [ -40.359123584692291, -20.42423447504261, 0.0 ] } },
{ "type": "Feature", "properties": { "fid": 9526, "handle": 777238, "block": -1, "etype": 19, "space": 0, "layer": "0", "olinetype": "byblock", "linetype": "", "color": "0,0,0,55", "ocolor": 256, "color24": -1, "transparency": 0, "lweight": -1, "linewidth": 0.0, "ltscale": 1.0, "visible": 1, "thickness": 0.0, "ext": null, "height": 4.0000000000000009, "text": "26", "angle": 33.174917728887074, "widthscale": 13.582537148526169, "oblique": 0.0, "style": "style1", "textgen": 1, "alignh": 0, "alignv": 1, "interlin": 1.0 }, "geometry": { "type": "Point", "coordinates": [ -40.359174129557672, -20.42415247509074, 0.0 ] } },
{ "type": "Feature", "properties": { "fid": 9527, "handle": 777239, "block": -1, "etype": 19, "space": 0, "layer": "0", "olinetype": "bylayer", "linetype": "", "color": "0,0,0,55", "ocolor": 256, "color24": -1, "transparency": 0, "lweight": -1, "linewidth": 0.0, "ltscale": 1.0, "visible": 1, "thickness": 0.0, "ext": null, "height": 4.0000000000000009, "text": "16", "angle": 33.174917728887074, "widthscale": 13.582537148526169, "oblique": 0.0, "style": "style1", "textgen": 1, "alignh": 0, "alignv": 1, "interlin": 1.0 }, "geometry": { "type": "Point", "coordinates": [ -40.35949760464834, -20.424453457014135, 0.0 ] } },
{ "type": "Feature", "properties": { "fid": 9528, "handle": 777351, "block": -1, "etype": 19, "space": 0, "layer": "0", "olinetype": "bylayer", "linetype": "", "color": "0,0,0,55", "ocolor": 256, "color24": -1, "transparency": 0, "lweight": -1, "linewidth": 0.0, "ltscale": 1.0, "visible": 1, "thickness": 0.0, "ext": null, "height": 4.0000000000000009, "text": "1", "angle": 33.174917728887074, "widthscale": 13.582537148526169, "oblique": 0.0, "style": "style1", "textgen": 1, "alignh": 0, "alignv": 1, "interlin": 1.0 }, "geometry": { "type": "Point", "coordinates": [ -40.360111612644566, -20.424494404311048, 0.0 ] } },
{ "type": "Feature", "properties": { "fid": 9529, "handle": 777352, "block": -1, "etype": 19, "space": 0, "layer": "0", "olinetype": "bylayer", "linetype": "", "color": "0,0,0,55", "ocolor": 256, "color24": -1, "transparency": 0, "lweight": -1, "linewidth": 0.0, "ltscale": 1.0, "visible": 1, "thickness": 0.0, "ext": null, "height": 4.0000000000000009, "text": "2", "angle": 33.174917728887074, "widthscale": 13.582537148526169, "oblique": 0.0, "style": "style1", "textgen": 1, "alignh": 0, "alignv": 1, "interlin": 1.0 }, "geometry": { "type": "Point", "coordinates": [ -40.360170202033878, -20.42441298556998, 0.0 ] } },
{ "type": "Feature", "properties": { "fid": 9530, "handle": 777353, "block": -1, "etype": 19, "space": 0, "layer": "0", "olinetype": "bylayer", "linetype": "", "color": "0,0,0,55", "ocolor": 256, "color24": -1, "transparency": 0, "lweight": -1, "linewidth": 0.0, "ltscale": 1.0, "visible": 1, "thickness": 0.0, "ext": null, "height": 4.0000000000000009, "text": "3", "angle": 33.174917728887074, "widthscale": 13.582537148526169, "oblique": 0.0, "style": "style1", "textgen": 1, "alignh": 0, "alignv": 1, "interlin": 1.0 }, "geometry": { "type": "Point", "coordinates": [ -40.360228026124304, -20.424337493301401, 0.0 ] } },
{ "type": "Feature", "properties": { "fid": 9531, "handle": 777354, "block": -1, "etype": 19, "space": 0, "layer": "0", "olinetype": "bylayer", "linetype": "", "color": "0,0,0,55", "ocolor": 256, "color24": -1, "transparency": 0, "lweight": -1, "linewidth": 0.0, "ltscale": 1.0, "visible": 1, "thickness": 0.0, "ext": null, "height": 4.0000000000000009, "text": "4", "angle": 33.174917728887074, "widthscale": 13.582537148526169, "oblique": 0.0, "style": "style1", "textgen": 1, "alignh": 0, "alignv": 1, "interlin": 1.0 }, "geometry": { "type": "Point", "coordinates": [ -40.360279466429716, -20.424268430919309, 0.0 ] } },
{ "type": "Feature", "properties": { "fid": 9532, "handle": 777355, "block": -1, "etype": 19, "space": 0, "layer": "0", "olinetype": "bylayer", "linetype": "", "color": "0,0,0,55", "ocolor": 256, "color24": -1, "transparency": 0, "lweight": -1, "linewidth": 0.0, "ltscale": 1.0, "visible": 1, "thickness": 0.0, "ext": null, "height": 4.0000000000000009, "text": "5", "angle": 33.174917728887074, "widthscale": 13.582537148526169, "oblique": 0.0, "style": "style1", "textgen": 1, "alignh": 0, "alignv": 1, "interlin": 1.0 }, "geometry": { "type": "Point", "coordinates": [ -40.360333510607987, -20.424189888121333, 0.0 ] } },
{ "type": "Feature", "properties": { "fid": 9533, "handle": 777356, "block": -1, "etype": 19, "space": 0, "layer": "0", "olinetype": "byblock", "linetype": "", "color": "0,0,0,55", "ocolor": 256, "color24": -1, "transparency": 0, "lweight": -1, "linewidth": 0.0, "ltscale": 1.0, "visible": 1, "thickness": 0.0, "ext": null, "height": 4.0000000000000009, "text": "6", "angle": 33.174917728887074, "widthscale": 13.582537148526169, "oblique": 0.0, "style": "style1", "textgen": 1, "alignh": 0, "alignv": 1, "interlin": 1.0 }, "geometry": { "type": "Point", "coordinates": [ -40.360381271208638, -20.424111933270385, 0.0 ] } },
{ "type": "Feature", "properties": { "fid": 9534, "handle": 777357, "block": -1, "etype": 19, "space": 0, "layer": "0", "olinetype": "byblock", "linetype": "", "color": "0,0,0,55", "ocolor": 256, "color24": -1, "transparency": 0, "lweight": -1, "linewidth": 0.0, "ltscale": 1.0, "visible": 1, "thickness": 0.0, "ext": null, "height": 4.0000000000000009, "text": "8", "angle": 33.174917728887074, "widthscale": 13.582537148526169, "oblique": 0.0, "style": "style1", "textgen": 1, "alignh": 0, "alignv": 1, "interlin": 1.0 }, "geometry": { "type": "Point", "coordinates": [ -40.360186823258893, -20.424095389360456, 0.0 ] } },
{ "type": "Feature", "properties": { "fid": 9535, "handle": 777358, "block": -1, "etype": 19, "space": 0, "layer": "0", "olinetype": "byblock", "linetype": "", "color": "0,0,0,55", "ocolor": 256, "color24": -1, "transparency": 0, "lweight": -1, "linewidth": 0.0, "ltscale": 1.0, "visible": 1, "thickness": 0.0, "ext": null, "height": 4.0000000000000009, "text": "10", "angle": 33.174917728887074, "widthscale": 13.582537148526169, "oblique": 0.0, "style": "style1", "textgen": 1, "alignh": 0, "alignv": 1, "interlin": 1.0 }, "geometry": { "type": "Point", "coordinates": [ -40.36011445819657, -20.424053712218477, 0.0 ] } },
{ "type": "Feature", "properties": { "fid": 9536, "handle": 777359, "block": -1, "etype": 19, "space": 0, "layer": "0", "olinetype": "byblock", "linetype": "", "color": "0,0,0,55", "ocolor": 256, "color24": -1, "transparency": 0, "lweight": -1, "linewidth": 0.0, "ltscale": 1.0, "visible": 1, "thickness": 0.0, "ext": null, "height": 4.0000000000000009, "text": "12", "angle": 33.174917728887074, "widthscale": 13.582537148526169, "oblique": 0.0, "style": "style1", "textgen": 1, "alignh": 0, "alignv": 1, "interlin": 1.0 }, "geometry": { "type": "Point", "coordinates": [ -40.360037664573063, -20.424002595695558, 0.0 ] } },
{ "type": "Feature", "properties": { "fid": 9537, "handle": 777360, "block": -1, "etype": 19, "space": 0, "layer": "0", "olinetype": "byblock", "linetype": "", "color": "0,0,0,55", "ocolor": 256, "color24": -1, "transparency": 0, "lweight": -1, "linewidth": 0.0, "ltscale": 1.0, "visible": 1, "thickness": 0.0, "ext": null, "height": 4.0000000000000009, "text": "14", "angle": 33.174917728887074, "widthscale": 13.582537148526169, "oblique": 0.0, "style": "style1", "textgen": 1, "alignh": 0, "alignv": 1, "interlin": 1.0 }, "geometry": { "type": "Point", "coordinates": [ -40.359959533121824, -20.423957392390935, 0.0 ] } },
{ "type": "Feature", "properties": { "fid": 9538, "handle": 777361, "block": -1, "etype": 19, "space": 0, "layer": "0", "olinetype": "byblock", "linetype": "", "color": "0,0,0,55", "ocolor": 256, "color24": -1, "transparency": 0, "lweight": -1, "linewidth": 0.0, "ltscale": 1.0, "visible": 1, "thickness": 0.0, "ext": null, "height": 4.0000000000000009, "text": "18", "angle": 33.174917728887074, "widthscale": 13.582537148526169, "oblique": 0.0, "style": "style1", "textgen": 1, "alignh": 0, "alignv": 1, "interlin": 1.0 }, "geometry": { "type": "Point", "coordinates": [ -40.35978913853662, -20.423855772836241, 0.0 ] } },
{ "type": "Feature", "properties": { "fid": 9539, "handle": 777362, "block": -1, "etype": 19, "space": 0, "layer": "0", "olinetype": "byblock", "linetype": "", "color": "0,0,0,55", "ocolor": 256, "color24": -1, "transparency": 0, "lweight": -1, "linewidth": 0.0, "ltscale": 1.0, "visible": 1, "thickness": 0.0, "ext": null, "height": 4.0000000000000009, "text": "20", "angle": 33.174917728887074, "widthscale": 13.582537148526169, "oblique": 0.0, "style": "style1", "textgen": 1, "alignh": 0, "alignv": 1, "interlin": 1.0 }, "geometry": { "type": "Point", "coordinates": [ -40.359697075732377, -20.42380303458738, 0.0 ] } },
{ "type": "Feature", "properties": { "fid": 9540, "handle": 777363, "block": -1, "etype": 19, "space": 0, "layer": "0", "olinetype": "byblock", "linetype": "", "color": "0,0,0,55", "ocolor": 256, "color24": -1, "transparency": 0, "lweight": -1, "linewidth": 0.0, "ltscale": 1.0, "visible": 1, "thickness": 0.0, "ext": null, "height": 4.0000000000000009, "text": "19", "angle": 33.174917728887074, "widthscale": 13.582537148526169, "oblique": 0.0, "style": "style1", "textgen": 1, "alignh": 0, "alignv": 1, "interlin": 1.0 }, "geometry": { "type": "Point", "coordinates": [ -40.359525252944493, -20.424032900175771, 0.0 ] } },
{ "type": "Feature", "properties": { "fid": 9541, "handle": 777364, "block": -1, "etype": 19, "space": 0, "layer": "0", "olinetype": "bylayer", "linetype": "", "color": "0,0,0,55", "ocolor": 256, "color24": -1, "transparency": 0, "lweight": -1, "linewidth": 0.0, "ltscale": 1.0, "visible": 1, "thickness": 0.0, "ext": null, "height": 4.0000000000000009, "text": "7", "angle": 33.174917728887074, "widthscale": 13.582537148526169, "oblique": 0.0, "style": "style1", "textgen": 1, "alignh": 0, "alignv": 1, "interlin": 1.0 }, "geometry": { "type": "Point", "coordinates": [ -40.360022705643487, -20.42433390206417, 0.0 ] } },
{ "type": "Feature", "properties": { "fid": 9542, "handle": 777365, "block": -1, "etype": 19, "space": 0, "layer": "0", "olinetype": "bylayer", "linetype": "", "color": "0,0,0,55", "ocolor": 256, "color24": -1, "transparency": 0, "lweight": -1, "linewidth": 0.0, "ltscale": 1.0, "visible": 1, "thickness": 0.0, "ext": null, "height": 4.0000000000000009, "text": "9", "angle": 33.174917728887074, "widthscale": 13.582537148526169, "oblique": 0.0, "style": "style1", "textgen": 1, "alignh": 0, "alignv": 1, "interlin": 1.0 }, "geometry": { "type": "Point", "coordinates": [ -40.359939376430773, -20.424280377205768, 0.0 ] } },
{ "type": "Feature", "properties": { "fid": 9543, "handle": 777366, "block": -1, "etype": 19, "space": 0, "layer": "0", "olinetype": "bylayer", "linetype": "", "color": "0,0,0,55", "ocolor": 256, "color24": -1, "transparency": 0, "lweight": -1, "linewidth": 0.0, "ltscale": 1.0, "visible": 1, "thickness": 0.0, "ext": null, "height": 4.0000000000000009, "text": "11", "angle": 33.174917728887074, "widthscale": 13.582537148526169, "oblique": 0.0, "style": "style1", "textgen": 1, "alignh": 0, "alignv": 1, "interlin": 1.0 }, "geometry": { "type": "Point", "coordinates": [ -40.359857400552968, -20.424232823188241, 0.0 ] } },
{ "type": "Feature", "properties": { "fid": 9544, "handle": 777367, "block": -1, "etype": 19, "space": 0, "layer": "0", "olinetype": "byblock", "linetype": "", "color": "0,0,0,55", "ocolor": 256, "color24": -1, "transparency": 0, "lweight": -1, "linewidth": 0.0, "ltscale": 1.0, "visible": 1, "thickness": 0.0, "ext": null, "height": 4.0000000000000009, "text": "13", "angle": 33.174917728887074, "widthscale": 13.582537148526169, "oblique": 0.0, "style": "style1", "textgen": 1, "alignh": 0, "alignv": 1, "interlin": 1.0 }, "geometry": { "type": "Point", "coordinates": [ -40.359788310737116, -20.42419829208611, 0.0 ] } },
{ "type": "Feature", "properties": { "fid": 9545, "handle": 777368, "block": -1, "etype": 19, "space": 0, "layer": "0", "olinetype": "byblock", "linetype": "", "color": "0,0,0,55", "ocolor": 256, "color24": -1, "transparency": 0, "lweight": -1, "linewidth": 0.0, "ltscale": 1.0, "visible": 1, "thickness": 0.0, "ext": null, "height": 4.0000000000000009, "text": "15", "angle": 33.174917728887074, "widthscale": 13.582537148526169, "oblique": 0.0, "style": "style1", "textgen": 1, "alignh": 0, "alignv": 1, "interlin": 1.0 }, "geometry": { "type": "Point", "coordinates": [ -40.359710548122102, -20.424144615218886, 0.0 ] } },
{ "type": "Feature", "properties": { "fid": 9546, "handle": 777369, "block": -1, "etype": 19, "space": 0, "layer": "0", "olinetype": "byblock", "linetype": "", "color": "0,0,0,55", "ocolor": 256, "color24": -1, "transparency": 0, "lweight": -1, "linewidth": 0.0, "ltscale": 1.0, "visible": 1, "thickness": 0.0, "ext": null, "height": 4.0000000000000009, "text": "17", "angle": 33.174917728887074, "widthscale": 13.582537148526169, "oblique": 0.0, "style": "style1", "textgen": 1, "alignh": 0, "alignv": 1, "interlin": 1.0 }, "geometry": { "type": "Point", "coordinates": [ -40.35962540466096, -20.424097695816489, 0.0 ] } },
{ "type": "Feature", "properties": { "fid": 9547, "handle": 777370, "block": -1, "etype": 19, "space": 0, "layer": "0", "olinetype": "byblock", "linetype": "", "color": "0,0,0,55", "ocolor": 256, "color24": -1, "transparency": 0, "lweight": -1, "linewidth": 0.0, "ltscale": 1.0, "visible": 1, "thickness": 0.0, "ext": null, "height": 4.0000000000000009, "text": "21", "angle": 33.174917728887074, "widthscale": 13.582537148526169, "oblique": 0.0, "style": "style1", "textgen": 1, "alignh": 0, "alignv": 1, "interlin": 1.0 }, "geometry": { "type": "Point", "coordinates": [ -40.359292234381236, -20.423990916356271, 0.0 ] } },
{ "type": "Feature", "properties": { "fid": 9548, "handle": 777371, "block": -1, "etype": 19, "space": 0, "layer": "0", "olinetype": "byblock", "linetype": "", "color": "0,0,0,55", "ocolor": 256, "color24": -1, "transparency": 0, "lweight": -1, "linewidth": 0.0, "ltscale": 1.0, "visible": 1, "thickness": 0.0, "ext": null, "height": 4.0000000000000009, "text": "22", "angle": 33.174917728887074, "widthscale": 13.582537148526169, "oblique": 0.0, "style": "style1", "textgen": 1, "alignh": 0, "alignv": 1, "interlin": 1.0 }, "geometry": { "type": "Point", "coordinates": [ -40.359348332974491, -20.423913118124844, 0.0 ] } },
{ "type": "Feature", "properties": { "fid": 9549, "handle": 777372, "block": -1, "etype": 19, "space": 0, "layer": "0", "olinetype": "byblock", "linetype": "", "color": "0,0,0,55", "ocolor": 256, "color24": -1, "transparency": 0, "lweight": -1, "linewidth": 0.0, "ltscale": 1.0, "visible": 1, "thickness": 0.0, "ext": null, "height": 4.0000000000000009, "text": "23", "angle": 33.174917728887074, "widthscale": 13.582537148526169, "oblique": 0.0, "style": "style1", "textgen": 1, "alignh": 0, "alignv": 1, "interlin": 1.0 }, "geometry": { "type": "Point", "coordinates": [ -40.359398192260784, -20.423837295204081, 0.0 ] } },
{ "type": "Feature", "properties": { "fid": 9550, "handle": 777373, "block": -1, "etype": 19, "space": 0, "layer": "0", "olinetype": "byblock", "linetype": "", "color": "0,0,0,55", "ocolor": 256, "color24": -1, "transparency": 0, "lweight": -1, "linewidth": 0.0, "ltscale": 1.0, "visible": 1, "thickness": 0.0, "ext": null, "height": 4.0000000000000009, "text": "24", "angle": 33.174917728887074, "widthscale": 13.582537148526169, "oblique": 0.0, "style": "style1", "textgen": 1, "alignh": 0, "alignv": 1, "interlin": 1.0 }, "geometry": { "type": "Point", "coordinates": [ -40.359455199161658, -20.423768081060423, 0.0 ] } },
{ "type": "Feature", "properties": { "fid": 9551, "handle": 777374, "block": -1, "etype": 19, "space": 0, "layer": "0", "olinetype": "byblock", "linetype": "", "color": "0,0,0,55", "ocolor": 256, "color24": -1, "transparency": 0, "lweight": -1, "linewidth": 0.0, "ltscale": 1.0, "visible": 1, "thickness": 0.0, "ext": null, "height": 4.0000000000000009, "text": "25", "angle": 33.174917728887074, "widthscale": 13.582537148526169, "oblique": 0.0, "style": "style1", "textgen": 1, "alignh": 0, "alignv": 1, "interlin": 1.0 }, "geometry": { "type": "Point", "coordinates": [ -40.359503384751832, -20.423690115590677, 0.0 ] } },
{ "type": "Feature", "properties": { "fid": 9552, "handle": 777375, "block": -1, "etype": 19, "space": 0, "layer": "0", "olinetype": "byblock", "linetype": "", "color": "0,0,0,55", "ocolor": 256, "color24": -1, "transparency": 0, "lweight": -1, "linewidth": 0.0, "ltscale": 1.0, "visible": 1, "thickness": 0.0, "ext": null, "height": 4.0000000000000009, "text": "26", "angle": 33.174917728887074, "widthscale": 13.582537148526169, "oblique": 0.0, "style": "style1", "textgen": 1, "alignh": 0, "alignv": 1, "interlin": 1.0 }, "geometry": { "type": "Point", "coordinates": [ -40.359553929249373, -20.423608115545026, 0.0 ] } },
{ "type": "Feature", "properties": { "fid": 9553, "handle": 777376, "block": -1, "etype": 19, "space": 0, "layer": "0", "olinetype": "byblock", "linetype": "", "color": "0,0,0,55", "ocolor": 256, "color24": -1, "transparency": 0, "lweight": -1, "linewidth": 0.0, "ltscale": 1.0, "visible": 1, "thickness": 0.0, "ext": null, "height": 4.0000000000000009, "text": "16", "angle": 33.174917728887074, "widthscale": 13.582537148526169, "oblique": 0.0, "style": "style1", "textgen": 1, "alignh": 0, "alignv": 1, "interlin": 1.0 }, "geometry": { "type": "Point", "coordinates": [ -40.359877880348051, -20.423908404276613, 0.0 ] } },
{ "type": "Feature", "properties": { "fid": 9554, "handle": 777498, "block": -1, "etype": 19, "space": 0, "layer": "0", "olinetype": "byblock", "linetype": "", "color": "0,0,0,55", "ocolor": 256, "color24": -1, "transparency": 0, "lweight": -1, "linewidth": 0.0, "ltscale": 1.0, "visible": 1, "thickness": 0.0, "ext": null, "height": 4.0000000000000009, "text": "1", "angle": 33.174917728887074, "widthscale": 13.582537148526169, "oblique": 0.0, "style": "style1", "textgen": 1, "alignh": 0, "alignv": 1, "interlin": 1.0 }, "geometry": { "type": "Point", "coordinates": [ -40.360487013946695, -20.423954894139886, 0.0 ] } },
{ "type": "Feature", "properties": { "fid": 9555, "handle": 777499, "block": -1, "etype": 19, "space": 0, "layer": "0", "olinetype": "byblock", "linetype": "", "color": "0,0,0,55", "ocolor": 256, "color24": -1, "transparency": 0, "lweight": -1, "linewidth": 0.0, "ltscale": 1.0, "visible": 1, "thickness": 0.0, "ext": null, "height": 4.0000000000000009, "text": "2", "angle": 33.174917728887074, "widthscale": 13.582537148526169, "oblique": 0.0, "style": "style1", "textgen": 1, "alignh": 0, "alignv": 1, "interlin": 1.0 }, "geometry": { "type": "Point", "coordinates": [ -40.360546079427593, -20.423872782809838, 0.0 ] } },
{ "type": "Feature", "properties": { "fid": 9556, "handle": 777500, "block": -1, "etype": 19, "space": 0, "layer": "0", "olinetype": "byblock", "linetype": "", "color": "0,0,0,55", "ocolor": 256, "color24": -1, "transparency": 0, "lweight": -1, "linewidth": 0.0, "ltscale": 1.0, "visible": 1, "thickness": 0.0, "ext": null, "height": 4.0000000000000009, "text": "3", "angle": 33.174917728887074, "widthscale": 13.582537148526169, "oblique": 0.0, "style": "style1", "textgen": 1, "alignh": 0, "alignv": 1, "interlin": 1.0 }, "geometry": { "type": "Point", "coordinates": [ -40.360602950142479, -20.423798675443038, 0.0 ] } },
{ "type": "Feature", "properties": { "fid": 9557, "handle": 777501, "block": -1, "etype": 19, "space": 0, "layer": "0", "olinetype": "byblock", "linetype": "", "color": "0,0,0,55", "ocolor": 256, "color24": -1, "transparency": 0, "lweight": -1, "linewidth": 0.0, "ltscale": 1.0, "visible": 1, "thickness": 0.0, "ext": null, "height": 4.0000000000000009, "text": "4", "angle": 33.174917728887074, "widthscale": 13.582537148526169, "oblique": 0.0, "style": "style1", "textgen": 1, "alignh": 0, "alignv": 1, "interlin": 1.0 }, "geometry": { "type": "Point", "coordinates": [ -40.360654866625246, -20.423728920436812, 0.0 ] } },
{ "type": "Feature", "properties": { "fid": 9558, "handle": 777502, "block": -1, "etype": 19, "space": 0, "layer": "0", "olinetype": "byblock", "linetype": "", "color": "0,0,0,55", "ocolor": 256, "color24": -1, "transparency": 0, "lweight": -1, "linewidth": 0.0, "ltscale": 1.0, "visible": 1, "thickness": 0.0, "ext": null, "height": 4.0000000000000009, "text": "5", "angle": 33.174917728887074, "widthscale": 13.582537148526169, "oblique": 0.0, "style": "style1", "textgen": 1, "alignh": 0, "alignv": 1, "interlin": 1.0 }, "geometry": { "type": "Point", "coordinates": [ -40.360709386916547, -20.423649685058109, 0.0 ] } },
{ "type": "Feature", "properties": { "fid": 9559, "handle": 777503, "block": -1, "etype": 19, "space": 0, "layer": "0", "olinetype": "byblock", "linetype": "", "color": "0,0,0,55", "ocolor": 256, "color24": -1, "transparency": 0, "lweight": -1, "linewidth": 0.0, "ltscale": 1.0, "visible": 1, "thickness": 0.0, "ext": null, "height": 4.0000000000000009, "text": "6", "angle": 33.174917728887074, "widthscale": 13.582537148526169, "oblique": 0.0, "style": "style1", "textgen": 1, "alignh": 0, "alignv": 1, "interlin": 1.0 }, "geometry": { "type": "Point", "coordinates": [ -40.36075619417543, -20.423573115129649, 0.0 ] } },
{ "type": "Feature", "properties": { "fid": 9560, "handle": 777504, "block": -1, "etype": 19, "space": 0, "layer": "0", "olinetype": "byblock", "linetype": "", "color": "0,0,0,55", "ocolor": 256, "color24": -1, "transparency": 0, "lweight": -1, "linewidth": 0.0, "ltscale": 1.0, "visible": 1, "thickness": 0.0, "ext": null, "height": 4.0000000000000009, "text": "8", "angle": 33.174917728887074, "widthscale": 13.582537148526169, "oblique": 0.0, "style": "style1", "textgen": 1, "alignh": 0, "alignv": 1, "interlin": 1.0 }, "geometry": { "type": "Point", "coordinates": [ -40.36055771977108, -20.423552560801081, 0.0 ] } },
{ "type": "Feature", "properties": { "fid": 9561, "handle": 777505, "block": -1, "etype": 19, "space": 0, "layer": "0", "olinetype": "byblock", "linetype": "", "color": "0,0,0,55", "ocolor": 256, "color24": -1, "transparency": 0, "lweight": -1, "linewidth": 0.0, "ltscale": 1.0, "visible": 1, "thickness": 0.0, "ext": null, "height": 4.0000000000000009, "text": "10", "angle": 33.174917728887074, "widthscale": 13.582537148526169, "oblique": 0.0, "style": "style1", "textgen": 1, "alignh": 0, "alignv": 1, "interlin": 1.0 }, "geometry": { "type": "Point", "coordinates": [ -40.360485354881902, -20.423510883802031, 0.0 ] } },
{ "type": "Feature", "properties": { "fid": 9562, "handle": 777506, "block": -1, "etype": 19, "space": 0, "layer": "0", "olinetype": "byblock", "linetype": "", "color": "0,0,0,55", "ocolor": 256, "color24": -1, "transparency": 0, "lweight": -1, "linewidth": 0.0, "ltscale": 1.0, "visible": 1, "thickness": 0.0, "ext": null, "height": 4.0000000000000009, "text": "12", "angle": 33.174917728887074, "widthscale": 13.582537148526169, "oblique": 0.0, "style": "style1", "textgen": 1, "alignh": 0, "alignv": 1, "interlin": 1.0 }, "geometry": { "type": "Point", "coordinates": [ -40.360409514454069, -20.423458382382414, 0.0 ] } },
{ "type": "Feature", "properties": { "fid": 9563, "handle": 777507, "block": -1, "etype": 19, "space": 0, "layer": "0", "olinetype": "byblock", "linetype": "", "color": "0,0,0,55", "ocolor": 256, "color24": -1, "transparency": 0, "lweight": -1, "linewidth": 0.0, "ltscale": 1.0, "visible": 1, "thickness": 0.0, "ext": null, "height": 4.0000000000000009, "text": "14", "angle": 33.174917728887074, "widthscale": 13.582537148526169, "oblique": 0.0, "style": "style1", "textgen": 1, "alignh": 0, "alignv": 1, "interlin": 1.0 }, "geometry": { "type": "Point", "coordinates": [ -40.360331383189788, -20.423413179232522, 0.0 ] } },
{ "type": "Feature", "properties": { "fid": 9564, "handle": 777508, "block": -1, "etype": 19, "space": 0, "layer": "0", "olinetype": "byblock", "linetype": "", "color": "0,0,0,55", "ocolor": 256, "color24": -1, "transparency": 0, "lweight": -1, "linewidth": 0.0, "ltscale": 1.0, "visible": 1, "thickness": 0.0, "ext": null, "height": 4.0000000000000009, "text": "18", "angle": 33.174917728887074, "widthscale": 13.582537148526169, "oblique": 0.0, "style": "style1", "textgen": 1, "alignh": 0, "alignv": 1, "interlin": 1.0 }, "geometry": { "type": "Point", "coordinates": [ -40.360160989005728, -20.423311560015502, 0.0 ] } },
{ "type": "Feature", "properties": { "fid": 9565, "handle": 777509, "block": -1, "etype": 19, "space": 0, "layer": "0", "olinetype": "byblock", "linetype": "", "color": "0,0,0,55", "ocolor": 256, "color24": -1, "transparency": 0, "lweight": -1, "linewidth": 0.0, "ltscale": 1.0, "visible": 1, "thickness": 0.0, "ext": null, "height": 4.0000000000000009, "text": "20", "angle": 33.174917728887074, "widthscale": 13.582537148526169, "oblique": 0.0, "style": "style1", "textgen": 1, "alignh": 0, "alignv": 1, "interlin": 1.0 }, "geometry": { "type": "Point", "coordinates": [ -40.360069402939956, -20.423258129421608, 0.0 ] } },
{ "type": "Feature", "properties": { "fid": 9566, "handle": 777510, "block": -1, "etype": 19, "space": 0, "layer": "0", "olinetype": "byblock", "linetype": "", "color": "0,0,0,55", "ocolor": 256, "color24": -1, "transparency": 0, "lweight": -1, "linewidth": 0.0, "ltscale": 1.0, "visible": 1, "thickness": 0.0, "ext": null, "height": 4.0000000000000009, "text": "19", "angle": 33.174917728887074, "widthscale": 13.582537148526169, "oblique": 0.0, "style": "style1", "textgen": 1, "alignh": 0, "alignv": 1, "interlin": 1.0 }, "geometry": { "type": "Point", "coordinates": [ -40.359896628278463, -20.423489380331635, 0.0 ] } },
{ "type": "Feature", "properties": { "fid": 9567, "handle": 777511, "block": -1, "etype": 19, "space": 0, "layer": "0", "olinetype": "byblock", "linetype": "", "color": "0,0,0,55", "ocolor": 256, "color24": -1, "transparency": 0, "lweight": -1, "linewidth": 0.0, "ltscale": 1.0, "visible": 1, "thickness": 0.0, "ext": null, "height": 4.0000000000000009, "text": "7", "angle": 33.174917728887074, "widthscale": 13.582537148526169, "oblique": 0.0, "style": "style1", "textgen": 1, "alignh": 0, "alignv": 1, "interlin": 1.0 }, "geometry": { "type": "Point", "coordinates": [ -40.360394556273263, -20.423789688795562, 0.0 ] } },
{ "type": "Feature", "properties": { "fid": 9568, "handle": 777512, "block": -1, "etype": 19, "space": 0, "layer": "0", "olinetype": "byblock", "linetype": "", "color": "0,0,0,55", "ocolor": 256, "color24": -1, "transparency": 0, "lweight": -1, "linewidth": 0.0, "ltscale": 1.0, "visible": 1, "thickness": 0.0, "ext": null, "height": 4.0000000000000009, "text": "9", "angle": 33.174917728887074, "widthscale": 13.582537148526169, "oblique": 0.0, "style": "style1", "textgen": 1, "alignh": 0, "alignv": 1, "interlin": 1.0 }, "geometry": { "type": "Point", "coordinates": [ -40.360311227248388, -20.423736164102607, 0.0 ] } },
{ "type": "Feature", "properties": { "fid": 9569, "handle": 777513, "block": -1, "etype": 19, "space": 0, "layer": "0", "olinetype": "byblock", "linetype": "", "color": "0,0,0,55", "ocolor": 256, "color24": -1, "transparency": 0, "lweight": -1, "linewidth": 0.0, "ltscale": 1.0, "visible": 1, "thickness": 0.0, "ext": null, "height": 4.0000000000000009, "text": "11", "angle": 33.174917728887074, "widthscale": 13.582537148526169, "oblique": 0.0, "style": "style1", "textgen": 1, "alignh": 0, "alignv": 1, "interlin": 1.0 }, "geometry": { "type": "Point", "coordinates": [ -40.360229251566487, -20.423688610247449, 0.0 ] } },
{ "type": "Feature", "properties": { "fid": 9570, "handle": 777514, "block": -1, "etype": 19, "space": 0, "layer": "0", "olinetype": "byblock", "linetype": "", "color": "0,0,0,55", "ocolor": 256, "color24": -1, "transparency": 0, "lweight": -1, "linewidth": 0.0, "ltscale": 1.0, "visible": 1, "thickness": 0.0, "ext": null, "height": 4.0000000000000009, "text": "13", "angle": 33.174917728887074, "widthscale": 13.582537148526169, "oblique": 0.0, "style": "style1", "textgen": 1, "alignh": 0, "alignv": 1, "interlin": 1.0 }, "geometry": { "type": "Point", "coordinates": [ -40.360160161927823, -20.423654079281704, 0.0 ] } },
{ "type": "Feature", "properties": { "fid": 9571, "handle": 777515, "block": -1, "etype": 19, "space": 0, "layer": "0", "olinetype": "byblock", "linetype": "", "color": "0,0,0,55", "ocolor": 256, "color24": -1, "transparency": 0, "lweight": -1, "linewidth": 0.0, "ltscale": 1.0, "visible": 1, "thickness": 0.0, "ext": null, "height": 4.0000000000000009, "text": "15", "angle": 33.174917728887074, "widthscale": 13.582537148526169, "oblique": 0.0, "style": "style1", "textgen": 1, "alignh": 0, "alignv": 1, "interlin": 1.0 }, "geometry": { "type": "Point", "coordinates": [ -40.360082399540971, -20.423600402480467, 0.0 ] } },
{ "type": "Feature", "properties": { "fid": 9572, "handle": 777516, "block": -1, "etype": 19, "space": 0, "layer": "0", "olinetype": "byblock", "linetype": "", "color": "0,0,0,55", "ocolor": 256, "color24": -1, "transparency": 0, "lweight": -1, "linewidth": 0.0, "ltscale": 1.0, "visible": 1, "thickness": 0.0, "ext": null, "height": 4.0000000000000009, "text": "17", "angle": 33.174917728887074, "widthscale": 13.582537148526169, "oblique": 0.0, "style": "style1", "textgen": 1, "alignh": 0, "alignv": 1, "interlin": 1.0 }, "geometry": { "type": "Point", "coordinates": [ -40.359997256255632, -20.423553483294651, 0.0 ] } },
{ "type": "Feature", "properties": { "fid": 9573, "handle": 777517, "block": -1, "etype": 19, "space": 0, "layer": "0", "olinetype": "byblock", "linetype": "", "color": "0,0,0,55", "ocolor": 256, "color24": -1, "transparency": 0, "lweight": -1, "linewidth": 0.0, "ltscale": 1.0, "visible": 1, "thickness": 0.0, "ext": null, "height": 4.0000000000000009, "text": "21", "angle": 33.174917728887074, "widthscale": 13.582537148526169, "oblique": 0.0, "style": "style1", "textgen": 1, "alignh": 0, "alignv": 1, "interlin": 1.0 }, "geometry": { "type": "Point", "coordinates": [ -40.359664086993561, -20.423446704439652, 0.0 ] } },
{ "type": "Feature", "properties": { "fid": 9574, "handle": 777518, "block": -1, "etype": 19, "space": 0, "layer": "0", "olinetype": "byblock", "linetype": "", "color": "0,0,0,55", "ocolor": 256, "color24": -1, "transparency": 0, "lweight": -1, "linewidth": 0.0, "ltscale": 1.0, "visible": 1, "thickness": 0.0, "ext": null, "height": 4.0000000000000009, "text": "22", "angle": 33.174917728887074, "widthscale": 13.582537148526169, "oblique": 0.0, "style": "style1", "textgen": 1, "alignh": 0, "alignv": 1, "interlin": 1.0 }, "geometry": { "type": "Point", "coordinates": [ -40.359720661698198, -20.423368213627047, 0.0 ] } },
{ "type": "Feature", "properties": { "fid": 9575, "handle": 777519, "block": -1, "etype": 19, "space": 0, "layer": "0", "olinetype": "byblock", "linetype": "", "color": "0,0,0,55", "ocolor": 256, "color24": -1, "transparency": 0, "lweight": -1, "linewidth": 0.0, "ltscale": 1.0, "visible": 1, "thickness": 0.0, "ext": null, "height": 4.0000000000000009, "text": "23", "angle": 33.174917728887074, "widthscale": 13.582537148526169, "oblique": 0.0, "style": "style1", "textgen": 1, "alignh": 0, "alignv": 1, "interlin": 1.0 }, "geometry": { "type": "Point", "coordinates": [ -40.359770520636609, -20.423292390615334, 0.0 ] } },
{ "type": "Feature", "properties": { "fid": 9576, "handle": 777520, "block": -1, "etype": 19, "space": 0, "layer": "0", "olinetype": "byblock", "linetype": "", "color": "0,0,0,55", "ocolor": 256, "color24": -1, "transparency": 0, "lweight": -1, "linewidth": 0.0, "ltscale": 1.0, "visible": 1, "thickness": 0.0, "ext": null, "height": 4.0000000000000009, "text": "24", "angle": 33.174917728887074, "widthscale": 13.582537148526169, "oblique": 0.0, "style": "style1", "textgen": 1, "alignh": 0, "alignv": 1, "interlin": 1.0 }, "geometry": { "type": "Point", "coordinates": [ -40.35982705063185, -20.423223868933665, 0.0 ] } },
{ "type": "Feature", "properties": { "fid": 9577, "handle": 777521, "block": -1, "etype": 19, "space": 0, "layer": "0", "olinetype": "byblock", "linetype": "", "color": "0,0,0,55", "ocolor": 256, "color24": -1, "transparency": 0, "lweight": -1, "linewidth": 0.0, "ltscale": 1.0, "visible": 1, "thickness": 0.0, "ext": null, "height": 4.0000000000000009, "text": "25", "angle": 33.174917728887074, "widthscale": 13.582537148526169, "oblique": 0.0, "style": "style1", "textgen": 1, "alignh": 0, "alignv": 1, "interlin": 1.0 }, "geometry": { "type": "Point", "coordinates": [ -40.359875712421591, -20.423145210809039, 0.0 ] } },
{ "type": "Feature", "properties": { "fid": 9578, "handle": 777522, "block": -1, "etype": 19, "space": 0, "layer": "0", "olinetype": "byblock", "linetype": "", "color": "0,0,0,55", "ocolor": 256, "color24": -1, "transparency": 0, "lweight": -1, "linewidth": 0.0, "ltscale": 1.0, "visible": 1, "thickness": 0.0, "ext": null, "height": 4.0000000000000009, "text": "26", "angle": 33.174917728887074, "widthscale": 13.582537148526169, "oblique": 0.0, "style": "style1", "textgen": 1, "alignh": 0, "alignv": 1, "interlin": 1.0 }, "geometry": { "type": "Point", "coordinates": [ -40.359926256555283, -20.423063210671575, 0.0 ] } },
{ "type": "Feature", "properties": { "fid": 9579, "handle": 777523, "block": -1, "etype": 19, "space": 0, "layer": "0", "olinetype": "byblock", "linetype": "", "color": "0,0,0,55", "ocolor": 256, "color24": -1, "transparency": 0, "lweight": -1, "linewidth": 0.0, "ltscale": 1.0, "visible": 1, "thickness": 0.0, "ext": null, "height": 4.0000000000000009, "text": "16", "angle": 33.174917728887074, "widthscale": 13.582537148526169, "oblique": 0.0, "style": "style1", "textgen": 1, "alignh": 0, "alignv": 1, "interlin": 1.0 }, "geometry": { "type": "Point", "coordinates": [ -40.36024925406317, -20.423364883848453, 0.0 ] } },
{ "type": "Feature", "properties": { "fid": 9580, "handle": 777658, "block": -1, "etype": 19, "space": 0, "layer": "0", "olinetype": "byblock", "linetype": "", "color": "0,0,0,55", "ocolor": 256, "color24": -1, "transparency": 0, "lweight": -1, "linewidth": 0.0, "ltscale": 1.0, "visible": 1, "thickness": 0.0, "ext": null, "height": 4.0000000000000009, "text": "1", "angle": 33.174917728887074, "widthscale": 13.582537148526169, "oblique": 0.0, "style": "style1", "textgen": 1, "alignh": 0, "alignv": 1, "interlin": 1.0 }, "geometry": { "type": "Point", "coordinates": [ -40.360876958463315, -20.423391007631089, 0.0 ] } },
{ "type": "Feature", "properties": { "fid": 9581, "handle": 777659, "block": -1, "etype": 19, "space": 0, "layer": "0", "olinetype": "byblock", "linetype": "", "color": "0,0,0,55", "ocolor": 256, "color24": -1, "transparency": 0, "lweight": -1, "linewidth": 0.0, "ltscale": 1.0, "visible": 1, "thickness": 0.0, "ext": null, "height": 4.0000000000000009, "text": "2", "angle": 33.174917728887074, "widthscale": 13.582537148526169, "oblique": 0.0, "style": "style1", "textgen": 1, "alignh": 0, "alignv": 1, "interlin": 1.0 }, "geometry": { "type": "Point", "coordinates": [ -40.360935546964825, -20.423309588796439, 0.0 ] } },
{ "type": "Feature", "properties": { "fid": 9582, "handle": 777660, "block": -1, "etype": 19, "space": 0, "layer": "0", "olinetype": "byblock", "linetype": "", "color": "0,0,0,55", "ocolor": 256, "color24": -1, "transparency": 0, "lweight": -1, "linewidth": 0.0, "ltscale": 1.0, "visible": 1, "thickness": 0.0, "ext": null, "height": 4.0000000000000009, "text": "3", "angle": 33.174917728887074, "widthscale": 13.582537148526169, "oblique": 0.0, "style": "style1", "textgen": 1, "alignh": 0, "alignv": 1, "interlin": 1.0 }, "geometry": { "type": "Point", "coordinates": [ -40.360992417295172, -20.423235481320038, 0.0 ] } },
{ "type": "Feature", "properties": { "fid": 9583, "handle": 777661, "block": -1, "etype": 19, "space": 0, "layer": "0", "olinetype": "byblock", "linetype": "", "color": "0,0,0,55", "ocolor": 256, "color24": -1, "transparency": 0, "lweight": -1, "linewidth": 0.0, "ltscale": 1.0, "visible": 1, "thickness": 0.0, "ext": null, "height": 4.0000000000000009, "text": "4", "angle": 33.174917728887074, "widthscale": 13.582537148526169, "oblique": 0.0, "style": "style1", "textgen": 1, "alignh": 0, "alignv": 1, "interlin": 1.0 }, "geometry": { "type": "Point", "coordinates": [ -40.36104433342215, -20.423165726213963, 0.0 ] } },
{ "type": "Feature", "properties": { "fid": 9584, "handle": 777662, "block": -1, "etype": 19, "space": 0, "layer": "0", "olinetype": "byblock", "linetype": "", "color": "0,0,0,55", "ocolor": 256, "color24": -1, "transparency": 0, "lweight": -1, "linewidth": 0.0, "ltscale": 1.0, "visible": 1, "thickness": 0.0, "ext": null, "height": 4.0000000000000009, "text": "5", "angle": 33.174917728887074, "widthscale": 13.582537148526169, "oblique": 0.0, "style": "style1", "textgen": 1, "alignh": 0, "alignv": 1, "interlin": 1.0 }, "geometry": { "type": "Point", "coordinates": [ -40.361098853326105, -20.42308649073091, 0.0 ] } },
{ "type": "Feature", "properties": { "fid": 9585, "handle": 777663, "block": -1, "etype": 19, "space": 0, "layer": "0", "olinetype": "byblock", "linetype": "", "color": "0,0,0,55", "ocolor": 256, "color24": -1, "transparency": 0, "lweight": -1, "linewidth": 0.0, "ltscale": 1.0, "visible": 1, "thickness": 0.0, "ext": null, "height": 4.0000000000000009, "text": "6", "angle": 33.174917728887074, "widthscale": 13.582537148526169, "oblique": 0.0, "style": "style1", "textgen": 1, "alignh": 0, "alignv": 1, "interlin": 1.0 }, "geometry": { "type": "Point", "coordinates": [ -40.361145660232928, -20.423009920713469, 0.0 ] } },
{ "type": "Feature", "properties": { "fid": 9586, "handle": 777664, "block": -1, "etype": 19, "space": 0, "layer": "0", "olinetype": "byblock", "linetype": "", "color": "0,0,0,55", "ocolor": 256, "color24": -1, "transparency": 0, "lweight": -1, "linewidth": 0.0, "ltscale": 1.0, "visible": 1, "thickness": 0.0, "ext": null, "height": 4.0000000000000009, "text": "8", "angle": 33.174917728887074, "widthscale": 13.582537148526169, "oblique": 0.0, "style": "style1", "textgen": 1, "alignh": 0, "alignv": 1, "interlin": 1.0 }, "geometry": { "type": "Point", "coordinates": [ -40.360942075208264, -20.422986367420364, 0.0 ] } },
{ "type": "Feature", "properties": { "fid": 9587, "handle": 777665, "block": -1, "etype": 19, "space": 0, "layer": "0", "olinetype": "byblock", "linetype": "", "color": "0,0,0,55", "ocolor": 256, "color24": -1, "transparency": 0, "lweight": -1, "linewidth": 0.0, "ltscale": 1.0, "visible": 1, "thickness": 0.0, "ext": null, "height": 4.0000000000000009, "text": "10", "angle": 33.174917728887074, "widthscale": 13.582537148526169, "oblique": 0.0, "style": "style1", "textgen": 1, "alignh": 0, "alignv": 1, "interlin": 1.0 }, "geometry": { "type": "Point", "coordinates": [ -40.360869710500324, -20.422944690569313, 0.0 ] } },
{ "type": "Feature", "properties": { "fid": 9588, "handle": 777666, "block": -1, "etype": 19, "space": 0, "layer": "0", "olinetype": "byblock", "linetype": "", "color": "0,0,0,55", "ocolor": 256, "color24": -1, "transparency": 0, "lweight": -1, "linewidth": 0.0, "ltscale": 1.0, "visible": 1, "thickness": 0.0, "ext": null, "height": 4.0000000000000009, "text": "12", "angle": 33.174917728887074, "widthscale": 13.582537148526169, "oblique": 0.0, "style": "style1", "textgen": 1, "alignh": 0, "alignv": 1, "interlin": 1.0 }, "geometry": { "type": "Point", "coordinates": [ -40.36079339370194, -20.422892881875136, 0.0 ] } },
{ "type": "Feature", "properties": { "fid": 9589, "handle": 777667, "block": -1, "etype": 19, "space": 0, "layer": "0", "olinetype": "byblock", "linetype": "", "color": "0,0,0,55", "ocolor": 256, "color24": -1, "transparency": 0, "lweight": -1, "linewidth": 0.0, "ltscale": 1.0, "visible": 1, "thickness": 0.0, "ext": null, "height": 4.0000000000000009, "text": "14", "angle": 33.174917728887074, "widthscale": 13.582537148526169, "oblique": 0.0, "style": "style1", "textgen": 1, "alignh": 0, "alignv": 1, "interlin": 1.0 }, "geometry": { "type": "Point", "coordinates": [ -40.360715262632624, -20.422847678884878, 0.0 ] } },
{ "type": "Feature", "properties": { "fid": 9590, "handle": 777668, "block": -1, "etype": 19, "space": 0, "layer": "0", "olinetype": "byblock", "linetype": "", "color": "0,0,0,55", "ocolor": 256, "color24": -1, "transparency": 0, "lweight": -1, "linewidth": 0.0, "ltscale": 1.0, "visible": 1, "thickness": 0.0, "ext": null, "height": 4.0000000000000009, "text": "18", "angle": 33.174917728887074, "widthscale": 13.582537148526169, "oblique": 0.0, "style": "style1", "textgen": 1, "alignh": 0, "alignv": 1, "interlin": 1.0 }, "geometry": { "type": "Point", "coordinates": [ -40.36054486886686, -20.422746060016227, 0.0 ] } },
{ "type": "Feature", "properties": { "fid": 9591, "handle": 777669, "block": -1, "etype": 19, "space": 0, "layer": "0", "olinetype": "byblock", "linetype": "", "color": "0,0,0,55", "ocolor": 256, "color24": -1, "transparency": 0, "lweight": -1, "linewidth": 0.0, "ltscale": 1.0, "visible": 1, "thickness": 0.0, "ext": null, "height": 4.0000000000000009, "text": "20", "angle": 33.174917728887074, "widthscale": 13.582537148526169, "oblique": 0.0, "style": "style1", "textgen": 1, "alignh": 0, "alignv": 1, "interlin": 1.0 }, "geometry": { "type": "Point", "coordinates": [ -40.360453283028612, -20.422692629609433, 0.0 ] } },
{ "type": "Feature", "properties": { "fid": 9592, "handle": 777670, "block": -1, "etype": 19, "space": 0, "layer": "0", "olinetype": "byblock", "linetype": "", "color": "0,0,0,55", "ocolor": 256, "color24": -1, "transparency": 0, "lweight": -1, "linewidth": 0.0, "ltscale": 1.0, "visible": 1, "thickness": 0.0, "ext": null, "height": 4.0000000000000009, "text": "19", "angle": 33.174917728887074, "widthscale": 13.582537148526169, "oblique": 0.0, "style": "style1", "textgen": 1, "alignh": 0, "alignv": 1, "interlin": 1.0 }, "geometry": { "type": "Point", "coordinates": [ -40.360280509542868, -20.42292388084676, 0.0 ] } },
{ "type": "Feature", "properties": { "fid": 9593, "handle": 777671, "block": -1, "etype": 19, "space": 0, "layer": "0", "olinetype": "byblock", "linetype": "", "color": "0,0,0,55", "ocolor": 256, "color24": -1, "transparency": 0, "lweight": -1, "linewidth": 0.0, "ltscale": 1.0, "visible": 1, "thickness": 0.0, "ext": null, "height": 4.0000000000000009, "text": "7", "angle": 33.174917728887074, "widthscale": 13.582537148526169, "oblique": 0.0, "style": "style1", "textgen": 1, "alignh": 0, "alignv": 1, "interlin": 1.0 }, "geometry": { "type": "Point", "coordinates": [ -40.360778912864404, -20.423223495722844, 0.0 ] } },
{ "type": "Feature", "properties": { "fid": 9594, "handle": 777672, "block": -1, "etype": 19, "space": 0, "layer": "0", "olinetype": "byblock", "linetype": "", "color": "0,0,0,55", "ocolor": 256, "color24": -1, "transparency": 0, "lweight": -1, "linewidth": 0.0, "ltscale": 1.0, "visible": 1, "thickness": 0.0, "ext": null, "height": 4.0000000000000009, "text": "9", "angle": 33.174917728887074, "widthscale": 13.582537148526169, "oblique": 0.0, "style": "style1", "textgen": 1, "alignh": 0, "alignv": 1, "interlin": 1.0 }, "geometry": { "type": "Point", "coordinates": [ -40.360695584035732, -20.423169971200718, 0.0 ] } },
{ "type": "Feature", "properties": { "fid": 9595, "handle": 777673, "block": -1, "etype": 19, "space": 0, "layer": "0", "olinetype": "byblock", "linetype": "", "color": "0,0,0,55", "ocolor": 256, "color24": -1, "transparency": 0, "lweight": -1, "linewidth": 0.0, "ltscale": 1.0, "visible": 1, "thickness": 0.0, "ext": null, "height": 4.0000000000000009, "text": "11", "angle": 33.174917728887074, "widthscale": 13.582537148526169, "oblique": 0.0, "style": "style1", "textgen": 1, "alignh": 0, "alignv": 1, "interlin": 1.0 }, "geometry": { "type": "Point", "coordinates": [ -40.360613608558324, -20.423122417513259, 0.0 ] } },
{ "type": "Feature", "properties": { "fid": 9596, "handle": 777674, "block": -1, "etype": 19, "space": 0, "layer": "0", "olinetype": "byblock", "linetype": "", "color": "0,0,0,55", "ocolor": 256, "color24": -1, "transparency": 0, "lweight": -1, "linewidth": 0.0, "ltscale": 1.0, "visible": 1, "thickness": 0.0, "ext": null, "height": 4.0000000000000009, "text": "13", "angle": 33.174917728887074, "widthscale": 13.582537148526169, "oblique": 0.0, "style": "style1", "textgen": 1, "alignh": 0, "alignv": 1, "interlin": 1.0 }, "geometry": { "type": "Point", "coordinates": [ -40.360544519104494, -20.423087886688418, 0.0 ] } },
{ "type": "Feature", "properties": { "fid": 9597, "handle": 777675, "block": -1, "etype": 19, "space": 0, "layer": "0", "olinetype": "byblock", "linetype": "", "color": "0,0,0,55", "ocolor": 256, "color24": -1, "transparency": 0, "lweight": -1, "linewidth": 0.0, "ltscale": 1.0, "visible": 1, "thickness": 0.0, "ext": null, "height": 4.0000000000000009, "text": "15", "angle": 33.174917728887074, "widthscale": 13.582537148526169, "oblique": 0.0, "style": "style1", "textgen": 1, "alignh": 0, "alignv": 1, "interlin": 1.0 }, "geometry": { "type": "Point", "coordinates": [ -40.360466280349861, -20.423034902615839, 0.0 ] } },
{ "type": "Feature", "properties": { "fid": 9598, "handle": 777676, "block": -1, "etype": 19, "space": 0, "layer": "0", "olinetype": "byblock", "linetype": "", "color": "0,0,0,55", "ocolor": 256, "color24": -1, "transparency": 0, "lweight": -1, "linewidth": 0.0, "ltscale": 1.0, "visible": 1, "thickness": 0.0, "ext": null, "height": 4.0000000000000009, "text": "17", "angle": 33.174917728887074, "widthscale": 13.582537148526169, "oblique": 0.0, "style": "style1", "textgen": 1, "alignh": 0, "alignv": 1, "interlin": 1.0 }, "geometry": { "type": "Point", "coordinates": [ -40.360381137282204, -20.422987983603747, 0.0 ] } },
{ "type": "Feature", "properties": { "fid": 9599, "handle": 777677, "block": -1, "etype": 19, "space": 0, "layer": "0", "olinetype": "byblock", "linetype": "", "color": "0,0,0,55", "ocolor": 256, "color24": -1, "transparency": 0, "lweight": -1, "linewidth": 0.0, "ltscale": 1.0, "visible": 1, "thickness": 0.0, "ext": null, "height": 4.0000000000000009, "text": "21", "angle": 33.174917728887074, "widthscale": 13.582537148526169, "oblique": 0.0, "style": "style1", "textgen": 1, "alignh": 0, "alignv": 1, "interlin": 1.0 }, "geometry": { "type": "Point", "coordinates": [ -40.360047969044722, -20.422881205422737, 0.0 ] } },
{ "type": "Feature", "properties": { "fid": 9600, "handle": 777678, "block": -1, "etype": 19, "space": 0, "layer": "0", "olinetype": "byblock", "linetype": "", "color": "0,0,0,55", "ocolor": 256, "color24": -1, "transparency": 0, "lweight": -1, "linewidth": 0.0, "ltscale": 1.0, "visible": 1, "thickness": 0.0, "ext": null, "height": 4.0000000000000009, "text": "22", "angle": 33.174917728887074, "widthscale": 13.582537148526169, "oblique": 0.0, "style": "style1", "textgen": 1, "alignh": 0, "alignv": 1, "interlin": 1.0 }, "geometry": { "type": "Point", "coordinates": [ -40.36010454335814, -20.422802714503142, 0.0 ] } },
{ "type": "Feature", "properties": { "fid": 9601, "handle": 777679, "block": -1, "etype": 19, "space": 0, "layer": "0", "olinetype": "byblock", "linetype": "", "color": "0,0,0,55", "ocolor": 256, "color24": -1, "transparency": 0, "lweight": -1, "linewidth": 0.0, "ltscale": 1.0, "visible": 1, "thickness": 0.0, "ext": null, "height": 4.0000000000000009, "text": "23", "angle": 33.174917728887074, "widthscale": 13.582537148526169, "oblique": 0.0, "style": "style1", "textgen": 1, "alignh": 0, "alignv": 1, "interlin": 1.0 }, "geometry": { "type": "Point", "coordinates": [ -40.360154401936789, -20.422726891397712, 0.0 ] } },
{ "type": "Feature", "properties": { "fid": 9602, "handle": 777680, "block": -1, "etype": 19, "space": 0, "layer": "0", "olinetype": "byblock", "linetype": "", "color": "0,0,0,55", "ocolor": 256, "color24": -1, "transparency": 0, "lweight": -1, "linewidth": 0.0, "ltscale": 1.0, "visible": 1, "thickness": 0.0, "ext": null, "height": 4.0000000000000009, "text": "24", "angle": 33.174917728887074, "widthscale": 13.582537148526169, "oblique": 0.0, "style": "style1", "textgen": 1, "alignh": 0, "alignv": 1, "interlin": 1.0 }, "geometry": { "type": "Point", "coordinates": [ -40.360211408106039, -20.422657677040156, 0.0 ] } },
{ "type": "Feature", "properties": { "fid": 9603, "handle": 777681, "block": -1, "etype": 19, "space": 0, "layer": "0", "olinetype": "byblock", "linetype": "", "color": "0,0,0,55", "ocolor": 256, "color24": -1, "transparency": 0, "lweight": -1, "linewidth": 0.0, "ltscale": 1.0, "visible": 1, "thickness": 0.0, "ext": null, "height": 4.0000000000000009, "text": "25", "angle": 33.174917728887074, "widthscale": 13.582537148526169, "oblique": 0.0, "style": "style1", "textgen": 1, "alignh": 0, "alignv": 1, "interlin": 1.0 }, "geometry": { "type": "Point", "coordinates": [ -40.360259592991582, -20.422579711392661, 0.0 ] } },
{ "type": "Feature", "properties": { "fid": 9604, "handle": 777682, "block": -1, "etype": 19, "space": 0, "layer": "0", "olinetype": "byblock", "linetype": "", "color": "0,0,0,55", "ocolor": 256, "color24": -1, "transparency": 0, "lweight": -1, "linewidth": 0.0, "ltscale": 1.0, "visible": 1, "thickness": 0.0, "ext": null, "height": 4.0000000000000009, "text": "26", "angle": 33.174917728887074, "widthscale": 13.582537148526169, "oblique": 0.0, "style": "style1", "textgen": 1, "alignh": 0, "alignv": 1, "interlin": 1.0 }, "geometry": { "type": "Point", "coordinates": [ -40.360310136749035, -20.422497711160506, 0.0 ] } },
{ "type": "Feature", "properties": { "fid": 9605, "handle": 777683, "block": -1, "etype": 19, "space": 0, "layer": "0", "olinetype": "byblock", "linetype": "", "color": "0,0,0,55", "ocolor": 256, "color24": -1, "transparency": 0, "lweight": -1, "linewidth": 0.0, "ltscale": 1.0, "visible": 1, "thickness": 0.0, "ext": null, "height": 4.0000000000000009, "text": "16", "angle": 33.174917728887074, "widthscale": 13.582537148526169, "oblique": 0.0, "style": "style1", "textgen": 1, "alignh": 0, "alignv": 1, "interlin": 1.0 }, "geometry": { "type": "Point", "coordinates": [ -40.360633610250225, -20.42279869109937, 0.0 ] } },
{ "type": "Feature", "properties": { "fid": 9606, "handle": 777759, "block": -1, "etype": 19, "space": 0, "layer": "0", "olinetype": "byblock", "linetype": "", "color": "0,0,0,55", "ocolor": 256, "color24": -1, "transparency": 0, "lweight": -1, "linewidth": 0.0, "ltscale": 1.0, "visible": 1, "thickness": 0.0, "ext": null, "height": 4.0000000000000009, "text": "1", "angle": 33.174917728887074, "widthscale": 13.582537148526169, "oblique": 0.0, "style": "style1", "textgen": 1, "alignh": 0, "alignv": 1, "interlin": 1.0 }, "geometry": { "type": "Point", "coordinates": [ -40.361251344506762, -20.422846900706539, 0.0 ] } },
{ "type": "Feature", "properties": { "fid": 9607, "handle": 777760, "block": -1, "etype": 19, "space": 0, "layer": "0", "olinetype": "byblock", "linetype": "", "color": "0,0,0,55", "ocolor": 256, "color24": -1, "transparency": 0, "lweight": -1, "linewidth": 0.0, "ltscale": 1.0, "visible": 1, "thickness": 0.0, "ext": null, "height": 4.0000000000000009, "text": "2", "angle": 33.174917728887074, "widthscale": 13.582537148526169, "oblique": 0.0, "style": "style1", "textgen": 1, "alignh": 0, "alignv": 1, "interlin": 1.0 }, "geometry": { "type": "Point", "coordinates": [ -40.361310409179936, -20.422764789154019, 0.0 ] } },
{ "type": "Feature", "properties": { "fid": 9608, "handle": 777761, "block": -1, "etype": 19, "space": 0, "layer": "0", "olinetype": "byblock", "linetype": "", "color": "0,0,0,55", "ocolor": 256, "color24": -1, "transparency": 0, "lweight": -1, "linewidth": 0.0, "ltscale": 1.0, "visible": 1, "thickness": 0.0, "ext": null, "height": 4.0000000000000009, "text": "3", "angle": 33.174917728887074, "widthscale": 13.582537148526169, "oblique": 0.0, "style": "style1", "textgen": 1, "alignh": 0, "alignv": 1, "interlin": 1.0 }, "geometry": { "type": "Point", "coordinates": [ -40.361367279139301, -20.422690681572185, 0.0 ] } },
{ "type": "Feature", "properties": { "fid": 9609, "handle": 777762, "block": -1, "etype": 19, "space": 0, "layer": "0", "olinetype": "bylayer", "linetype": "", "color": "0,0,0,55", "ocolor": 256, "color24": -1, "transparency": 0, "lweight": -1, "linewidth": 0.0, "ltscale": 1.0, "visible": 1, "thickness": 0.0, "ext": null, "height": 4.0000000000000009, "text": "4", "angle": 33.174917728887074, "widthscale": 13.582537148526169, "oblique": 0.0, "style": "style1", "textgen": 1, "alignh": 0, "alignv": 1, "interlin": 1.0 }, "geometry": { "type": "Point", "coordinates": [ -40.361419194922938, -20.422620926370033, 0.0 ] } },
{ "type": "Feature", "properties": { "fid": 9610, "handle": 777763, "block": -1, "etype": 19, "space": 0, "layer": "0", "olinetype": "bylayer", "linetype": "", "color": "0,0,0,55", "ocolor": 256, "color24": -1, "transparency": 0, "lweight": -1, "linewidth": 0.0, "ltscale": 1.0, "visible": 1, "thickness": 0.0, "ext": null, "height": 4.0000000000000009, "text": "5", "angle": 33.174917728887074, "widthscale": 13.582537148526169, "oblique": 0.0, "style": "style1", "textgen": 1, "alignh": 0, "alignv": 1, "interlin": 1.0 }, "geometry": { "type": "Point", "coordinates": [ -40.36147371445324, -20.422541690786502, 0.0 ] } },
{ "type": "Feature", "properties": { "fid": 9611, "handle": 777764, "block": -1, "etype": 19, "space": 0, "layer": "0", "olinetype": "bylayer", "linetype": "", "color": "0,0,0,55", "ocolor": 256, "color24": -1, "transparency": 0, "lweight": -1, "linewidth": 0.0, "ltscale": 1.0, "visible": 1, "thickness": 0.0, "ext": null, "height": 4.0000000000000009, "text": "6", "angle": 33.174917728887074, "widthscale": 13.582537148526169, "oblique": 0.0, "style": "style1", "textgen": 1, "alignh": 0, "alignv": 1, "interlin": 1.0 }, "geometry": { "type": "Point", "coordinates": [ -40.361520521020466, -20.422465120683515, 0.0 ] } },
{ "type": "Feature", "properties": { "fid": 9612, "handle": 777765, "block": -1, "etype": 19, "space": 0, "layer": "0", "olinetype": "bylayer", "linetype": "", "color": "0,0,0,55", "ocolor": 256, "color24": -1, "transparency": 0, "lweight": -1, "linewidth": 0.0, "ltscale": 1.0, "visible": 1, "thickness": 0.0, "ext": null, "height": 4.0000000000000009, "text": "7", "angle": 33.174917728887074, "widthscale": 13.582537148526169, "oblique": 0.0, "style": "style1", "textgen": 1, "alignh": 0, "alignv": 1, "interlin": 1.0 }, "geometry": { "type": "Point", "coordinates": [ -40.361568617628734, -20.422404001427974, 0.0 ] } },
{ "type": "Feature", "properties": { "fid": 9613, "handle": 777766, "block": -1, "etype": 19, "space": 0, "layer": "0", "olinetype": "byblock", "linetype": "", "color": "0,0,0,55", "ocolor": 256, "color24": -1, "transparency": 0, "lweight": -1, "linewidth": 0.0, "ltscale": 1.0, "visible": 1, "thickness": 0.0, "ext": null, "height": 4.0000000000000009, "text": "19", "angle": 33.174917728887074, "widthscale": 13.582537148526169, "oblique": 0.0, "style": "style1", "textgen": 1, "alignh": 0, "alignv": 1, "interlin": 1.0 }, "geometry": { "type": "Point", "coordinates": [ -40.360962330752983, -20.422152507397865, 0.0 ] } },
{ "type": "Feature", "properties": { "fid": 9614, "handle": 777767, "block": -1, "etype": 19, "space": 0, "layer": "0", "olinetype": "bylayer", "linetype": "", "color": "0,0,0,55", "ocolor": 256, "color24": -1, "transparency": 0, "lweight": -1, "linewidth": 0.0, "ltscale": 1.0, "visible": 1, "thickness": 0.0, "ext": null, "height": 4.0000000000000009, "text": "9", "angle": 33.174917728887074, "widthscale": 13.582537148526169, "oblique": 0.0, "style": "style1", "textgen": 1, "alignh": 0, "alignv": 1, "interlin": 1.0 }, "geometry": { "type": "Point", "coordinates": [ -40.361360541135326, -20.422382952852796, 0.0 ] } },
{ "type": "Feature", "properties": { "fid": 9615, "handle": 777768, "block": -1, "etype": 19, "space": 0, "layer": "0", "olinetype": "bylayer", "linetype": "", "color": "0,0,0,55", "ocolor": 256, "color24": -1, "transparency": 0, "lweight": -1, "linewidth": 0.0, "ltscale": 1.0, "visible": 1, "thickness": 0.0, "ext": null, "height": 4.0000000000000009, "text": "11", "angle": 33.174917728887074, "widthscale": 13.582537148526169, "oblique": 0.0, "style": "style1", "textgen": 1, "alignh": 0, "alignv": 1, "interlin": 1.0 }, "geometry": { "type": "Point", "coordinates": [ -40.361278565905948, -20.422335399462224, 0.0 ] } },
{ "type": "Feature", "properties": { "fid": 9616, "handle": 777769, "block": -1, "etype": 19, "space": 0, "layer": "0", "olinetype": "bylayer", "linetype": "", "color": "0,0,0,55", "ocolor": 256, "color24": -1, "transparency": 0, "lweight": -1, "linewidth": 0.0, "ltscale": 1.0, "visible": 1, "thickness": 0.0, "ext": null, "height": 4.0000000000000009, "text": "13", "angle": 33.174917728887074, "widthscale": 13.582537148526169, "oblique": 0.0, "style": "style1", "textgen": 1, "alignh": 0, "alignv": 1, "interlin": 1.0 }, "geometry": { "type": "Point", "coordinates": [ -40.3612094766832, -20.42230086888674, 0.0 ] } },
{ "type": "Feature", "properties": { "fid": 9617, "handle": 777770, "block": -1, "etype": 19, "space": 0, "layer": "0", "olinetype": "bylayer", "linetype": "", "color": "0,0,0,55", "ocolor": 256, "color24": -1, "transparency": 0, "lweight": -1, "linewidth": 0.0, "ltscale": 1.0, "visible": 1, "thickness": 0.0, "ext": null, "height": 4.0000000000000009, "text": "15", "angle": 33.174917728887074, "widthscale": 13.582537148526169, "oblique": 0.0, "style": "style1", "textgen": 1, "alignh": 0, "alignv": 1, "interlin": 1.0 }, "geometry": { "type": "Point", "coordinates": [ -40.361131238135052, -20.42224788509867, 0.0 ] } },
{ "type": "Feature", "properties": { "fid": 9618, "handle": 777771, "block": -1, "etype": 19, "space": 0, "layer": "0", "olinetype": "bylayer", "linetype": "", "color": "0,0,0,55", "ocolor": 256, "color24": -1, "transparency": 0, "lweight": -1, "linewidth": 0.0, "ltscale": 1.0, "visible": 1, "thickness": 0.0, "ext": null, "height": 4.0000000000000009, "text": "17", "angle": 33.174917728887074, "widthscale": 13.582537148526169, "oblique": 0.0, "style": "style1", "textgen": 1, "alignh": 0, "alignv": 1, "interlin": 1.0 }, "geometry": { "type": "Point", "coordinates": [ -40.361046095334835, -20.42220096639458, 0.0 ] } },
{ "type": "Feature", "properties": { "fid": 9619, "handle": 777772, "block": -1, "etype": 19, "space": 0, "layer": "0", "olinetype": "byblock", "linetype": "", "color": "0,0,0,55", "ocolor": 256, "color24": -1, "transparency": 0, "lweight": -1, "linewidth": 0.0, "ltscale": 1.0, "visible": 1, "thickness": 0.0, "ext": null, "height": 4.0000000000000009, "text": "21", "angle": 33.174917728887074, "widthscale": 13.582537148526169, "oblique": 0.0, "style": "style1", "textgen": 1, "alignh": 0, "alignv": 1, "interlin": 1.0 }, "geometry": { "type": "Point", "coordinates": [ -40.360878811291343, -20.422092575820162, 0.0 ] } },
{ "type": "Feature", "properties": { "fid": 9620, "handle": 777773, "block": -1, "etype": 19, "space": 0, "layer": "0", "olinetype": "bylayer", "linetype": "", "color": "0,0,0,55", "ocolor": 256, "color24": -1, "transparency": 0, "lweight": -1, "linewidth": 0.0, "ltscale": 1.0, "visible": 1, "thickness": 0.0, "ext": null, "height": 4.0000000000000009, "text": "8", "angle": 33.174917728887074, "widthscale": 13.582537148526169, "oblique": 0.0, "style": "style1", "textgen": 1, "alignh": 0, "alignv": 1, "interlin": 1.0 }, "geometry": { "type": "Point", "coordinates": [ -40.361157400010029, -20.422680657375938, 0.0 ] } },
{ "type": "Feature", "properties": { "fid": 9621, "handle": 777774, "block": -1, "etype": 19, "space": 0, "layer": "0", "olinetype": "bylayer", "linetype": "", "color": "0,0,0,55", "ocolor": 256, "color24": -1, "transparency": 0, "lweight": -1, "linewidth": 0.0, "ltscale": 1.0, "visible": 1, "thickness": 0.0, "ext": null, "height": 4.0000000000000009, "text": "10", "angle": 33.174917728887074, "widthscale": 13.582537148526169, "oblique": 0.0, "style": "style1", "textgen": 1, "alignh": 0, "alignv": 1, "interlin": 1.0 }, "geometry": { "type": "Point", "coordinates": [ -40.361085035397991, -20.422638980608117, 0.0 ] } },
{ "type": "Feature", "properties": { "fid": 9622, "handle": 777775, "block": -1, "etype": 19, "space": 0, "layer": "0", "olinetype": "bylayer", "linetype": "", "color": "0,0,0,55", "ocolor": 256, "color24": -1, "transparency": 0, "lweight": -1, "linewidth": 0.0, "ltscale": 1.0, "visible": 1, "thickness": 0.0, "ext": null, "height": 4.0000000000000009, "text": "12", "angle": 33.174917728887074, "widthscale": 13.582537148526169, "oblique": 0.0, "style": "style1", "textgen": 1, "alignh": 0, "alignv": 1, "interlin": 1.0 }, "geometry": { "type": "Point", "coordinates": [ -40.361008718690876, -20.422587172002153, 0.0 ] } },
{ "type": "Feature", "properties": { "fid": 9623, "handle": 777776, "block": -1, "etype": 19, "space": 0, "layer": "0", "olinetype": "bylayer", "linetype": "", "color": "0,0,0,55", "ocolor": 256, "color24": -1, "transparency": 0, "lweight": -1, "linewidth": 0.0, "ltscale": 1.0, "visible": 1, "thickness": 0.0, "ext": null, "height": 4.0000000000000009, "text": "14", "angle": 33.174917728887074, "widthscale": 13.582537148526169, "oblique": 0.0, "style": "style1", "textgen": 1, "alignh": 0, "alignv": 1, "interlin": 1.0 }, "geometry": { "type": "Point", "coordinates": [ -40.360930587724866, -20.42254196910179, 0.0 ] } },
{ "type": "Feature", "properties": { "fid": 9624, "handle": 777777, "block": -1, "etype": 19, "space": 0, "layer": "0", "olinetype": "bylayer", "linetype": "", "color": "0,0,0,55", "ocolor": 256, "color24": -1, "transparency": 0, "lweight": -1, "linewidth": 0.0, "ltscale": 1.0, "visible": 1, "thickness": 0.0, "ext": null, "height": 4.0000000000000009, "text": "18", "angle": 33.174917728887074, "widthscale": 13.582537148526169, "oblique": 0.0, "style": "style1", "textgen": 1, "alignh": 0, "alignv": 1, "interlin": 1.0 }, "geometry": { "type": "Point", "coordinates": [ -40.360760194180614, -20.422440350429323, 0.0 ] } },
{ "type": "Feature", "properties": { "fid": 9625, "handle": 777778, "block": -1, "etype": 19, "space": 0, "layer": "0", "olinetype": "bylayer", "linetype": "", "color": "0,0,0,55", "ocolor": 256, "color24": -1, "transparency": 0, "lweight": -1, "linewidth": 0.0, "ltscale": 1.0, "visible": 1, "thickness": 0.0, "ext": null, "height": 4.0000000000000009, "text": "20", "angle": 33.174917728887074, "widthscale": 13.582537148526169, "oblique": 0.0, "style": "style1", "textgen": 1, "alignh": 0, "alignv": 1, "interlin": 1.0 }, "geometry": { "type": "Point", "coordinates": [ -40.360668608462937, -20.422386920127934, 0.0 ] } },
{ "type": "Feature", "properties": { "fid": 9626, "handle": 777779, "block": -1, "etype": 19, "space": 0, "layer": "0", "olinetype": "bylayer", "linetype": "", "color": "0,0,0,55", "ocolor": 256, "color24": -1, "transparency": 0, "lweight": -1, "linewidth": 0.0, "ltscale": 1.0, "visible": 1, "thickness": 0.0, "ext": null, "height": 4.0000000000000009, "text": "16", "angle": 33.174917728887074, "widthscale": 13.582537148526169, "oblique": 0.0, "style": "style1", "textgen": 1, "alignh": 0, "alignv": 1, "interlin": 1.0 }, "geometry": { "type": "Point", "coordinates": [ -40.360848935448267, -20.422492981410308, 0.0 ] } },
{ "type": "Feature", "properties": { "fid": 9627, "handle": 777780, "block": -1, "etype": 19, "space": 0, "layer": "0", "olinetype": "byblock", "linetype": "", "color": "0,0,0,55", "ocolor": 256, "color24": -1, "transparency": 0, "lweight": -1, "linewidth": 0.0, "ltscale": 1.0, "visible": 1, "thickness": 0.0, "ext": null, "height": 4.0000000000000009, "text": "27", "angle": 33.174917728887074, "widthscale": 13.582537148526169, "oblique": 0.0, "style": "style1", "textgen": 1, "alignh": 0, "alignv": 1, "interlin": 1.0 }, "geometry": { "type": "Point", "coordinates": [ -40.360680546700273, -20.42195704226463, 0.0 ] } },
{ "type": "Feature", "properties": { "fid": 9628, "handle": 777781, "block": -1, "etype": 19, "space": 0, "layer": "0", "olinetype": "byblock", "linetype": "", "color": "0,0,0,55", "ocolor": 256, "color24": -1, "transparency": 0, "lweight": -1, "linewidth": 0.0, "ltscale": 1.0, "visible": 1, "thickness": 0.0, "ext": null, "height": 4.0000000000000009, "text": "22", "angle": 33.174917728887074, "widthscale": 13.582537148526169, "oblique": 0.0, "style": "style1", "textgen": 1, "alignh": 0, "alignv": 1, "interlin": 1.0 }, "geometry": { "type": "Point", "coordinates": [ -40.360434567203953, -20.42233193157956, 0.0 ] } },
{ "type": "Feature", "properties": { "fid": 9629, "handle": 777782, "block": -1, "etype": 19, "space": 0, "layer": "0", "olinetype": "byblock", "linetype": "", "color": "0,0,0,55", "ocolor": 256, "color24": -1, "transparency": 0, "lweight": -1, "linewidth": 0.0, "ltscale": 1.0, "visible": 1, "thickness": 0.0, "ext": null, "height": 4.0000000000000009, "text": "23", "angle": 33.174917728887074, "widthscale": 13.582537148526169, "oblique": 0.0, "style": "style1", "textgen": 1, "alignh": 0, "alignv": 1, "interlin": 1.0 }, "geometry": { "type": "Point", "coordinates": [ -40.36048442547785, -20.422256108393352, 0.0 ] } },
{ "type": "Feature", "properties": { "fid": 9630, "handle": 777783, "block": -1, "etype": 19, "space": 0, "layer": "0", "olinetype": "byblock", "linetype": "", "color": "0,0,0,55", "ocolor": 256, "color24": -1, "transparency": 0, "lweight": -1, "linewidth": 0.0, "ltscale": 1.0, "visible": 1, "thickness": 0.0, "ext": null, "height": 4.0000000000000009, "text": "24", "angle": 33.174917728887074, "widthscale": 13.582537148526169, "oblique": 0.0, "style": "style1", "textgen": 1, "alignh": 0, "alignv": 1, "interlin": 1.0 }, "geometry": { "type": "Point", "coordinates": [ -40.360541431332535, -20.422186893942307, 0.0 ] } },
{ "type": "Feature", "properties": { "fid": 9631, "handle": 777784, "block": -1, "etype": 19, "space": 0, "layer": "0", "olinetype": "byblock", "linetype": "", "color": "0,0,0,55", "ocolor": 256, "color24": -1, "transparency": 0, "lweight": -1, "linewidth": 0.0, "ltscale": 1.0, "visible": 1, "thickness": 0.0, "ext": null, "height": 4.0000000000000009, "text": "25", "angle": 33.174917728887074, "widthscale": 13.582537148526169, "oblique": 0.0, "style": "style1", "textgen": 1, "alignh": 0, "alignv": 1, "interlin": 1.0 }, "geometry": { "type": "Point", "coordinates": [ -40.360589615914414, -20.422108928217085, 0.0 ] } },
{ "type": "Feature", "properties": { "fid": 9632, "handle": 777785, "block": -1, "etype": 19, "space": 0, "layer": "0", "olinetype": "byblock", "linetype": "", "color": "0,0,0,55", "ocolor": 256, "color24": -1, "transparency": 0, "lweight": -1, "linewidth": 0.0, "ltscale": 1.0, "visible": 1, "thickness": 0.0, "ext": null, "height": 4.0000000000000009, "text": "26", "angle": 33.174917728887074, "widthscale": 13.582537148526169, "oblique": 0.0, "style": "style1", "textgen": 1, "alignh": 0, "alignv": 1, "interlin": 1.0 }, "geometry": { "type": "Point", "coordinates": [ -40.360640159352975, -20.422026927903488, 0.0 ] } },
{ "type": "Feature", "properties": { "fid": 9633, "handle": 777786, "block": -1, "etype": 19, "space": 0, "layer": "0", "olinetype": "byblock", "linetype": "", "color": "0,0,0,55", "ocolor": 256, "color24": -1, "transparency": 0, "lweight": -1, "linewidth": 0.0, "ltscale": 1.0, "visible": 1, "thickness": 0.0, "ext": null, "height": 4.0000000000000009, "text": "28", "angle": 33.174917728887074, "widthscale": 13.582537148526169, "oblique": 0.0, "style": "style1", "textgen": 1, "alignh": 0, "alignv": 1, "interlin": 1.0 }, "geometry": { "type": "Point", "coordinates": [ -40.360748912307599, -20.421864425626122, 0.0 ] } },
{ "type": "Feature", "properties": { "fid": 9634, "handle": 777838, "block": -1, "etype": 19, "space": 0, "layer": "0", "olinetype": "bylayer", "linetype": "", "color": "0,0,0,55", "ocolor": 256, "color24": -1, "transparency": 0, "lweight": -1, "linewidth": 0.0, "ltscale": 1.0, "visible": 1, "thickness": 0.0, "ext": null, "height": 4.0000000000000009, "text": "1", "angle": 33.174917728887074, "widthscale": 13.582537148526169, "oblique": 0.0, "style": "style1", "textgen": 1, "alignh": 0, "alignv": 1, "interlin": 1.0 }, "geometry": { "type": "Point", "coordinates": [ -40.362482590477143, -20.423606136185917, 0.0 ] } },
{ "type": "Feature", "properties": { "fid": 9635, "handle": 777839, "block": -1, "etype": 19, "space": 0, "layer": "0", "olinetype": "bylayer", "linetype": "", "color": "0,0,0,55", "ocolor": 256, "color24": -1, "transparency": 0, "lweight": -1, "linewidth": 0.0, "ltscale": 1.0, "visible": 1, "thickness": 0.0, "ext": null, "height": 4.0000000000000009, "text": "2", "angle": 33.174917728887074, "widthscale": 13.582537148526169, "oblique": 0.0, "style": "style1", "textgen": 1, "alignh": 0, "alignv": 1, "interlin": 1.0 }, "geometry": { "type": "Point", "coordinates": [ -40.362541654734301, -20.423524024243189, 0.0 ] } },
{ "type": "Feature", "properties": { "fid": 9636, "handle": 777840, "block": -1, "etype": 19, "space": 0, "layer": "0", "olinetype": "bylayer", "linetype": "", "color": "0,0,0,55", "ocolor": 256, "color24": -1, "transparency": 0, "lweight": -1, "linewidth": 0.0, "ltscale": 1.0, "visible": 1, "thickness": 0.0, "ext": null, "height": 4.0000000000000009, "text": "3", "angle": 33.174917728887074, "widthscale": 13.582537148526169, "oblique": 0.0, "style": "style1", "textgen": 1, "alignh": 0, "alignv": 1, "interlin": 1.0 }, "geometry": { "type": "Point", "coordinates": [ -40.362598524334082, -20.423449916283055, 0.0 ] } },
{ "type": "Feature", "properties": { "fid": 9637, "handle": 777841, "block": -1, "etype": 19, "space": 0, "layer": "0", "olinetype": "bylayer", "linetype": "", "color": "0,0,0,55", "ocolor": 256, "color24": -1, "transparency": 0, "lweight": -1, "linewidth": 0.0, "ltscale": 1.0, "visible": 1, "thickness": 0.0, "ext": null, "height": 4.0000000000000009, "text": "4", "angle": 33.174917728887074, "widthscale": 13.582537148526169, "oblique": 0.0, "style": "style1", "textgen": 1, "alignh": 0, "alignv": 1, "interlin": 1.0 }, "geometry": { "type": "Point", "coordinates": [ -40.362650439772089, -20.423380160736638, 0.0 ] } },
{ "type": "Feature", "properties": { "fid": 9638, "handle": 777842, "block": -1, "etype": 19, "space": 0, "layer": "0", "olinetype": "bylayer", "linetype": "", "color": "0,0,0,55", "ocolor": 256, "color24": -1, "transparency": 0, "lweight": -1, "linewidth": 0.0, "ltscale": 1.0, "visible": 1, "thickness": 0.0, "ext": null, "height": 4.0000000000000009, "text": "5", "angle": 33.174917728887074, "widthscale": 13.582537148526169, "oblique": 0.0, "style": "style1", "textgen": 1, "alignh": 0, "alignv": 1, "interlin": 1.0 }, "geometry": { "type": "Point", "coordinates": [ -40.362704958889914, -20.423300924794834, 0.0 ] } },
{ "type": "Feature", "properties": { "fid": 9639, "handle": 777843, "block": -1, "etype": 19, "space": 0, "layer": "0", "olinetype": "bylayer", "linetype": "", "color": "0,0,0,55", "ocolor": 256, "color24": -1, "transparency": 0, "lweight": -1, "linewidth": 0.0, "ltscale": 1.0, "visible": 1, "thickness": 0.0, "ext": null, "height": 4.0000000000000009, "text": "6", "angle": 33.174917728887074, "widthscale": 13.582537148526169, "oblique": 0.0, "style": "style1", "textgen": 1, "alignh": 0, "alignv": 1, "interlin": 1.0 }, "geometry": { "type": "Point", "coordinates": [ -40.36275176503235, -20.423224354388854, 0.0 ] } },
{ "type": "Feature", "properties": { "fid": 9640, "handle": 777844, "block": -1, "etype": 19, "space": 0, "layer": "0", "olinetype": "bylayer", "linetype": "", "color": "0,0,0,55", "ocolor": 256, "color24": -1, "transparency": 0, "lweight": -1, "linewidth": 0.0, "ltscale": 1.0, "visible": 1, "thickness": 0.0, "ext": null, "height": 4.0000000000000009, "text": "8", "angle": 33.174917728887074, "widthscale": 13.582537148526169, "oblique": 0.0, "style": "style1", "textgen": 1, "alignh": 0, "alignv": 1, "interlin": 1.0 }, "geometry": { "type": "Point", "coordinates": [ -40.362387482619063, -20.42343280275044, 0.0 ] } },
{ "type": "Feature", "properties": { "fid": 9641, "handle": 777845, "block": -1, "etype": 19, "space": 0, "layer": "0", "olinetype": "bylayer", "linetype": "", "color": "0,0,0,55", "ocolor": 256, "color24": -1, "transparency": 0, "lweight": -1, "linewidth": 0.0, "ltscale": 1.0, "visible": 1, "thickness": 0.0, "ext": null, "height": 4.0000000000000009, "text": "10", "angle": 33.174917728887074, "widthscale": 13.582537148526169, "oblique": 0.0, "style": "style1", "textgen": 1, "alignh": 0, "alignv": 1, "interlin": 1.0 }, "geometry": { "type": "Point", "coordinates": [ -40.362315117343535, -20.423391126536199, 0.0 ] } },
{ "type": "Feature", "properties": { "fid": 9642, "handle": 777846, "block": -1, "etype": 19, "space": 0, "layer": "0", "olinetype": "bylayer", "linetype": "", "color": "0,0,0,55", "ocolor": 256, "color24": -1, "transparency": 0, "lweight": -1, "linewidth": 0.0, "ltscale": 1.0, "visible": 1, "thickness": 0.0, "ext": null, "height": 4.0000000000000009, "text": "12", "angle": 33.174917728887074, "widthscale": 13.582537148526169, "oblique": 0.0, "style": "style1", "textgen": 1, "alignh": 0, "alignv": 1, "interlin": 1.0 }, "geometry": { "type": "Point", "coordinates": [ -40.362238799871783, -20.423339318518209, 0.0 ] } },
{ "type": "Feature", "properties": { "fid": 9643, "handle": 777847, "block": -1, "etype": 19, "space": 0, "layer": "0", "olinetype": "bylayer", "linetype": "", "color": "0,0,0,55", "ocolor": 256, "color24": -1, "transparency": 0, "lweight": -1, "linewidth": 0.0, "ltscale": 1.0, "visible": 1, "thickness": 0.0, "ext": null, "height": 4.0000000000000009, "text": "14", "angle": 33.174917728887074, "widthscale": 13.582537148526169, "oblique": 0.0, "style": "style1", "textgen": 1, "alignh": 0, "alignv": 1, "interlin": 1.0 }, "geometry": { "type": "Point", "coordinates": [ -40.362160668187713, -20.423294116215594, 0.0 ] } },
{ "type": "Feature", "properties": { "fid": 9644, "handle": 777848, "block": -1, "etype": 19, "space": 0, "layer": "0", "olinetype": "bylayer", "linetype": "", "color": "0,0,0,55", "ocolor": 256, "color24": -1, "transparency": 0, "lweight": -1, "linewidth": 0.0, "ltscale": 1.0, "visible": 1, "thickness": 0.0, "ext": null, "height": 4.0000000000000009, "text": "18", "angle": 33.174917728887074, "widthscale": 13.582537148526169, "oblique": 0.0, "style": "style1", "textgen": 1, "alignh": 0, "alignv": 1, "interlin": 1.0 }, "geometry": { "type": "Point", "coordinates": [ -40.361990273052378, -20.423192498848355, 0.0 ] } },
{ "type": "Feature", "properties": { "fid": 9645, "handle": 777849, "block": -1, "etype": 19, "space": 0, "layer": "0", "olinetype": "bylayer", "linetype": "", "color": "0,0,0,55", "ocolor": 256, "color24": -1, "transparency": 0, "lweight": -1, "linewidth": 0.0, "ltscale": 1.0, "visible": 1, "thickness": 0.0, "ext": null, "height": 4.0000000000000009, "text": "20", "angle": 33.174917728887074, "widthscale": 13.582537148526169, "oblique": 0.0, "style": "style1", "textgen": 1, "alignh": 0, "alignv": 1, "interlin": 1.0 }, "geometry": { "type": "Point", "coordinates": [ -40.361898686489326, -20.423139069247906, 0.0 ] } },
{ "type": "Feature", "properties": { "fid": 9646, "handle": 777850, "block": -1, "etype": 19, "space": 0, "layer": "0", "olinetype": "byblock", "linetype": "", "color": "0,0,0,55", "ocolor": 256, "color24": -1, "transparency": 0, "lweight": -1, "linewidth": 0.0, "ltscale": 1.0, "visible": 1, "thickness": 0.0, "ext": null, "height": 4.0000000000000009, "text": "19", "angle": 33.174917728887074, "widthscale": 13.582537148526169, "oblique": 0.0, "style": "style1", "textgen": 1, "alignh": 0, "alignv": 1, "interlin": 1.0 }, "geometry": { "type": "Point", "coordinates": [ -40.362192408113451, -20.422904654461515, 0.0 ] } },
{ "type": "Feature", "properties": { "fid": 9647, "handle": 777851, "block": -1, "etype": 19, "space": 0, "layer": "0", "olinetype": "bylayer", "linetype": "", "color": "0,0,0,55", "ocolor": 256, "color24": -1, "transparency": 0, "lweight": -1, "linewidth": 0.0, "ltscale": 1.0, "visible": 1, "thickness": 0.0, "ext": null, "height": 4.0000000000000009, "text": "9", "angle": 33.174917728887074, "widthscale": 13.582537148526169, "oblique": 0.0, "style": "style1", "textgen": 1, "alignh": 0, "alignv": 1, "interlin": 1.0 }, "geometry": { "type": "Point", "coordinates": [ -40.362590622155942, -20.423135096869821, 0.0 ] } },
{ "type": "Feature", "properties": { "fid": 9648, "handle": 777852, "block": -1, "etype": 19, "space": 0, "layer": "0", "olinetype": "bylayer", "linetype": "", "color": "0,0,0,55", "ocolor": 256, "color24": -1, "transparency": 0, "lweight": -1, "linewidth": 0.0, "ltscale": 1.0, "visible": 1, "thickness": 0.0, "ext": null, "height": 4.0000000000000009, "text": "11", "angle": 33.174917728887074, "widthscale": 13.582537148526169, "oblique": 0.0, "style": "style1", "textgen": 1, "alignh": 0, "alignv": 1, "interlin": 1.0 }, "geometry": { "type": "Point", "coordinates": [ -40.362508646172138, -20.423087544106512, 0.0 ] } },
{ "type": "Feature", "properties": { "fid": 9649, "handle": 777853, "block": -1, "etype": 19, "space": 0, "layer": "0", "olinetype": "bylayer", "linetype": "", "color": "0,0,0,55", "ocolor": 256, "color24": -1, "transparency": 0, "lweight": -1, "linewidth": 0.0, "ltscale": 1.0, "visible": 1, "thickness": 0.0, "ext": null, "height": 4.0000000000000009, "text": "13", "angle": 33.174917728887074, "widthscale": 13.582537148526169, "oblique": 0.0, "style": "style1", "textgen": 1, "alignh": 0, "alignv": 1, "interlin": 1.0 }, "geometry": { "type": "Point", "coordinates": [ -40.362439556359405, -20.42305301405667, 0.0 ] } },
{ "type": "Feature", "properties": { "fid": 9650, "handle": 777854, "block": -1, "etype": 19, "space": 0, "layer": "0", "olinetype": "bylayer", "linetype": "", "color": "0,0,0,55", "ocolor": 256, "color24": -1, "transparency": 0, "lweight": -1, "linewidth": 0.0, "ltscale": 1.0, "visible": 1, "thickness": 0.0, "ext": null, "height": 4.0000000000000009, "text": "15", "angle": 33.174917728887074, "widthscale": 13.582537148526169, "oblique": 0.0, "style": "style1", "textgen": 1, "alignh": 0, "alignv": 1, "interlin": 1.0 }, "geometry": { "type": "Point", "coordinates": [ -40.362361317028451, -20.423000030871322, 0.0 ] } },
{ "type": "Feature", "properties": { "fid": 9651, "handle": 777855, "block": -1, "etype": 19, "space": 0, "layer": "0", "olinetype": "bylayer", "linetype": "", "color": "0,0,0,55", "ocolor": 256, "color24": -1, "transparency": 0, "lweight": -1, "linewidth": 0.0, "ltscale": 1.0, "visible": 1, "thickness": 0.0, "ext": null, "height": 4.0000000000000009, "text": "17", "angle": 33.174917728887074, "widthscale": 13.582537148526169, "oblique": 0.0, "style": "style1", "textgen": 1, "alignh": 0, "alignv": 1, "interlin": 1.0 }, "geometry": { "type": "Point", "coordinates": [ -40.362276173465084, -20.422953112817385, 0.0 ] } },
{ "type": "Feature", "properties": { "fid": 9652, "handle": 777856, "block": -1, "etype": 19, "space": 0, "layer": "0", "olinetype": "byblock", "linetype": "", "color": "0,0,0,55", "ocolor": 256, "color24": -1, "transparency": 0, "lweight": -1, "linewidth": 0.0, "ltscale": 1.0, "visible": 1, "thickness": 0.0, "ext": null, "height": 4.0000000000000009, "text": "27", "angle": 33.174917728887074, "widthscale": 13.582537148526169, "oblique": 0.0, "style": "style1", "textgen": 1, "alignh": 0, "alignv": 1, "interlin": 1.0 }, "geometry": { "type": "Point", "coordinates": [ -40.361910621202391, -20.422709191511064, 0.0 ] } },
{ "type": "Feature", "properties": { "fid": 9653, "handle": 777857, "block": -1, "etype": 19, "space": 0, "layer": "0", "olinetype": "byblock", "linetype": "", "color": "0,0,0,55", "ocolor": 256, "color24": -1, "transparency": 0, "lweight": -1, "linewidth": 0.0, "ltscale": 1.0, "visible": 1, "thickness": 0.0, "ext": null, "height": 4.0000000000000009, "text": "22", "angle": 33.174917728887074, "widthscale": 13.582537148526169, "oblique": 0.0, "style": "style1", "textgen": 1, "alignh": 0, "alignv": 1, "interlin": 1.0 }, "geometry": { "type": "Point", "coordinates": [ -40.361664643717972, -20.423084082431391, 0.0 ] } },
{ "type": "Feature", "properties": { "fid": 9654, "handle": 777858, "block": -1, "etype": 19, "space": 0, "layer": "0", "olinetype": "byblock", "linetype": "", "color": "0,0,0,55", "ocolor": 256, "color24": -1, "transparency": 0, "lweight": -1, "linewidth": 0.0, "ltscale": 1.0, "visible": 1, "thickness": 0.0, "ext": null, "height": 4.0000000000000009, "text": "23", "angle": 33.174917728887074, "widthscale": 13.582537148526169, "oblique": 0.0, "style": "style1", "textgen": 1, "alignh": 0, "alignv": 1, "interlin": 1.0 }, "geometry": { "type": "Point", "coordinates": [ -40.361714501585432, -20.423008258919698, 0.0 ] } },
{ "type": "Feature", "properties": { "fid": 9655, "handle": 777859, "block": -1, "etype": 19, "space": 0, "layer": "0", "olinetype": "byblock", "linetype": "", "color": "0,0,0,55", "ocolor": 256, "color24": -1, "transparency": 0, "lweight": -1, "linewidth": 0.0, "ltscale": 1.0, "visible": 1, "thickness": 0.0, "ext": null, "height": 4.0000000000000009, "text": "24", "angle": 33.174917728887074, "widthscale": 13.582537148526169, "oblique": 0.0, "style": "style1", "textgen": 1, "alignh": 0, "alignv": 1, "interlin": 1.0 }, "geometry": { "type": "Point", "coordinates": [ -40.361771507119798, -20.422939044087151, 0.0 ] } },
{ "type": "Feature", "properties": { "fid": 9656, "handle": 777860, "block": -1, "etype": 19, "space": 0, "layer": "0", "olinetype": "byblock", "linetype": "", "color": "0,0,0,55", "ocolor": 256, "color24": -1, "transparency": 0, "lweight": -1, "linewidth": 0.0, "ltscale": 1.0, "visible": 1, "thickness": 0.0, "ext": null, "height": 4.0000000000000009, "text": "25", "angle": 33.174917728887074, "widthscale": 13.582537148526169, "oblique": 0.0, "style": "style1", "textgen": 1, "alignh": 0, "alignv": 1, "interlin": 1.0 }, "geometry": { "type": "Point", "coordinates": [ -40.361819691270156, -20.422861078049866, 0.0 ] } },
{ "type": "Feature", "properties": { "fid": 9657, "handle": 777861, "block": -1, "etype": 19, "space": 0, "layer": "0", "olinetype": "byblock", "linetype": "", "color": "0,0,0,55", "ocolor": 256, "color24": -1, "transparency": 0, "lweight": -1, "linewidth": 0.0, "ltscale": 1.0, "visible": 1, "thickness": 0.0, "ext": null, "height": 4.0000000000000009, "text": "26", "angle": 33.174917728887074, "widthscale": 13.582537148526169, "oblique": 0.0, "style": "style1", "textgen": 1, "alignh": 0, "alignv": 1, "interlin": 1.0 }, "geometry": { "type": "Point", "coordinates": [ -40.361870234254262, -20.422779077409054, 0.0 ] } },
{ "type": "Feature", "properties": { "fid": 9658, "handle": 777862, "block": -1, "etype": 19, "space": 0, "layer": "0", "olinetype": "bylayer", "linetype": "", "color": "0,0,0,55", "ocolor": 256, "color24": -1, "transparency": 0, "lweight": -1, "linewidth": 0.0, "ltscale": 1.0, "visible": 1, "thickness": 0.0, "ext": null, "height": 4.0000000000000009, "text": "16", "angle": 33.174917728887074, "widthscale": 13.582537148526169, "oblique": 0.0, "style": "style1", "textgen": 1, "alignh": 0, "alignv": 1, "interlin": 1.0 }, "geometry": { "type": "Point", "coordinates": [ -40.36207901514625, -20.423245129149734, 0.0 ] } },
{ "type": "Feature", "properties": { "fid": 9659, "handle": 777863, "block": -1, "etype": 19, "space": 0, "layer": "0", "olinetype": "bylayer", "linetype": "", "color": "0,0,0,55", "ocolor": 256, "color24": -1, "transparency": 0, "lweight": -1, "linewidth": 0.0, "ltscale": 1.0, "visible": 1, "thickness": 0.0, "ext": null, "height": 4.0000000000000009, "text": "7", "angle": 33.174917728887074, "widthscale": 13.582537148526169, "oblique": 0.0, "style": "style1", "textgen": 1, "alignh": 0, "alignv": 1, "interlin": 1.0 }, "geometry": { "type": "Point", "coordinates": [ -40.362803913171426, -20.423148564166244, 0.0 ] } },
{ "type": "Feature", "properties": { "fid": 9660, "handle": 777864, "block": -1, "etype": 19, "space": 0, "layer": "0", "olinetype": "byblock", "linetype": "", "color": "0,0,0,55", "ocolor": 256, "color24": -1, "transparency": 0, "lweight": -1, "linewidth": 0.0, "ltscale": 1.0, "visible": 1, "thickness": 0.0, "ext": null, "height": 4.0000000000000009, "text": "28", "angle": 33.174917728887074, "widthscale": 13.582537148526169, "oblique": 0.0, "style": "style1", "textgen": 1, "alignh": 0, "alignv": 1, "interlin": 1.0 }, "geometry": { "type": "Point", "coordinates": [ -40.36197898634618, -20.422616574420193, 0.0 ] } },
{ "type": "Feature", "properties": { "fid": 9661, "handle": 777865, "block": -1, "etype": 19, "space": 0, "layer": "0", "olinetype": "byblock", "linetype": "", "color": "0,0,0,55", "ocolor": 256, "color24": -1, "transparency": 0, "lweight": -1, "linewidth": 0.0, "ltscale": 1.0, "visible": 1, "thickness": 0.0, "ext": null, "height": 4.0000000000000009, "text": "21", "angle": 33.174917728887074, "widthscale": 13.582537148526169, "oblique": 0.0, "style": "style1", "textgen": 1, "alignh": 0, "alignv": 1, "interlin": 1.0 }, "geometry": { "type": "Point", "coordinates": [ -40.362108887788324, -20.422844723528989, 0.0 ] } },
{ "type": "Feature", "properties": { "fid": 9662, "handle": 777994, "block": -1, "etype": 19, "space": 0, "layer": "0", "olinetype": "bylayer", "linetype": "", "color": "0,0,0,55", "ocolor": 256, "color24": -1, "transparency": 0, "lweight": -1, "linewidth": 0.0, "ltscale": 1.0, "visible": 1, "thickness": 0.0, "ext": null, "height": 4.0000000000000009, "text": "1", "angle": 33.174917728887074, "widthscale": 13.582537148526169, "oblique": 0.0, "style": "style1", "textgen": 1, "alignh": 0, "alignv": 1, "interlin": 1.0 }, "geometry": { "type": "Point", "coordinates": [ -40.362107730640339, -20.424150938271538, 0.0 ] } },
{ "type": "Feature", "properties": { "fid": 9663, "handle": 777995, "block": -1, "etype": 19, "space": 0, "layer": "0", "olinetype": "bylayer", "linetype": "", "color": "0,0,0,55", "ocolor": 256, "color24": -1, "transparency": 0, "lweight": -1, "linewidth": 0.0, "ltscale": 1.0, "visible": 1, "thickness": 0.0, "ext": null, "height": 4.0000000000000009, "text": "2", "angle": 33.174917728887074, "widthscale": 13.582537148526169, "oblique": 0.0, "style": "style1", "textgen": 1, "alignh": 0, "alignv": 1, "interlin": 1.0 }, "geometry": { "type": "Point", "coordinates": [ -40.362166795294137, -20.424068826437932, 0.0 ] } },
{ "type": "Feature", "properties": { "fid": 9664, "handle": 777996, "block": -1, "etype": 19, "space": 0, "layer": "0", "olinetype": "bylayer", "linetype": "", "color": "0,0,0,55", "ocolor": 256, "color24": -1, "transparency": 0, "lweight": -1, "linewidth": 0.0, "ltscale": 1.0, "visible": 1, "thickness": 0.0, "ext": null, "height": 4.0000000000000009, "text": "3", "angle": 33.174917728887074, "widthscale": 13.582537148526169, "oblique": 0.0, "style": "style1", "textgen": 1, "alignh": 0, "alignv": 1, "interlin": 1.0 }, "geometry": { "type": "Point", "coordinates": [ -40.362223665264928, -20.423994718583216, 0.0 ] } },
{ "type": "Feature", "properties": { "fid": 9665, "handle": 777997, "block": -1, "etype": 19, "space": 0, "layer": "0", "olinetype": "bylayer", "linetype": "", "color": "0,0,0,55", "ocolor": 256, "color24": -1, "transparency": 0, "lweight": -1, "linewidth": 0.0, "ltscale": 1.0, "visible": 1, "thickness": 0.0, "ext": null, "height": 4.0000000000000009, "text": "4", "angle": 33.174917728887074, "widthscale": 13.582537148526169, "oblique": 0.0, "style": "style1", "textgen": 1, "alignh": 0, "alignv": 1, "interlin": 1.0 }, "geometry": { "type": "Point", "coordinates": [ -40.362275581046227, -20.423924963132873, 0.0 ] } },
{ "type": "Feature", "properties": { "fid": 9666, "handle": 777998, "block": -1, "etype": 19, "space": 0, "layer": "0", "olinetype": "bylayer", "linetype": "", "color": "0,0,0,55", "ocolor": 256, "color24": -1, "transparency": 0, "lweight": -1, "linewidth": 0.0, "ltscale": 1.0, "visible": 1, "thickness": 0.0, "ext": null, "height": 4.0000000000000009, "text": "5", "angle": 33.174917728887074, "widthscale": 13.582537148526169, "oblique": 0.0, "style": "style1", "textgen": 1, "alignh": 0, "alignv": 1, "interlin": 1.0 }, "geometry": { "type": "Point", "coordinates": [ -40.362330100537733, -20.423845727291489, 0.0 ] } },
{ "type": "Feature", "properties": { "fid": 9667, "handle": 777999, "block": -1, "etype": 19, "space": 0, "layer": "0", "olinetype": "bylayer", "linetype": "", "color": "0,0,0,55", "ocolor": 256, "color24": -1, "transparency": 0, "lweight": -1, "linewidth": 0.0, "ltscale": 1.0, "visible": 1, "thickness": 0.0, "ext": null, "height": 4.0000000000000009, "text": "6", "angle": 33.174917728887074, "widthscale": 13.582537148526169, "oblique": 0.0, "style": "style1", "textgen": 1, "alignh": 0, "alignv": 1, "interlin": 1.0 }, "geometry": { "type": "Point", "coordinates": [ -40.362376907019765, -20.42376915697103, 0.0 ] } },
{ "type": "Feature", "properties": { "fid": 9668, "handle": 778000, "block": -1, "etype": 19, "space": 0, "layer": "0", "olinetype": "bylayer", "linetype": "", "color": "0,0,0,55", "ocolor": 256, "color24": -1, "transparency": 0, "lweight": -1, "linewidth": 0.0, "ltscale": 1.0, "visible": 1, "thickness": 0.0, "ext": null, "height": 4.0000000000000009, "text": "8", "angle": 33.174917728887074, "widthscale": 13.582537148526169, "oblique": 0.0, "style": "style1", "textgen": 1, "alignh": 0, "alignv": 1, "interlin": 1.0 }, "geometry": { "type": "Point", "coordinates": [ -40.362186542114202, -20.42373165344425, 0.0 ] } },
{ "type": "Feature", "properties": { "fid": 9669, "handle": 778001, "block": -1, "etype": 19, "space": 0, "layer": "0", "olinetype": "bylayer", "linetype": "", "color": "0,0,0,55", "ocolor": 256, "color24": -1, "transparency": 0, "lweight": -1, "linewidth": 0.0, "ltscale": 1.0, "visible": 1, "thickness": 0.0, "ext": null, "height": 4.0000000000000009, "text": "10", "angle": 33.174917728887074, "widthscale": 13.582537148526169, "oblique": 0.0, "style": "style1", "textgen": 1, "alignh": 0, "alignv": 1, "interlin": 1.0 }, "geometry": { "type": "Point", "coordinates": [ -40.362114176742551, -20.423689977152719, 0.0 ] } },
{ "type": "Feature", "properties": { "fid": 9670, "handle": 778002, "block": -1, "etype": 19, "space": 0, "layer": "0", "olinetype": "bylayer", "linetype": "", "color": "0,0,0,55", "ocolor": 256, "color24": -1, "transparency": 0, "lweight": -1, "linewidth": 0.0, "ltscale": 1.0, "visible": 1, "thickness": 0.0, "ext": null, "height": 4.0000000000000009, "text": "12", "angle": 33.174917728887074, "widthscale": 13.582537148526169, "oblique": 0.0, "style": "style1", "textgen": 1, "alignh": 0, "alignv": 1, "interlin": 1.0 }, "geometry": { "type": "Point", "coordinates": [ -40.362037859178656, -20.423638169052893, 0.0 ] } },
{ "type": "Feature", "properties": { "fid": 9671, "handle": 778003, "block": -1, "etype": 19, "space": 0, "layer": "0", "olinetype": "byblock", "linetype": "", "color": "0,0,0,55", "ocolor": 256, "color24": -1, "transparency": 0, "lweight": -1, "linewidth": 0.0, "ltscale": 1.0, "visible": 1, "thickness": 0.0, "ext": null, "height": 4.0000000000000009, "text": "14", "angle": 33.174917728887074, "widthscale": 13.582537148526169, "oblique": 0.0, "style": "style1", "textgen": 1, "alignh": 0, "alignv": 1, "interlin": 1.0 }, "geometry": { "type": "Point", "coordinates": [ -40.361959727391024, -20.42359296666686, 0.0 ] } },
{ "type": "Feature", "properties": { "fid": 9672, "handle": 778004, "block": -1, "etype": 19, "space": 0, "layer": "0", "olinetype": "byblock", "linetype": "", "color": "0,0,0,55", "ocolor": 256, "color24": -1, "transparency": 0, "lweight": -1, "linewidth": 0.0, "ltscale": 1.0, "visible": 1, "thickness": 0.0, "ext": null, "height": 4.0000000000000009, "text": "18", "angle": 33.174917728887074, "widthscale": 13.582537148526169, "oblique": 0.0, "style": "style1", "textgen": 1, "alignh": 0, "alignv": 1, "interlin": 1.0 }, "geometry": { "type": "Point", "coordinates": [ -40.36178933203346, -20.423491349117558, 0.0 ] } },
{ "type": "Feature", "properties": { "fid": 9673, "handle": 778005, "block": -1, "etype": 19, "space": 0, "layer": "0", "olinetype": "byblock", "linetype": "", "color": "0,0,0,55", "ocolor": 256, "color24": -1, "transparency": 0, "lweight": -1, "linewidth": 0.0, "ltscale": 1.0, "visible": 1, "thickness": 0.0, "ext": null, "height": 4.0000000000000009, "text": "20", "angle": 33.174917728887074, "widthscale": 13.582537148526169, "oblique": 0.0, "style": "style1", "textgen": 1, "alignh": 0, "alignv": 1, "interlin": 1.0 }, "geometry": { "type": "Point", "coordinates": [ -40.361697745349545, -20.423437919419246, 0.0 ] } },
{ "type": "Feature", "properties": { "fid": 9674, "handle": 778006, "block": -1, "etype": 19, "space": 0, "layer": "0", "olinetype": "byblock", "linetype": "", "color": "0,0,0,55", "ocolor": 256, "color24": -1, "transparency": 0, "lweight": -1, "linewidth": 0.0, "ltscale": 1.0, "visible": 1, "thickness": 0.0, "ext": null, "height": 4.0000000000000009, "text": "19", "angle": 33.174917728887074, "widthscale": 13.582537148526169, "oblique": 0.0, "style": "style1", "textgen": 1, "alignh": 0, "alignv": 1, "interlin": 1.0 }, "geometry": { "type": "Point", "coordinates": [ -40.361524973041483, -20.423669171814186, 0.0 ] } },
{ "type": "Feature", "properties": { "fid": 9675, "handle": 778007, "block": -1, "etype": 19, "space": 0, "layer": "0", "olinetype": "bylayer", "linetype": "", "color": "0,0,0,55", "ocolor": 256, "color24": -1, "transparency": 0, "lweight": -1, "linewidth": 0.0, "ltscale": 1.0, "visible": 1, "thickness": 0.0, "ext": null, "height": 4.0000000000000009, "text": "7", "angle": 33.174917728887074, "widthscale": 13.582537148526169, "oblique": 0.0, "style": "style1", "textgen": 1, "alignh": 0, "alignv": 1, "interlin": 1.0 }, "geometry": { "type": "Point", "coordinates": [ -40.362023381039059, -20.423968782829835, 0.0 ] } },
{ "type": "Feature", "properties": { "fid": 9676, "handle": 778008, "block": -1, "etype": 19, "space": 0, "layer": "0", "olinetype": "byblock", "linetype": "", "color": "0,0,0,55", "ocolor": 256, "color24": -1, "transparency": 0, "lweight": -1, "linewidth": 0.0, "ltscale": 1.0, "visible": 1, "thickness": 0.0, "ext": null, "height": 4.0000000000000009, "text": "9", "angle": 33.174917728887074, "widthscale": 13.582537148526169, "oblique": 0.0, "style": "style1", "textgen": 1, "alignh": 0, "alignv": 1, "interlin": 1.0 }, "geometry": { "type": "Point", "coordinates": [ -40.361940051399941, -20.423915258955049, 0.0 ] } },
{ "type": "Feature", "properties": { "fid": 9677, "handle": 778009, "block": -1, "etype": 19, "space": 0, "layer": "0", "olinetype": "byblock", "linetype": "", "color": "0,0,0,55", "ocolor": 256, "color24": -1, "transparency": 0, "lweight": -1, "linewidth": 0.0, "ltscale": 1.0, "visible": 1, "thickness": 0.0, "ext": null, "height": 4.0000000000000009, "text": "11", "angle": 33.174917728887074, "widthscale": 13.582537148526169, "oblique": 0.0, "style": "style1", "textgen": 1, "alignh": 0, "alignv": 1, "interlin": 1.0 }, "geometry": { "type": "Point", "coordinates": [ -40.361858075167852, -20.423867705901593, 0.0 ] } },
{ "type": "Feature", "properties": { "fid": 9678, "handle": 778010, "block": -1, "etype": 19, "space": 0, "layer": "0", "olinetype": "byblock", "linetype": "", "color": "0,0,0,55", "ocolor": 256, "color24": -1, "transparency": 0, "lweight": -1, "linewidth": 0.0, "ltscale": 1.0, "visible": 1, "thickness": 0.0, "ext": null, "height": 4.0000000000000009, "text": "13", "angle": 33.174917728887074, "widthscale": 13.582537148526169, "oblique": 0.0, "style": "style1", "textgen": 1, "alignh": 0, "alignv": 1, "interlin": 1.0 }, "geometry": { "type": "Point", "coordinates": [ -40.361788985124306, -20.42383317560807, 0.0 ] } },
{ "type": "Feature", "properties": { "fid": 9679, "handle": 778011, "block": -1, "etype": 19, "space": 0, "layer": "0", "olinetype": "byblock", "linetype": "", "color": "0,0,0,55", "ocolor": 256, "color24": -1, "transparency": 0, "lweight": -1, "linewidth": 0.0, "ltscale": 1.0, "visible": 1, "thickness": 0.0, "ext": null, "height": 4.0000000000000009, "text": "15", "angle": 33.174917728887074, "widthscale": 13.582537148526169, "oblique": 0.0, "style": "style1", "textgen": 1, "alignh": 0, "alignv": 1, "interlin": 1.0 }, "geometry": { "type": "Point", "coordinates": [ -40.361710745585903, -20.423780192144704, 0.0 ] } },
{ "type": "Feature", "properties": { "fid": 9680, "handle": 778012, "block": -1, "etype": 19, "space": 0, "layer": "0", "olinetype": "byblock", "linetype": "", "color": "0,0,0,55", "ocolor": 256, "color24": -1, "transparency": 0, "lweight": -1, "linewidth": 0.0, "ltscale": 1.0, "visible": 1, "thickness": 0.0, "ext": null, "height": 4.0000000000000009, "text": "17", "angle": 33.174917728887074, "widthscale": 13.582537148526169, "oblique": 0.0, "style": "style1", "textgen": 1, "alignh": 0, "alignv": 1, "interlin": 1.0 }, "geometry": { "type": "Point", "coordinates": [ -40.361625601755051, -20.423733273789804, 0.0 ] } },
{ "type": "Feature", "properties": { "fid": 9681, "handle": 778013, "block": -1, "etype": 19, "space": 0, "layer": "0", "olinetype": "byblock", "linetype": "", "color": "0,0,0,55", "ocolor": 256, "color24": -1, "transparency": 0, "lweight": -1, "linewidth": 0.0, "ltscale": 1.0, "visible": 1, "thickness": 0.0, "ext": null, "height": 4.0000000000000009, "text": "21", "angle": 33.174917728887074, "widthscale": 13.582537148526169, "oblique": 0.0, "style": "style1", "textgen": 1, "alignh": 0, "alignv": 1, "interlin": 1.0 }, "geometry": { "type": "Point", "coordinates": [ -40.361292431172664, -20.423626498138947, 0.0 ] } },
{ "type": "Feature", "properties": { "fid": 9682, "handle": 778014, "block": -1, "etype": 19, "space": 0, "layer": "0", "olinetype": "byblock", "linetype": "", "color": "0,0,0,55", "ocolor": 256, "color24": -1, "transparency": 0, "lweight": -1, "linewidth": 0.0, "ltscale": 1.0, "visible": 1, "thickness": 0.0, "ext": null, "height": 4.0000000000000009, "text": "22", "angle": 33.174917728887074, "widthscale": 13.582537148526169, "oblique": 0.0, "style": "style1", "textgen": 1, "alignh": 0, "alignv": 1, "interlin": 1.0 }, "geometry": { "type": "Point", "coordinates": [ -40.361349005077315, -20.423548006841806, 0.0 ] } },
{ "type": "Feature", "properties": { "fid": 9683, "handle": 778015, "block": -1, "etype": 19, "space": 0, "layer": "0", "olinetype": "byblock", "linetype": "", "color": "0,0,0,55", "ocolor": 256, "color24": -1, "transparency": 0, "lweight": -1, "linewidth": 0.0, "ltscale": 1.0, "visible": 1, "thickness": 0.0, "ext": null, "height": 4.0000000000000009, "text": "23", "angle": 33.174917728887074, "widthscale": 13.582537148526169, "oblique": 0.0, "style": "style1", "textgen": 1, "alignh": 0, "alignv": 1, "interlin": 1.0 }, "geometry": { "type": "Point", "coordinates": [ -40.361398863240261, -20.423472183407174, 0.0 ] } },
{ "type": "Feature", "properties": { "fid": 9684, "handle": 778016, "block": -1, "etype": 19, "space": 0, "layer": "0", "olinetype": "byblock", "linetype": "", "color": "0,0,0,55", "ocolor": 256, "color24": -1, "transparency": 0, "lweight": -1, "linewidth": 0.0, "ltscale": 1.0, "visible": 1, "thickness": 0.0, "ext": null, "height": 4.0000000000000009, "text": "24", "angle": 33.174917728887074, "widthscale": 13.582537148526169, "oblique": 0.0, "style": "style1", "textgen": 1, "alignh": 0, "alignv": 1, "interlin": 1.0 }, "geometry": { "type": "Point", "coordinates": [ -40.361455869080125, -20.423402968663858, 0.0 ] } },
{ "type": "Feature", "properties": { "fid": 9685, "handle": 778017, "block": -1, "etype": 19, "space": 0, "layer": "0", "olinetype": "byblock", "linetype": "", "color": "0,0,0,55", "ocolor": 256, "color24": -1, "transparency": 0, "lweight": -1, "linewidth": 0.0, "ltscale": 1.0, "visible": 1, "thickness": 0.0, "ext": null, "height": 4.0000000000000009, "text": "25", "angle": 33.174917728887074, "widthscale": 13.582537148526169, "oblique": 0.0, "style": "style1", "textgen": 1, "alignh": 0, "alignv": 1, "interlin": 1.0 }, "geometry": { "type": "Point", "coordinates": [ -40.361504053524705, -20.42332500270075, 0.0 ] } },
{ "type": "Feature", "properties": { "fid": 9686, "handle": 778018, "block": -1, "etype": 19, "space": 0, "layer": "0", "olinetype": "byblock", "linetype": "", "color": "0,0,0,55", "ocolor": 256, "color24": -1, "transparency": 0, "lweight": -1, "linewidth": 0.0, "ltscale": 1.0, "visible": 1, "thickness": 0.0, "ext": null, "height": 4.0000000000000009, "text": "26", "angle": 33.174917728887074, "widthscale": 13.582537148526169, "oblique": 0.0, "style": "style1", "textgen": 1, "alignh": 0, "alignv": 1, "interlin": 1.0 }, "geometry": { "type": "Point", "coordinates": [ -40.361554596817847, -20.42324300213771, 0.0 ] } },
{ "type": "Feature", "properties": { "fid": 9687, "handle": 778019, "block": -1, "etype": 19, "space": 0, "layer": "0", "olinetype": "byblock", "linetype": "", "color": "0,0,0,55", "ocolor": 256, "color24": -1, "transparency": 0, "lweight": -1, "linewidth": 0.0, "ltscale": 1.0, "visible": 1, "thickness": 0.0, "ext": null, "height": 4.0000000000000009, "text": "16", "angle": 33.174917728887074, "widthscale": 13.582537148526169, "oblique": 0.0, "style": "style1", "textgen": 1, "alignh": 0, "alignv": 1, "interlin": 1.0 }, "geometry": { "type": "Point", "coordinates": [ -40.361878074243428, -20.423543979513727, 0.0 ] } },
{ "type": "Feature", "properties": { "fid": 9688, "handle": 778131, "block": -1, "etype": 19, "space": 0, "layer": "0", "olinetype": "bylayer", "linetype": "", "color": "0,0,0,55", "ocolor": 256, "color24": -1, "transparency": 0, "lweight": -1, "linewidth": 0.0, "ltscale": 1.0, "visible": 1, "thickness": 0.0, "ext": null, "height": 4.0000000000000009, "text": "1", "angle": 33.174917728887074, "widthscale": 13.582537148526169, "oblique": 0.0, "style": "style1", "textgen": 1, "alignh": 0, "alignv": 1, "interlin": 1.0 }, "geometry": { "type": "Point", "coordinates": [ -40.361718265588308, -20.424714134771612, 0.0 ] } },
{ "type": "Feature", "properties": { "fid": 9689, "handle": 778132, "block": -1, "etype": 19, "space": 0, "layer": "0", "olinetype": "bylayer", "linetype": "", "color": "0,0,0,55", "ocolor": 256, "color24": -1, "transparency": 0, "lweight": -1, "linewidth": 0.0, "ltscale": 1.0, "visible": 1, "thickness": 0.0, "ext": null, "height": 4.0000000000000009, "text": "2", "angle": 33.174917728887074, "widthscale": 13.582537148526169, "oblique": 0.0, "style": "style1", "textgen": 1, "alignh": 0, "alignv": 1, "interlin": 1.0 }, "geometry": { "type": "Point", "coordinates": [ -40.361777330653233, -20.424632023051352, 0.0 ] } },
{ "type": "Feature", "properties": { "fid": 9690, "handle": 778133, "block": -1, "etype": 19, "space": 0, "layer": "0", "olinetype": "bylayer", "linetype": "", "color": "0,0,0,55", "ocolor": 256, "color24": -1, "transparency": 0, "lweight": -1, "linewidth": 0.0, "ltscale": 1.0, "visible": 1, "thickness": 0.0, "ext": null, "height": 4.0000000000000009, "text": "3", "angle": 33.174917728887074, "widthscale": 13.582537148526169, "oblique": 0.0, "style": "style1", "textgen": 1, "alignh": 0, "alignv": 1, "interlin": 1.0 }, "geometry": { "type": "Point", "coordinates": [ -40.361834201008548, -20.424557915306213, 0.0 ] } },
{ "type": "Feature", "properties": { "fid": 9691, "handle": 778134, "block": -1, "etype": 19, "space": 0, "layer": "0", "olinetype": "bylayer", "linetype": "", "color": "0,0,0,55", "ocolor": 256, "color24": -1, "transparency": 0, "lweight": -1, "linewidth": 0.0, "ltscale": 1.0, "visible": 1, "thickness": 0.0, "ext": null, "height": 4.0000000000000009, "text": "4", "angle": 33.174917728887074, "widthscale": 13.582537148526169, "oblique": 0.0, "style": "style1", "textgen": 1, "alignh": 0, "alignv": 1, "interlin": 1.0 }, "geometry": { "type": "Point", "coordinates": [ -40.361886117145687, -20.424488159955697, 0.0 ] } },
{ "type": "Feature", "properties": { "fid": 9692, "handle": 778135, "block": -1, "etype": 19, "space": 0, "layer": "0", "olinetype": "bylayer", "linetype": "", "color": "0,0,0,55", "ocolor": 256, "color24": -1, "transparency": 0, "lweight": -1, "linewidth": 0.0, "ltscale": 1.0, "visible": 1, "thickness": 0.0, "ext": null, "height": 4.0000000000000009, "text": "5", "angle": 33.174917728887074, "widthscale": 13.582537148526169, "oblique": 0.0, "style": "style1", "textgen": 1, "alignh": 0, "alignv": 1, "interlin": 1.0 }, "geometry": { "type": "Point", "coordinates": [ -40.361940637024517, -20.424408924218703, 0.0 ] } },
{ "type": "Feature", "properties": { "fid": 9693, "handle": 778136, "block": -1, "etype": 19, "space": 0, "layer": "0", "olinetype": "bylayer", "linetype": "", "color": "0,0,0,55", "ocolor": 256, "color24": -1, "transparency": 0, "lweight": -1, "linewidth": 0.0, "ltscale": 1.0, "visible": 1, "thickness": 0.0, "ext": null, "height": 4.0000000000000009, "text": "6", "angle": 33.174917728887074, "widthscale": 13.582537148526169, "oblique": 0.0, "style": "style1", "textgen": 1, "alignh": 0, "alignv": 1, "interlin": 1.0 }, "geometry": { "type": "Point", "coordinates": [ -40.361987443858638, -20.424332353987143, 0.0 ] } },
{ "type": "Feature", "properties": { "fid": 9694, "handle": 778137, "block": -1, "etype": 19, "space": 0, "layer": "0", "olinetype": "bylayer", "linetype": "", "color": "0,0,0,55", "ocolor": 256, "color24": -1, "transparency": 0, "lweight": -1, "linewidth": 0.0, "ltscale": 1.0, "visible": 1, "thickness": 0.0, "ext": null, "height": 4.0000000000000009, "text": "8", "angle": 33.174917728887074, "widthscale": 13.582537148526169, "oblique": 0.0, "style": "style1", "textgen": 1, "alignh": 0, "alignv": 1, "interlin": 1.0 }, "geometry": { "type": "Point", "coordinates": [ -40.361802101229983, -20.424283145297533, 0.0 ] } },
{ "type": "Feature", "properties": { "fid": 9695, "handle": 778138, "block": -1, "etype": 19, "space": 0, "layer": "0", "olinetype": "bylayer", "linetype": "", "color": "0,0,0,55", "ocolor": 256, "color24": -1, "transparency": 0, "lweight": -1, "linewidth": 0.0, "ltscale": 1.0, "visible": 1, "thickness": 0.0, "ext": null, "height": 4.0000000000000009, "text": "10", "angle": 33.174917728887074, "widthscale": 13.582537148526169, "oblique": 0.0, "style": "style1", "textgen": 1, "alignh": 0, "alignv": 1, "interlin": 1.0 }, "geometry": { "type": "Point", "coordinates": [ -40.361729735684264, -20.424241468857513, 0.0 ] } },
{ "type": "Feature", "properties": { "fid": 9696, "handle": 778139, "block": -1, "etype": 19, "space": 0, "layer": "0", "olinetype": "byblock", "linetype": "", "color": "0,0,0,55", "ocolor": 256, "color24": -1, "transparency": 0, "lweight": -1, "linewidth": 0.0, "ltscale": 1.0, "visible": 1, "thickness": 0.0, "ext": null, "height": 4.0000000000000009, "text": "12", "angle": 33.174917728887074, "widthscale": 13.582537148526169, "oblique": 0.0, "style": "style1", "textgen": 1, "alignh": 0, "alignv": 1, "interlin": 1.0 }, "geometry": { "type": "Point", "coordinates": [ -40.361653417954507, -20.42418966060049, 0.0 ] } },
{ "type": "Feature", "properties": { "fid": 9697, "handle": 778140, "block": -1, "etype": 19, "space": 0, "layer": "0", "olinetype": "byblock", "linetype": "", "color": "0,0,0,55", "ocolor": 256, "color24": -1, "transparency": 0, "lweight": -1, "linewidth": 0.0, "ltscale": 1.0, "visible": 1, "thickness": 0.0, "ext": null, "height": 4.0000000000000009, "text": "14", "angle": 33.174917728887074, "widthscale": 13.582537148526169, "oblique": 0.0, "style": "style1", "textgen": 1, "alignh": 0, "alignv": 1, "interlin": 1.0 }, "geometry": { "type": "Point", "coordinates": [ -40.361575285979391, -20.424144458054077, 0.0 ] } },
{ "type": "Feature", "properties": { "fid": 9698, "handle": 778141, "block": -1, "etype": 19, "space": 0, "layer": "0", "olinetype": "byblock", "linetype": "", "color": "0,0,0,55", "ocolor": 256, "color24": -1, "transparency": 0, "lweight": -1, "linewidth": 0.0, "ltscale": 1.0, "visible": 1, "thickness": 0.0, "ext": null, "height": 4.0000000000000009, "text": "18", "angle": 33.174917728887074, "widthscale": 13.582537148526169, "oblique": 0.0, "style": "style1", "textgen": 1, "alignh": 0, "alignv": 1, "interlin": 1.0 }, "geometry": { "type": "Point", "coordinates": [ -40.361404890219781, -20.424042840154801, 0.0 ] } },
{ "type": "Feature", "properties": { "fid": 9699, "handle": 778142, "block": -1, "etype": 19, "space": 0, "layer": "0", "olinetype": "byblock", "linetype": "", "color": "0,0,0,55", "ocolor": 256, "color24": -1, "transparency": 0, "lweight": -1, "linewidth": 0.0, "ltscale": 1.0, "visible": 1, "thickness": 0.0, "ext": null, "height": 4.0000000000000009, "text": "20", "angle": 33.174917728887074, "widthscale": 13.582537148526169, "oblique": 0.0, "style": "style1", "textgen": 1, "alignh": 0, "alignv": 1, "interlin": 1.0 }, "geometry": { "type": "Point", "coordinates": [ -40.361313303317104, -20.423989410268533, 0.0 ] } },
{ "type": "Feature", "properties": { "fid": 9700, "handle": 778143, "block": -1, "etype": 19, "space": 0, "layer": "0", "olinetype": "bylayer", "linetype": "", "color": "0,0,0,55", "ocolor": 256, "color24": -1, "transparency": 0, "lweight": -1, "linewidth": 0.0, "ltscale": 1.0, "visible": 1, "thickness": 0.0, "ext": null, "height": 4.0000000000000009, "text": "19", "angle": 33.174917728887074, "widthscale": 13.582537148526169, "oblique": 0.0, "style": "style1", "textgen": 1, "alignh": 0, "alignv": 1, "interlin": 1.0 }, "geometry": { "type": "Point", "coordinates": [ -40.361140529846686, -20.424220662335209, 0.0 ] } },
{ "type": "Feature", "properties": { "fid": 9701, "handle": 778144, "block": -1, "etype": 19, "space": 0, "layer": "0", "olinetype": "bylayer", "linetype": "", "color": "0,0,0,55", "ocolor": 256, "color24": -1, "transparency": 0, "lweight": -1, "linewidth": 0.0, "ltscale": 1.0, "visible": 1, "thickness": 0.0, "ext": null, "height": 4.0000000000000009, "text": "7", "angle": 33.174917728887074, "widthscale": 13.582537148526169, "oblique": 0.0, "style": "style1", "textgen": 1, "alignh": 0, "alignv": 1, "interlin": 1.0 }, "geometry": { "type": "Point", "coordinates": [ -40.361638939014846, -20.424520274374608, 0.0 ] } },
{ "type": "Feature", "properties": { "fid": 9702, "handle": 778145, "block": -1, "etype": 19, "space": 0, "layer": "0", "olinetype": "bylayer", "linetype": "", "color": "0,0,0,55", "ocolor": 256, "color24": -1, "transparency": 0, "lweight": -1, "linewidth": 0.0, "ltscale": 1.0, "visible": 1, "thickness": 0.0, "ext": null, "height": 4.0000000000000009, "text": "9", "angle": 33.174917728887074, "widthscale": 13.582537148526169, "oblique": 0.0, "style": "style1", "textgen": 1, "alignh": 0, "alignv": 1, "interlin": 1.0 }, "geometry": { "type": "Point", "coordinates": [ -40.361555609187761, -20.424466750328342, 0.0 ] } },
{ "type": "Feature", "properties": { "fid": 9703, "handle": 778146, "block": -1, "etype": 19, "space": 0, "layer": "0", "olinetype": "bylayer", "linetype": "", "color": "0,0,0,55", "ocolor": 256, "color24": -1, "transparency": 0, "lweight": -1, "linewidth": 0.0, "ltscale": 1.0, "visible": 1, "thickness": 0.0, "ext": null, "height": 4.0000000000000009, "text": "11", "angle": 33.174917728887074, "widthscale": 13.582537148526169, "oblique": 0.0, "style": "style1", "textgen": 1, "alignh": 0, "alignv": 1, "interlin": 1.0 }, "geometry": { "type": "Point", "coordinates": [ -40.361473632759228, -20.424419197106658, 0.0 ] } },
{ "type": "Feature", "properties": { "fid": 9704, "handle": 778147, "block": -1, "etype": 19, "space": 0, "layer": "0", "olinetype": "bylayer", "linetype": "", "color": "0,0,0,55", "ocolor": 256, "color24": -1, "transparency": 0, "lweight": -1, "linewidth": 0.0, "ltscale": 1.0, "visible": 1, "thickness": 0.0, "ext": null, "height": 4.0000000000000009, "text": "13", "angle": 33.174917728887074, "widthscale": 13.582537148526169, "oblique": 0.0, "style": "style1", "textgen": 1, "alignh": 0, "alignv": 1, "interlin": 1.0 }, "geometry": { "type": "Point", "coordinates": [ -40.361404542537613, -20.42438466667182, 0.0 ] } },
{ "type": "Feature", "properties": { "fid": 9705, "handle": 778148, "block": -1, "etype": 19, "space": 0, "layer": "0", "olinetype": "bylayer", "linetype": "", "color": "0,0,0,55", "ocolor": 256, "color24": -1, "transparency": 0, "lweight": -1, "linewidth": 0.0, "ltscale": 1.0, "visible": 1, "thickness": 0.0, "ext": null, "height": 4.0000000000000009, "text": "15", "angle": 33.174917728887074, "widthscale": 13.582537148526169, "oblique": 0.0, "style": "style1", "textgen": 1, "alignh": 0, "alignv": 1, "interlin": 1.0 }, "geometry": { "type": "Point", "coordinates": [ -40.3613263028289, -20.424331683047249, 0.0 ] } },
{ "type": "Feature", "properties": { "fid": 9706, "handle": 778149, "block": -1, "etype": 19, "space": 0, "layer": "0", "olinetype": "bylayer", "linetype": "", "color": "0,0,0,55", "ocolor": 256, "color24": -1, "transparency": 0, "lweight": -1, "linewidth": 0.0, "ltscale": 1.0, "visible": 1, "thickness": 0.0, "ext": null, "height": 4.0000000000000009, "text": "17", "angle": 33.174917728887074, "widthscale": 13.582537148526169, "oblique": 0.0, "style": "style1", "textgen": 1, "alignh": 0, "alignv": 1, "interlin": 1.0 }, "geometry": { "type": "Point", "coordinates": [ -40.361241158788438, -20.424284764517822, 0.0 ] } },
{ "type": "Feature", "properties": { "fid": 9707, "handle": 778150, "block": -1, "etype": 19, "space": 0, "layer": "0", "olinetype": "byblock", "linetype": "", "color": "0,0,0,55", "ocolor": 256, "color24": -1, "transparency": 0, "lweight": -1, "linewidth": 0.0, "ltscale": 1.0, "visible": 1, "thickness": 0.0, "ext": null, "height": 4.0000000000000009, "text": "21", "angle": 33.174917728887074, "widthscale": 13.582537148526169, "oblique": 0.0, "style": "style1", "textgen": 1, "alignh": 0, "alignv": 1, "interlin": 1.0 }, "geometry": { "type": "Point", "coordinates": [ -40.360907987212478, -20.424177988190003, 0.0 ] } },
{ "type": "Feature", "properties": { "fid": 9708, "handle": 778151, "block": -1, "etype": 19, "space": 0, "layer": "0", "olinetype": "byblock", "linetype": "", "color": "0,0,0,55", "ocolor": 256, "color24": -1, "transparency": 0, "lweight": -1, "linewidth": 0.0, "ltscale": 1.0, "visible": 1, "thickness": 0.0, "ext": null, "height": 4.0000000000000009, "text": "22", "angle": 33.174917728887074, "widthscale": 13.582537148526169, "oblique": 0.0, "style": "style1", "textgen": 1, "alignh": 0, "alignv": 1, "interlin": 1.0 }, "geometry": { "type": "Point", "coordinates": [ -40.360964561503998, -20.424099497000142, 0.0 ] } },
{ "type": "Feature", "properties": { "fid": 9709, "handle": 778152, "block": -1, "etype": 19, "space": 0, "layer": "0", "olinetype": "byblock", "linetype": "", "color": "0,0,0,55", "ocolor": 256, "color24": -1, "transparency": 0, "lweight": -1, "linewidth": 0.0, "ltscale": 1.0, "visible": 1, "thickness": 0.0, "ext": null, "height": 4.0000000000000009, "text": "23", "angle": 33.174917728887074, "widthscale": 13.582537148526169, "oblique": 0.0, "style": "style1", "textgen": 1, "alignh": 0, "alignv": 1, "interlin": 1.0 }, "geometry": { "type": "Point", "coordinates": [ -40.361014420022869, -20.424023673659534, 0.0 ] } },
{ "type": "Feature", "properties": { "fid": 9710, "handle": 778153, "block": -1, "etype": 19, "space": 0, "layer": "0", "olinetype": "byblock", "linetype": "", "color": "0,0,0,55", "ocolor": 256, "color24": -1, "transparency": 0, "lweight": -1, "linewidth": 0.0, "ltscale": 1.0, "visible": 1, "thickness": 0.0, "ext": null, "height": 4.0000000000000009, "text": "24", "angle": 33.174917728887074, "widthscale": 13.582537148526169, "oblique": 0.0, "style": "style1", "textgen": 1, "alignh": 0, "alignv": 1, "interlin": 1.0 }, "geometry": { "type": "Point", "coordinates": [ -40.361071426230254, -20.423954459025122, 0.0 ] } },
{ "type": "Feature", "properties": { "fid": 9711, "handle": 778154, "block": -1, "etype": 19, "space": 0, "layer": "0", "olinetype": "byblock", "linetype": "", "color": "0,0,0,55", "ocolor": 256, "color24": -1, "transparency": 0, "lweight": -1, "linewidth": 0.0, "ltscale": 1.0, "visible": 1, "thickness": 0.0, "ext": null, "height": 4.0000000000000009, "text": "25", "angle": 33.174917728887074, "widthscale": 13.582537148526169, "oblique": 0.0, "style": "style1", "textgen": 1, "alignh": 0, "alignv": 1, "interlin": 1.0 }, "geometry": { "type": "Point", "coordinates": [ -40.361119611029423, -20.423876493152488, 0.0 ] } },
{ "type": "Feature", "properties": { "fid": 9712, "handle": 778155, "block": -1, "etype": 19, "space": 0, "layer": "0", "olinetype": "byblock", "linetype": "", "color": "0,0,0,55", "ocolor": 256, "color24": -1, "transparency": 0, "lweight": -1, "linewidth": 0.0, "ltscale": 1.0, "visible": 1, "thickness": 0.0, "ext": null, "height": 4.0000000000000009, "text": "26", "angle": 33.174917728887074, "widthscale": 13.582537148526169, "oblique": 0.0, "style": "style1", "textgen": 1, "alignh": 0, "alignv": 1, "interlin": 1.0 }, "geometry": { "type": "Point", "coordinates": [ -40.361170154694982, -20.423794492684404, 0.0 ] } },
{ "type": "Feature", "properties": { "fid": 9713, "handle": 778156, "block": -1, "etype": 19, "space": 0, "layer": "0", "olinetype": "byblock", "linetype": "", "color": "0,0,0,55", "ocolor": 256, "color24": -1, "transparency": 0, "lweight": -1, "linewidth": 0.0, "ltscale": 1.0, "visible": 1, "thickness": 0.0, "ext": null, "height": 4.0000000000000009, "text": "16", "angle": 33.174917728887074, "widthscale": 13.582537148526169, "oblique": 0.0, "style": "style1", "textgen": 1, "alignh": 0, "alignv": 1, "interlin": 1.0 }, "geometry": { "type": "Point", "coordinates": [ -40.361493632639778, -20.42409547073327, 0.0 ] } },
{ "type": "Feature", "properties": { "fid": 9714, "handle": 778282, "block": -1, "etype": 19, "space": 0, "layer": "0", "olinetype": "bylayer", "linetype": "", "color": "0,0,0,55", "ocolor": 256, "color24": -1, "transparency": 0, "lweight": -1, "linewidth": 0.0, "ltscale": 1.0, "visible": 1, "thickness": 0.0, "ext": null, "height": 4.0000000000000009, "text": "1", "angle": 33.174917728887074, "widthscale": 13.582537148526169, "oblique": 0.0, "style": "style1", "textgen": 1, "alignh": 0, "alignv": 1, "interlin": 1.0 }, "geometry": { "type": "Point", "coordinates": [ -40.36134634248274, -20.425254861174434, 0.0 ] } },
{ "type": "Feature", "properties": { "fid": 9715, "handle": 778283, "block": -1, "etype": 19, "space": 0, "layer": "0", "olinetype": "bylayer", "linetype": "", "color": "0,0,0,55", "ocolor": 256, "color24": -1, "transparency": 0, "lweight": -1, "linewidth": 0.0, "ltscale": 1.0, "visible": 1, "thickness": 0.0, "ext": null, "height": 4.0000000000000009, "text": "2", "angle": 33.174917728887074, "widthscale": 13.582537148526169, "oblique": 0.0, "style": "style1", "textgen": 1, "alignh": 0, "alignv": 1, "interlin": 1.0 }, "geometry": { "type": "Point", "coordinates": [ -40.361405407941291, -20.425172749562435, 0.0 ] } },
{ "type": "Feature", "properties": { "fid": 9716, "handle": 778284, "block": -1, "etype": 19, "space": 0, "layer": "0", "olinetype": "bylayer", "linetype": "", "color": "0,0,0,55", "ocolor": 256, "color24": -1, "transparency": 0, "lweight": -1, "linewidth": 0.0, "ltscale": 1.0, "visible": 1, "thickness": 0.0, "ext": null, "height": 4.0000000000000009, "text": "3", "angle": 33.174917728887074, "widthscale": 13.582537148526169, "oblique": 0.0, "style": "style1", "textgen": 1, "alignh": 0, "alignv": 1, "interlin": 1.0 }, "geometry": { "type": "Point", "coordinates": [ -40.361462278664803, -20.425098641921878, 0.0 ] } },
{ "type": "Feature", "properties": { "fid": 9717, "handle": 778285, "block": -1, "etype": 19, "space": 0, "layer": "0", "olinetype": "bylayer", "linetype": "", "color": "0,0,0,55", "ocolor": 256, "color24": -1, "transparency": 0, "lweight": -1, "linewidth": 0.0, "ltscale": 1.0, "visible": 1, "thickness": 0.0, "ext": null, "height": 4.0000000000000009, "text": "4", "angle": 33.174917728887074, "widthscale": 13.582537148526169, "oblique": 0.0, "style": "style1", "textgen": 1, "alignh": 0, "alignv": 1, "interlin": 1.0 }, "geometry": { "type": "Point", "coordinates": [ -40.361514195142632, -20.425028886666677, 0.0 ] } },
{ "type": "Feature", "properties": { "fid": 9718, "handle": 778286, "block": -1, "etype": 19, "space": 0, "layer": "0", "olinetype": "bylayer", "linetype": "", "color": "0,0,0,55", "ocolor": 256, "color24": -1, "transparency": 0, "lweight": -1, "linewidth": 0.0, "ltscale": 1.0, "visible": 1, "thickness": 0.0, "ext": null, "height": 4.0000000000000009, "text": "5", "angle": 33.174917728887074, "widthscale": 13.582537148526169, "oblique": 0.0, "style": "style1", "textgen": 1, "alignh": 0, "alignv": 1, "interlin": 1.0 }, "geometry": { "type": "Point", "coordinates": [ -40.361568715392309, -20.42494965102933, 0.0 ] } },
{ "type": "Feature", "properties": { "fid": 9719, "handle": 778287, "block": -1, "etype": 19, "space": 0, "layer": "0", "olinetype": "bylayer", "linetype": "", "color": "0,0,0,55", "ocolor": 256, "color24": -1, "transparency": 0, "lweight": -1, "linewidth": 0.0, "ltscale": 1.0, "visible": 1, "thickness": 0.0, "ext": null, "height": 4.0000000000000009, "text": "6", "angle": 33.174917728887074, "widthscale": 13.582537148526169, "oblique": 0.0, "style": "style1", "textgen": 1, "alignh": 0, "alignv": 1, "interlin": 1.0 }, "geometry": { "type": "Point", "coordinates": [ -40.36161552256344, -20.424873080882719, 0.0 ] } },
{ "type": "Feature", "properties": { "fid": 9720, "handle": 778288, "block": -1, "etype": 19, "space": 0, "layer": "0", "olinetype": "bylayer", "linetype": "", "color": "0,0,0,55", "ocolor": 256, "color24": -1, "transparency": 0, "lweight": -1, "linewidth": 0.0, "ltscale": 1.0, "visible": 1, "thickness": 0.0, "ext": null, "height": 4.0000000000000009, "text": "8", "angle": 33.174917728887074, "widthscale": 13.582537148526169, "oblique": 0.0, "style": "style1", "textgen": 1, "alignh": 0, "alignv": 1, "interlin": 1.0 }, "geometry": { "type": "Point", "coordinates": [ -40.3614222072354, -20.424837667354531, 0.0 ] } },
{ "type": "Feature", "properties": { "fid": 9721, "handle": 778289, "block": -1, "etype": 19, "space": 0, "layer": "0", "olinetype": "bylayer", "linetype": "", "color": "0,0,0,55", "ocolor": 256, "color24": -1, "transparency": 0, "lweight": -1, "linewidth": 0.0, "ltscale": 1.0, "visible": 1, "thickness": 0.0, "ext": null, "height": 4.0000000000000009, "text": "10", "angle": 33.174917728887074, "widthscale": 13.582537148526169, "oblique": 0.0, "style": "style1", "textgen": 1, "alignh": 0, "alignv": 1, "interlin": 1.0 }, "geometry": { "type": "Point", "coordinates": [ -40.361349841513011, -20.424795990768033, 0.0 ] } },
{ "type": "Feature", "properties": { "fid": 9722, "handle": 778290, "block": -1, "etype": 19, "space": 0, "layer": "0", "olinetype": "bylayer", "linetype": "", "color": "0,0,0,55", "ocolor": 256, "color24": -1, "transparency": 0, "lweight": -1, "linewidth": 0.0, "ltscale": 1.0, "visible": 1, "thickness": 0.0, "ext": null, "height": 4.0000000000000009, "text": "12", "angle": 33.174917728887074, "widthscale": 13.582537148526169, "oblique": 0.0, "style": "style1", "textgen": 1, "alignh": 0, "alignv": 1, "interlin": 1.0 }, "geometry": { "type": "Point", "coordinates": [ -40.361273523614436, -20.424744182355941, 0.0 ] } },
{ "type": "Feature", "properties": { "fid": 9723, "handle": 778291, "block": -1, "etype": 19, "space": 0, "layer": "0", "olinetype": "bylayer", "linetype": "", "color": "0,0,0,55", "ocolor": 256, "color24": -1, "transparency": 0, "lweight": -1, "linewidth": 0.0, "ltscale": 1.0, "visible": 1, "thickness": 0.0, "ext": null, "height": 4.0000000000000009, "text": "14", "angle": 33.174917728887074, "widthscale": 13.582537148526169, "oblique": 0.0, "style": "style1", "textgen": 1, "alignh": 0, "alignv": 1, "interlin": 1.0 }, "geometry": { "type": "Point", "coordinates": [ -40.361195391449051, -20.424698979651428, 0.0 ] } },
{ "type": "Feature", "properties": { "fid": 9724, "handle": 778292, "block": -1, "etype": 19, "space": 0, "layer": "0", "olinetype": "bylayer", "linetype": "", "color": "0,0,0,55", "ocolor": 256, "color24": -1, "transparency": 0, "lweight": -1, "linewidth": 0.0, "ltscale": 1.0, "visible": 1, "thickness": 0.0, "ext": null, "height": 4.0000000000000009, "text": "18", "angle": 33.174917728887074, "widthscale": 13.582537148526169, "oblique": 0.0, "style": "style1", "textgen": 1, "alignh": 0, "alignv": 1, "interlin": 1.0 }, "geometry": { "type": "Point", "coordinates": [ -40.361024995281227, -20.424597361407084, 0.0 ] } },
{ "type": "Feature", "properties": { "fid": 9725, "handle": 778293, "block": -1, "etype": 19, "space": 0, "layer": "0", "olinetype": "bylayer", "linetype": "", "color": "0,0,0,55", "ocolor": 256, "color24": -1, "transparency": 0, "lweight": -1, "linewidth": 0.0, "ltscale": 1.0, "visible": 1, "thickness": 0.0, "ext": null, "height": 4.0000000000000009, "text": "20", "angle": 33.174917728887074, "widthscale": 13.582537148526169, "oblique": 0.0, "style": "style1", "textgen": 1, "alignh": 0, "alignv": 1, "interlin": 1.0 }, "geometry": { "type": "Point", "coordinates": [ -40.360933408156512, -20.424543931335378, 0.0 ] } },
{ "type": "Feature", "properties": { "fid": 9726, "handle": 778294, "block": -1, "etype": 19, "space": 0, "layer": "0", "olinetype": "bylayer", "linetype": "", "color": "0,0,0,55", "ocolor": 256, "color24": -1, "transparency": 0, "lweight": -1, "linewidth": 0.0, "ltscale": 1.0, "visible": 1, "thickness": 0.0, "ext": null, "height": 4.0000000000000009, "text": "19", "angle": 33.174917728887074, "widthscale": 13.582537148526169, "oblique": 0.0, "style": "style1", "textgen": 1, "alignh": 0, "alignv": 1, "interlin": 1.0 }, "geometry": { "type": "Point", "coordinates": [ -40.360760633527697, -20.42477518307798, 0.0 ] } },
{ "type": "Feature", "properties": { "fid": 9727, "handle": 778295, "block": -1, "etype": 19, "space": 0, "layer": "0", "olinetype": "bylayer", "linetype": "", "color": "0,0,0,55", "ocolor": 256, "color24": -1, "transparency": 0, "lweight": -1, "linewidth": 0.0, "ltscale": 1.0, "visible": 1, "thickness": 0.0, "ext": null, "height": 4.0000000000000009, "text": "7", "angle": 33.174917728887074, "widthscale": 13.582537148526169, "oblique": 0.0, "style": "style1", "textgen": 1, "alignh": 0, "alignv": 1, "interlin": 1.0 }, "geometry": { "type": "Point", "coordinates": [ -40.361259043884552, -20.425074796127024, 0.0 ] } },
{ "type": "Feature", "properties": { "fid": 9728, "handle": 778296, "block": -1, "etype": 19, "space": 0, "layer": "0", "olinetype": "bylayer", "linetype": "", "color": "0,0,0,55", "ocolor": 256, "color24": -1, "transparency": 0, "lweight": -1, "linewidth": 0.0, "ltscale": 1.0, "visible": 1, "thickness": 0.0, "ext": null, "height": 4.0000000000000009, "text": "9", "angle": 33.174917728887074, "widthscale": 13.582537148526169, "oblique": 0.0, "style": "style1", "textgen": 1, "alignh": 0, "alignv": 1, "interlin": 1.0 }, "geometry": { "type": "Point", "coordinates": [ -40.361176202229132, -20.425020562165539, 0.0 ] } },
{ "type": "Feature", "properties": { "fid": 9729, "handle": 778297, "block": -1, "etype": 19, "space": 0, "layer": "0", "olinetype": "bylayer", "linetype": "", "color": "0,0,0,55", "ocolor": 256, "color24": -1, "transparency": 0, "lweight": -1, "linewidth": 0.0, "ltscale": 1.0, "visible": 1, "thickness": 0.0, "ext": null, "height": 4.0000000000000009, "text": "11", "angle": 33.174917728887074, "widthscale": 13.582537148526169, "oblique": 0.0, "style": "style1", "textgen": 1, "alignh": 0, "alignv": 1, "interlin": 1.0 }, "geometry": { "type": "Point", "coordinates": [ -40.361094225601498, -20.4249730087781, 0.0 ] } },
{ "type": "Feature", "properties": { "fid": 9730, "handle": 778298, "block": -1, "etype": 19, "space": 0, "layer": "0", "olinetype": "bylayer", "linetype": "", "color": "0,0,0,55", "ocolor": 256, "color24": -1, "transparency": 0, "lweight": -1, "linewidth": 0.0, "ltscale": 1.0, "visible": 1, "thickness": 0.0, "ext": null, "height": 4.0000000000000009, "text": "13", "angle": 33.174917728887074, "widthscale": 13.582537148526169, "oblique": 0.0, "style": "style1", "textgen": 1, "alignh": 0, "alignv": 1, "interlin": 1.0 }, "geometry": { "type": "Point", "coordinates": [ -40.361024646836476, -20.424939187949832, 0.0 ] } },
{ "type": "Feature", "properties": { "fid": 9731, "handle": 778299, "block": -1, "etype": 19, "space": 0, "layer": "0", "olinetype": "bylayer", "linetype": "", "color": "0,0,0,55", "ocolor": 256, "color24": -1, "transparency": 0, "lweight": -1, "linewidth": 0.0, "ltscale": 1.0, "visible": 1, "thickness": 0.0, "ext": null, "height": 4.0000000000000009, "text": "15", "angle": 33.174917728887074, "widthscale": 13.582537148526169, "oblique": 0.0, "style": "style1", "textgen": 1, "alignh": 0, "alignv": 1, "interlin": 1.0 }, "geometry": { "type": "Point", "coordinates": [ -40.360946406954419, -20.424886204166302, 0.0 ] } },
{ "type": "Feature", "properties": { "fid": 9732, "handle": 778300, "block": -1, "etype": 19, "space": 0, "layer": "0", "olinetype": "bylayer", "linetype": "", "color": "0,0,0,55", "ocolor": 256, "color24": -1, "transparency": 0, "lweight": -1, "linewidth": 0.0, "ltscale": 1.0, "visible": 1, "thickness": 0.0, "ext": null, "height": 4.0000000000000009, "text": "17", "angle": 33.174917728887074, "widthscale": 13.582537148526169, "oblique": 0.0, "style": "style1", "textgen": 1, "alignh": 0, "alignv": 1, "interlin": 1.0 }, "geometry": { "type": "Point", "coordinates": [ -40.360861262701405, -20.424839285464753, 0.0 ] } },
{ "type": "Feature", "properties": { "fid": 9733, "handle": 778301, "block": -1, "etype": 19, "space": 0, "layer": "0", "olinetype": "bylayer", "linetype": "", "color": "0,0,0,55", "ocolor": 256, "color24": -1, "transparency": 0, "lweight": -1, "linewidth": 0.0, "ltscale": 1.0, "visible": 1, "thickness": 0.0, "ext": null, "height": 4.0000000000000009, "text": "21", "angle": 33.174917728887074, "widthscale": 13.582537148526169, "oblique": 0.0, "style": "style1", "textgen": 1, "alignh": 0, "alignv": 1, "interlin": 1.0 }, "geometry": { "type": "Point", "coordinates": [ -40.360528090122592, -20.424732508469265, 0.0 ] } },
{ "type": "Feature", "properties": { "fid": 9734, "handle": 778302, "block": -1, "etype": 19, "space": 0, "layer": "0", "olinetype": "bylayer", "linetype": "", "color": "0,0,0,55", "ocolor": 256, "color24": -1, "transparency": 0, "lweight": -1, "linewidth": 0.0, "ltscale": 1.0, "visible": 1, "thickness": 0.0, "ext": null, "height": 4.0000000000000009, "text": "22", "angle": 33.174917728887074, "widthscale": 13.582537148526169, "oblique": 0.0, "style": "style1", "textgen": 1, "alignh": 0, "alignv": 1, "interlin": 1.0 }, "geometry": { "type": "Point", "coordinates": [ -40.360584664799596, -20.424654017385294, 0.0 ] } },
{ "type": "Feature", "properties": { "fid": 9735, "handle": 778303, "block": -1, "etype": 19, "space": 0, "layer": "0", "olinetype": "bylayer", "linetype": "", "color": "0,0,0,55", "ocolor": 256, "color24": -1, "transparency": 0, "lweight": -1, "linewidth": 0.0, "ltscale": 1.0, "visible": 1, "thickness": 0.0, "ext": null, "height": 4.0000000000000009, "text": "23", "angle": 33.174917728887074, "widthscale": 13.582537148526169, "oblique": 0.0, "style": "style1", "textgen": 1, "alignh": 0, "alignv": 1, "interlin": 1.0 }, "geometry": { "type": "Point", "coordinates": [ -40.360634523673014, -20.424578194137489, 0.0 ] } },
{ "type": "Feature", "properties": { "fid": 9736, "handle": 778304, "block": -1, "etype": 19, "space": 0, "layer": "0", "olinetype": "bylayer", "linetype": "", "color": "0,0,0,55", "ocolor": 256, "color24": -1, "transparency": 0, "lweight": -1, "linewidth": 0.0, "ltscale": 1.0, "visible": 1, "thickness": 0.0, "ext": null, "height": 4.0000000000000009, "text": "24", "angle": 33.174917728887074, "widthscale": 13.582537148526169, "oblique": 0.0, "style": "style1", "textgen": 1, "alignh": 0, "alignv": 1, "interlin": 1.0 }, "geometry": { "type": "Point", "coordinates": [ -40.360691530246825, -20.42450897961054, 0.0 ] } },
{ "type": "Feature", "properties": { "fid": 9737, "handle": 778305, "block": -1, "etype": 19, "space": 0, "layer": "0", "olinetype": "bylayer", "linetype": "", "color": "0,0,0,55", "ocolor": 256, "color24": -1, "transparency": 0, "lweight": -1, "linewidth": 0.0, "ltscale": 1.0, "visible": 1, "thickness": 0.0, "ext": null, "height": 4.0000000000000009, "text": "25", "angle": 33.174917728887074, "widthscale": 13.582537148526169, "oblique": 0.0, "style": "style1", "textgen": 1, "alignh": 0, "alignv": 1, "interlin": 1.0 }, "geometry": { "type": "Point", "coordinates": [ -40.360739715399056, -20.42443101382726, 0.0 ] } },
{ "type": "Feature", "properties": { "fid": 9738, "handle": 778306, "block": -1, "etype": 19, "space": 0, "layer": "0", "olinetype": "bylayer", "linetype": "", "color": "0,0,0,55", "ocolor": 256, "color24": -1, "transparency": 0, "lweight": -1, "linewidth": 0.0, "ltscale": 1.0, "visible": 1, "thickness": 0.0, "ext": null, "height": 4.0000000000000009, "text": "26", "angle": 33.174917728887074, "widthscale": 13.582537148526169, "oblique": 0.0, "style": "style1", "textgen": 1, "alignh": 0, "alignv": 1, "interlin": 1.0 }, "geometry": { "type": "Point", "coordinates": [ -40.360790747798148, -20.424348303707689, 0.0 ] } },
{ "type": "Feature", "properties": { "fid": 9739, "handle": 778307, "block": -1, "etype": 19, "space": 0, "layer": "0", "olinetype": "bylayer", "linetype": "", "color": "0,0,0,55", "ocolor": 256, "color24": -1, "transparency": 0, "lweight": -1, "linewidth": 0.0, "ltscale": 1.0, "visible": 1, "thickness": 0.0, "ext": null, "height": 4.0000000000000009, "text": "16", "angle": 33.174917728887074, "widthscale": 13.582537148526169, "oblique": 0.0, "style": "style1", "textgen": 1, "alignh": 0, "alignv": 1, "interlin": 1.0 }, "geometry": { "type": "Point", "coordinates": [ -40.361114226276506, -20.424649282419185, 0.0 ] } },
{ "type": "Feature", "properties": { "fid": 9740, "handle": 778428, "block": -1, "etype": 19, "space": 0, "layer": "0", "olinetype": "bylayer", "linetype": "", "color": "0,0,0,55", "ocolor": 256, "color24": -1, "transparency": 0, "lweight": -1, "linewidth": 0.0, "ltscale": 1.0, "visible": 1, "thickness": 0.0, "ext": null, "height": 4.0000000000000009, "text": "1", "angle": 33.174917728887074, "widthscale": 13.582537148526169, "oblique": 0.0, "style": "style1", "textgen": 1, "alignh": 0, "alignv": 1, "interlin": 1.0 }, "geometry": { "type": "Point", "coordinates": [ -40.360971486747452, -20.425799643895182, 0.0 ] } },
{ "type": "Feature", "properties": { "fid": 9741, "handle": 778429, "block": -1, "etype": 19, "space": 0, "layer": "0", "olinetype": "bylayer", "linetype": "", "color": "0,0,0,55", "ocolor": 256, "color24": -1, "transparency": 0, "lweight": -1, "linewidth": 0.0, "ltscale": 1.0, "visible": 1, "thickness": 0.0, "ext": null, "height": 4.0000000000000009, "text": "2", "angle": 33.174917728887074, "widthscale": 13.582537148526169, "oblique": 0.0, "style": "style1", "textgen": 1, "alignh": 0, "alignv": 1, "interlin": 1.0 }, "geometry": { "type": "Point", "coordinates": [ -40.361030552602671, -20.425717532392319, 0.0 ] } },
{ "type": "Feature", "properties": { "fid": 9742, "handle": 778430, "block": -1, "etype": 19, "space": 0, "layer": "0", "olinetype": "bylayer", "linetype": "", "color": "0,0,0,55", "ocolor": 256, "color24": -1, "transparency": 0, "lweight": -1, "linewidth": 0.0, "ltscale": 1.0, "visible": 1, "thickness": 0.0, "ext": null, "height": 4.0000000000000009, "text": "3", "angle": 33.174917728887074, "widthscale": 13.582537148526169, "oblique": 0.0, "style": "style1", "textgen": 1, "alignh": 0, "alignv": 1, "interlin": 1.0 }, "geometry": { "type": "Point", "coordinates": [ -40.361087423697214, -20.425643424857149, 0.0 ] } },
{ "type": "Feature", "properties": { "fid": 9743, "handle": 778431, "block": -1, "etype": 19, "space": 0, "layer": "0", "olinetype": "bylayer", "linetype": "", "color": "0,0,0,55", "ocolor": 256, "color24": -1, "transparency": 0, "lweight": -1, "linewidth": 0.0, "ltscale": 1.0, "visible": 1, "thickness": 0.0, "ext": null, "height": 4.0000000000000009, "text": "4", "angle": 33.174917728887074, "widthscale": 13.582537148526169, "oblique": 0.0, "style": "style1", "textgen": 1, "alignh": 0, "alignv": 1, "interlin": 1.0 }, "geometry": { "type": "Point", "coordinates": [ -40.361139340518385, -20.425573669698117, 0.0 ] } },
{ "type": "Feature", "properties": { "fid": 9744, "handle": 778432, "block": -1, "etype": 19, "space": 0, "layer": "0", "olinetype": "bylayer", "linetype": "", "color": "0,0,0,55", "ocolor": 256, "color24": -1, "transparency": 0, "lweight": -1, "linewidth": 0.0, "ltscale": 1.0, "visible": 1, "thickness": 0.0, "ext": null, "height": 4.0000000000000009, "text": "5", "angle": 33.174917728887074, "widthscale": 13.582537148526169, "oblique": 0.0, "style": "style1", "textgen": 1, "alignh": 0, "alignv": 1, "interlin": 1.0 }, "geometry": { "type": "Point", "coordinates": [ -40.361193861141786, -20.425494434161219, 0.0 ] } },
{ "type": "Feature", "properties": { "fid": 9745, "handle": 778433, "block": -1, "etype": 19, "space": 0, "layer": "0", "olinetype": "bylayer", "linetype": "", "color": "0,0,0,55", "ocolor": 256, "color24": -1, "transparency": 0, "lweight": -1, "linewidth": 0.0, "ltscale": 1.0, "visible": 1, "thickness": 0.0, "ext": null, "height": 4.0000000000000009, "text": "6", "angle": 33.174917728887074, "widthscale": 13.582537148526169, "oblique": 0.0, "style": "style1", "textgen": 1, "alignh": 0, "alignv": 1, "interlin": 1.0 }, "geometry": { "type": "Point", "coordinates": [ -40.36124066865252, -20.425417864100179, 0.0 ] } },
{ "type": "Feature", "properties": { "fid": 9746, "handle": 778434, "block": -1, "etype": 19, "space": 0, "layer": "0", "olinetype": "bylayer", "linetype": "", "color": "0,0,0,55", "ocolor": 256, "color24": -1, "transparency": 0, "lweight": -1, "linewidth": 0.0, "ltscale": 1.0, "visible": 1, "thickness": 0.0, "ext": null, "height": 4.0000000000000009, "text": "8", "angle": 33.174917728887074, "widthscale": 13.582537148526169, "oblique": 0.0, "style": "style1", "textgen": 1, "alignh": 0, "alignv": 1, "interlin": 1.0 }, "geometry": { "type": "Point", "coordinates": [ -40.361036469490728, -20.425393186504092, 0.0 ] } },
{ "type": "Feature", "properties": { "fid": 9747, "handle": 778435, "block": -1, "etype": 19, "space": 0, "layer": "0", "olinetype": "bylayer", "linetype": "", "color": "0,0,0,55", "ocolor": 256, "color24": -1, "transparency": 0, "lweight": -1, "linewidth": 0.0, "ltscale": 1.0, "visible": 1, "thickness": 0.0, "ext": null, "height": 4.0000000000000009, "text": "10", "angle": 33.174917728887074, "widthscale": 13.582537148526169, "oblique": 0.0, "style": "style1", "textgen": 1, "alignh": 0, "alignv": 1, "interlin": 1.0 }, "geometry": { "type": "Point", "coordinates": [ -40.360964103592622, -20.425351509768692, 0.0 ] } },
{ "type": "Feature", "properties": { "fid": 9748, "handle": 778436, "block": -1, "etype": 19, "space": 0, "layer": "0", "olinetype": "bylayer", "linetype": "", "color": "0,0,0,55", "ocolor": 256, "color24": -1, "transparency": 0, "lweight": -1, "linewidth": 0.0, "ltscale": 1.0, "visible": 1, "thickness": 0.0, "ext": null, "height": 4.0000000000000009, "text": "12", "angle": 33.174917728887074, "widthscale": 13.582537148526169, "oblique": 0.0, "style": "style1", "textgen": 1, "alignh": 0, "alignv": 1, "interlin": 1.0 }, "geometry": { "type": "Point", "coordinates": [ -40.360887785526508, -20.425299701198913, 0.0 ] } },
{ "type": "Feature", "properties": { "fid": 9749, "handle": 778437, "block": -1, "etype": 19, "space": 0, "layer": "0", "olinetype": "bylayer", "linetype": "", "color": "0,0,0,55", "ocolor": 256, "color24": -1, "transparency": 0, "lweight": -1, "linewidth": 0.0, "ltscale": 1.0, "visible": 1, "thickness": 0.0, "ext": null, "height": 4.0000000000000009, "text": "14", "angle": 33.174917728887074, "widthscale": 13.582537148526169, "oblique": 0.0, "style": "style1", "textgen": 1, "alignh": 0, "alignv": 1, "interlin": 1.0 }, "geometry": { "type": "Point", "coordinates": [ -40.360809653171884, -20.425254498333569, 0.0 ] } },
{ "type": "Feature", "properties": { "fid": 9750, "handle": 778438, "block": -1, "etype": 19, "space": 0, "layer": "0", "olinetype": "bylayer", "linetype": "", "color": "0,0,0,55", "ocolor": 256, "color24": -1, "transparency": 0, "lweight": -1, "linewidth": 0.0, "ltscale": 1.0, "visible": 1, "thickness": 0.0, "ext": null, "height": 4.0000000000000009, "text": "18", "angle": 33.174917728887074, "widthscale": 13.582537148526169, "oblique": 0.0, "style": "style1", "textgen": 1, "alignh": 0, "alignv": 1, "interlin": 1.0 }, "geometry": { "type": "Point", "coordinates": [ -40.360639256598212, -20.425152879738238, 0.0 ] } },
{ "type": "Feature", "properties": { "fid": 9751, "handle": 778439, "block": -1, "etype": 19, "space": 0, "layer": "0", "olinetype": "bylayer", "linetype": "", "color": "0,0,0,55", "ocolor": 256, "color24": -1, "transparency": 0, "lweight": -1, "linewidth": 0.0, "ltscale": 1.0, "visible": 1, "thickness": 0.0, "ext": null, "height": 4.0000000000000009, "text": "20", "angle": 33.174917728887074, "widthscale": 13.582537148526169, "oblique": 0.0, "style": "style1", "textgen": 1, "alignh": 0, "alignv": 1, "interlin": 1.0 }, "geometry": { "type": "Point", "coordinates": [ -40.360547669252639, -20.425099449477994, 0.0 ] } },
{ "type": "Feature", "properties": { "fid": 9752, "handle": 778440, "block": -1, "etype": 19, "space": 0, "layer": "0", "olinetype": "bylayer", "linetype": "", "color": "0,0,0,55", "ocolor": 256, "color24": -1, "transparency": 0, "lweight": -1, "linewidth": 0.0, "ltscale": 1.0, "visible": 1, "thickness": 0.0, "ext": null, "height": 4.0000000000000009, "text": "19", "angle": 33.174917728887074, "widthscale": 13.582537148526169, "oblique": 0.0, "style": "style1", "textgen": 1, "alignh": 0, "alignv": 1, "interlin": 1.0 }, "geometry": { "type": "Point", "coordinates": [ -40.360374893455223, -20.425330700891259, 0.0 ] } },
{ "type": "Feature", "properties": { "fid": 9753, "handle": 778441, "block": -1, "etype": 19, "space": 0, "layer": "0", "olinetype": "bylayer", "linetype": "", "color": "0,0,0,55", "ocolor": 256, "color24": -1, "transparency": 0, "lweight": -1, "linewidth": 0.0, "ltscale": 1.0, "visible": 1, "thickness": 0.0, "ext": null, "height": 4.0000000000000009, "text": "7", "angle": 33.174917728887074, "widthscale": 13.582537148526169, "oblique": 0.0, "style": "style1", "textgen": 1, "alignh": 0, "alignv": 1, "interlin": 1.0 }, "geometry": { "type": "Point", "coordinates": [ -40.360873304993859, -20.425630314967076, 0.0 ] } },
{ "type": "Feature", "properties": { "fid": 9754, "handle": 778442, "block": -1, "etype": 19, "space": 0, "layer": "0", "olinetype": "bylayer", "linetype": "", "color": "0,0,0,55", "ocolor": 256, "color24": -1, "transparency": 0, "lweight": -1, "linewidth": 0.0, "ltscale": 1.0, "visible": 1, "thickness": 0.0, "ext": null, "height": 4.0000000000000009, "text": "9", "angle": 33.174917728887074, "widthscale": 13.582537148526169, "oblique": 0.0, "style": "style1", "textgen": 1, "alignh": 0, "alignv": 1, "interlin": 1.0 }, "geometry": { "type": "Point", "coordinates": [ -40.360789974785853, -20.425576790579793, 0.0 ] } },
{ "type": "Feature", "properties": { "fid": 9755, "handle": 778443, "block": -1, "etype": 19, "space": 0, "layer": "0", "olinetype": "bylayer", "linetype": "", "color": "0,0,0,55", "ocolor": 256, "color24": -1, "transparency": 0, "lweight": -1, "linewidth": 0.0, "ltscale": 1.0, "visible": 1, "thickness": 0.0, "ext": null, "height": 4.0000000000000009, "text": "11", "angle": 33.174917728887074, "widthscale": 13.582537148526169, "oblique": 0.0, "style": "style1", "textgen": 1, "alignh": 0, "alignv": 1, "interlin": 1.0 }, "geometry": { "type": "Point", "coordinates": [ -40.360707997959672, -20.425529237023458, 0.0 ] } },
{ "type": "Feature", "properties": { "fid": 9756, "handle": 778444, "block": -1, "etype": 19, "space": 0, "layer": "0", "olinetype": "bylayer", "linetype": "", "color": "0,0,0,55", "ocolor": 256, "color24": -1, "transparency": 0, "lweight": -1, "linewidth": 0.0, "ltscale": 1.0, "visible": 1, "thickness": 0.0, "ext": null, "height": 4.0000000000000009, "text": "13", "angle": 33.174917728887074, "widthscale": 13.582537148526169, "oblique": 0.0, "style": "style1", "textgen": 1, "alignh": 0, "alignv": 1, "interlin": 1.0 }, "geometry": { "type": "Point", "coordinates": [ -40.360638907378018, -20.425494706307393, 0.0 ] } },
{ "type": "Feature", "properties": { "fid": 9757, "handle": 778445, "block": -1, "etype": 19, "space": 0, "layer": "0", "olinetype": "bylayer", "linetype": "", "color": "0,0,0,55", "ocolor": 256, "color24": -1, "transparency": 0, "lweight": -1, "linewidth": 0.0, "ltscale": 1.0, "visible": 1, "thickness": 0.0, "ext": null, "height": 4.0000000000000009, "text": "15", "angle": 33.174917728887074, "widthscale": 13.582537148526169, "oblique": 0.0, "style": "style1", "textgen": 1, "alignh": 0, "alignv": 1, "interlin": 1.0 }, "geometry": { "type": "Point", "coordinates": [ -40.360560667323917, -20.425441722362226, 0.0 ] } },
{ "type": "Feature", "properties": { "fid": 9758, "handle": 778446, "block": -1, "etype": 19, "space": 0, "layer": "0", "olinetype": "bylayer", "linetype": "", "color": "0,0,0,55", "ocolor": 256, "color24": -1, "transparency": 0, "lweight": -1, "linewidth": 0.0, "ltscale": 1.0, "visible": 1, "thickness": 0.0, "ext": null, "height": 4.0000000000000009, "text": "17", "angle": 33.174917728887074, "widthscale": 13.582537148526169, "oblique": 0.0, "style": "style1", "textgen": 1, "alignh": 0, "alignv": 1, "interlin": 1.0 }, "geometry": { "type": "Point", "coordinates": [ -40.360475522859367, -20.425394803485585, 0.0 ] } },
{ "type": "Feature", "properties": { "fid": 9759, "handle": 778447, "block": -1, "etype": 19, "space": 0, "layer": "0", "olinetype": "bylayer", "linetype": "", "color": "0,0,0,55", "ocolor": 256, "color24": -1, "transparency": 0, "lweight": -1, "linewidth": 0.0, "ltscale": 1.0, "visible": 1, "thickness": 0.0, "ext": null, "height": 4.0000000000000009, "text": "21", "angle": 33.174917728887074, "widthscale": 13.582537148526169, "oblique": 0.0, "style": "style1", "textgen": 1, "alignh": 0, "alignv": 1, "interlin": 1.0 }, "geometry": { "type": "Point", "coordinates": [ -40.360142349278846, -20.425288025811092, 0.0 ] } },
{ "type": "Feature", "properties": { "fid": 9760, "handle": 778448, "block": -1, "etype": 19, "space": 0, "layer": "0", "olinetype": "bylayer", "linetype": "", "color": "0,0,0,55", "ocolor": 256, "color24": -1, "transparency": 0, "lweight": -1, "linewidth": 0.0, "ltscale": 1.0, "visible": 1, "thickness": 0.0, "ext": null, "height": 4.0000000000000009, "text": "22", "angle": 33.174917728887074, "widthscale": 13.582537148526169, "oblique": 0.0, "style": "style1", "textgen": 1, "alignh": 0, "alignv": 1, "interlin": 1.0 }, "geometry": { "type": "Point", "coordinates": [ -40.360198924344779, -20.425209534834813, 0.0 ] } },
{ "type": "Feature", "properties": { "fid": 9761, "handle": 778449, "block": -1, "etype": 19, "space": 0, "layer": "0", "olinetype": "bylayer", "linetype": "", "color": "0,0,0,55", "ocolor": 256, "color24": -1, "transparency": 0, "lweight": -1, "linewidth": 0.0, "ltscale": 1.0, "visible": 1, "thickness": 0.0, "ext": null, "height": 4.0000000000000009, "text": "23", "angle": 33.174917728887074, "widthscale": 13.582537148526169, "oblique": 0.0, "style": "style1", "textgen": 1, "alignh": 0, "alignv": 1, "interlin": 1.0 }, "geometry": { "type": "Point", "coordinates": [ -40.360248783575983, -20.425133711681344, 0.0 ] } },
{ "type": "Feature", "properties": { "fid": 9762, "handle": 778450, "block": -1, "etype": 19, "space": 0, "layer": "0", "olinetype": "bylayer", "linetype": "", "color": "0,0,0,55", "ocolor": 256, "color24": -1, "transparency": 0, "lweight": -1, "linewidth": 0.0, "ltscale": 1.0, "visible": 1, "thickness": 0.0, "ext": null, "height": 4.0000000000000009, "text": "24", "angle": 33.174917728887074, "widthscale": 13.582537148526169, "oblique": 0.0, "style": "style1", "textgen": 1, "alignh": 0, "alignv": 1, "interlin": 1.0 }, "geometry": { "type": "Point", "coordinates": [ -40.36030579051932, -20.425064497263584, 0.0 ] } },
{ "type": "Feature", "properties": { "fid": 9763, "handle": 778451, "block": -1, "etype": 19, "space": 0, "layer": "0", "olinetype": "bylayer", "linetype": "", "color": "0,0,0,55", "ocolor": 256, "color24": -1, "transparency": 0, "lweight": -1, "linewidth": 0.0, "ltscale": 1.0, "visible": 1, "thickness": 0.0, "ext": null, "height": 4.0000000000000009, "text": "25", "angle": 33.174917728887074, "widthscale": 13.582537148526169, "oblique": 0.0, "style": "style1", "textgen": 1, "alignh": 0, "alignv": 1, "interlin": 1.0 }, "geometry": { "type": "Point", "coordinates": [ -40.360353976027987, -20.424986531571093, 0.0 ] } },
{ "type": "Feature", "properties": { "fid": 9764, "handle": 778452, "block": -1, "etype": 19, "space": 0, "layer": "0", "olinetype": "bylayer", "linetype": "", "color": "0,0,0,55", "ocolor": 256, "color24": -1, "transparency": 0, "lweight": -1, "linewidth": 0.0, "ltscale": 1.0, "visible": 1, "thickness": 0.0, "ext": null, "height": 4.0000000000000009, "text": "26", "angle": 33.174917728887074, "widthscale": 13.582537148526169, "oblique": 0.0, "style": "style1", "textgen": 1, "alignh": 0, "alignv": 1, "interlin": 1.0 }, "geometry": { "type": "Point", "coordinates": [ -40.360404520438728, -20.424904531291894, 0.0 ] } },
{ "type": "Feature", "properties": { "fid": 9765, "handle": 778453, "block": -1, "etype": 19, "space": 0, "layer": "0", "olinetype": "bylayer", "linetype": "", "color": "0,0,0,55", "ocolor": 256, "color24": -1, "transparency": 0, "lweight": -1, "linewidth": 0.0, "ltscale": 1.0, "visible": 1, "thickness": 0.0, "ext": null, "height": 4.0000000000000009, "text": "16", "angle": 33.174917728887074, "widthscale": 13.582537148526169, "oblique": 0.0, "style": "style1", "textgen": 1, "alignh": 0, "alignv": 1, "interlin": 1.0 }, "geometry": { "type": "Point", "coordinates": [ -40.36072799944349, -20.425205510679149, 0.0 ] } },
{ "type": "Feature", "properties": { "fid": 9766, "handle": 778585, "block": -1, "etype": 19, "space": 0, "layer": "0", "olinetype": "bylayer", "linetype": "", "color": "0,0,0,55", "ocolor": 256, "color24": -1, "transparency": 0, "lweight": -1, "linewidth": 0.0, "ltscale": 1.0, "visible": 1, "thickness": 0.0, "ext": null, "height": 4.0000000000000009, "text": "1", "angle": 33.174917728887074, "widthscale": 13.582537148526169, "oblique": 0.0, "style": "style1", "textgen": 1, "alignh": 0, "alignv": 1, "interlin": 1.0 }, "geometry": { "type": "Point", "coordinates": [ -40.360582013483111, -20.426362838120127, 0.0 ] } },
{ "type": "Feature", "properties": { "fid": 9767, "handle": 778586, "block": -1, "etype": 19, "space": 0, "layer": "0", "olinetype": "bylayer", "linetype": "", "color": "0,0,0,55", "ocolor": 256, "color24": -1, "transparency": 0, "lweight": -1, "linewidth": 0.0, "ltscale": 1.0, "visible": 1, "thickness": 0.0, "ext": null, "height": 4.0000000000000009, "text": "2", "angle": 33.174917728887074, "widthscale": 13.582537148526169, "oblique": 0.0, "style": "style1", "textgen": 1, "alignh": 0, "alignv": 1, "interlin": 1.0 }, "geometry": { "type": "Point", "coordinates": [ -40.360641079749492, -20.426280726730649, 0.0 ] } },
{ "type": "Feature", "properties": { "fid": 9768, "handle": 778587, "block": -1, "etype": 19, "space": 0, "layer": "0", "olinetype": "bylayer", "linetype": "", "color": "0,0,0,55", "ocolor": 256, "color24": -1, "transparency": 0, "lweight": -1, "linewidth": 0.0, "ltscale": 1.0, "visible": 1, "thickness": 0.0, "ext": null, "height": 4.0000000000000009, "text": "3", "angle": 33.174917728887074, "widthscale": 13.582537148526169, "oblique": 0.0, "style": "style1", "textgen": 1, "alignh": 0, "alignv": 1, "interlin": 1.0 }, "geometry": { "type": "Point", "coordinates": [ -40.360697951228616, -20.426206619305141, 0.0 ] } },
{ "type": "Feature", "properties": { "fid": 9769, "handle": 778588, "block": -1, "etype": 19, "space": 0, "layer": "0", "olinetype": "bylayer", "linetype": "", "color": "0,0,0,55", "ocolor": 256, "color24": -1, "transparency": 0, "lweight": -1, "linewidth": 0.0, "ltscale": 1.0, "visible": 1, "thickness": 0.0, "ext": null, "height": 4.0000000000000009, "text": "4", "angle": 33.174917728887074, "widthscale": 13.582537148526169, "oblique": 0.0, "style": "style1", "textgen": 1, "alignh": 0, "alignv": 1, "interlin": 1.0 }, "geometry": { "type": "Point", "coordinates": [ -40.360749868405662, -20.426136864245947, 0.0 ] } },
{ "type": "Feature", "properties": { "fid": 9770, "handle": 778589, "block": -1, "etype": 19, "space": 0, "layer": "0", "olinetype": "bylayer", "linetype": "", "color": "0,0,0,55", "ocolor": 256, "color24": -1, "transparency": 0, "lweight": -1, "linewidth": 0.0, "ltscale": 1.0, "visible": 1, "thickness": 0.0, "ext": null, "height": 4.0000000000000009, "text": "5", "angle": 33.174917728887074, "widthscale": 13.582537148526169, "oblique": 0.0, "style": "style1", "textgen": 1, "alignh": 0, "alignv": 1, "interlin": 1.0 }, "geometry": { "type": "Point", "coordinates": [ -40.360804389416451, -20.426057628813467, 0.0 ] } },
{ "type": "Feature", "properties": { "fid": 9771, "handle": 778590, "block": -1, "etype": 19, "space": 0, "layer": "0", "olinetype": "bylayer", "linetype": "", "color": "0,0,0,55", "ocolor": 256, "color24": -1, "transparency": 0, "lweight": -1, "linewidth": 0.0, "ltscale": 1.0, "visible": 1, "thickness": 0.0, "ext": null, "height": 4.0000000000000009, "text": "6", "angle": 33.174917728887074, "widthscale": 13.582537148526169, "oblique": 0.0, "style": "style1", "textgen": 1, "alignh": 0, "alignv": 1, "interlin": 1.0 }, "geometry": { "type": "Point", "coordinates": [ -40.36085119727931, -20.425981058841348, 0.0 ] } },
{ "type": "Feature", "properties": { "fid": 9772, "handle": 778591, "block": -1, "etype": 19, "space": 0, "layer": "0", "olinetype": "bylayer", "linetype": "", "color": "0,0,0,55", "ocolor": 256, "color24": -1, "transparency": 0, "lweight": -1, "linewidth": 0.0, "ltscale": 1.0, "visible": 1, "thickness": 0.0, "ext": null, "height": 4.0000000000000009, "text": "8", "angle": 33.174917728887074, "widthscale": 13.582537148526169, "oblique": 0.0, "style": "style1", "textgen": 1, "alignh": 0, "alignv": 1, "interlin": 1.0 }, "geometry": { "type": "Point", "coordinates": [ -40.360648026631672, -20.425953856788606, 0.0 ] } },
{ "type": "Feature", "properties": { "fid": 9773, "handle": 778592, "block": -1, "etype": 19, "space": 0, "layer": "0", "olinetype": "bylayer", "linetype": "", "color": "0,0,0,55", "ocolor": 256, "color24": -1, "transparency": 0, "lweight": -1, "linewidth": 0.0, "ltscale": 1.0, "visible": 1, "thickness": 0.0, "ext": null, "height": 4.0000000000000009, "text": "10", "angle": 33.174917728887074, "widthscale": 13.582537148526169, "oblique": 0.0, "style": "style1", "textgen": 1, "alignh": 0, "alignv": 1, "interlin": 1.0 }, "geometry": { "type": "Point", "coordinates": [ -40.360575660555995, -20.425912179903221, 0.0 ] } },
{ "type": "Feature", "properties": { "fid": 9774, "handle": 778593, "block": -1, "etype": 19, "space": 0, "layer": "0", "olinetype": "bylayer", "linetype": "", "color": "0,0,0,55", "ocolor": 256, "color24": -1, "transparency": 0, "lweight": -1, "linewidth": 0.0, "ltscale": 1.0, "visible": 1, "thickness": 0.0, "ext": null, "height": 4.0000000000000009, "text": "12", "angle": 33.174917728887074, "widthscale": 13.582537148526169, "oblique": 0.0, "style": "style1", "textgen": 1, "alignh": 0, "alignv": 1, "interlin": 1.0 }, "geometry": { "type": "Point", "coordinates": [ -40.360499342320544, -20.425860371174668, 0.0 ] } },
{ "type": "Feature", "properties": { "fid": 9775, "handle": 778594, "block": -1, "etype": 19, "space": 0, "layer": "0", "olinetype": "bylayer", "linetype": "", "color": "0,0,0,55", "ocolor": 256, "color24": -1, "transparency": 0, "lweight": -1, "linewidth": 0.0, "ltscale": 1.0, "visible": 1, "thickness": 0.0, "ext": null, "height": 4.0000000000000009, "text": "14", "angle": 33.174917728887074, "widthscale": 13.582537148526169, "oblique": 0.0, "style": "style1", "textgen": 1, "alignh": 0, "alignv": 1, "interlin": 1.0 }, "geometry": { "type": "Point", "coordinates": [ -40.360421209774664, -20.425815168147423, 0.0 ] } },
{ "type": "Feature", "properties": { "fid": 9776, "handle": 778595, "block": -1, "etype": 19, "space": 0, "layer": "0", "olinetype": "bylayer", "linetype": "", "color": "0,0,0,55", "ocolor": 256, "color24": -1, "transparency": 0, "lweight": -1, "linewidth": 0.0, "ltscale": 1.0, "visible": 1, "thickness": 0.0, "ext": null, "height": 4.0000000000000009, "text": "18", "angle": 33.174917728887074, "widthscale": 13.582537148526169, "oblique": 0.0, "style": "style1", "textgen": 1, "alignh": 0, "alignv": 1, "interlin": 1.0 }, "geometry": { "type": "Point", "coordinates": [ -40.360250812790845, -20.425713549198708, 0.0 ] } },
{ "type": "Feature", "properties": { "fid": 9777, "handle": 778596, "block": -1, "etype": 19, "space": 0, "layer": "0", "olinetype": "bylayer", "linetype": "", "color": "0,0,0,55", "ocolor": 256, "color24": -1, "transparency": 0, "lweight": -1, "linewidth": 0.0, "ltscale": 1.0, "visible": 1, "thickness": 0.0, "ext": null, "height": 4.0000000000000009, "text": "20", "angle": 33.174917728887074, "widthscale": 13.582537148526169, "oblique": 0.0, "style": "style1", "textgen": 1, "alignh": 0, "alignv": 1, "interlin": 1.0 }, "geometry": { "type": "Point", "coordinates": [ -40.360159225222105, -20.425660118748645, 0.0 ] } },
{ "type": "Feature", "properties": { "fid": 9778, "handle": 778597, "block": -1, "etype": 19, "space": 0, "layer": "0", "olinetype": "bylayer", "linetype": "", "color": "0,0,0,55", "ocolor": 256, "color24": -1, "transparency": 0, "lweight": -1, "linewidth": 0.0, "ltscale": 1.0, "visible": 1, "thickness": 0.0, "ext": null, "height": 4.0000000000000009, "text": "19", "angle": 33.174917728887074, "widthscale": 13.582537148526169, "oblique": 0.0, "style": "style1", "textgen": 1, "alignh": 0, "alignv": 1, "interlin": 1.0 }, "geometry": { "type": "Point", "coordinates": [ -40.359986448246637, -20.425891369830254, 0.0 ] } },
{ "type": "Feature", "properties": { "fid": 9779, "handle": 778598, "block": -1, "etype": 19, "space": 0, "layer": "0", "olinetype": "bylayer", "linetype": "", "color": "0,0,0,55", "ocolor": 256, "color24": -1, "transparency": 0, "lweight": -1, "linewidth": 0.0, "ltscale": 1.0, "visible": 1, "thickness": 0.0, "ext": null, "height": 4.0000000000000009, "text": "7", "angle": 33.174917728887074, "widthscale": 13.582537148526169, "oblique": 0.0, "style": "style1", "textgen": 1, "alignh": 0, "alignv": 1, "interlin": 1.0 }, "geometry": { "type": "Point", "coordinates": [ -40.360484860979504, -20.426190984939876, 0.0 ] } },
{ "type": "Feature", "properties": { "fid": 9780, "handle": 778599, "block": -1, "etype": 19, "space": 0, "layer": "0", "olinetype": "bylayer", "linetype": "", "color": "0,0,0,55", "ocolor": 256, "color24": -1, "transparency": 0, "lweight": -1, "linewidth": 0.0, "ltscale": 1.0, "visible": 1, "thickness": 0.0, "ext": null, "height": 4.0000000000000009, "text": "9", "angle": 33.174917728887074, "widthscale": 13.582537148526169, "oblique": 0.0, "style": "style1", "textgen": 1, "alignh": 0, "alignv": 1, "interlin": 1.0 }, "geometry": { "type": "Point", "coordinates": [ -40.360401530579651, -20.426137460379515, 0.0 ] } },
{ "type": "Feature", "properties": { "fid": 9781, "handle": 778600, "block": -1, "etype": 19, "space": 0, "layer": "0", "olinetype": "bylayer", "linetype": "", "color": "0,0,0,55", "ocolor": 256, "color24": -1, "transparency": 0, "lweight": -1, "linewidth": 0.0, "ltscale": 1.0, "visible": 1, "thickness": 0.0, "ext": null, "height": 4.0000000000000009, "text": "11", "angle": 33.174917728887074, "widthscale": 13.582537148526169, "oblique": 0.0, "style": "style1", "textgen": 1, "alignh": 0, "alignv": 1, "interlin": 1.0 }, "geometry": { "type": "Point", "coordinates": [ -40.360319553553104, -20.426089906653239, 0.0 ] } },
{ "type": "Feature", "properties": { "fid": 9782, "handle": 778601, "block": -1, "etype": 19, "space": 0, "layer": "0", "olinetype": "bylayer", "linetype": "", "color": "0,0,0,55", "ocolor": 256, "color24": -1, "transparency": 0, "lweight": -1, "linewidth": 0.0, "ltscale": 1.0, "visible": 1, "thickness": 0.0, "ext": null, "height": 4.0000000000000009, "text": "13", "angle": 33.174917728887074, "widthscale": 13.582537148526169, "oblique": 0.0, "style": "style1", "textgen": 1, "alignh": 0, "alignv": 1, "interlin": 1.0 }, "geometry": { "type": "Point", "coordinates": [ -40.360250462789928, -20.426055375794423, 0.0 ] } },
{ "type": "Feature", "properties": { "fid": 9783, "handle": 778602, "block": -1, "etype": 19, "space": 0, "layer": "0", "olinetype": "bylayer", "linetype": "", "color": "0,0,0,55", "ocolor": 256, "color24": -1, "transparency": 0, "lweight": -1, "linewidth": 0.0, "ltscale": 1.0, "visible": 1, "thickness": 0.0, "ext": null, "height": 4.0000000000000009, "text": "15", "angle": 33.174917728887074, "widthscale": 13.582537148526169, "oblique": 0.0, "style": "style1", "textgen": 1, "alignh": 0, "alignv": 1, "interlin": 1.0 }, "geometry": { "type": "Point", "coordinates": [ -40.360172222561928, -20.426002391686502, 0.0 ] } },
{ "type": "Feature", "properties": { "fid": 9784, "handle": 778603, "block": -1, "etype": 19, "space": 0, "layer": "0", "olinetype": "bylayer", "linetype": "", "color": "0,0,0,55", "ocolor": 256, "color24": -1, "transparency": 0, "lweight": -1, "linewidth": 0.0, "ltscale": 1.0, "visible": 1, "thickness": 0.0, "ext": null, "height": 4.0000000000000009, "text": "17", "angle": 33.174917728887074, "widthscale": 13.582537148526169, "oblique": 0.0, "style": "style1", "textgen": 1, "alignh": 0, "alignv": 1, "interlin": 1.0 }, "geometry": { "type": "Point", "coordinates": [ -40.360087077883634, -20.425955472633564, 0.0 ] } },
{ "type": "Feature", "properties": { "fid": 9785, "handle": 778604, "block": -1, "etype": 19, "space": 0, "layer": "0", "olinetype": "bylayer", "linetype": "", "color": "0,0,0,55", "ocolor": 256, "color24": -1, "transparency": 0, "lweight": -1, "linewidth": 0.0, "ltscale": 1.0, "visible": 1, "thickness": 0.0, "ext": null, "height": 4.0000000000000009, "text": "21", "angle": 33.174917728887074, "widthscale": 13.582537148526169, "oblique": 0.0, "style": "style1", "textgen": 1, "alignh": 0, "alignv": 1, "interlin": 1.0 }, "geometry": { "type": "Point", "coordinates": [ -40.35975390329159, -20.425848694275505, 0.0 ] } },
{ "type": "Feature", "properties": { "fid": 9786, "handle": 778605, "block": -1, "etype": 19, "space": 0, "layer": "0", "olinetype": "bylayer", "linetype": "", "color": "0,0,0,55", "ocolor": 256, "color24": -1, "transparency": 0, "lweight": -1, "linewidth": 0.0, "ltscale": 1.0, "visible": 1, "thickness": 0.0, "ext": null, "height": 4.0000000000000009, "text": "22", "angle": 33.174917728887074, "widthscale": 13.582537148526169, "oblique": 0.0, "style": "style1", "textgen": 1, "alignh": 0, "alignv": 1, "interlin": 1.0 }, "geometry": { "type": "Point", "coordinates": [ -40.359810478749601, -20.425770203407573, 0.0 ] } },
{ "type": "Feature", "properties": { "fid": 9787, "handle": 778606, "block": -1, "etype": 19, "space": 0, "layer": "0", "olinetype": "bylayer", "linetype": "", "color": "0,0,0,55", "ocolor": 256, "color24": -1, "transparency": 0, "lweight": -1, "linewidth": 0.0, "ltscale": 1.0, "visible": 1, "thickness": 0.0, "ext": null, "height": 4.0000000000000009, "text": "23", "angle": 33.174917728887074, "widthscale": 13.582537148526169, "oblique": 0.0, "style": "style1", "textgen": 1, "alignh": 0, "alignv": 1, "interlin": 1.0 }, "geometry": { "type": "Point", "coordinates": [ -40.359860338341534, -20.425694380349093, 0.0 ] } },
{ "type": "Feature", "properties": { "fid": 9788, "handle": 778607, "block": -1, "etype": 19, "space": 0, "layer": "0", "olinetype": "bylayer", "linetype": "", "color": "0,0,0,55", "ocolor": 256, "color24": -1, "transparency": 0, "lweight": -1, "linewidth": 0.0, "ltscale": 1.0, "visible": 1, "thickness": 0.0, "ext": null, "height": 4.0000000000000009, "text": "24", "angle": 33.174917728887074, "widthscale": 13.582537148526169, "oblique": 0.0, "style": "style1", "textgen": 1, "alignh": 0, "alignv": 1, "interlin": 1.0 }, "geometry": { "type": "Point", "coordinates": [ -40.359917345657436, -20.42562516604135, 0.0 ] } },
{ "type": "Feature", "properties": { "fid": 9789, "handle": 778608, "block": -1, "etype": 19, "space": 0, "layer": "0", "olinetype": "bylayer", "linetype": "", "color": "0,0,0,55", "ocolor": 256, "color24": -1, "transparency": 0, "lweight": -1, "linewidth": 0.0, "ltscale": 1.0, "visible": 1, "thickness": 0.0, "ext": null, "height": 4.0000000000000009, "text": "25", "angle": 33.174917728887074, "widthscale": 13.582537148526169, "oblique": 0.0, "style": "style1", "textgen": 1, "alignh": 0, "alignv": 1, "interlin": 1.0 }, "geometry": { "type": "Point", "coordinates": [ -40.35996553152534, -20.425547200440295, 0.0 ] } },
{ "type": "Feature", "properties": { "fid": 9790, "handle": 778609, "block": -1, "etype": 19, "space": 0, "layer": "0", "olinetype": "bylayer", "linetype": "", "color": "0,0,0,55", "ocolor": 256, "color24": -1, "transparency": 0, "lweight": -1, "linewidth": 0.0, "ltscale": 1.0, "visible": 1, "thickness": 0.0, "ext": null, "height": 4.0000000000000009, "text": "26", "angle": 33.174917728887074, "widthscale": 13.582537148526169, "oblique": 0.0, "style": "style1", "textgen": 1, "alignh": 0, "alignv": 1, "interlin": 1.0 }, "geometry": { "type": "Point", "coordinates": [ -40.360016076313464, -20.425465200256951, 0.0 ] } },
{ "type": "Feature", "properties": { "fid": 9791, "handle": 778610, "block": -1, "etype": 19, "space": 0, "layer": "0", "olinetype": "bylayer", "linetype": "", "color": "0,0,0,55", "ocolor": 256, "color24": -1, "transparency": 0, "lweight": -1, "linewidth": 0.0, "ltscale": 1.0, "visible": 1, "thickness": 0.0, "ext": null, "height": 4.0000000000000009, "text": "16", "angle": 33.174917728887074, "widthscale": 13.582537148526169, "oblique": 0.0, "style": "style1", "textgen": 1, "alignh": 0, "alignv": 1, "interlin": 1.0 }, "geometry": { "type": "Point", "coordinates": [ -40.360339555850409, -20.425766180323595, 0.0 ] } },
{ "type": "Feature", "properties": { "fid": 9792, "handle": 778754, "block": -1, "etype": 19, "space": 0, "layer": "0", "olinetype": "bylayer", "linetype": "", "color": "0,0,0,55", "ocolor": 256, "color24": -1, "transparency": 0, "lweight": -1, "linewidth": 0.0, "ltscale": 1.0, "visible": 1, "thickness": 0.0, "ext": null, "height": 4.0000000000000009, "text": "1", "angle": 33.174917728887074, "widthscale": 13.582537148526169, "oblique": 0.0, "style": "style1", "textgen": 1, "alignh": 0, "alignv": 1, "interlin": 1.0 }, "geometry": { "type": "Point", "coordinates": [ -40.360200592439107, -20.426904218584532, 0.0 ] } },
{ "type": "Feature", "properties": { "fid": 9793, "handle": 778755, "block": -1, "etype": 19, "space": 0, "layer": "0", "olinetype": "bylayer", "linetype": "", "color": "0,0,0,55", "ocolor": 256, "color24": -1, "transparency": 0, "lweight": -1, "linewidth": 0.0, "ltscale": 1.0, "visible": 1, "thickness": 0.0, "ext": null, "height": 4.0000000000000009, "text": "2", "angle": 33.174917728887074, "widthscale": 13.582537148526169, "oblique": 0.0, "style": "style1", "textgen": 1, "alignh": 0, "alignv": 1, "interlin": 1.0 }, "geometry": { "type": "Point", "coordinates": [ -40.360259659104656, -20.426822107306293, 0.0 ] } },
{ "type": "Feature", "properties": { "fid": 9794, "handle": 778756, "block": -1, "etype": 19, "space": 0, "layer": "0", "olinetype": "bylayer", "linetype": "", "color": "0,0,0,55", "ocolor": 256, "color24": -1, "transparency": 0, "lweight": -1, "linewidth": 0.0, "ltscale": 1.0, "visible": 1, "thickness": 0.0, "ext": null, "height": 4.0000000000000009, "text": "3", "angle": 33.174917728887074, "widthscale": 13.582537148526169, "oblique": 0.0, "style": "style1", "textgen": 1, "alignh": 0, "alignv": 1, "interlin": 1.0 }, "geometry": { "type": "Point", "coordinates": [ -40.360316530956965, -20.426747999988223, 0.0 ] } },
{ "type": "Feature", "properties": { "fid": 9795, "handle": 778757, "block": -1, "etype": 19, "space": 0, "layer": "0", "olinetype": "bylayer", "linetype": "", "color": "0,0,0,55", "ocolor": 256, "color24": -1, "transparency": 0, "lweight": -1, "linewidth": 0.0, "ltscale": 1.0, "visible": 1, "thickness": 0.0, "ext": null, "height": 4.0000000000000009, "text": "4", "angle": 33.174917728887074, "widthscale": 13.582537148526169, "oblique": 0.0, "style": "style1", "textgen": 1, "alignh": 0, "alignv": 1, "interlin": 1.0 }, "geometry": { "type": "Point", "coordinates": [ -40.360368448479434, -20.426678245026963, 0.0 ] } },
{ "type": "Feature", "properties": { "fid": 9796, "handle": 778758, "block": -1, "etype": 19, "space": 0, "layer": "0", "olinetype": "bylayer", "linetype": "", "color": "0,0,0,55", "ocolor": 256, "color24": -1, "transparency": 0, "lweight": -1, "linewidth": 0.0, "ltscale": 1.0, "visible": 1, "thickness": 0.0, "ext": null, "height": 4.0000000000000009, "text": "5", "angle": 33.174917728887074, "widthscale": 13.582537148526169, "oblique": 0.0, "style": "style1", "textgen": 1, "alignh": 0, "alignv": 1, "interlin": 1.0 }, "geometry": { "type": "Point", "coordinates": [ -40.360422969866377, -20.426599009696869, 0.0 ] } },
{ "type": "Feature", "properties": { "fid": 9797, "handle": 778759, "block": -1, "etype": 19, "space": 0, "layer": "0", "olinetype": "bylayer", "linetype": "", "color": "0,0,0,55", "ocolor": 256, "color24": -1, "transparency": 0, "lweight": -1, "linewidth": 0.0, "ltscale": 1.0, "visible": 1, "thickness": 0.0, "ext": null, "height": 4.0000000000000009, "text": "6", "angle": 33.174917728887074, "widthscale": 13.582537148526169, "oblique": 0.0, "style": "style1", "textgen": 1, "alignh": 0, "alignv": 1, "interlin": 1.0 }, "geometry": { "type": "Point", "coordinates": [ -40.360469778071334, -20.426522439811997, 0.0 ] } },
{ "type": "Feature", "properties": { "fid": 9798, "handle": 778760, "block": -1, "etype": 19, "space": 0, "layer": "0", "olinetype": "bylayer", "linetype": "", "color": "0,0,0,55", "ocolor": 256, "color24": -1, "transparency": 0, "lweight": -1, "linewidth": 0.0, "ltscale": 1.0, "visible": 1, "thickness": 0.0, "ext": null, "height": 4.0000000000000009, "text": "8", "angle": 33.174917728887074, "widthscale": 13.582537148526169, "oblique": 0.0, "style": "style1", "textgen": 1, "alignh": 0, "alignv": 1, "interlin": 1.0 }, "geometry": { "type": "Point", "coordinates": [ -40.360277585227131, -20.426503783745698, 0.0 ] } },
{ "type": "Feature", "properties": { "fid": 9799, "handle": 778761, "block": -1, "etype": 19, "space": 0, "layer": "0", "olinetype": "bylayer", "linetype": "", "color": "0,0,0,55", "ocolor": 256, "color24": -1, "transparency": 0, "lweight": -1, "linewidth": 0.0, "ltscale": 1.0, "visible": 1, "thickness": 0.0, "ext": null, "height": 4.0000000000000009, "text": "10", "angle": 33.174917728887074, "widthscale": 13.582537148526169, "oblique": 0.0, "style": "style1", "textgen": 1, "alignh": 0, "alignv": 1, "interlin": 1.0 }, "geometry": { "type": "Point", "coordinates": [ -40.36020521897472, -20.426462106717832, 0.0 ] } },
{ "type": "Feature", "properties": { "fid": 9800, "handle": 778762, "block": -1, "etype": 19, "space": 0, "layer": "0", "olinetype": "bylayer", "linetype": "", "color": "0,0,0,55", "ocolor": 256, "color24": -1, "transparency": 0, "lweight": -1, "linewidth": 0.0, "ltscale": 1.0, "visible": 1, "thickness": 0.0, "ext": null, "height": 4.0000000000000009, "text": "12", "angle": 33.174917728887074, "widthscale": 13.582537148526169, "oblique": 0.0, "style": "style1", "textgen": 1, "alignh": 0, "alignv": 1, "interlin": 1.0 }, "geometry": { "type": "Point", "coordinates": [ -40.360128900569926, -20.426410297838373, 0.0 ] } },
{ "type": "Feature", "properties": { "fid": 9801, "handle": 778763, "block": -1, "etype": 19, "space": 0, "layer": "0", "olinetype": "bylayer", "linetype": "", "color": "0,0,0,55", "ocolor": 256, "color24": -1, "transparency": 0, "lweight": -1, "linewidth": 0.0, "ltscale": 1.0, "visible": 1, "thickness": 0.0, "ext": null, "height": 4.0000000000000009, "text": "14", "angle": 33.174917728887074, "widthscale": 13.582537148526169, "oblique": 0.0, "style": "style1", "textgen": 1, "alignh": 0, "alignv": 1, "interlin": 1.0 }, "geometry": { "type": "Point", "coordinates": [ -40.360050767833684, -20.426365094657196, 0.0 ] } },
{ "type": "Feature", "properties": { "fid": 9802, "handle": 778764, "block": -1, "etype": 19, "space": 0, "layer": "0", "olinetype": "bylayer", "linetype": "", "color": "0,0,0,55", "ocolor": 256, "color24": -1, "transparency": 0, "lweight": -1, "linewidth": 0.0, "ltscale": 1.0, "visible": 1, "thickness": 0.0, "ext": null, "height": 4.0000000000000009, "text": "18", "angle": 33.174917728887074, "widthscale": 13.582537148526169, "oblique": 0.0, "style": "style1", "textgen": 1, "alignh": 0, "alignv": 1, "interlin": 1.0 }, "geometry": { "type": "Point", "coordinates": [ -40.359880370441317, -20.426263475372622, 0.0 ] } },
{ "type": "Feature", "properties": { "fid": 9803, "handle": 778765, "block": -1, "etype": 19, "space": 0, "layer": "0", "olinetype": "bylayer", "linetype": "", "color": "0,0,0,55", "ocolor": 256, "color24": -1, "transparency": 0, "lweight": -1, "linewidth": 0.0, "ltscale": 1.0, "visible": 1, "thickness": 0.0, "ext": null, "height": 4.0000000000000009, "text": "20", "angle": 33.174917728887074, "widthscale": 13.582537148526169, "oblique": 0.0, "style": "style1", "textgen": 1, "alignh": 0, "alignv": 1, "interlin": 1.0 }, "geometry": { "type": "Point", "coordinates": [ -40.359788782650412, -20.426210044742124, 0.0 ] } },
{ "type": "Feature", "properties": { "fid": 9804, "handle": 778766, "block": -1, "etype": 19, "space": 0, "layer": "0", "olinetype": "bylayer", "linetype": "", "color": "0,0,0,55", "ocolor": 256, "color24": -1, "transparency": 0, "lweight": -1, "linewidth": 0.0, "ltscale": 1.0, "visible": 1, "thickness": 0.0, "ext": null, "height": 4.0000000000000009, "text": "19", "angle": 33.174917728887074, "widthscale": 13.582537148526169, "oblique": 0.0, "style": "style1", "textgen": 1, "alignh": 0, "alignv": 1, "interlin": 1.0 }, "geometry": { "type": "Point", "coordinates": [ -40.359616004535795, -20.42644129550796, 0.0 ] } },
{ "type": "Feature", "properties": { "fid": 9805, "handle": 778767, "block": -1, "etype": 19, "space": 0, "layer": "0", "olinetype": "bylayer", "linetype": "", "color": "0,0,0,55", "ocolor": 256, "color24": -1, "transparency": 0, "lweight": -1, "linewidth": 0.0, "ltscale": 1.0, "visible": 1, "thickness": 0.0, "ext": null, "height": 4.0000000000000009, "text": "7", "angle": 33.174917728887074, "widthscale": 13.582537148526169, "oblique": 0.0, "style": "style1", "textgen": 1, "alignh": 0, "alignv": 1, "interlin": 1.0 }, "geometry": { "type": "Point", "coordinates": [ -40.360114418458551, -20.426740911600213, 0.0 ] } },
{ "type": "Feature", "properties": { "fid": 9806, "handle": 778768, "block": -1, "etype": 19, "space": 0, "layer": "0", "olinetype": "bylayer", "linetype": "", "color": "0,0,0,55", "ocolor": 256, "color24": -1, "transparency": 0, "lweight": -1, "linewidth": 0.0, "ltscale": 1.0, "visible": 1, "thickness": 0.0, "ext": null, "height": 4.0000000000000009, "text": "9", "angle": 33.174917728887074, "widthscale": 13.582537148526169, "oblique": 0.0, "style": "style1", "textgen": 1, "alignh": 0, "alignv": 1, "interlin": 1.0 }, "geometry": { "type": "Point", "coordinates": [ -40.360054011580885, -20.426652313045711, 0.0 ] } },
{ "type": "Feature", "properties": { "fid": 9807, "handle": 778769, "block": -1, "etype": 19, "space": 0, "layer": "0", "olinetype": "bylayer", "linetype": "", "color": "0,0,0,55", "ocolor": 256, "color24": -1, "transparency": 0, "lweight": -1, "linewidth": 0.0, "ltscale": 1.0, "visible": 1, "thickness": 0.0, "ext": null, "height": 4.0000000000000009, "text": "11", "angle": 33.174917728887074, "widthscale": 13.582537148526169, "oblique": 0.0, "style": "style1", "textgen": 1, "alignh": 0, "alignv": 1, "interlin": 1.0 }, "geometry": { "type": "Point", "coordinates": [ -40.359949110641203, -20.426639832987579, 0.0 ] } },
{ "type": "Feature", "properties": { "fid": 9808, "handle": 778770, "block": -1, "etype": 19, "space": 0, "layer": "0", "olinetype": "bylayer", "linetype": "", "color": "0,0,0,55", "ocolor": 256, "color24": -1, "transparency": 0, "lweight": -1, "linewidth": 0.0, "ltscale": 1.0, "visible": 1, "thickness": 0.0, "ext": null, "height": 4.0000000000000009, "text": "13", "angle": 33.174917728887074, "widthscale": 13.582537148526169, "oblique": 0.0, "style": "style1", "textgen": 1, "alignh": 0, "alignv": 1, "interlin": 1.0 }, "geometry": { "type": "Point", "coordinates": [ -40.35988001969789, -20.42660530199306, 0.0 ] } },
{ "type": "Feature", "properties": { "fid": 9809, "handle": 778771, "block": -1, "etype": 19, "space": 0, "layer": "0", "olinetype": "bylayer", "linetype": "", "color": "0,0,0,55", "ocolor": 256, "color24": -1, "transparency": 0, "lweight": -1, "linewidth": 0.0, "ltscale": 1.0, "visible": 1, "thickness": 0.0, "ext": null, "height": 4.0000000000000009, "text": "15", "angle": 33.174917728887074, "widthscale": 13.582537148526169, "oblique": 0.0, "style": "style1", "textgen": 1, "alignh": 0, "alignv": 1, "interlin": 1.0 }, "geometry": { "type": "Point", "coordinates": [ -40.359801779295999, -20.426552317730419, 0.0 ] } },
{ "type": "Feature", "properties": { "fid": 9810, "handle": 778772, "block": -1, "etype": 19, "space": 0, "layer": "0", "olinetype": "bylayer", "linetype": "", "color": "0,0,0,55", "ocolor": 256, "color24": -1, "transparency": 0, "lweight": -1, "linewidth": 0.0, "ltscale": 1.0, "visible": 1, "thickness": 0.0, "ext": null, "height": 4.0000000000000009, "text": "17", "angle": 33.174917728887074, "widthscale": 13.582537148526169, "oblique": 0.0, "style": "style1", "textgen": 1, "alignh": 0, "alignv": 1, "interlin": 1.0 }, "geometry": { "type": "Point", "coordinates": [ -40.359716634405189, -20.426505398509978, 0.0 ] } },
{ "type": "Feature", "properties": { "fid": 9811, "handle": 778773, "block": -1, "etype": 19, "space": 0, "layer": "0", "olinetype": "bylayer", "linetype": "", "color": "0,0,0,55", "ocolor": 256, "color24": -1, "transparency": 0, "lweight": -1, "linewidth": 0.0, "ltscale": 1.0, "visible": 1, "thickness": 0.0, "ext": null, "height": 4.0000000000000009, "text": "21", "angle": 33.174917728887074, "widthscale": 13.582537148526169, "oblique": 0.0, "style": "style1", "textgen": 1, "alignh": 0, "alignv": 1, "interlin": 1.0 }, "geometry": { "type": "Point", "coordinates": [ -40.359383458815032, -20.426398619501928, 0.0 ] } },
{ "type": "Feature", "properties": { "fid": 9812, "handle": 778774, "block": -1, "etype": 19, "space": 0, "layer": "0", "olinetype": "bylayer", "linetype": "", "color": "0,0,0,55", "ocolor": 256, "color24": -1, "transparency": 0, "lweight": -1, "linewidth": 0.0, "ltscale": 1.0, "visible": 1, "thickness": 0.0, "ext": null, "height": 4.0000000000000009, "text": "22", "angle": 33.174917728887074, "widthscale": 13.582537148526169, "oblique": 0.0, "style": "style1", "textgen": 1, "alignh": 0, "alignv": 1, "interlin": 1.0 }, "geometry": { "type": "Point", "coordinates": [ -40.359440034652053, -20.42632012873721, 0.0 ] } },
{ "type": "Feature", "properties": { "fid": 9813, "handle": 778775, "block": -1, "etype": 19, "space": 0, "layer": "0", "olinetype": "bylayer", "linetype": "", "color": "0,0,0,55", "ocolor": 256, "color24": -1, "transparency": 0, "lweight": -1, "linewidth": 0.0, "ltscale": 1.0, "visible": 1, "thickness": 0.0, "ext": null, "height": 4.0000000000000009, "text": "23", "angle": 33.174917728887074, "widthscale": 13.582537148526169, "oblique": 0.0, "style": "style1", "textgen": 1, "alignh": 0, "alignv": 1, "interlin": 1.0 }, "geometry": { "type": "Point", "coordinates": [ -40.3594898945924, -20.426244305769199, 0.0 ] } },
{ "type": "Feature", "properties": { "fid": 9814, "handle": 778776, "block": -1, "etype": 19, "space": 0, "layer": "0", "olinetype": "bylayer", "linetype": "", "color": "0,0,0,55", "ocolor": 256, "color24": -1, "transparency": 0, "lweight": -1, "linewidth": 0.0, "ltscale": 1.0, "visible": 1, "thickness": 0.0, "ext": null, "height": 4.0000000000000009, "text": "24", "angle": 33.174917728887074, "widthscale": 13.582537148526169, "oblique": 0.0, "style": "style1", "textgen": 1, "alignh": 0, "alignv": 1, "interlin": 1.0 }, "geometry": { "type": "Point", "coordinates": [ -40.359546902268789, -20.426175091566144, 0.0 ] } },
{ "type": "Feature", "properties": { "fid": 9815, "handle": 778777, "block": -1, "etype": 19, "space": 0, "layer": "0", "olinetype": "bylayer", "linetype": "", "color": "0,0,0,55", "ocolor": 256, "color24": -1, "transparency": 0, "lweight": -1, "linewidth": 0.0, "ltscale": 1.0, "visible": 1, "thickness": 0.0, "ext": null, "height": 4.0000000000000009, "text": "25", "angle": 33.174917728887074, "widthscale": 13.582537148526169, "oblique": 0.0, "style": "style1", "textgen": 1, "alignh": 0, "alignv": 1, "interlin": 1.0 }, "geometry": { "type": "Point", "coordinates": [ -40.359595088483601, -20.426097126052131, 0.0 ] } },
{ "type": "Feature", "properties": { "fid": 9816, "handle": 778778, "block": -1, "etype": 19, "space": 0, "layer": "0", "olinetype": "bylayer", "linetype": "", "color": "0,0,0,55", "ocolor": 256, "color24": -1, "transparency": 0, "lweight": -1, "linewidth": 0.0, "ltscale": 1.0, "visible": 1, "thickness": 0.0, "ext": null, "height": 4.0000000000000009, "text": "26", "angle": 33.174917728887074, "widthscale": 13.582537148526169, "oblique": 0.0, "style": "style1", "textgen": 1, "alignh": 0, "alignv": 1, "interlin": 1.0 }, "geometry": { "type": "Point", "coordinates": [ -40.359645633636063, -20.426015125960102, 0.0 ] } },
{ "type": "Feature", "properties": { "fid": 9817, "handle": 778779, "block": -1, "etype": 19, "space": 0, "layer": "0", "olinetype": "bylayer", "linetype": "", "color": "0,0,0,55", "ocolor": 256, "color24": -1, "transparency": 0, "lweight": -1, "linewidth": 0.0, "ltscale": 1.0, "visible": 1, "thickness": 0.0, "ext": null, "height": 4.0000000000000009, "text": "16", "angle": 33.174917728887074, "widthscale": 13.582537148526169, "oblique": 0.0, "style": "style1", "textgen": 1, "alignh": 0, "alignv": 1, "interlin": 1.0 }, "geometry": { "type": "Point", "coordinates": [ -40.359969113714278, -20.426316106672424, 0.0 ] } },
{ "type": "Feature", "properties": { "fid": 9818, "handle": 778922, "block": -1, "etype": 19, "space": 0, "layer": "0", "olinetype": "bylayer", "linetype": "", "color": "0,0,0,55", "ocolor": 256, "color24": -1, "transparency": 0, "lweight": -1, "linewidth": 0.0, "ltscale": 1.0, "visible": 1, "thickness": 0.0, "ext": null, "height": 4.0000000000000009, "text": "1", "angle": 33.174917728887074, "widthscale": 13.582537148526169, "oblique": 0.0, "style": "style1", "textgen": 1, "alignh": 0, "alignv": 1, "interlin": 1.0 }, "geometry": { "type": "Point", "coordinates": [ -40.359825717057468, -20.42744901648868, 0.0 ] } },
{ "type": "Feature", "properties": { "fid": 9819, "handle": 778923, "block": -1, "etype": 19, "space": 0, "layer": "0", "olinetype": "bylayer", "linetype": "", "color": "0,0,0,55", "ocolor": 256, "color24": -1, "transparency": 0, "lweight": -1, "linewidth": 0.0, "ltscale": 1.0, "visible": 1, "thickness": 0.0, "ext": null, "height": 4.0000000000000009, "text": "2", "angle": 33.174917728887074, "widthscale": 13.582537148526169, "oblique": 0.0, "style": "style1", "textgen": 1, "alignh": 0, "alignv": 1, "interlin": 1.0 }, "geometry": { "type": "Point", "coordinates": [ -40.35988478411975, -20.427366905319612, 0.0 ] } },
{ "type": "Feature", "properties": { "fid": 9820, "handle": 778924, "block": -1, "etype": 19, "space": 0, "layer": "0", "olinetype": "bylayer", "linetype": "", "color": "0,0,0,55", "ocolor": 256, "color24": -1, "transparency": 0, "lweight": -1, "linewidth": 0.0, "ltscale": 1.0, "visible": 1, "thickness": 0.0, "ext": null, "height": 4.0000000000000009, "text": "3", "angle": 33.174917728887074, "widthscale": 13.582537148526169, "oblique": 0.0, "style": "style1", "textgen": 1, "alignh": 0, "alignv": 1, "interlin": 1.0 }, "geometry": { "type": "Point", "coordinates": [ -40.35994165634316, -20.427292798107011, 0.0 ] } },
{ "type": "Feature", "properties": { "fid": 9821, "handle": 778925, "block": -1, "etype": 19, "space": 0, "layer": "0", "olinetype": "bylayer", "linetype": "", "color": "0,0,0,55", "ocolor": 256, "color24": -1, "transparency": 0, "lweight": -1, "linewidth": 0.0, "ltscale": 1.0, "visible": 1, "thickness": 0.0, "ext": null, "height": 4.0000000000000009, "text": "4", "angle": 33.174917728887074, "widthscale": 13.582537148526169, "oblique": 0.0, "style": "style1", "textgen": 1, "alignh": 0, "alignv": 1, "interlin": 1.0 }, "geometry": { "type": "Point", "coordinates": [ -40.359993574209035, -20.427223043241874, 0.0 ] } },
{ "type": "Feature", "properties": { "fid": 9822, "handle": 778926, "block": -1, "etype": 19, "space": 0, "layer": "0", "olinetype": "bylayer", "linetype": "", "color": "0,0,0,55", "ocolor": 256, "color24": -1, "transparency": 0, "lweight": -1, "linewidth": 0.0, "ltscale": 1.0, "visible": 1, "thickness": 0.0, "ext": null, "height": 4.0000000000000009, "text": "5", "angle": 33.174917728887074, "widthscale": 13.582537148526169, "oblique": 0.0, "style": "style1", "textgen": 1, "alignh": 0, "alignv": 1, "interlin": 1.0 }, "geometry": { "type": "Point", "coordinates": [ -40.360048095969731, -20.427143808012239, 0.0 ] } },
{ "type": "Feature", "properties": { "fid": 9823, "handle": 778927, "block": -1, "etype": 19, "space": 0, "layer": "0", "olinetype": "bylayer", "linetype": "", "color": "0,0,0,55", "ocolor": 256, "color24": -1, "transparency": 0, "lweight": -1, "linewidth": 0.0, "ltscale": 1.0, "visible": 1, "thickness": 0.0, "ext": null, "height": 4.0000000000000009, "text": "6", "angle": 33.174917728887074, "widthscale": 13.582537148526169, "oblique": 0.0, "style": "style1", "textgen": 1, "alignh": 0, "alignv": 1, "interlin": 1.0 }, "geometry": { "type": "Point", "coordinates": [ -40.360094904514369, -20.427067238212992, 0.0 ] } },
{ "type": "Feature", "properties": { "fid": 9824, "handle": 778928, "block": -1, "etype": 19, "space": 0, "layer": "0", "olinetype": "bylayer", "linetype": "", "color": "0,0,0,55", "ocolor": 256, "color24": -1, "transparency": 0, "lweight": -1, "linewidth": 0.0, "ltscale": 1.0, "visible": 1, "thickness": 0.0, "ext": null, "height": 4.0000000000000009, "text": "8", "angle": 33.174917728887074, "widthscale": 13.582537148526169, "oblique": 0.0, "style": "style1", "textgen": 1, "alignh": 0, "alignv": 1, "interlin": 1.0 }, "geometry": { "type": "Point", "coordinates": [ -40.359902656813141, -20.427040949507479, 0.0 ] } },
{ "type": "Feature", "properties": { "fid": 9825, "handle": 778929, "block": -1, "etype": 19, "space": 0, "layer": "0", "olinetype": "bylayer", "linetype": "", "color": "0,0,0,55", "ocolor": 256, "color24": -1, "transparency": 0, "lweight": -1, "linewidth": 0.0, "ltscale": 1.0, "visible": 1, "thickness": 0.0, "ext": null, "height": 4.0000000000000009, "text": "10", "angle": 33.174917728887074, "widthscale": 13.582537148526169, "oblique": 0.0, "style": "style1", "textgen": 1, "alignh": 0, "alignv": 1, "interlin": 1.0 }, "geometry": { "type": "Point", "coordinates": [ -40.359830290391272, -20.426999272334747, 0.0 ] } },
{ "type": "Feature", "properties": { "fid": 9826, "handle": 778930, "block": -1, "etype": 19, "space": 0, "layer": "0", "olinetype": "bylayer", "linetype": "", "color": "0,0,0,55", "ocolor": 256, "color24": -1, "transparency": 0, "lweight": -1, "linewidth": 0.0, "ltscale": 1.0, "visible": 1, "thickness": 0.0, "ext": null, "height": 4.0000000000000009, "text": "12", "angle": 33.174917728887074, "widthscale": 13.582537148526169, "oblique": 0.0, "style": "style1", "textgen": 1, "alignh": 0, "alignv": 1, "interlin": 1.0 }, "geometry": { "type": "Point", "coordinates": [ -40.359753971825093, -20.426947463301879, 0.0 ] } },
{ "type": "Feature", "properties": { "fid": 9827, "handle": 778931, "block": -1, "etype": 19, "space": 0, "layer": "0", "olinetype": "bylayer", "linetype": "", "color": "0,0,0,55", "ocolor": 256, "color24": -1, "transparency": 0, "lweight": -1, "linewidth": 0.0, "ltscale": 1.0, "visible": 1, "thickness": 0.0, "ext": null, "height": 4.0000000000000009, "text": "14", "angle": 33.174917728887074, "widthscale": 13.582537148526169, "oblique": 0.0, "style": "style1", "textgen": 1, "alignh": 0, "alignv": 1, "interlin": 1.0 }, "geometry": { "type": "Point", "coordinates": [ -40.359675838906369, -20.42690225996428, 0.0 ] } },
{ "type": "Feature", "properties": { "fid": 9828, "handle": 778932, "block": -1, "etype": 19, "space": 0, "layer": "0", "olinetype": "bylayer", "linetype": "", "color": "0,0,0,55", "ocolor": 256, "color24": -1, "transparency": 0, "lweight": -1, "linewidth": 0.0, "ltscale": 1.0, "visible": 1, "thickness": 0.0, "ext": null, "height": 4.0000000000000009, "text": "18", "angle": 33.174917728887074, "widthscale": 13.582537148526169, "oblique": 0.0, "style": "style1", "textgen": 1, "alignh": 0, "alignv": 1, "interlin": 1.0 }, "geometry": { "type": "Point", "coordinates": [ -40.359505441122685, -20.426800640338307, 0.0 ] } },
{ "type": "Feature", "properties": { "fid": 9829, "handle": 778933, "block": -1, "etype": 19, "space": 0, "layer": "0", "olinetype": "bylayer", "linetype": "", "color": "0,0,0,55", "ocolor": 256, "color24": -1, "transparency": 0, "lweight": -1, "linewidth": 0.0, "ltscale": 1.0, "visible": 1, "thickness": 0.0, "ext": null, "height": 4.0000000000000009, "text": "20", "angle": 33.174917728887074, "widthscale": 13.582537148526169, "oblique": 0.0, "style": "style1", "textgen": 1, "alignh": 0, "alignv": 1, "interlin": 1.0 }, "geometry": { "type": "Point", "coordinates": [ -40.359413853118831, -20.4267472095244, 0.0 ] } },
{ "type": "Feature", "properties": { "fid": 9830, "handle": 778934, "block": -1, "etype": 19, "space": 0, "layer": "0", "olinetype": "bylayer", "linetype": "", "color": "0,0,0,55", "ocolor": 256, "color24": -1, "transparency": 0, "lweight": -1, "linewidth": 0.0, "ltscale": 1.0, "visible": 1, "thickness": 0.0, "ext": null, "height": 4.0000000000000009, "text": "19", "angle": 33.174917728887074, "widthscale": 13.582537148526169, "oblique": 0.0, "style": "style1", "textgen": 1, "alignh": 0, "alignv": 1, "interlin": 1.0 }, "geometry": { "type": "Point", "coordinates": [ -40.359241073871104, -20.426978459969899, 0.0 ] } },
{ "type": "Feature", "properties": { "fid": 9831, "handle": 778935, "block": -1, "etype": 19, "space": 0, "layer": "0", "olinetype": "bylayer", "linetype": "", "color": "0,0,0,55", "ocolor": 256, "color24": -1, "transparency": 0, "lweight": -1, "linewidth": 0.0, "ltscale": 1.0, "visible": 1, "thickness": 0.0, "ext": null, "height": 4.0000000000000009, "text": "7", "angle": 33.174917728887074, "widthscale": 13.582537148526169, "oblique": 0.0, "style": "style1", "textgen": 1, "alignh": 0, "alignv": 1, "interlin": 1.0 }, "geometry": { "type": "Point", "coordinates": [ -40.359739488933187, -20.427278077060954, 0.0 ] } },
{ "type": "Feature", "properties": { "fid": 9832, "handle": 778936, "block": -1, "etype": 19, "space": 0, "layer": "0", "olinetype": "bylayer", "linetype": "", "color": "0,0,0,55", "ocolor": 256, "color24": -1, "transparency": 0, "lweight": -1, "linewidth": 0.0, "ltscale": 1.0, "visible": 1, "thickness": 0.0, "ext": null, "height": 4.0000000000000009, "text": "9", "angle": 33.174917728887074, "widthscale": 13.582537148526169, "oblique": 0.0, "style": "style1", "textgen": 1, "alignh": 0, "alignv": 1, "interlin": 1.0 }, "geometry": { "type": "Point", "coordinates": [ -40.359656158158899, -20.427224552168799, 0.0 ] } },
{ "type": "Feature", "properties": { "fid": 9833, "handle": 778937, "block": -1, "etype": 19, "space": 0, "layer": "0", "olinetype": "bylayer", "linetype": "", "color": "0,0,0,55", "ocolor": 256, "color24": -1, "transparency": 0, "lweight": -1, "linewidth": 0.0, "ltscale": 1.0, "visible": 1, "thickness": 0.0, "ext": null, "height": 4.0000000000000009, "text": "11", "angle": 33.174917728887074, "widthscale": 13.582537148526169, "oblique": 0.0, "style": "style1", "textgen": 1, "alignh": 0, "alignv": 1, "interlin": 1.0 }, "geometry": { "type": "Point", "coordinates": [ -40.359574180741703, -20.427176998116924, 0.0 ] } },
{ "type": "Feature", "properties": { "fid": 9834, "handle": 778938, "block": -1, "etype": 19, "space": 0, "layer": "0", "olinetype": "bylayer", "linetype": "", "color": "0,0,0,55", "ocolor": 256, "color24": -1, "transparency": 0, "lweight": -1, "linewidth": 0.0, "ltscale": 1.0, "visible": 1, "thickness": 0.0, "ext": null, "height": 4.0000000000000009, "text": "13", "angle": 33.174917728887074, "widthscale": 13.582537148526169, "oblique": 0.0, "style": "style1", "textgen": 1, "alignh": 0, "alignv": 1, "interlin": 1.0 }, "geometry": { "type": "Point", "coordinates": [ -40.359505089625038, -20.427142466984474, 0.0 ] } },
{ "type": "Feature", "properties": { "fid": 9835, "handle": 778939, "block": -1, "etype": 19, "space": 0, "layer": "0", "olinetype": "bylayer", "linetype": "", "color": "0,0,0,55", "ocolor": 256, "color24": -1, "transparency": 0, "lweight": -1, "linewidth": 0.0, "ltscale": 1.0, "visible": 1, "thickness": 0.0, "ext": null, "height": 4.0000000000000009, "text": "15", "angle": 33.174917728887074, "widthscale": 13.582537148526169, "oblique": 0.0, "style": "style1", "textgen": 1, "alignh": 0, "alignv": 1, "interlin": 1.0 }, "geometry": { "type": "Point", "coordinates": [ -40.359426849057414, -20.427089482564618, 0.0 ] } },
{ "type": "Feature", "properties": { "fid": 9836, "handle": 778940, "block": -1, "etype": 19, "space": 0, "layer": "0", "olinetype": "bylayer", "linetype": "", "color": "0,0,0,55", "ocolor": 256, "color24": -1, "transparency": 0, "lweight": -1, "linewidth": 0.0, "ltscale": 1.0, "visible": 1, "thickness": 0.0, "ext": null, "height": 4.0000000000000009, "text": "17", "angle": 33.174917728887074, "widthscale": 13.582537148526169, "oblique": 0.0, "style": "style1", "textgen": 1, "alignh": 0, "alignv": 1, "interlin": 1.0 }, "geometry": { "type": "Point", "coordinates": [ -40.359341703962578, -20.427042563173853, 0.0 ] } },
{ "type": "Feature", "properties": { "fid": 9837, "handle": 778941, "block": -1, "etype": 19, "space": 0, "layer": "0", "olinetype": "bylayer", "linetype": "", "color": "0,0,0,55", "ocolor": 256, "color24": -1, "transparency": 0, "lweight": -1, "linewidth": 0.0, "ltscale": 1.0, "visible": 1, "thickness": 0.0, "ext": null, "height": 4.0000000000000009, "text": "21", "angle": 33.174917728887074, "widthscale": 13.582537148526169, "oblique": 0.0, "style": "style1", "textgen": 1, "alignh": 0, "alignv": 1, "interlin": 1.0 }, "geometry": { "type": "Point", "coordinates": [ -40.359008527404875, -20.426935783505382, 0.0 ] } },
{ "type": "Feature", "properties": { "fid": 9838, "handle": 778942, "block": -1, "etype": 19, "space": 0, "layer": "0", "olinetype": "bylayer", "linetype": "", "color": "0,0,0,55", "ocolor": 256, "color24": -1, "transparency": 0, "lweight": -1, "linewidth": 0.0, "ltscale": 1.0, "visible": 1, "thickness": 0.0, "ext": null, "height": 4.0000000000000009, "text": "22", "angle": 33.174917728887074, "widthscale": 13.582537148526169, "oblique": 0.0, "style": "style1", "textgen": 1, "alignh": 0, "alignv": 1, "interlin": 1.0 }, "geometry": { "type": "Point", "coordinates": [ -40.359065103619031, -20.426857292845341, 0.0 ] } },
{ "type": "Feature", "properties": { "fid": 9839, "handle": 778943, "block": -1, "etype": 19, "space": 0, "layer": "0", "olinetype": "bylayer", "linetype": "", "color": "0,0,0,55", "ocolor": 256, "color24": -1, "transparency": 0, "lweight": -1, "linewidth": 0.0, "ltscale": 1.0, "visible": 1, "thickness": 0.0, "ext": null, "height": 4.0000000000000009, "text": "23", "angle": 33.174917728887074, "widthscale": 13.582537148526169, "oblique": 0.0, "style": "style1", "textgen": 1, "alignh": 0, "alignv": 1, "interlin": 1.0 }, "geometry": { "type": "Point", "coordinates": [ -40.359114963906421, -20.426781469969047, 0.0 ] } },
{ "type": "Feature", "properties": { "fid": 9840, "handle": 778944, "block": -1, "etype": 19, "space": 0, "layer": "0", "olinetype": "bylayer", "linetype": "", "color": "0,0,0,55", "ocolor": 256, "color24": -1, "transparency": 0, "lweight": -1, "linewidth": 0.0, "ltscale": 1.0, "visible": 1, "thickness": 0.0, "ext": null, "height": 4.0000000000000009, "text": "24", "angle": 33.174917728887074, "widthscale": 13.582537148526169, "oblique": 0.0, "style": "style1", "textgen": 1, "alignh": 0, "alignv": 1, "interlin": 1.0 }, "geometry": { "type": "Point", "coordinates": [ -40.359171971941052, -20.426712255872264, 0.0 ] } },
{ "type": "Feature", "properties": { "fid": 9841, "handle": 778945, "block": -1, "etype": 19, "space": 0, "layer": "0", "olinetype": "bylayer", "linetype": "", "color": "0,0,0,55", "ocolor": 256, "color24": -1, "transparency": 0, "lweight": -1, "linewidth": 0.0, "ltscale": 1.0, "visible": 1, "thickness": 0.0, "ext": null, "height": 4.0000000000000009, "text": "25", "angle": 33.174917728887074, "widthscale": 13.582537148526169, "oblique": 0.0, "style": "style1", "textgen": 1, "alignh": 0, "alignv": 1, "interlin": 1.0 }, "geometry": { "type": "Point", "coordinates": [ -40.359220158501543, -20.426634290446568, 0.0 ] } },
{ "type": "Feature", "properties": { "fid": 9842, "handle": 778946, "block": -1, "etype": 19, "space": 0, "layer": "0", "olinetype": "bylayer", "linetype": "", "color": "0,0,0,55", "ocolor": 256, "color24": -1, "transparency": 0, "lweight": -1, "linewidth": 0.0, "ltscale": 1.0, "visible": 1, "thickness": 0.0, "ext": null, "height": 4.0000000000000009, "text": "26", "angle": 33.174917728887074, "widthscale": 13.582537148526169, "oblique": 0.0, "style": "style1", "textgen": 1, "alignh": 0, "alignv": 1, "interlin": 1.0 }, "geometry": { "type": "Point", "coordinates": [ -40.359270704017099, -20.426552290447102, 0.0 ] } },
{ "type": "Feature", "properties": { "fid": 9843, "handle": 778947, "block": -1, "etype": 19, "space": 0, "layer": "0", "olinetype": "bylayer", "linetype": "", "color": "0,0,0,55", "ocolor": 256, "color24": -1, "transparency": 0, "lweight": -1, "linewidth": 0.0, "ltscale": 1.0, "visible": 1, "thickness": 0.0, "ext": null, "height": 4.0000000000000009, "text": "16", "angle": 33.174917728887074, "widthscale": 13.582537148526169, "oblique": 0.0, "style": "style1", "textgen": 1, "alignh": 0, "alignv": 1, "interlin": 1.0 }, "geometry": { "type": "Point", "coordinates": [ -40.35959418460007, -20.426853271815929, 0.0 ] } },
{ "type": "Feature", "properties": { "fid": 9844, "handle": 779090, "block": -1, "etype": 19, "space": 0, "layer": "0", "olinetype": "bylayer", "linetype": "", "color": "0,0,0,55", "ocolor": 256, "color24": -1, "transparency": 0, "lweight": -1, "linewidth": 0.0, "ltscale": 1.0, "visible": 1, "thickness": 0.0, "ext": null, "height": 4.0000000000000009, "text": "1", "angle": 33.174917728887074, "widthscale": 13.582537148526169, "oblique": 0.0, "style": "style1", "textgen": 1, "alignh": 0, "alignv": 1, "interlin": 1.0 }, "geometry": { "type": "Point", "coordinates": [ -40.359425805604396, -20.428027366505457, 0.0 ] } },
{ "type": "Feature", "properties": { "fid": 9845, "handle": 779091, "block": -1, "etype": 19, "space": 0, "layer": "0", "olinetype": "bylayer", "linetype": "", "color": "0,0,0,55", "ocolor": 256, "color24": -1, "transparency": 0, "lweight": -1, "linewidth": 0.0, "ltscale": 1.0, "visible": 1, "thickness": 0.0, "ext": null, "height": 4.0000000000000009, "text": "2", "angle": 33.174917728887074, "widthscale": 13.582537148526169, "oblique": 0.0, "style": "style1", "textgen": 1, "alignh": 0, "alignv": 1, "interlin": 1.0 }, "geometry": { "type": "Point", "coordinates": [ -40.359484873088931, -20.427945255452897, 0.0 ] } },
{ "type": "Feature", "properties": { "fid": 9846, "handle": 779092, "block": -1, "etype": 19, "space": 0, "layer": "0", "olinetype": "bylayer", "linetype": "", "color": "0,0,0,55", "ocolor": 256, "color24": -1, "transparency": 0, "lweight": -1, "linewidth": 0.0, "ltscale": 1.0, "visible": 1, "thickness": 0.0, "ext": null, "height": 4.0000000000000009, "text": "3", "angle": 33.174917728887074, "widthscale": 13.582537148526169, "oblique": 0.0, "style": "style1", "textgen": 1, "alignh": 0, "alignv": 1, "interlin": 1.0 }, "geometry": { "type": "Point", "coordinates": [ -40.359541745707304, -20.427871148352875, 0.0 ] } },
{ "type": "Feature", "properties": { "fid": 9847, "handle": 779093, "block": -1, "etype": 19, "space": 0, "layer": "0", "olinetype": "bylayer", "linetype": "", "color": "0,0,0,55", "ocolor": 256, "color24": -1, "transparency": 0, "lweight": -1, "linewidth": 0.0, "ltscale": 1.0, "visible": 1, "thickness": 0.0, "ext": null, "height": 4.0000000000000009, "text": "4", "angle": 33.174917728887074, "widthscale": 13.582537148526169, "oblique": 0.0, "style": "style1", "textgen": 1, "alignh": 0, "alignv": 1, "interlin": 1.0 }, "geometry": { "type": "Point", "coordinates": [ -40.359593663938632, -20.427801393590322, 0.0 ] } },
{ "type": "Feature", "properties": { "fid": 9848, "handle": 779094, "block": -1, "etype": 19, "space": 0, "layer": "0", "olinetype": "bylayer", "linetype": "", "color": "0,0,0,55", "ocolor": 256, "color24": -1, "transparency": 0, "lweight": -1, "linewidth": 0.0, "ltscale": 1.0, "visible": 1, "thickness": 0.0, "ext": null, "height": 4.0000000000000009, "text": "5", "angle": 33.174917728887074, "widthscale": 13.582537148526169, "oblique": 0.0, "style": "style1", "textgen": 1, "alignh": 0, "alignv": 1, "interlin": 1.0 }, "geometry": { "type": "Point", "coordinates": [ -40.359648186097196, -20.427722158467972, 0.0 ] } },
{ "type": "Feature", "properties": { "fid": 9849, "handle": 779095, "block": -1, "etype": 19, "space": 0, "layer": "0", "olinetype": "bylayer", "linetype": "", "color": "0,0,0,55", "ocolor": 256, "color24": -1, "transparency": 0, "lweight": -1, "linewidth": 0.0, "ltscale": 1.0, "visible": 1, "thickness": 0.0, "ext": null, "height": 4.0000000000000009, "text": "6", "angle": 33.174917728887074, "widthscale": 13.582537148526169, "oblique": 0.0, "style": "style1", "textgen": 1, "alignh": 0, "alignv": 1, "interlin": 1.0 }, "geometry": { "type": "Point", "coordinates": [ -40.359694995003437, -20.427645588760065, 0.0 ] } },
{ "type": "Feature", "properties": { "fid": 9850, "handle": 779096, "block": -1, "etype": 19, "space": 0, "layer": "0", "olinetype": "bylayer", "linetype": "", "color": "0,0,0,55", "ocolor": 256, "color24": -1, "transparency": 0, "lweight": -1, "linewidth": 0.0, "ltscale": 1.0, "visible": 1, "thickness": 0.0, "ext": null, "height": 4.0000000000000009, "text": "8", "angle": 33.174917728887074, "widthscale": 13.582537148526169, "oblique": 0.0, "style": "style1", "textgen": 1, "alignh": 0, "alignv": 1, "interlin": 1.0 }, "geometry": { "type": "Point", "coordinates": [ -40.359504545941725, -20.427619512116394, 0.0 ] } },
{ "type": "Feature", "properties": { "fid": 9851, "handle": 779097, "block": -1, "etype": 19, "space": 0, "layer": "0", "olinetype": "bylayer", "linetype": "", "color": "0,0,0,55", "ocolor": 256, "color24": -1, "transparency": 0, "lweight": -1, "linewidth": 0.0, "ltscale": 1.0, "visible": 1, "thickness": 0.0, "ext": null, "height": 4.0000000000000009, "text": "10", "angle": 33.174917728887074, "widthscale": 13.582537148526169, "oblique": 0.0, "style": "style1", "textgen": 1, "alignh": 0, "alignv": 1, "interlin": 1.0 }, "geometry": { "type": "Point", "coordinates": [ -40.359432179335961, -20.427577834790061, 0.0 ] } },
{ "type": "Feature", "properties": { "fid": 9852, "handle": 779098, "block": -1, "etype": 19, "space": 0, "layer": "0", "olinetype": "bylayer", "linetype": "", "color": "0,0,0,55", "ocolor": 256, "color24": -1, "transparency": 0, "lweight": -1, "linewidth": 0.0, "ltscale": 1.0, "visible": 1, "thickness": 0.0, "ext": null, "height": 4.0000000000000009, "text": "12", "angle": 33.174917728887074, "widthscale": 13.582537148526169, "oblique": 0.0, "style": "style1", "textgen": 1, "alignh": 0, "alignv": 1, "interlin": 1.0 }, "geometry": { "type": "Point", "coordinates": [ -40.359355860594206, -20.427526025594595, 0.0 ] } },
{ "type": "Feature", "properties": { "fid": 9853, "handle": 779099, "block": -1, "etype": 19, "space": 0, "layer": "0", "olinetype": "bylayer", "linetype": "", "color": "0,0,0,55", "ocolor": 256, "color24": -1, "transparency": 0, "lweight": -1, "linewidth": 0.0, "ltscale": 1.0, "visible": 1, "thickness": 0.0, "ext": null, "height": 4.0000000000000009, "text": "14", "angle": 33.174917728887074, "widthscale": 13.582537148526169, "oblique": 0.0, "style": "style1", "textgen": 1, "alignh": 0, "alignv": 1, "interlin": 1.0 }, "geometry": { "type": "Point", "coordinates": [ -40.359277727477405, -20.427480822091137, 0.0 ] } },
{ "type": "Feature", "properties": { "fid": 9854, "handle": 779100, "block": -1, "etype": 19, "space": 0, "layer": "0", "olinetype": "bylayer", "linetype": "", "color": "0,0,0,55", "ocolor": 256, "color24": -1, "transparency": 0, "lweight": -1, "linewidth": 0.0, "ltscale": 1.0, "visible": 1, "thickness": 0.0, "ext": null, "height": 4.0000000000000009, "text": "18", "angle": 33.174917728887074, "widthscale": 13.582537148526169, "oblique": 0.0, "style": "style1", "textgen": 1, "alignh": 0, "alignv": 1, "interlin": 1.0 }, "geometry": { "type": "Point", "coordinates": [ -40.359107329268888, -20.427379202103324, 0.0 ] } },
{ "type": "Feature", "properties": { "fid": 9855, "handle": 779101, "block": -1, "etype": 19, "space": 0, "layer": "0", "olinetype": "bylayer", "linetype": "", "color": "0,0,0,55", "ocolor": 256, "color24": -1, "transparency": 0, "lweight": -1, "linewidth": 0.0, "ltscale": 1.0, "visible": 1, "thickness": 0.0, "ext": null, "height": 4.0000000000000009, "text": "20", "angle": 33.174917728887074, "widthscale": 13.582537148526169, "oblique": 0.0, "style": "style1", "textgen": 1, "alignh": 0, "alignv": 1, "interlin": 1.0 }, "geometry": { "type": "Point", "coordinates": [ -40.359015741033915, -20.427325771094957, 0.0 ] } },
{ "type": "Feature", "properties": { "fid": 9856, "handle": 779102, "block": -1, "etype": 19, "space": 0, "layer": "0", "olinetype": "bylayer", "linetype": "", "color": "0,0,0,55", "ocolor": 256, "color24": -1, "transparency": 0, "lweight": -1, "linewidth": 0.0, "ltscale": 1.0, "visible": 1, "thickness": 0.0, "ext": null, "height": 4.0000000000000009, "text": "19", "angle": 33.174917728887074, "widthscale": 13.582537148526169, "oblique": 0.0, "style": "style1", "textgen": 1, "alignh": 0, "alignv": 1, "interlin": 1.0 }, "geometry": { "type": "Point", "coordinates": [ -40.358842960574584, -20.427557021200592, 0.0 ] } },
{ "type": "Feature", "properties": { "fid": 9857, "handle": 779103, "block": -1, "etype": 19, "space": 0, "layer": "0", "olinetype": "bylayer", "linetype": "", "color": "0,0,0,55", "ocolor": 256, "color24": -1, "transparency": 0, "lweight": -1, "linewidth": 0.0, "ltscale": 1.0, "visible": 1, "thickness": 0.0, "ext": null, "height": 4.0000000000000009, "text": "7", "angle": 33.174917728887074, "widthscale": 13.582537148526169, "oblique": 0.0, "style": "style1", "textgen": 1, "alignh": 0, "alignv": 1, "interlin": 1.0 }, "geometry": { "type": "Point", "coordinates": [ -40.359341376873793, -20.42785663935047, 0.0 ] } },
{ "type": "Feature", "properties": { "fid": 9858, "handle": 779104, "block": -1, "etype": 19, "space": 0, "layer": "0", "olinetype": "bylayer", "linetype": "", "color": "0,0,0,55", "ocolor": 256, "color24": -1, "transparency": 0, "lweight": -1, "linewidth": 0.0, "ltscale": 1.0, "visible": 1, "thickness": 0.0, "ext": null, "height": 4.0000000000000009, "text": "9", "angle": 33.174917728887074, "widthscale": 13.582537148526169, "oblique": 0.0, "style": "style1", "textgen": 1, "alignh": 0, "alignv": 1, "interlin": 1.0 }, "geometry": { "type": "Point", "coordinates": [ -40.359258045900674, -20.427803114281019, 0.0 ] } },
{ "type": "Feature", "properties": { "fid": 9859, "handle": 779105, "block": -1, "etype": 19, "space": 0, "layer": "0", "olinetype": "bylayer", "linetype": "", "color": "0,0,0,55", "ocolor": 256, "color24": -1, "transparency": 0, "lweight": -1, "linewidth": 0.0, "ltscale": 1.0, "visible": 1, "thickness": 0.0, "ext": null, "height": 4.0000000000000009, "text": "11", "angle": 33.174917728887074, "widthscale": 13.582537148526169, "oblique": 0.0, "style": "style1", "textgen": 1, "alignh": 0, "alignv": 1, "interlin": 1.0 }, "geometry": { "type": "Point", "coordinates": [ -40.359176068275971, -20.427755560055076, 0.0 ] } },
{ "type": "Feature", "properties": { "fid": 9860, "handle": 779106, "block": -1, "etype": 19, "space": 0, "layer": "0", "olinetype": "bylayer", "linetype": "", "color": "0,0,0,55", "ocolor": 256, "color24": -1, "transparency": 0, "lweight": -1, "linewidth": 0.0, "ltscale": 1.0, "visible": 1, "thickness": 0.0, "ext": null, "height": 4.0000000000000009, "text": "13", "angle": 33.174917728887074, "widthscale": 13.582537148526169, "oblique": 0.0, "style": "style1", "textgen": 1, "alignh": 0, "alignv": 1, "interlin": 1.0 }, "geometry": { "type": "Point", "coordinates": [ -40.359106976971447, -20.427721028776467, 0.0 ] } },
{ "type": "Feature", "properties": { "fid": 9861, "handle": 779107, "block": -1, "etype": 19, "space": 0, "layer": "0", "olinetype": "bylayer", "linetype": "", "color": "0,0,0,55", "ocolor": 256, "color24": -1, "transparency": 0, "lweight": -1, "linewidth": 0.0, "ltscale": 1.0, "visible": 1, "thickness": 0.0, "ext": null, "height": 4.0000000000000009, "text": "15", "angle": 33.174917728887074, "widthscale": 13.582537148526169, "oblique": 0.0, "style": "style1", "textgen": 1, "alignh": 0, "alignv": 1, "interlin": 1.0 }, "geometry": { "type": "Point", "coordinates": [ -40.359028736223536, -20.427668044189922, 0.0 ] } },
{ "type": "Feature", "properties": { "fid": 9862, "handle": 779108, "block": -1, "etype": 19, "space": 0, "layer": "0", "olinetype": "bylayer", "linetype": "", "color": "0,0,0,55", "ocolor": 256, "color24": -1, "transparency": 0, "lweight": -1, "linewidth": 0.0, "ltscale": 1.0, "visible": 1, "thickness": 0.0, "ext": null, "height": 4.0000000000000009, "text": "17", "angle": 33.174917728887074, "widthscale": 13.582537148526169, "oblique": 0.0, "style": "style1", "textgen": 1, "alignh": 0, "alignv": 1, "interlin": 1.0 }, "geometry": { "type": "Point", "coordinates": [ -40.358943590907423, -20.427621124618632, 0.0 ] } },
{ "type": "Feature", "properties": { "fid": 9863, "handle": 779109, "block": -1, "etype": 19, "space": 0, "layer": "0", "olinetype": "bylayer", "linetype": "", "color": "0,0,0,55", "ocolor": 256, "color24": -1, "transparency": 0, "lweight": -1, "linewidth": 0.0, "ltscale": 1.0, "visible": 1, "thickness": 0.0, "ext": null, "height": 4.0000000000000009, "text": "21", "angle": 33.174917728887074, "widthscale": 13.582537148526169, "oblique": 0.0, "style": "style1", "textgen": 1, "alignh": 0, "alignv": 1, "interlin": 1.0 }, "geometry": { "type": "Point", "coordinates": [ -40.358610413304326, -20.427514344250003, 0.0 ] } },
{ "type": "Feature", "properties": { "fid": 9864, "handle": 779110, "block": -1, "etype": 19, "space": 0, "layer": "0", "olinetype": "bylayer", "linetype": "", "color": "0,0,0,55", "ocolor": 256, "color24": -1, "transparency": 0, "lweight": -1, "linewidth": 0.0, "ltscale": 1.0, "visible": 1, "thickness": 0.0, "ext": null, "height": 4.0000000000000009, "text": "22", "angle": 33.174917728887074, "widthscale": 13.582537148526169, "oblique": 0.0, "style": "style1", "textgen": 1, "alignh": 0, "alignv": 1, "interlin": 1.0 }, "geometry": { "type": "Point", "coordinates": [ -40.358666989921694, -20.42743585370096, 0.0 ] } },
{ "type": "Feature", "properties": { "fid": 9865, "handle": 779111, "block": -1, "etype": 19, "space": 0, "layer": "0", "olinetype": "bylayer", "linetype": "", "color": "0,0,0,55", "ocolor": 256, "color24": -1, "transparency": 0, "lweight": -1, "linewidth": 0.0, "ltscale": 1.0, "visible": 1, "thickness": 0.0, "ext": null, "height": 4.0000000000000009, "text": "23", "angle": 33.174917728887074, "widthscale": 13.582537148526169, "oblique": 0.0, "style": "style1", "textgen": 1, "alignh": 0, "alignv": 1, "interlin": 1.0 }, "geometry": { "type": "Point", "coordinates": [ -40.358716850579931, -20.427360030922017, 0.0 ] } },
{ "type": "Feature", "properties": { "fid": 9866, "handle": 779112, "block": -1, "etype": 19, "space": 0, "layer": "0", "olinetype": "bylayer", "linetype": "", "color": "0,0,0,55", "ocolor": 256, "color24": -1, "transparency": 0, "lweight": -1, "linewidth": 0.0, "ltscale": 1.0, "visible": 1, "thickness": 0.0, "ext": null, "height": 4.0000000000000009, "text": "24", "angle": 33.174917728887074, "widthscale": 13.582537148526169, "oblique": 0.0, "style": "style1", "textgen": 1, "alignh": 0, "alignv": 1, "interlin": 1.0 }, "geometry": { "type": "Point", "coordinates": [ -40.358773858997772, -20.427290816937969, 0.0 ] } },
{ "type": "Feature", "properties": { "fid": 9867, "handle": 779113, "block": -1, "etype": 19, "space": 0, "layer": "0", "olinetype": "bylayer", "linetype": "", "color": "0,0,0,55", "ocolor": 256, "color24": -1, "transparency": 0, "lweight": -1, "linewidth": 0.0, "ltscale": 1.0, "visible": 1, "thickness": 0.0, "ext": null, "height": 4.0000000000000009, "text": "25", "angle": 33.174917728887074, "widthscale": 13.582537148526169, "oblique": 0.0, "style": "style1", "textgen": 1, "alignh": 0, "alignv": 1, "interlin": 1.0 }, "geometry": { "type": "Point", "coordinates": [ -40.358822045927646, -20.427212851605933, 0.0 ] } },
{ "type": "Feature", "properties": { "fid": 9868, "handle": 779114, "block": -1, "etype": 19, "space": 0, "layer": "0", "olinetype": "bylayer", "linetype": "", "color": "0,0,0,55", "ocolor": 256, "color24": -1, "transparency": 0, "lweight": -1, "linewidth": 0.0, "ltscale": 1.0, "visible": 1, "thickness": 0.0, "ext": null, "height": 4.0000000000000009, "text": "26", "angle": 33.174917728887074, "widthscale": 13.582537148526169, "oblique": 0.0, "style": "style1", "textgen": 1, "alignh": 0, "alignv": 1, "interlin": 1.0 }, "geometry": { "type": "Point", "coordinates": [ -40.358872591831151, -20.427130851704735, 0.0 ] } },
{ "type": "Feature", "properties": { "fid": 9869, "handle": 779115, "block": -1, "etype": 19, "space": 0, "layer": "0", "olinetype": "bylayer", "linetype": "", "color": "0,0,0,55", "ocolor": 256, "color24": -1, "transparency": 0, "lweight": -1, "linewidth": 0.0, "ltscale": 1.0, "visible": 1, "thickness": 0.0, "ext": null, "height": 4.0000000000000009, "text": "16", "angle": 33.174917728887074, "widthscale": 13.582537148526169, "oblique": 0.0, "style": "style1", "textgen": 1, "alignh": 0, "alignv": 1, "interlin": 1.0 }, "geometry": { "type": "Point", "coordinates": [ -40.359196072968217, -20.427431833769322, 0.0 ] } },
{ "type": "Feature", "properties": { "fid": 9870, "handle": 779258, "block": -1, "etype": 19, "space": 0, "layer": "0", "olinetype": "bylayer", "linetype": "", "color": "0,0,0,55", "ocolor": 256, "color24": -1, "transparency": 0, "lweight": -1, "linewidth": 0.0, "ltscale": 1.0, "visible": 1, "thickness": 0.0, "ext": null, "height": 4.0000000000000009, "text": "1", "angle": 33.174917728887074, "widthscale": 13.582537148526169, "oblique": 0.0, "style": "style1", "textgen": 1, "alignh": 0, "alignv": 1, "interlin": 1.0 }, "geometry": { "type": "Point", "coordinates": [ -40.359061404346605, -20.428569554443474, 0.0 ] } },
{ "type": "Feature", "properties": { "fid": 9871, "handle": 779259, "block": -1, "etype": 19, "space": 0, "layer": "0", "olinetype": "bylayer", "linetype": "", "color": "0,0,0,55", "ocolor": 256, "color24": -1, "transparency": 0, "lweight": -1, "linewidth": 0.0, "ltscale": 1.0, "visible": 1, "thickness": 0.0, "ext": null, "height": 4.0000000000000009, "text": "2", "angle": 33.174917728887074, "widthscale": 13.582537148526169, "oblique": 0.0, "style": "style1", "textgen": 1, "alignh": 0, "alignv": 1, "interlin": 1.0 }, "geometry": { "type": "Point", "coordinates": [ -40.359120472221207, -20.42848744349687, 0.0 ] } },
{ "type": "Feature", "properties": { "fid": 9872, "handle": 779260, "block": -1, "etype": 19, "space": 0, "layer": "0", "olinetype": "bylayer", "linetype": "", "color": "0,0,0,55", "ocolor": 256, "color24": -1, "transparency": 0, "lweight": -1, "linewidth": 0.0, "ltscale": 1.0, "visible": 1, "thickness": 0.0, "ext": null, "height": 4.0000000000000009, "text": "3", "angle": 33.174917728887074, "widthscale": 13.582537148526169, "oblique": 0.0, "style": "style1", "textgen": 1, "alignh": 0, "alignv": 1, "interlin": 1.0 }, "geometry": { "type": "Point", "coordinates": [ -40.359177345204614, -20.428413336499219, 0.0 ] } },
{ "type": "Feature", "properties": { "fid": 9873, "handle": 779261, "block": -1, "etype": 19, "space": 0, "layer": "0", "olinetype": "bylayer", "linetype": "", "color": "0,0,0,55", "ocolor": 256, "color24": -1, "transparency": 0, "lweight": -1, "linewidth": 0.0, "ltscale": 1.0, "visible": 1, "thickness": 0.0, "ext": null, "height": 4.0000000000000009, "text": "4", "angle": 33.174917728887074, "widthscale": 13.582537148526169, "oblique": 0.0, "style": "style1", "textgen": 1, "alignh": 0, "alignv": 1, "interlin": 1.0 }, "geometry": { "type": "Point", "coordinates": [ -40.359229263773642, -20.42834358183001, 0.0 ] } },
{ "type": "Feature", "properties": { "fid": 9874, "handle": 779262, "block": -1, "etype": 19, "space": 0, "layer": "0", "olinetype": "bylayer", "linetype": "", "color": "0,0,0,55", "ocolor": 256, "color24": -1, "transparency": 0, "lweight": -1, "linewidth": 0.0, "ltscale": 1.0, "visible": 1, "thickness": 0.0, "ext": null, "height": 4.0000000000000009, "text": "5", "angle": 33.174917728887074, "widthscale": 13.582537148526169, "oblique": 0.0, "style": "style1", "textgen": 1, "alignh": 0, "alignv": 1, "interlin": 1.0 }, "geometry": { "type": "Point", "coordinates": [ -40.359283786299585, -20.428264346805179, 0.0 ] } },
{ "type": "Feature", "properties": { "fid": 9875, "handle": 779263, "block": -1, "etype": 19, "space": 0, "layer": "0", "olinetype": "bylayer", "linetype": "", "color": "0,0,0,55", "ocolor": 256, "color24": -1, "transparency": 0, "lweight": -1, "linewidth": 0.0, "ltscale": 1.0, "visible": 1, "thickness": 0.0, "ext": null, "height": 4.0000000000000009, "text": "6", "angle": 33.174917728887074, "widthscale": 13.582537148526169, "oblique": 0.0, "style": "style1", "textgen": 1, "alignh": 0, "alignv": 1, "interlin": 1.0 }, "geometry": { "type": "Point", "coordinates": [ -40.359330595539468, -20.428187777180398, 0.0 ] } },
{ "type": "Feature", "properties": { "fid": 9876, "handle": 779264, "block": -1, "etype": 19, "space": 0, "layer": "0", "olinetype": "bylayer", "linetype": "", "color": "0,0,0,55", "ocolor": 256, "color24": -1, "transparency": 0, "lweight": -1, "linewidth": 0.0, "ltscale": 1.0, "visible": 1, "thickness": 0.0, "ext": null, "height": 4.0000000000000009, "text": "8", "angle": 33.174917728887074, "widthscale": 13.582537148526169, "oblique": 0.0, "style": "style1", "textgen": 1, "alignh": 0, "alignv": 1, "interlin": 1.0 }, "geometry": { "type": "Point", "coordinates": [ -40.359125421352942, -20.4281666221896, 0.0 ] } },
{ "type": "Feature", "properties": { "fid": 9877, "handle": 779265, "block": -1, "etype": 19, "space": 0, "layer": "0", "olinetype": "bylayer", "linetype": "", "color": "0,0,0,55", "ocolor": 256, "color24": -1, "transparency": 0, "lweight": -1, "linewidth": 0.0, "ltscale": 1.0, "visible": 1, "thickness": 0.0, "ext": null, "height": 4.0000000000000009, "text": "10", "angle": 33.174917728887074, "widthscale": 13.582537148526169, "oblique": 0.0, "style": "style1", "textgen": 1, "alignh": 0, "alignv": 1, "interlin": 1.0 }, "geometry": { "type": "Point", "coordinates": [ -40.359053054573963, -20.428124944716902, 0.0 ] } },
{ "type": "Feature", "properties": { "fid": 9878, "handle": 779266, "block": -1, "etype": 19, "space": 0, "layer": "0", "olinetype": "bylayer", "linetype": "", "color": "0,0,0,55", "ocolor": 256, "color24": -1, "transparency": 0, "lweight": -1, "linewidth": 0.0, "ltscale": 1.0, "visible": 1, "thickness": 0.0, "ext": null, "height": 4.0000000000000009, "text": "12", "angle": 33.174917728887074, "widthscale": 13.582537148526169, "oblique": 0.0, "style": "style1", "textgen": 1, "alignh": 0, "alignv": 1, "interlin": 1.0 }, "geometry": { "type": "Point", "coordinates": [ -40.358976735666971, -20.428073135366478, 0.0 ] } },
{ "type": "Feature", "properties": { "fid": 9879, "handle": 779267, "block": -1, "etype": 19, "space": 0, "layer": "0", "olinetype": "bylayer", "linetype": "", "color": "0,0,0,55", "ocolor": 256, "color24": -1, "transparency": 0, "lweight": -1, "linewidth": 0.0, "ltscale": 1.0, "visible": 1, "thickness": 0.0, "ext": null, "height": 4.0000000000000009, "text": "14", "angle": 33.174917728887074, "widthscale": 13.582537148526169, "oblique": 0.0, "style": "style1", "textgen": 1, "alignh": 0, "alignv": 1, "interlin": 1.0 }, "geometry": { "type": "Point", "coordinates": [ -40.358898602363574, -20.428027931704971, 0.0 ] } },
{ "type": "Feature", "properties": { "fid": 9880, "handle": 779268, "block": -1, "etype": 19, "space": 0, "layer": "0", "olinetype": "bylayer", "linetype": "", "color": "0,0,0,55", "ocolor": 256, "color24": -1, "transparency": 0, "lweight": -1, "linewidth": 0.0, "ltscale": 1.0, "visible": 1, "thickness": 0.0, "ext": null, "height": 4.0000000000000009, "text": "18", "angle": 33.174917728887074, "widthscale": 13.582537148526169, "oblique": 0.0, "style": "style1", "textgen": 1, "alignh": 0, "alignv": 1, "interlin": 1.0 }, "geometry": { "type": "Point", "coordinates": [ -40.358728203754879, -20.427926311372136, 0.0 ] } },
{ "type": "Feature", "properties": { "fid": 9881, "handle": 779269, "block": -1, "etype": 19, "space": 0, "layer": "0", "olinetype": "bylayer", "linetype": "", "color": "0,0,0,55", "ocolor": 256, "color24": -1, "transparency": 0, "lweight": -1, "linewidth": 0.0, "ltscale": 1.0, "visible": 1, "thickness": 0.0, "ext": null, "height": 4.0000000000000009, "text": "20", "angle": 33.174917728887074, "widthscale": 13.582537148526169, "oblique": 0.0, "style": "style1", "textgen": 1, "alignh": 0, "alignv": 1, "interlin": 1.0 }, "geometry": { "type": "Point", "coordinates": [ -40.358636615302181, -20.427872880178487, 0.0 ] } },
{ "type": "Feature", "properties": { "fid": 9882, "handle": 779270, "block": -1, "etype": 19, "space": 0, "layer": "0", "olinetype": "bylayer", "linetype": "", "color": "0,0,0,55", "ocolor": 256, "color24": -1, "transparency": 0, "lweight": -1, "linewidth": 0.0, "ltscale": 1.0, "visible": 1, "thickness": 0.0, "ext": null, "height": 4.0000000000000009, "text": "19", "angle": 33.174917728887074, "widthscale": 13.582537148526169, "oblique": 0.0, "style": "style1", "textgen": 1, "alignh": 0, "alignv": 1, "interlin": 1.0 }, "geometry": { "type": "Point", "coordinates": [ -40.35846383369293, -20.428104129960325, 0.0 ] } },
{ "type": "Feature", "properties": { "fid": 9883, "handle": 779271, "block": -1, "etype": 19, "space": 0, "layer": "0", "olinetype": "bylayer", "linetype": "", "color": "0,0,0,55", "ocolor": 256, "color24": -1, "transparency": 0, "lweight": -1, "linewidth": 0.0, "ltscale": 1.0, "visible": 1, "thickness": 0.0, "ext": null, "height": 4.0000000000000009, "text": "7", "angle": 33.174917728887074, "widthscale": 13.582537148526169, "oblique": 0.0, "style": "style1", "textgen": 1, "alignh": 0, "alignv": 1, "interlin": 1.0 }, "geometry": { "type": "Point", "coordinates": [ -40.358962251157337, -20.428403749119337, 0.0 ] } },
{ "type": "Feature", "properties": { "fid": 9884, "handle": 779272, "block": -1, "etype": 19, "space": 0, "layer": "0", "olinetype": "bylayer", "linetype": "", "color": "0,0,0,55", "ocolor": 256, "color24": -1, "transparency": 0, "lweight": -1, "linewidth": 0.0, "ltscale": 1.0, "visible": 1, "thickness": 0.0, "ext": null, "height": 4.0000000000000009, "text": "9", "angle": 33.174917728887074, "widthscale": 13.582537148526169, "oblique": 0.0, "style": "style1", "textgen": 1, "alignh": 0, "alignv": 1, "interlin": 1.0 }, "geometry": { "type": "Point", "coordinates": [ -40.358878919997046, -20.428350223880894, 0.0 ] } },
{ "type": "Feature", "properties": { "fid": 9885, "handle": 779273, "block": -1, "etype": 19, "space": 0, "layer": "0", "olinetype": "bylayer", "linetype": "", "color": "0,0,0,55", "ocolor": 256, "color24": -1, "transparency": 0, "lweight": -1, "linewidth": 0.0, "ltscale": 1.0, "visible": 1, "thickness": 0.0, "ext": null, "height": 4.0000000000000009, "text": "11", "angle": 33.174917728887074, "widthscale": 13.582537148526169, "oblique": 0.0, "style": "style1", "textgen": 1, "alignh": 0, "alignv": 1, "interlin": 1.0 }, "geometry": { "type": "Point", "coordinates": [ -40.358805228303908, -20.428312543165735, 0.0 ] } },
{ "type": "Feature", "properties": { "fid": 9886, "handle": 779274, "block": -1, "etype": 19, "space": 0, "layer": "0", "olinetype": "bylayer", "linetype": "", "color": "0,0,0,55", "ocolor": 256, "color24": -1, "transparency": 0, "lweight": -1, "linewidth": 0.0, "ltscale": 1.0, "visible": 1, "thickness": 0.0, "ext": null, "height": 4.0000000000000009, "text": "13", "angle": 33.174917728887074, "widthscale": 13.582537148526169, "oblique": 0.0, "style": "style1", "textgen": 1, "alignh": 0, "alignv": 1, "interlin": 1.0 }, "geometry": { "type": "Point", "coordinates": [ -40.358727850695232, -20.428268138071164, 0.0 ] } },
{ "type": "Feature", "properties": { "fid": 9887, "handle": 779275, "block": -1, "etype": 19, "space": 0, "layer": "0", "olinetype": "bylayer", "linetype": "", "color": "0,0,0,55", "ocolor": 256, "color24": -1, "transparency": 0, "lweight": -1, "linewidth": 0.0, "ltscale": 1.0, "visible": 1, "thickness": 0.0, "ext": null, "height": 4.0000000000000009, "text": "15", "angle": 33.174917728887074, "widthscale": 13.582537148526169, "oblique": 0.0, "style": "style1", "textgen": 1, "alignh": 0, "alignv": 1, "interlin": 1.0 }, "geometry": { "type": "Point", "coordinates": [ -40.358649609777629, -20.42821515332572, 0.0 ] } },
{ "type": "Feature", "properties": { "fid": 9888, "handle": 779276, "block": -1, "etype": 19, "space": 0, "layer": "0", "olinetype": "bylayer", "linetype": "", "color": "0,0,0,55", "ocolor": 256, "color24": -1, "transparency": 0, "lweight": -1, "linewidth": 0.0, "ltscale": 1.0, "visible": 1, "thickness": 0.0, "ext": null, "height": 4.0000000000000009, "text": "17", "angle": 33.174917728887074, "widthscale": 13.582537148526169, "oblique": 0.0, "style": "style1", "textgen": 1, "alignh": 0, "alignv": 1, "interlin": 1.0 }, "geometry": { "type": "Point", "coordinates": [ -40.358564464252972, -20.42816823358234, 0.0 ] } },
{ "type": "Feature", "properties": { "fid": 9889, "handle": 779277, "block": -1, "etype": 19, "space": 0, "layer": "0", "olinetype": "bylayer", "linetype": "", "color": "0,0,0,55", "ocolor": 256, "color24": -1, "transparency": 0, "lweight": -1, "linewidth": 0.0, "ltscale": 1.0, "visible": 1, "thickness": 0.0, "ext": null, "height": 4.0000000000000009, "text": "21", "angle": 33.174917728887074, "widthscale": 13.582537148526169, "oblique": 0.0, "style": "style1", "textgen": 1, "alignh": 0, "alignv": 1, "interlin": 1.0 }, "geometry": { "type": "Point", "coordinates": [ -40.358199127633128, -20.428041789017076, 0.0 ] } },
{ "type": "Feature", "properties": { "fid": 9890, "handle": 779278, "block": -1, "etype": 19, "space": 0, "layer": "0", "olinetype": "bylayer", "linetype": "", "color": "0,0,0,55", "ocolor": 256, "color24": -1, "transparency": 0, "lweight": -1, "linewidth": 0.0, "ltscale": 1.0, "visible": 1, "thickness": 0.0, "ext": null, "height": 4.0000000000000009, "text": "22", "angle": 33.174917728887074, "widthscale": 13.582537148526169, "oblique": 0.0, "style": "style1", "textgen": 1, "alignh": 0, "alignv": 1, "interlin": 1.0 }, "geometry": { "type": "Point", "coordinates": [ -40.358287862662934, -20.427982962103133, 0.0 ] } },
{ "type": "Feature", "properties": { "fid": 9891, "handle": 779279, "block": -1, "etype": 19, "space": 0, "layer": "0", "olinetype": "bylayer", "linetype": "", "color": "0,0,0,55", "ocolor": 256, "color24": -1, "transparency": 0, "lweight": -1, "linewidth": 0.0, "ltscale": 1.0, "visible": 1, "thickness": 0.0, "ext": null, "height": 4.0000000000000009, "text": "23", "angle": 33.174917728887074, "widthscale": 13.582537148526169, "oblique": 0.0, "style": "style1", "textgen": 1, "alignh": 0, "alignv": 1, "interlin": 1.0 }, "geometry": { "type": "Point", "coordinates": [ -40.35833772367323, -20.427907139417009, 0.0 ] } },
{ "type": "Feature", "properties": { "fid": 9892, "handle": 779280, "block": -1, "etype": 19, "space": 0, "layer": "0", "olinetype": "bylayer", "linetype": "", "color": "0,0,0,55", "ocolor": 256, "color24": -1, "transparency": 0, "lweight": -1, "linewidth": 0.0, "ltscale": 1.0, "visible": 1, "thickness": 0.0, "ext": null, "height": 4.0000000000000009, "text": "24", "angle": 33.174917728887074, "widthscale": 13.582537148526169, "oblique": 0.0, "style": "style1", "textgen": 1, "alignh": 0, "alignv": 1, "interlin": 1.0 }, "geometry": { "type": "Point", "coordinates": [ -40.358394732454705, -20.427837925540292, 0.0 ] } },
{ "type": "Feature", "properties": { "fid": 9893, "handle": 779281, "block": -1, "etype": 19, "space": 0, "layer": "0", "olinetype": "bylayer", "linetype": "", "color": "0,0,0,55", "ocolor": 256, "color24": -1, "transparency": 0, "lweight": -1, "linewidth": 0.0, "ltscale": 1.0, "visible": 1, "thickness": 0.0, "ext": null, "height": 4.0000000000000009, "text": "25", "angle": 33.174917728887074, "widthscale": 13.582537148526169, "oblique": 0.0, "style": "style1", "textgen": 1, "alignh": 0, "alignv": 1, "interlin": 1.0 }, "geometry": { "type": "Point", "coordinates": [ -40.358442919735268, -20.427759960297525, 0.0 ] } },
{ "type": "Feature", "properties": { "fid": 9894, "handle": 779282, "block": -1, "etype": 19, "space": 0, "layer": "0", "olinetype": "bylayer", "linetype": "", "color": "0,0,0,55", "ocolor": 256, "color24": -1, "transparency": 0, "lweight": -1, "linewidth": 0.0, "ltscale": 1.0, "visible": 1, "thickness": 0.0, "ext": null, "height": 4.0000000000000009, "text": "26", "angle": 33.174917728887074, "widthscale": 13.582537148526169, "oblique": 0.0, "style": "style1", "textgen": 1, "alignh": 0, "alignv": 1, "interlin": 1.0 }, "geometry": { "type": "Point", "coordinates": [ -40.358493466007111, -20.427677960489977, 0.0 ] } },
{ "type": "Feature", "properties": { "fid": 9895, "handle": 779283, "block": -1, "etype": 19, "space": 0, "layer": "0", "olinetype": "bylayer", "linetype": "", "color": "0,0,0,55", "ocolor": 256, "color24": -1, "transparency": 0, "lweight": -1, "linewidth": 0.0, "ltscale": 1.0, "visible": 1, "thickness": 0.0, "ext": null, "height": 4.0000000000000009, "text": "16", "angle": 33.174917728887074, "widthscale": 13.582537148526169, "oblique": 0.0, "style": "style1", "textgen": 1, "alignh": 0, "alignv": 1, "interlin": 1.0 }, "geometry": { "type": "Point", "coordinates": [ -40.358816947663279, -20.427978943217809, 0.0 ] } },
{ "type": "Feature", "properties": { "fid": 9896, "handle": 779421, "block": -1, "etype": 19, "space": 0, "layer": "0", "olinetype": "bylayer", "linetype": "", "color": "0,0,0,55", "ocolor": 256, "color24": -1, "transparency": 0, "lweight": -1, "linewidth": 0.0, "ltscale": 1.0, "visible": 1, "thickness": 0.0, "ext": null, "height": 4.0000000000000009, "text": "1", "angle": 33.174917728887074, "widthscale": 13.582537148526169, "oblique": 0.0, "style": "style1", "textgen": 1, "alignh": 0, "alignv": 1, "interlin": 1.0 }, "geometry": { "type": "Point", "coordinates": [ -40.358682348062437, -20.429117587253796, 0.0 ] } },
{ "type": "Feature", "properties": { "fid": 9897, "handle": 779422, "block": -1, "etype": 19, "space": 0, "layer": "0", "olinetype": "bylayer", "linetype": "", "color": "0,0,0,55", "ocolor": 256, "color24": -1, "transparency": 0, "lweight": -1, "linewidth": 0.0, "ltscale": 1.0, "visible": 1, "thickness": 0.0, "ext": null, "height": 4.0000000000000009, "text": "2", "angle": 33.174917728887074, "widthscale": 13.582537148526169, "oblique": 0.0, "style": "style1", "textgen": 1, "alignh": 0, "alignv": 1, "interlin": 1.0 }, "geometry": { "type": "Point", "coordinates": [ -40.35874141633726, -20.429035476417596, 0.0 ] } },
{ "type": "Feature", "properties": { "fid": 9898, "handle": 779423, "block": -1, "etype": 19, "space": 0, "layer": "0", "olinetype": "bylayer", "linetype": "", "color": "0,0,0,55", "ocolor": 256, "color24": -1, "transparency": 0, "lweight": -1, "linewidth": 0.0, "ltscale": 1.0, "visible": 1, "thickness": 0.0, "ext": null, "height": 4.0000000000000009, "text": "3", "angle": 33.174917728887074, "widthscale": 13.582537148526169, "oblique": 0.0, "style": "style1", "textgen": 1, "alignh": 0, "alignv": 1, "interlin": 1.0 }, "geometry": { "type": "Point", "coordinates": [ -40.358798289694974, -20.428961369526661, 0.0 ] } },
{ "type": "Feature", "properties": { "fid": 9899, "handle": 779424, "block": -1, "etype": 19, "space": 0, "layer": "0", "olinetype": "bylayer", "linetype": "", "color": "0,0,0,55", "ocolor": 256, "color24": -1, "transparency": 0, "lweight": -1, "linewidth": 0.0, "ltscale": 1.0, "visible": 1, "thickness": 0.0, "ext": null, "height": 4.0000000000000009, "text": "4", "angle": 33.174917728887074, "widthscale": 13.582537148526169, "oblique": 0.0, "style": "style1", "textgen": 1, "alignh": 0, "alignv": 1, "interlin": 1.0 }, "geometry": { "type": "Point", "coordinates": [ -40.358850208610399, -20.428891614954694, 0.0 ] } },
{ "type": "Feature", "properties": { "fid": 9900, "handle": 779425, "block": -1, "etype": 19, "space": 0, "layer": "0", "olinetype": "bylayer", "linetype": "", "color": "0,0,0,55", "ocolor": 256, "color24": -1, "transparency": 0, "lweight": -1, "linewidth": 0.0, "ltscale": 1.0, "visible": 1, "thickness": 0.0, "ext": null, "height": 4.0000000000000009, "text": "5", "angle": 33.174917728887074, "widthscale": 13.582537148526169, "oblique": 0.0, "style": "style1", "textgen": 1, "alignh": 0, "alignv": 1, "interlin": 1.0 }, "geometry": { "type": "Point", "coordinates": [ -40.35890473151342, -20.428812380031559, 0.0 ] } },
{ "type": "Feature", "properties": { "fid": 9901, "handle": 779426, "block": -1, "etype": 19, "space": 0, "layer": "0", "olinetype": "bylayer", "linetype": "", "color": "0,0,0,55", "ocolor": 256, "color24": -1, "transparency": 0, "lweight": -1, "linewidth": 0.0, "ltscale": 1.0, "visible": 1, "thickness": 0.0, "ext": null, "height": 4.0000000000000009, "text": "6", "angle": 33.174917728887074, "widthscale": 13.582537148526169, "oblique": 0.0, "style": "style1", "textgen": 1, "alignh": 0, "alignv": 1, "interlin": 1.0 }, "geometry": { "type": "Point", "coordinates": [ -40.358951541096062, -20.428735810493407, 0.0 ] } },
{ "type": "Feature", "properties": { "fid": 9902, "handle": 779427, "block": -1, "etype": 19, "space": 0, "layer": "0", "olinetype": "bylayer", "linetype": "", "color": "0,0,0,55", "ocolor": 256, "color24": -1, "transparency": 0, "lweight": -1, "linewidth": 0.0, "ltscale": 1.0, "visible": 1, "thickness": 0.0, "ext": null, "height": 4.0000000000000009, "text": "8", "angle": 33.174917728887074, "widthscale": 13.582537148526169, "oblique": 0.0, "style": "style1", "textgen": 1, "alignh": 0, "alignv": 1, "interlin": 1.0 }, "geometry": { "type": "Point", "coordinates": [ -40.358751072398654, -20.428714498786366, 0.0 ] } },
{ "type": "Feature", "properties": { "fid": 9903, "handle": 779428, "block": -1, "etype": 19, "space": 0, "layer": "0", "olinetype": "bylayer", "linetype": "", "color": "0,0,0,55", "ocolor": 256, "color24": -1, "transparency": 0, "lweight": -1, "linewidth": 0.0, "ltscale": 1.0, "visible": 1, "thickness": 0.0, "ext": null, "height": 4.0000000000000009, "text": "10", "angle": 33.174917728887074, "widthscale": 13.582537148526169, "oblique": 0.0, "style": "style1", "textgen": 1, "alignh": 0, "alignv": 1, "interlin": 1.0 }, "geometry": { "type": "Point", "coordinates": [ -40.358678705444873, -20.42867282116935, 0.0 ] } },
{ "type": "Feature", "properties": { "fid": 9904, "handle": 779429, "block": -1, "etype": 19, "space": 0, "layer": "0", "olinetype": "bylayer", "linetype": "", "color": "0,0,0,55", "ocolor": 256, "color24": -1, "transparency": 0, "lweight": -1, "linewidth": 0.0, "ltscale": 1.0, "visible": 1, "thickness": 0.0, "ext": null, "height": 4.0000000000000009, "text": "12", "angle": 33.174917728887074, "widthscale": 13.582537148526169, "oblique": 0.0, "style": "style1", "textgen": 1, "alignh": 0, "alignv": 1, "interlin": 1.0 }, "geometry": { "type": "Point", "coordinates": [ -40.358602386370805, -20.428621011666127, 0.0 ] } },
{ "type": "Feature", "properties": { "fid": 9905, "handle": 779430, "block": -1, "etype": 19, "space": 0, "layer": "0", "olinetype": "bylayer", "linetype": "", "color": "0,0,0,55", "ocolor": 256, "color24": -1, "transparency": 0, "lweight": -1, "linewidth": 0.0, "ltscale": 1.0, "visible": 1, "thickness": 0.0, "ext": null, "height": 4.0000000000000009, "text": "14", "angle": 33.174917728887074, "widthscale": 13.582537148526169, "oblique": 0.0, "style": "style1", "textgen": 1, "alignh": 0, "alignv": 1, "interlin": 1.0 }, "geometry": { "type": "Point", "coordinates": [ -40.358524252879164, -20.428575807848794, 0.0 ] } },
{ "type": "Feature", "properties": { "fid": 9906, "handle": 779431, "block": -1, "etype": 19, "space": 0, "layer": "0", "olinetype": "bylayer", "linetype": "", "color": "0,0,0,55", "ocolor": 256, "color24": -1, "transparency": 0, "lweight": -1, "linewidth": 0.0, "ltscale": 1.0, "visible": 1, "thickness": 0.0, "ext": null, "height": 4.0000000000000009, "text": "18", "angle": 33.174917728887074, "widthscale": 13.582537148526169, "oblique": 0.0, "style": "style1", "textgen": 1, "alignh": 0, "alignv": 1, "interlin": 1.0 }, "geometry": { "type": "Point", "coordinates": [ -40.358353853866589, -20.428474187175901, 0.0 ] } },
{ "type": "Feature", "properties": { "fid": 9907, "handle": 779432, "block": -1, "etype": 19, "space": 0, "layer": "0", "olinetype": "bylayer", "linetype": "", "color": "0,0,0,55", "ocolor": 256, "color24": -1, "transparency": 0, "lweight": -1, "linewidth": 0.0, "ltscale": 1.0, "visible": 1, "thickness": 0.0, "ext": null, "height": 4.0000000000000009, "text": "20", "angle": 33.174917728887074, "widthscale": 13.582537148526169, "oblique": 0.0, "style": "style1", "textgen": 1, "alignh": 0, "alignv": 1, "interlin": 1.0 }, "geometry": { "type": "Point", "coordinates": [ -40.358262265194206, -20.4284207557996, 0.0 ] } },
{ "type": "Feature", "properties": { "fid": 9908, "handle": 779433, "block": -1, "etype": 19, "space": 0, "layer": "0", "olinetype": "bylayer", "linetype": "", "color": "0,0,0,55", "ocolor": 256, "color24": -1, "transparency": 0, "lweight": -1, "linewidth": 0.0, "ltscale": 1.0, "visible": 1, "thickness": 0.0, "ext": null, "height": 4.0000000000000009, "text": "19", "angle": 33.174917728887074, "widthscale": 13.582537148526169, "oblique": 0.0, "style": "style1", "textgen": 1, "alignh": 0, "alignv": 1, "interlin": 1.0 }, "geometry": { "type": "Point", "coordinates": [ -40.358089482441656, -20.428652005261942, 0.0 ] } },
{ "type": "Feature", "properties": { "fid": 9909, "handle": 779434, "block": -1, "etype": 19, "space": 0, "layer": "0", "olinetype": "bylayer", "linetype": "", "color": "0,0,0,55", "ocolor": 256, "color24": -1, "transparency": 0, "lweight": -1, "linewidth": 0.0, "ltscale": 1.0, "visible": 1, "thickness": 0.0, "ext": null, "height": 4.0000000000000009, "text": "7", "angle": 33.174917728887074, "widthscale": 13.582537148526169, "oblique": 0.0, "style": "style1", "textgen": 1, "alignh": 0, "alignv": 1, "interlin": 1.0 }, "geometry": { "type": "Point", "coordinates": [ -40.358587901082196, -20.428951625415849, 0.0 ] } },
{ "type": "Feature", "properties": { "fid": 9910, "handle": 779435, "block": -1, "etype": 19, "space": 0, "layer": "0", "olinetype": "bylayer", "linetype": "", "color": "0,0,0,55", "ocolor": 256, "color24": -1, "transparency": 0, "lweight": -1, "linewidth": 0.0, "ltscale": 1.0, "visible": 1, "thickness": 0.0, "ext": null, "height": 4.0000000000000009, "text": "9", "angle": 33.174917728887074, "widthscale": 13.582537148526169, "oblique": 0.0, "style": "style1", "textgen": 1, "alignh": 0, "alignv": 1, "interlin": 1.0 }, "geometry": { "type": "Point", "coordinates": [ -40.358504569732794, -20.428898100010755, 0.0 ] } },
{ "type": "Feature", "properties": { "fid": 9911, "handle": 779436, "block": -1, "etype": 19, "space": 0, "layer": "0", "olinetype": "bylayer", "linetype": "", "color": "0,0,0,55", "ocolor": 256, "color24": -1, "transparency": 0, "lweight": -1, "linewidth": 0.0, "ltscale": 1.0, "visible": 1, "thickness": 0.0, "ext": null, "height": 4.0000000000000009, "text": "11", "angle": 33.174917728887074, "widthscale": 13.582537148526169, "oblique": 0.0, "style": "style1", "textgen": 1, "alignh": 0, "alignv": 1, "interlin": 1.0 }, "geometry": { "type": "Point", "coordinates": [ -40.358422591715367, -20.428850545455511, 0.0 ] } },
{ "type": "Feature", "properties": { "fid": 9912, "handle": 779437, "block": -1, "etype": 19, "space": 0, "layer": "0", "olinetype": "bylayer", "linetype": "", "color": "0,0,0,55", "ocolor": 256, "color24": -1, "transparency": 0, "lweight": -1, "linewidth": 0.0, "ltscale": 1.0, "visible": 1, "thickness": 0.0, "ext": null, "height": 4.0000000000000009, "text": "13", "angle": 33.174917728887074, "widthscale": 13.582537148526169, "oblique": 0.0, "style": "style1", "textgen": 1, "alignh": 0, "alignv": 1, "interlin": 1.0 }, "geometry": { "type": "Point", "coordinates": [ -40.358353500055323, -20.428816013900175, 0.0 ] } },
{ "type": "Feature", "properties": { "fid": 9913, "handle": 779438, "block": -1, "etype": 19, "space": 0, "layer": "0", "olinetype": "bylayer", "linetype": "", "color": "0,0,0,55", "ocolor": 256, "color24": -1, "transparency": 0, "lweight": -1, "linewidth": 0.0, "ltscale": 1.0, "visible": 1, "thickness": 0.0, "ext": null, "height": 4.0000000000000009, "text": "15", "angle": 33.174917728887074, "widthscale": 13.582537148526169, "oblique": 0.0, "style": "style1", "textgen": 1, "alignh": 0, "alignv": 1, "interlin": 1.0 }, "geometry": { "type": "Point", "coordinates": [ -40.35827525896616, -20.428763028998087, 0.0 ] } },
{ "type": "Feature", "properties": { "fid": 9914, "handle": 779439, "block": -1, "etype": 19, "space": 0, "layer": "0", "olinetype": "bylayer", "linetype": "", "color": "0,0,0,55", "ocolor": 256, "color24": -1, "transparency": 0, "lweight": -1, "linewidth": 0.0, "ltscale": 1.0, "visible": 1, "thickness": 0.0, "ext": null, "height": 4.0000000000000009, "text": "17", "angle": 33.174917728887074, "widthscale": 13.582537148526169, "oblique": 0.0, "style": "style1", "textgen": 1, "alignh": 0, "alignv": 1, "interlin": 1.0 }, "geometry": { "type": "Point", "coordinates": [ -40.35819011323121, -20.428716109085091, 0.0 ] } },
{ "type": "Feature", "properties": { "fid": 9915, "handle": 779440, "block": -1, "etype": 19, "space": 0, "layer": "0", "olinetype": "bylayer", "linetype": "", "color": "0,0,0,55", "ocolor": 256, "color24": -1, "transparency": 0, "lweight": -1, "linewidth": 0.0, "ltscale": 1.0, "visible": 1, "thickness": 0.0, "ext": null, "height": 4.0000000000000009, "text": "21", "angle": 33.174917728887074, "widthscale": 13.582537148526169, "oblique": 0.0, "style": "style1", "textgen": 1, "alignh": 0, "alignv": 1, "interlin": 1.0 }, "geometry": { "type": "Point", "coordinates": [ -40.357856933649664, -20.428609327391126, 0.0 ] } },
{ "type": "Feature", "properties": { "fid": 9916, "handle": 779441, "block": -1, "etype": 19, "space": 0, "layer": "0", "olinetype": "bylayer", "linetype": "", "color": "0,0,0,55", "ocolor": 256, "color24": -1, "transparency": 0, "lweight": -1, "linewidth": 0.0, "ltscale": 1.0, "visible": 1, "thickness": 0.0, "ext": null, "height": 4.0000000000000009, "text": "22", "angle": 33.174917728887074, "widthscale": 13.582537148526169, "oblique": 0.0, "style": "style1", "textgen": 1, "alignh": 0, "alignv": 1, "interlin": 1.0 }, "geometry": { "type": "Point", "coordinates": [ -40.357913511030176, -20.428530837052364, 0.0 ] } },
{ "type": "Feature", "properties": { "fid": 9917, "handle": 779442, "block": -1, "etype": 19, "space": 0, "layer": "0", "olinetype": "bylayer", "linetype": "", "color": "0,0,0,55", "ocolor": 256, "color24": -1, "transparency": 0, "lweight": -1, "linewidth": 0.0, "ltscale": 1.0, "visible": 1, "thickness": 0.0, "ext": null, "height": 4.0000000000000009, "text": "23", "angle": 33.174917728887074, "widthscale": 13.582537148526169, "oblique": 0.0, "style": "style1", "textgen": 1, "alignh": 0, "alignv": 1, "interlin": 1.0 }, "geometry": { "type": "Point", "coordinates": [ -40.35796337239038, -20.428455014457661, 0.0 ] } },
{ "type": "Feature", "properties": { "fid": 9918, "handle": 779443, "block": -1, "etype": 19, "space": 0, "layer": "0", "olinetype": "bylayer", "linetype": "", "color": "0,0,0,55", "ocolor": 256, "color24": -1, "transparency": 0, "lweight": -1, "linewidth": 0.0, "ltscale": 1.0, "visible": 1, "thickness": 0.0, "ext": null, "height": 4.0000000000000009, "text": "24", "angle": 33.174917728887074, "widthscale": 13.582537148526169, "oblique": 0.0, "style": "style1", "textgen": 1, "alignh": 0, "alignv": 1, "interlin": 1.0 }, "geometry": { "type": "Point", "coordinates": [ -40.358020381533507, -20.428385800686954, 0.0 ] } },
{ "type": "Feature", "properties": { "fid": 9919, "handle": 779444, "block": -1, "etype": 19, "space": 0, "layer": "0", "olinetype": "bylayer", "linetype": "", "color": "0,0,0,55", "ocolor": 256, "color24": -1, "transparency": 0, "lweight": -1, "linewidth": 0.0, "ltscale": 1.0, "visible": 1, "thickness": 0.0, "ext": null, "height": 4.0000000000000009, "text": "25", "angle": 33.174917728887074, "widthscale": 13.582537148526169, "oblique": 0.0, "style": "style1", "textgen": 1, "alignh": 0, "alignv": 1, "interlin": 1.0 }, "geometry": { "type": "Point", "coordinates": [ -40.358068569162512, -20.428307835532284, 0.0 ] } },
{ "type": "Feature", "properties": { "fid": 9920, "handle": 779445, "block": -1, "etype": 19, "space": 0, "layer": "0", "olinetype": "bylayer", "linetype": "", "color": "0,0,0,55", "ocolor": 256, "color24": -1, "transparency": 0, "lweight": -1, "linewidth": 0.0, "ltscale": 1.0, "visible": 1, "thickness": 0.0, "ext": null, "height": 4.0000000000000009, "text": "26", "angle": 33.174917728887074, "widthscale": 13.582537148526169, "oblique": 0.0, "style": "style1", "textgen": 1, "alignh": 0, "alignv": 1, "interlin": 1.0 }, "geometry": { "type": "Point", "coordinates": [ -40.358119115800299, -20.428225835817098, 0.0 ] } },
{ "type": "Feature", "properties": { "fid": 9921, "handle": 779446, "block": -1, "etype": 19, "space": 0, "layer": "0", "olinetype": "bylayer", "linetype": "", "color": "0,0,0,55", "ocolor": 256, "color24": -1, "transparency": 0, "lweight": -1, "linewidth": 0.0, "ltscale": 1.0, "visible": 1, "thickness": 0.0, "ext": null, "height": 4.0000000000000009, "text": "16", "angle": 33.174917728887074, "widthscale": 13.582537148526169, "oblique": 0.0, "style": "style1", "textgen": 1, "alignh": 0, "alignv": 1, "interlin": 1.0 }, "geometry": { "type": "Point", "coordinates": [ -40.358442597985956, -20.428526819198655, 0.0 ] } },
{ "type": "Feature", "properties": { "fid": 9922, "handle": 779490, "block": -1, "etype": 19, "space": 0, "layer": "0", "olinetype": "byblock", "linetype": "", "color": "0,0,0,55", "ocolor": 256, "color24": -1, "transparency": 0, "lweight": -1, "linewidth": 0.0, "ltscale": 1.0, "visible": 1, "thickness": 0.0, "ext": null, "height": 4.0000000000000009, "text": "1", "angle": 39.729368083596583, "widthscale": 13.582537148526169, "oblique": 0.0, "style": "style1", "textgen": 1, "alignh": 0, "alignv": 1, "interlin": 1.0 }, "geometry": { "type": "Point", "coordinates": [ -40.358560968327652, -20.421998416752537, 0.0 ] } },
{ "type": "Feature", "properties": { "fid": 9923, "handle": 779491, "block": -1, "etype": 19, "space": 0, "layer": "0", "olinetype": "byblock", "linetype": "", "color": "0,0,0,55", "ocolor": 256, "color24": -1, "transparency": 0, "lweight": -1, "linewidth": 0.0, "ltscale": 1.0, "visible": 1, "thickness": 0.0, "ext": null, "height": 4.0000000000000009, "text": "2", "angle": 39.729368083596583, "widthscale": 13.582537148526169, "oblique": 0.0, "style": "style1", "textgen": 1, "alignh": 0, "alignv": 1, "interlin": 1.0 }, "geometry": { "type": "Point", "coordinates": [ -40.358620037946409, -20.421916304759012, 0.0 ] } },
{ "type": "Feature", "properties": { "fid": 9924, "handle": 779492, "block": -1, "etype": 19, "space": 0, "layer": "0", "olinetype": "byblock", "linetype": "", "color": "0,0,0,55", "ocolor": 256, "color24": -1, "transparency": 0, "lweight": -1, "linewidth": 0.0, "ltscale": 1.0, "visible": 1, "thickness": 0.0, "ext": null, "height": 4.0000000000000009, "text": "3", "angle": 39.729368083596583, "widthscale": 13.582537148526169, "oblique": 0.0, "style": "style1", "textgen": 1, "alignh": 0, "alignv": 1, "interlin": 1.0 }, "geometry": { "type": "Point", "coordinates": [ -40.35867691246267, -20.421842196910145, 0.0 ] } },
{ "type": "Feature", "properties": { "fid": 9925, "handle": 779493, "block": -1, "etype": 19, "space": 0, "layer": "0", "olinetype": "byblock", "linetype": "", "color": "0,0,0,55", "ocolor": 256, "color24": -1, "transparency": 0, "lweight": -1, "linewidth": 0.0, "ltscale": 1.0, "visible": 1, "thickness": 0.0, "ext": null, "height": 4.0000000000000009, "text": "4", "angle": 39.729368083596583, "widthscale": 13.582537148526169, "oblique": 0.0, "style": "style1", "textgen": 1, "alignh": 0, "alignv": 1, "interlin": 1.0 }, "geometry": { "type": "Point", "coordinates": [ -40.358728832493284, -20.421772441397277, 0.0 ] } },
{ "type": "Feature", "properties": { "fid": 9926, "handle": 779494, "block": -1, "etype": 19, "space": 0, "layer": "0", "olinetype": "byblock", "linetype": "", "color": "0,0,0,55", "ocolor": 256, "color24": -1, "transparency": 0, "lweight": -1, "linewidth": 0.0, "ltscale": 1.0, "visible": 1, "thickness": 0.0, "ext": null, "height": 4.0000000000000009, "text": "5", "angle": 39.729368083596583, "widthscale": 13.582537148526169, "oblique": 0.0, "style": "style1", "textgen": 1, "alignh": 0, "alignv": 1, "interlin": 1.0 }, "geometry": { "type": "Point", "coordinates": [ -40.35878335673096, -20.421693205297213, 0.0 ] } },
{ "type": "Feature", "properties": { "fid": 9927, "handle": 779495, "block": -1, "etype": 19, "space": 0, "layer": "0", "olinetype": "byblock", "linetype": "", "color": "0,0,0,55", "ocolor": 256, "color24": -1, "transparency": 0, "lweight": -1, "linewidth": 0.0, "ltscale": 1.0, "visible": 1, "thickness": 0.0, "ext": null, "height": 4.0000000000000009, "text": "6", "angle": 39.729368083596583, "widthscale": 13.582537148526169, "oblique": 0.0, "style": "style1", "textgen": 1, "alignh": 0, "alignv": 1, "interlin": 1.0 }, "geometry": { "type": "Point", "coordinates": [ -40.358830167692986, -20.421616634478919, 0.0 ] } },
{ "type": "Feature", "properties": { "fid": 9928, "handle": 779621, "block": -1, "etype": 19, "space": 0, "layer": "0", "olinetype": "bylayer", "linetype": "", "color": "0,0,0,55", "ocolor": 256, "color24": -1, "transparency": 0, "lweight": -1, "linewidth": 0.0, "ltscale": 1.0, "visible": 1, "thickness": 0.0, "ext": null, "height": 3.9998770775733434, "text": "19", "angle": 39.724848998839548, "widthscale": 13.582119748919551, "oblique": 0.0, "style": "style1", "textgen": 1, "alignh": 0, "alignv": 1, "interlin": 1.0 }, "geometry": { "type": "Point", "coordinates": [ -40.356631997417253, -20.427840472212356, 0.0 ] } },
{ "type": "Feature", "properties": { "fid": 9929, "handle": 779700, "block": -1, "etype": 19, "space": 0, "layer": "0", "olinetype": "bylayer", "linetype": "", "color": "0,0,0,55", "ocolor": 256, "color24": -1, "transparency": 0, "lweight": -1, "linewidth": 0.0, "ltscale": 1.0, "visible": 1, "thickness": 0.0, "ext": null, "height": 4.0105833415715715, "text": "6", "angle": 39.863382240197353, "widthscale": 13.618474306039019, "oblique": 0.0, "style": "style1", "textgen": 1, "alignh": 0, "alignv": 1, "interlin": 1.0 }, "geometry": { "type": "Point", "coordinates": [ -40.357520111443719, -20.427949681587418, 0.0 ] } },
{ "type": "Feature", "properties": { "fid": 9930, "handle": 779701, "block": -1, "etype": 19, "space": 0, "layer": "0", "olinetype": "bylayer", "linetype": "", "color": "0,0,0,55", "ocolor": 256, "color24": -1, "transparency": 0, "lweight": -1, "linewidth": 0.0, "ltscale": 1.0, "visible": 1, "thickness": 0.0, "ext": null, "height": 4.0105833415715715, "text": "8", "angle": 39.863382240197353, "widthscale": 13.618474306039019, "oblique": 0.0, "style": "style1", "textgen": 1, "alignh": 0, "alignv": 1, "interlin": 1.0 }, "geometry": { "type": "Point", "coordinates": [ -40.357447743917781, -20.427908000617098, 0.0 ] } },
{ "type": "Feature", "properties": { "fid": 9931, "handle": 779702, "block": -1, "etype": 19, "space": 0, "layer": "0", "olinetype": "bylayer", "linetype": "", "color": "0,0,0,55", "ocolor": 256, "color24": -1, "transparency": 0, "lweight": -1, "linewidth": 0.0, "ltscale": 1.0, "visible": 1, "thickness": 0.0, "ext": null, "height": 4.0105833415715715, "text": "10", "angle": 39.863382240197353, "widthscale": 13.618474306039019, "oblique": 0.0, "style": "style1", "textgen": 1, "alignh": 0, "alignv": 1, "interlin": 1.0 }, "geometry": { "type": "Point", "coordinates": [ -40.35737142449063, -20.427856187331695, 0.0 ] } },
{ "type": "Feature", "properties": { "fid": 9932, "handle": 779703, "block": -1, "etype": 19, "space": 0, "layer": "0", "olinetype": "bylayer", "linetype": "", "color": "0,0,0,55", "ocolor": 256, "color24": -1, "transparency": 0, "lweight": -1, "linewidth": 0.0, "ltscale": 1.0, "visible": 1, "thickness": 0.0, "ext": null, "height": 4.0105833415715715, "text": "12", "angle": 39.863382240197353, "widthscale": 13.618474306039019, "oblique": 0.0, "style": "style1", "textgen": 1, "alignh": 0, "alignv": 1, "interlin": 1.0 }, "geometry": { "type": "Point", "coordinates": [ -40.357293290387766, -20.427810979887465, 0.0 ] } },
{ "type": "Feature", "properties": { "fid": 9933, "handle": 779704, "block": -1, "etype": 19, "space": 0, "layer": "0", "olinetype": "bylayer", "linetype": "", "color": "0,0,0,55", "ocolor": 256, "color24": -1, "transparency": 0, "lweight": -1, "linewidth": 0.0, "ltscale": 1.0, "visible": 1, "thickness": 0.0, "ext": null, "height": 4.0105833415715715, "text": "18", "angle": 39.863382240197353, "widthscale": 13.618474306039019, "oblique": 0.0, "style": "style1", "textgen": 1, "alignh": 0, "alignv": 1, "interlin": 1.0 }, "geometry": { "type": "Point", "coordinates": [ -40.357122890138967, -20.427709351209817, 0.0 ] } },
{ "type": "Feature", "properties": { "fid": 9934, "handle": 779705, "block": -1, "etype": 19, "space": 0, "layer": "0", "olinetype": "bylayer", "linetype": "", "color": "0,0,0,55", "ocolor": 256, "color24": -1, "transparency": 0, "lweight": -1, "linewidth": 0.0, "ltscale": 1.0, "visible": 1, "thickness": 0.0, "ext": null, "height": 4.0105833415715715, "text": "14", "angle": 39.863382240197353, "widthscale": 13.618474306039019, "oblique": 0.0, "style": "style1", "textgen": 1, "alignh": 0, "alignv": 1, "interlin": 1.0 }, "geometry": { "type": "Point", "coordinates": [ -40.357031300764206, -20.427655915568121, 0.0 ] } },
{ "type": "Feature", "properties": { "fid": 9935, "handle": 779706, "block": -1, "etype": 19, "space": 0, "layer": "0", "olinetype": "bylayer", "linetype": "", "color": "0,0,0,55", "ocolor": 256, "color24": -1, "transparency": 0, "lweight": -1, "linewidth": 0.0, "ltscale": 1.0, "visible": 1, "thickness": 0.0, "ext": null, "height": 4.0105833415715715, "text": "13", "angle": 39.863382240197353, "widthscale": 13.618474306039019, "oblique": 0.0, "style": "style1", "textgen": 1, "alignh": 0, "alignv": 1, "interlin": 1.0 }, "geometry": { "type": "Point", "coordinates": [ -40.356858506105461, -20.427887167373505, 0.0 ] } },
{ "type": "Feature", "properties": { "fid": 9936, "handle": 779707, "block": -1, "etype": 19, "space": 0, "layer": "0", "olinetype": "bylayer", "linetype": "", "color": "0,0,0,55", "ocolor": 256, "color24": -1, "transparency": 0, "lweight": -1, "linewidth": 0.0, "ltscale": 1.0, "visible": 1, "thickness": 0.0, "ext": null, "height": 4.0105833415715715, "text": "5", "angle": 39.863382240197353, "widthscale": 13.618474306039019, "oblique": 0.0, "style": "style1", "textgen": 1, "alignh": 0, "alignv": 1, "interlin": 1.0 }, "geometry": { "type": "Point", "coordinates": [ -40.357356928286087, -20.428186811015962, 0.0 ] } },
{ "type": "Feature", "properties": { "fid": 9937, "handle": 779708, "block": -1, "etype": 19, "space": 0, "layer": "0", "olinetype": "bylayer", "linetype": "", "color": "0,0,0,55", "ocolor": 256, "color24": -1, "transparency": 0, "lweight": -1, "linewidth": 0.0, "ltscale": 1.0, "visible": 1, "thickness": 0.0, "ext": null, "height": 4.0105833415715715, "text": "7", "angle": 39.863382240197353, "widthscale": 13.618474306039019, "oblique": 0.0, "style": "style1", "textgen": 1, "alignh": 0, "alignv": 1, "interlin": 1.0 }, "geometry": { "type": "Point", "coordinates": [ -40.357273596454156, -20.42813328157645, 0.0 ] } },
{ "type": "Feature", "properties": { "fid": 9938, "handle": 779709, "block": -1, "etype": 19, "space": 0, "layer": "0", "olinetype": "bylayer", "linetype": "", "color": "0,0,0,55", "ocolor": 256, "color24": -1, "transparency": 0, "lweight": -1, "linewidth": 0.0, "ltscale": 1.0, "visible": 1, "thickness": 0.0, "ext": null, "height": 4.0105833415715715, "text": "9", "angle": 39.863382240197353, "widthscale": 13.618474306039019, "oblique": 0.0, "style": "style1", "textgen": 1, "alignh": 0, "alignv": 1, "interlin": 1.0 }, "geometry": { "type": "Point", "coordinates": [ -40.357191617799458, -20.428085723211861, 0.0 ] } },
{ "type": "Feature", "properties": { "fid": 9939, "handle": 779710, "block": -1, "etype": 19, "space": 0, "layer": "0", "olinetype": "bylayer", "linetype": "", "color": "0,0,0,55", "ocolor": 256, "color24": -1, "transparency": 0, "lweight": -1, "linewidth": 0.0, "ltscale": 1.0, "visible": 1, "thickness": 0.0, "ext": null, "height": 4.0105833415715715, "text": "11", "angle": 39.863382240197353, "widthscale": 13.618474306039019, "oblique": 0.0, "style": "style1", "textgen": 1, "alignh": 0, "alignv": 1, "interlin": 1.0 }, "geometry": { "type": "Point", "coordinates": [ -40.357122525425545, -20.428051188619598, 0.0 ] } },
{ "type": "Feature", "properties": { "fid": 9940, "handle": 779711, "block": -1, "etype": 19, "space": 0, "layer": "0", "olinetype": "bylayer", "linetype": "", "color": "0,0,0,55", "ocolor": 256, "color24": -1, "transparency": 0, "lweight": -1, "linewidth": 0.0, "ltscale": 1.0, "visible": 1, "thickness": 0.0, "ext": null, "height": 4.0105833415715715, "text": "15", "angle": 39.863382240197353, "widthscale": 13.618474306039019, "oblique": 0.0, "style": "style1", "textgen": 1, "alignh": 0, "alignv": 1, "interlin": 1.0 }, "geometry": { "type": "Point", "coordinates": [ -40.357044283970311, -20.427998199844158, 0.0 ] } },
{ "type": "Feature", "properties": { "fid": 9941, "handle": 779712, "block": -1, "etype": 19, "space": 0, "layer": "0", "olinetype": "bylayer", "linetype": "", "color": "0,0,0,55", "ocolor": 256, "color24": -1, "transparency": 0, "lweight": -1, "linewidth": 0.0, "ltscale": 1.0, "visible": 1, "thickness": 0.0, "ext": null, "height": 4.0105833415715715, "text": "17", "angle": 39.863382240197353, "widthscale": 13.618474306039019, "oblique": 0.0, "style": "style1", "textgen": 1, "alignh": 0, "alignv": 1, "interlin": 1.0 }, "geometry": { "type": "Point", "coordinates": [ -40.356959137494712, -20.427951276051996, 0.0 ] } },
{ "type": "Feature", "properties": { "fid": 9942, "handle": 779713, "block": -1, "etype": 19, "space": 0, "layer": "0", "olinetype": "bylayer", "linetype": "", "color": "0,0,0,55", "ocolor": 256, "color24": -1, "transparency": 0, "lweight": -1, "linewidth": 0.0, "ltscale": 1.0, "visible": 1, "thickness": 0.0, "ext": null, "height": 4.0105833415715715, "text": "20", "angle": 39.863382240197353, "widthscale": 13.618474306039019, "oblique": 0.0, "style": "style1", "textgen": 1, "alignh": 0, "alignv": 1, "interlin": 1.0 }, "geometry": { "type": "Point", "coordinates": [ -40.356733729591802, -20.427734597204669, 0.0 ] } },
{ "type": "Feature", "properties": { "fid": 9943, "handle": 779714, "block": -1, "etype": 19, "space": 0, "layer": "0", "olinetype": "bylayer", "linetype": "", "color": "0,0,0,55", "ocolor": 256, "color24": -1, "transparency": 0, "lweight": -1, "linewidth": 0.0, "ltscale": 1.0, "visible": 1, "thickness": 0.0, "ext": null, "height": 4.0105833415715715, "text": "21", "angle": 39.863382240197353, "widthscale": 13.618474306039019, "oblique": 0.0, "style": "style1", "textgen": 1, "alignh": 0, "alignv": 1, "interlin": 1.0 }, "geometry": { "type": "Point", "coordinates": [ -40.356809526827391, -20.427604965017039, 0.0 ] } },
{ "type": "Feature", "properties": { "fid": 9944, "handle": 779715, "block": -1, "etype": 19, "space": 0, "layer": "0", "olinetype": "bylayer", "linetype": "", "color": "0,0,0,55", "ocolor": 256, "color24": -1, "transparency": 0, "lweight": -1, "linewidth": 0.0, "ltscale": 1.0, "visible": 1, "thickness": 0.0, "ext": null, "height": 4.0105833415715715, "text": "22", "angle": 39.863382240197353, "widthscale": 13.618474306039019, "oblique": 0.0, "style": "style1", "textgen": 1, "alignh": 0, "alignv": 1, "interlin": 1.0 }, "geometry": { "type": "Point", "coordinates": [ -40.356878974903132, -20.427501555104847, 0.0 ] } },
{ "type": "Feature", "properties": { "fid": 9945, "handle": 779716, "block": -1, "etype": 19, "space": 0, "layer": "0", "olinetype": "bylayer", "linetype": "", "color": "0,0,0,55", "ocolor": 256, "color24": -1, "transparency": 0, "lweight": -1, "linewidth": 0.0, "ltscale": 1.0, "visible": 1, "thickness": 0.0, "ext": null, "height": 4.0105833415715715, "text": "3", "angle": 39.863382240197353, "widthscale": 13.618474306039019, "oblique": 0.0, "style": "style1", "textgen": 1, "alignh": 0, "alignv": 1, "interlin": 1.0 }, "geometry": { "type": "Point", "coordinates": [ -40.357656383592037, -20.42813772336531, 0.0 ] } },
{ "type": "Feature", "properties": { "fid": 9946, "handle": 779717, "block": -1, "etype": 19, "space": 0, "layer": "0", "olinetype": "bylayer", "linetype": "", "color": "0,0,0,55", "ocolor": 256, "color24": -1, "transparency": 0, "lweight": -1, "linewidth": 0.0, "ltscale": 1.0, "visible": 1, "thickness": 0.0, "ext": null, "height": 4.0105833415715715, "text": "4", "angle": 39.863382240197353, "widthscale": 13.618474306039019, "oblique": 0.0, "style": "style1", "textgen": 1, "alignh": 0, "alignv": 1, "interlin": 1.0 }, "geometry": { "type": "Point", "coordinates": [ -40.357728720657335, -20.428013312103783, 0.0 ] } },
{ "type": "Feature", "properties": { "fid": 9947, "handle": 779718, "block": -1, "etype": 19, "space": 0, "layer": "0", "olinetype": "bylayer", "linetype": "", "color": "0,0,0,55", "ocolor": 256, "color24": -1, "transparency": 0, "lweight": -1, "linewidth": 0.0, "ltscale": 1.0, "visible": 1, "thickness": 0.0, "ext": null, "height": 4.0105833415715715, "text": "16", "angle": 39.863382240197353, "widthscale": 13.618474306039019, "oblique": 0.0, "style": "style1", "textgen": 1, "alignh": 0, "alignv": 1, "interlin": 1.0 }, "geometry": { "type": "Point", "coordinates": [ -40.357211634911465, -20.427761987392344, 0.0 ] } },
{ "type": "Feature", "properties": { "fid": 9948, "handle": 779719, "block": -1, "etype": 19, "space": 0, "layer": "0", "olinetype": "bylayer", "linetype": "", "color": "0,0,0,55", "ocolor": 256, "color24": -1, "transparency": 0, "lweight": -1, "linewidth": 0.0, "ltscale": 1.0, "visible": 1, "thickness": 0.0, "ext": null, "height": 4.0105833415715715, "text": "2", "angle": 39.863382240197353, "widthscale": 13.618474306039019, "oblique": 0.0, "style": "style1", "textgen": 1, "alignh": 0, "alignv": 1, "interlin": 1.0 }, "geometry": { "type": "Point", "coordinates": [ -40.35756593544, -20.428248602862094, 0.0 ] } },
{ "type": "Feature", "properties": { "fid": 9949, "handle": 779720, "block": -1, "etype": 19, "space": 0, "layer": "0", "olinetype": "bylayer", "linetype": "", "color": "0,0,0,55", "ocolor": 256, "color24": -1, "transparency": 0, "lweight": -1, "linewidth": 0.0, "ltscale": 1.0, "visible": 1, "thickness": 0.0, "ext": null, "height": 4.0105833415715715, "text": "1", "angle": 39.863382240197353, "widthscale": 13.618474306039019, "oblique": 0.0, "style": "style1", "textgen": 1, "alignh": 0, "alignv": 1, "interlin": 1.0 }, "geometry": { "type": "Point", "coordinates": [ -40.357486640784337, -20.428363829782924, 0.0 ] } },
{ "type": "Feature", "properties": { "fid": 9954, "handle": 774014, "block": -1, "etype": 19, "space": 0, "layer": "0", "olinetype": "bylayer", "linetype": "", "color": "0,0,0,55", "ocolor": 256, "color24": -1, "transparency": 0, "lweight": -1, "linewidth": 0.0, "ltscale": 1.0, "visible": 1, "thickness": 0.0, "ext": null, "height": 4.0000000000000009, "text": "1", "angle": 33.174917819707311, "widthscale": 13.582537148526169, "oblique": 0.0, "style": "style1", "textgen": 1, "alignh": 0, "alignv": 1, "interlin": 1.0 }, "geometry": { "type": "Point", "coordinates": [ -40.356283145320972, -20.430072886725352, 0.0 ] } },
{ "type": "Feature", "properties": { "fid": 9955, "handle": 774015, "block": -1, "etype": 19, "space": 0, "layer": "0", "olinetype": "bylayer", "linetype": "", "color": "0,0,0,55", "ocolor": 256, "color24": -1, "transparency": 0, "lweight": -1, "linewidth": 0.0, "ltscale": 1.0, "visible": 1, "thickness": 0.0, "ext": null, "height": 4.0000000000000009, "text": "2", "angle": 33.174917819707311, "widthscale": 13.582537148526169, "oblique": 0.0, "style": "style1", "textgen": 1, "alignh": 0, "alignv": 1, "interlin": 1.0 }, "geometry": { "type": "Point", "coordinates": [ -40.356342215254159, -20.42999077661965, 0.0 ] } },
{ "type": "Feature", "properties": { "fid": 9956, "handle": 774016, "block": -1, "etype": 19, "space": 0, "layer": "0", "olinetype": "bylayer", "linetype": "", "color": "0,0,0,55", "ocolor": 256, "color24": -1, "transparency": 0, "lweight": -1, "linewidth": 0.0, "ltscale": 1.0, "visible": 1, "thickness": 0.0, "ext": null, "height": 4.0000000000000009, "text": "3", "angle": 33.174917819707311, "widthscale": 13.582537148526169, "oblique": 0.0, "style": "style1", "textgen": 1, "alignh": 0, "alignv": 1, "interlin": 1.0 }, "geometry": { "type": "Point", "coordinates": [ -40.356399090133685, -20.429916670435937, 0.0 ] } },
{ "type": "Feature", "properties": { "fid": 9957, "handle": 774017, "block": -1, "etype": 19, "space": 0, "layer": "0", "olinetype": "bylayer", "linetype": "", "color": "0,0,0,55", "ocolor": 256, "color24": -1, "transparency": 0, "lweight": -1, "linewidth": 0.0, "ltscale": 1.0, "visible": 1, "thickness": 0.0, "ext": null, "height": 4.0000000000000009, "text": "4", "angle": 33.174917819707311, "widthscale": 13.582537148526169, "oblique": 0.0, "style": "style1", "textgen": 1, "alignh": 0, "alignv": 1, "interlin": 1.0 }, "geometry": { "type": "Point", "coordinates": [ -40.35645101047016, -20.429846916507923, 0.0 ] } },
{ "type": "Feature", "properties": { "fid": 9958, "handle": 774018, "block": -1, "etype": 19, "space": 0, "layer": "0", "olinetype": "bylayer", "linetype": "", "color": "0,0,0,55", "ocolor": 256, "color24": -1, "transparency": 0, "lweight": -1, "linewidth": 0.0, "ltscale": 1.0, "visible": 1, "thickness": 0.0, "ext": null, "height": 4.0000000000000009, "text": "5", "angle": 33.174917819707311, "widthscale": 13.582537148526169, "oblique": 0.0, "style": "style1", "textgen": 1, "alignh": 0, "alignv": 1, "interlin": 1.0 }, "geometry": { "type": "Point", "coordinates": [ -40.356505534955957, -20.429767682256411, 0.0 ] } },
{ "type": "Feature", "properties": { "fid": 9959, "handle": 774019, "block": -1, "etype": 19, "space": 0, "layer": "0", "olinetype": "bylayer", "linetype": "", "color": "0,0,0,55", "ocolor": 256, "color24": -1, "transparency": 0, "lweight": -1, "linewidth": 0.0, "ltscale": 1.0, "visible": 1, "thickness": 0.0, "ext": null, "height": 4.0000000000000009, "text": "6", "angle": 33.174917819707311, "widthscale": 13.582537148526169, "oblique": 0.0, "style": "style1", "textgen": 1, "alignh": 0, "alignv": 1, "interlin": 1.0 }, "geometry": { "type": "Point", "coordinates": [ -40.35655234602666, -20.429691113288307, 0.0 ] } },
{ "type": "Feature", "properties": { "fid": 9960, "handle": 774020, "block": -1, "etype": 19, "space": 0, "layer": "0", "olinetype": "bylayer", "linetype": "", "color": "0,0,0,55", "ocolor": 256, "color24": -1, "transparency": 0, "lweight": -1, "linewidth": 0.0, "ltscale": 1.0, "visible": 1, "thickness": 0.0, "ext": null, "height": 4.0000000000000009, "text": "8", "angle": 33.174917819707311, "widthscale": 13.582537148526169, "oblique": 0.0, "style": "style1", "textgen": 1, "alignh": 0, "alignv": 1, "interlin": 1.0 }, "geometry": { "type": "Point", "coordinates": [ -40.356342369475698, -20.429663651624594, 0.0 ] } },
{ "type": "Feature", "properties": { "fid": 9961, "handle": 774021, "block": -1, "etype": 19, "space": 0, "layer": "0", "olinetype": "bylayer", "linetype": "", "color": "0,0,0,55", "ocolor": 256, "color24": -1, "transparency": 0, "lweight": -1, "linewidth": 0.0, "ltscale": 1.0, "visible": 1, "thickness": 0.0, "ext": null, "height": 4.0000000000000009, "text": "10", "angle": 33.174917819707311, "widthscale": 13.582537148526169, "oblique": 0.0, "style": "style1", "textgen": 1, "alignh": 0, "alignv": 1, "interlin": 1.0 }, "geometry": { "type": "Point", "coordinates": [ -40.356270002647044, -20.429621972998799, 0.0 ] } },
{ "type": "Feature", "properties": { "fid": 9962, "handle": 774022, "block": -1, "etype": 19, "space": 0, "layer": "0", "olinetype": "bylayer", "linetype": "", "color": "0,0,0,55", "ocolor": 256, "color24": -1, "transparency": 0, "lweight": -1, "linewidth": 0.0, "ltscale": 1.0, "visible": 1, "thickness": 0.0, "ext": null, "height": 4.0000000000000009, "text": "12", "angle": 33.174917819707311, "widthscale": 13.582537148526169, "oblique": 0.0, "style": "style1", "textgen": 1, "alignh": 0, "alignv": 1, "interlin": 1.0 }, "geometry": { "type": "Point", "coordinates": [ -40.356193683824223, -20.429570162425598, 0.0 ] } },
{ "type": "Feature", "properties": { "fid": 9963, "handle": 774023, "block": -1, "etype": 19, "space": 0, "layer": "0", "olinetype": "bylayer", "linetype": "", "color": "0,0,0,55", "ocolor": 256, "color24": -1, "transparency": 0, "lweight": -1, "linewidth": 0.0, "ltscale": 1.0, "visible": 1, "thickness": 0.0, "ext": null, "height": 4.0000000000000009, "text": "14", "angle": 33.174917819707311, "widthscale": 13.582537148526169, "oblique": 0.0, "style": "style1", "textgen": 1, "alignh": 0, "alignv": 1, "interlin": 1.0 }, "geometry": { "type": "Point", "coordinates": [ -40.35611555047079, -20.429524957518957, 0.0 ] } },
{ "type": "Feature", "properties": { "fid": 9964, "handle": 774024, "block": -1, "etype": 19, "space": 0, "layer": "0", "olinetype": "bylayer", "linetype": "", "color": "0,0,0,55", "ocolor": 256, "color24": -1, "transparency": 0, "lweight": -1, "linewidth": 0.0, "ltscale": 1.0, "visible": 1, "thickness": 0.0, "ext": null, "height": 4.0000000000000009, "text": "18", "angle": 33.174917819707311, "widthscale": 13.582537148526169, "oblique": 0.0, "style": "style1", "textgen": 1, "alignh": 0, "alignv": 1, "interlin": 1.0 }, "geometry": { "type": "Point", "coordinates": [ -40.35594515180577, -20.429423334468034, 0.0 ] } },
{ "type": "Feature", "properties": { "fid": 9965, "handle": 774025, "block": -1, "etype": 19, "space": 0, "layer": "0", "olinetype": "bylayer", "linetype": "", "color": "0,0,0,55", "ocolor": 256, "color24": -1, "transparency": 0, "lweight": -1, "linewidth": 0.0, "ltscale": 1.0, "visible": 1, "thickness": 0.0, "ext": null, "height": 4.0000000000000009, "text": "20", "angle": 33.174917819707311, "widthscale": 13.582537148526169, "oblique": 0.0, "style": "style1", "textgen": 1, "alignh": 0, "alignv": 1, "interlin": 1.0 }, "geometry": { "type": "Point", "coordinates": [ -40.355853563302119, -20.429369901814425, 0.0 ] } },
{ "type": "Feature", "properties": { "fid": 9966, "handle": 774026, "block": -1, "etype": 19, "space": 0, "layer": "0", "olinetype": "bylayer", "linetype": "", "color": "0,0,0,55", "ocolor": 256, "color24": -1, "transparency": 0, "lweight": -1, "linewidth": 0.0, "ltscale": 1.0, "visible": 1, "thickness": 0.0, "ext": null, "height": 4.0000000000000009, "text": "19", "angle": 33.174917819707311, "widthscale": 13.582537148526169, "oblique": 0.0, "style": "style1", "textgen": 1, "alignh": 0, "alignv": 1, "interlin": 1.0 }, "geometry": { "type": "Point", "coordinates": [ -40.355680775825462, -20.429601149124125, 0.0 ] } },
{ "type": "Feature", "properties": { "fid": 9967, "handle": 774027, "block": -1, "etype": 19, "space": 0, "layer": "0", "olinetype": "bylayer", "linetype": "", "color": "0,0,0,55", "ocolor": 256, "color24": -1, "transparency": 0, "lweight": -1, "linewidth": 0.0, "ltscale": 1.0, "visible": 1, "thickness": 0.0, "ext": null, "height": 4.0000000000000009, "text": "7", "angle": 33.174917819707311, "widthscale": 13.582537148526169, "oblique": 0.0, "style": "style1", "textgen": 1, "alignh": 0, "alignv": 1, "interlin": 1.0 }, "geometry": { "type": "Point", "coordinates": [ -40.356179193413226, -20.429900776235705, 0.0 ] } },
{ "type": "Feature", "properties": { "fid": 9968, "handle": 774028, "block": -1, "etype": 19, "space": 0, "layer": "0", "olinetype": "bylayer", "linetype": "", "color": "0,0,0,55", "ocolor": 256, "color24": -1, "transparency": 0, "lweight": -1, "linewidth": 0.0, "ltscale": 1.0, "visible": 1, "thickness": 0.0, "ext": null, "height": 4.0000000000000009, "text": "9", "angle": 33.174917819707311, "widthscale": 13.582537148526169, "oblique": 0.0, "style": "style1", "textgen": 1, "alignh": 0, "alignv": 1, "interlin": 1.0 }, "geometry": { "type": "Point", "coordinates": [ -40.356095862291937, -20.429847249664729, 0.0 ] } },
{ "type": "Feature", "properties": { "fid": 9969, "handle": 774029, "block": -1, "etype": 19, "space": 0, "layer": "0", "olinetype": "bylayer", "linetype": "", "color": "0,0,0,55", "ocolor": 256, "color24": -1, "transparency": 0, "lweight": -1, "linewidth": 0.0, "ltscale": 1.0, "visible": 1, "thickness": 0.0, "ext": null, "height": 4.0000000000000009, "text": "11", "angle": 33.174917819707311, "widthscale": 13.582537148526169, "oblique": 0.0, "style": "style1", "textgen": 1, "alignh": 0, "alignv": 1, "interlin": 1.0 }, "geometry": { "type": "Point", "coordinates": [ -40.356013884421436, -20.429799693966437, 0.0 ] } },
{ "type": "Feature", "properties": { "fid": 9970, "handle": 774030, "block": -1, "etype": 19, "space": 0, "layer": "0", "olinetype": "bylayer", "linetype": "", "color": "0,0,0,55", "ocolor": 256, "color24": -1, "transparency": 0, "lweight": -1, "linewidth": 0.0, "ltscale": 1.0, "visible": 1, "thickness": 0.0, "ext": null, "height": 4.0000000000000009, "text": "13", "angle": 33.174917819707311, "widthscale": 13.582537148526169, "oblique": 0.0, "style": "style1", "textgen": 1, "alignh": 0, "alignv": 1, "interlin": 1.0 }, "geometry": { "type": "Point", "coordinates": [ -40.355944792801004, -20.429765161452018, 0.0 ] } },
{ "type": "Feature", "properties": { "fid": 9971, "handle": 774031, "block": -1, "etype": 19, "space": 0, "layer": "0", "olinetype": "bylayer", "linetype": "", "color": "0,0,0,55", "ocolor": 256, "color24": -1, "transparency": 0, "lweight": -1, "linewidth": 0.0, "ltscale": 1.0, "visible": 1, "thickness": 0.0, "ext": null, "height": 4.0000000000000009, "text": "15", "angle": 33.174917819707311, "widthscale": 13.582537148526169, "oblique": 0.0, "style": "style1", "textgen": 1, "alignh": 0, "alignv": 1, "interlin": 1.0 }, "geometry": { "type": "Point", "coordinates": [ -40.35586655196748, -20.429712175453155, 0.0 ] } },
{ "type": "Feature", "properties": { "fid": 9972, "handle": 774032, "block": -1, "etype": 19, "space": 0, "layer": "0", "olinetype": "bylayer", "linetype": "", "color": "0,0,0,55", "ocolor": 256, "color24": -1, "transparency": 0, "lweight": -1, "linewidth": 0.0, "ltscale": 1.0, "visible": 1, "thickness": 0.0, "ext": null, "height": 4.0000000000000009, "text": "17", "angle": 33.174917819707311, "widthscale": 13.582537148526169, "oblique": 0.0, "style": "style1", "textgen": 1, "alignh": 0, "alignv": 1, "interlin": 1.0 }, "geometry": { "type": "Point", "coordinates": [ -40.355781406347617, -20.429665254354859, 0.0 ] } },
{ "type": "Feature", "properties": { "fid": 9973, "handle": 774033, "block": -1, "etype": 19, "space": 0, "layer": "0", "olinetype": "bylayer", "linetype": "", "color": "0,0,0,55", "ocolor": 256, "color24": -1, "transparency": 0, "lweight": -1, "linewidth": 0.0, "ltscale": 1.0, "visible": 1, "thickness": 0.0, "ext": null, "height": 4.0000000000000009, "text": "21", "angle": 33.174917819707311, "widthscale": 13.582537148526169, "oblique": 0.0, "style": "style1", "textgen": 1, "alignh": 0, "alignv": 1, "interlin": 1.0 }, "geometry": { "type": "Point", "coordinates": [ -40.35544822604993, -20.429558468082249, 0.0 ] } },
{ "type": "Feature", "properties": { "fid": 9974, "handle": 774034, "block": -1, "etype": 19, "space": 0, "layer": "0", "olinetype": "bylayer", "linetype": "", "color": "0,0,0,55", "ocolor": 256, "color24": -1, "transparency": 0, "lweight": -1, "linewidth": 0.0, "ltscale": 1.0, "visible": 1, "thickness": 0.0, "ext": null, "height": 4.0000000000000009, "text": "22", "angle": 33.174917819707311, "widthscale": 13.582537148526169, "oblique": 0.0, "style": "style1", "textgen": 1, "alignh": 0, "alignv": 1, "interlin": 1.0 }, "geometry": { "type": "Point", "coordinates": [ -40.355504805019365, -20.429479978446246, 0.0 ] } },
{ "type": "Feature", "properties": { "fid": 9975, "handle": 774035, "block": -1, "etype": 19, "space": 0, "layer": "0", "olinetype": "bylayer", "linetype": "", "color": "0,0,0,55", "ocolor": 256, "color24": -1, "transparency": 0, "lweight": -1, "linewidth": 0.0, "ltscale": 1.0, "visible": 1, "thickness": 0.0, "ext": null, "height": 4.0000000000000009, "text": "23", "angle": 33.174917819707311, "widthscale": 13.582537148526169, "oblique": 0.0, "style": "style1", "textgen": 1, "alignh": 0, "alignv": 1, "interlin": 1.0 }, "geometry": { "type": "Point", "coordinates": [ -40.35555466788086, -20.429404156465758, 0.0 ] } },
{ "type": "Feature", "properties": { "fid": 9976, "handle": 774036, "block": -1, "etype": 19, "space": 0, "layer": "0", "olinetype": "bylayer", "linetype": "", "color": "0,0,0,55", "ocolor": 256, "color24": -1, "transparency": 0, "lweight": -1, "linewidth": 0.0, "ltscale": 1.0, "visible": 1, "thickness": 0.0, "ext": null, "height": 4.0000000000000009, "text": "24", "angle": 33.174917819707311, "widthscale": 13.582537148526169, "oblique": 0.0, "style": "style1", "textgen": 1, "alignh": 0, "alignv": 1, "interlin": 1.0 }, "geometry": { "type": "Point", "coordinates": [ -40.355611678475078, -20.429334943410776, 0.0 ] } },
{ "type": "Feature", "properties": { "fid": 9977, "handle": 774037, "block": -1, "etype": 19, "space": 0, "layer": "0", "olinetype": "bylayer", "linetype": "", "color": "0,0,0,55", "ocolor": 256, "color24": -1, "transparency": 0, "lweight": -1, "linewidth": 0.0, "ltscale": 1.0, "visible": 1, "thickness": 0.0, "ext": null, "height": 4.0000000000000009, "text": "25", "angle": 33.174917819707311, "widthscale": 13.582537148526169, "oblique": 0.0, "style": "style1", "textgen": 1, "alignh": 0, "alignv": 1, "interlin": 1.0 }, "geometry": { "type": "Point", "coordinates": [ -40.355659867626159, -20.429256978846045, 0.0 ] } },
{ "type": "Feature", "properties": { "fid": 9978, "handle": 774038, "block": -1, "etype": 19, "space": 0, "layer": "0", "olinetype": "bylayer", "linetype": "", "color": "0,0,0,55", "ocolor": 256, "color24": -1, "transparency": 0, "lweight": -1, "linewidth": 0.0, "ltscale": 1.0, "visible": 1, "thickness": 0.0, "ext": null, "height": 4.0000000000000009, "text": "26", "angle": 33.174917819707311, "widthscale": 13.582537148526169, "oblique": 0.0, "style": "style1", "textgen": 1, "alignh": 0, "alignv": 1, "interlin": 1.0 }, "geometry": { "type": "Point", "coordinates": [ -40.355710415863832, -20.429174979749504, 0.0 ] } },
{ "type": "Feature", "properties": { "fid": 9979, "handle": 774039, "block": -1, "etype": 19, "space": 0, "layer": "0", "olinetype": "bylayer", "linetype": "", "color": "0,0,0,55", "ocolor": 256, "color24": -1, "transparency": 0, "lweight": -1, "linewidth": 0.0, "ltscale": 1.0, "visible": 1, "thickness": 0.0, "ext": null, "height": 4.0000000000000009, "text": "16", "angle": 33.174917819707311, "widthscale": 13.582537148526169, "oblique": 0.0, "style": "style1", "textgen": 1, "alignh": 0, "alignv": 1, "interlin": 1.0 }, "geometry": { "type": "Point", "coordinates": [ -40.35603389574856, -20.429475967729033, 0.0 ] } },
{ "type": "Feature", "properties": { "fid": 9980, "handle": 774014, "block": -1, "etype": 19, "space": 0, "layer": "0", "olinetype": "bylayer", "linetype": "", "color": "0,0,0,55", "ocolor": 256, "color24": -1, "transparency": 0, "lweight": -1, "linewidth": 0.0, "ltscale": 1.0, "visible": 1, "thickness": 0.0, "ext": null, "height": 4.0000000000000009, "text": "1", "angle": 33.174917819707311, "widthscale": 13.582537148526169, "oblique": 0.0, "style": "style1", "textgen": 1, "alignh": 0, "alignv": 1, "interlin": 1.0 }, "geometry": { "type": "Point", "coordinates": [ -40.355080392950114, -20.429335948804763, 0.0 ] } },
{ "type": "Feature", "properties": { "fid": 9981, "handle": 774015, "block": -1, "etype": 19, "space": 0, "layer": "0", "olinetype": "bylayer", "linetype": "", "color": "0,0,0,55", "ocolor": 256, "color24": -1, "transparency": 0, "lweight": -1, "linewidth": 0.0, "ltscale": 1.0, "visible": 1, "thickness": 0.0, "ext": null, "height": 4.0000000000000009, "text": "2", "angle": 33.174917819707311, "widthscale": 13.582537148526169, "oblique": 0.0, "style": "style1", "textgen": 1, "alignh": 0, "alignv": 1, "interlin": 1.0 }, "geometry": { "type": "Point", "coordinates": [ -40.35513946329116, -20.429253839080378, 0.0 ] } },
{ "type": "Feature", "properties": { "fid": 9982, "handle": 774016, "block": -1, "etype": 19, "space": 0, "layer": "0", "olinetype": "bylayer", "linetype": "", "color": "0,0,0,55", "ocolor": 256, "color24": -1, "transparency": 0, "lweight": -1, "linewidth": 0.0, "ltscale": 1.0, "visible": 1, "thickness": 0.0, "ext": null, "height": 4.0000000000000009, "text": "3", "angle": 33.174917819707311, "widthscale": 13.582537148526169, "oblique": 0.0, "style": "style1", "textgen": 1, "alignh": 0, "alignv": 1, "interlin": 1.0 }, "geometry": { "type": "Point", "coordinates": [ -40.355196338523385, -20.429179733266384, 0.0 ] } },
{ "type": "Feature", "properties": { "fid": 9983, "handle": 774017, "block": -1, "etype": 19, "space": 0, "layer": "0", "olinetype": "bylayer", "linetype": "", "color": "0,0,0,55", "ocolor": 256, "color24": -1, "transparency": 0, "lweight": -1, "linewidth": 0.0, "ltscale": 1.0, "visible": 1, "thickness": 0.0, "ext": null, "height": 4.0000000000000009, "text": "4", "angle": 33.174917819707311, "widthscale": 13.582537148526169, "oblique": 0.0, "style": "style1", "textgen": 1, "alignh": 0, "alignv": 1, "interlin": 1.0 }, "geometry": { "type": "Point", "coordinates": [ -40.355248259198831, -20.429109979674788, 0.0 ] } },
{ "type": "Feature", "properties": { "fid": 9984, "handle": 774018, "block": -1, "etype": 19, "space": 0, "layer": "0", "olinetype": "bylayer", "linetype": "", "color": "0,0,0,55", "ocolor": 256, "color24": -1, "transparency": 0, "lweight": -1, "linewidth": 0.0, "ltscale": 1.0, "visible": 1, "thickness": 0.0, "ext": null, "height": 4.0000000000000009, "text": "5", "angle": 33.174917819707311, "widthscale": 13.582537148526169, "oblique": 0.0, "style": "style1", "textgen": 1, "alignh": 0, "alignv": 1, "interlin": 1.0 }, "geometry": { "type": "Point", "coordinates": [ -40.355302784088927, -20.429030745773446, 0.0 ] } },
{ "type": "Feature", "properties": { "fid": 9985, "handle": 774019, "block": -1, "etype": 19, "space": 0, "layer": "0", "olinetype": "bylayer", "linetype": "", "color": "0,0,0,55", "ocolor": 256, "color24": -1, "transparency": 0, "lweight": -1, "linewidth": 0.0, "ltscale": 1.0, "visible": 1, "thickness": 0.0, "ext": null, "height": 4.0000000000000009, "text": "6", "angle": 33.174917819707311, "widthscale": 13.582537148526169, "oblique": 0.0, "style": "style1", "textgen": 1, "alignh": 0, "alignv": 1, "interlin": 1.0 }, "geometry": { "type": "Point", "coordinates": [ -40.35534959557576, -20.428954177101524, 0.0 ] } },
{ "type": "Feature", "properties": { "fid": 9986, "handle": 774020, "block": -1, "etype": 19, "space": 0, "layer": "0", "olinetype": "bylayer", "linetype": "", "color": "0,0,0,55", "ocolor": 256, "color24": -1, "transparency": 0, "lweight": -1, "linewidth": 0.0, "ltscale": 1.0, "visible": 1, "thickness": 0.0, "ext": null, "height": 4.0000000000000009, "text": "8", "angle": 33.174917819707311, "widthscale": 13.582537148526169, "oblique": 0.0, "style": "style1", "textgen": 1, "alignh": 0, "alignv": 1, "interlin": 1.0 }, "geometry": { "type": "Point", "coordinates": [ -40.355139620155065, -20.428926713915999, 0.0 ] } },
{ "type": "Feature", "properties": { "fid": 9987, "handle": 774021, "block": -1, "etype": 19, "space": 0, "layer": "0", "olinetype": "bylayer", "linetype": "", "color": "0,0,0,55", "ocolor": 256, "color24": -1, "transparency": 0, "lweight": -1, "linewidth": 0.0, "ltscale": 1.0, "visible": 1, "thickness": 0.0, "ext": null, "height": 4.0000000000000009, "text": "10", "angle": 33.174917819707311, "widthscale": 13.582537148526169, "oblique": 0.0, "style": "style1", "textgen": 1, "alignh": 0, "alignv": 1, "interlin": 1.0 }, "geometry": { "type": "Point", "coordinates": [ -40.35506725397623, -20.428885034748951, 0.0 ] } },
{ "type": "Feature", "properties": { "fid": 9988, "handle": 774022, "block": -1, "etype": 19, "space": 0, "layer": "0", "olinetype": "bylayer", "linetype": "", "color": "0,0,0,55", "ocolor": 256, "color24": -1, "transparency": 0, "lweight": -1, "linewidth": 0.0, "ltscale": 1.0, "visible": 1, "thickness": 0.0, "ext": null, "height": 4.0000000000000009, "text": "12", "angle": 33.174917819707311, "widthscale": 13.582537148526169, "oblique": 0.0, "style": "style1", "textgen": 1, "alignh": 0, "alignv": 1, "interlin": 1.0 }, "geometry": { "type": "Point", "coordinates": [ -40.354990935902187, -20.428833223600847, 0.0 ] } },
{ "type": "Feature", "properties": { "fid": 9989, "handle": 774023, "block": -1, "etype": 19, "space": 0, "layer": "0", "olinetype": "bylayer", "linetype": "", "color": "0,0,0,55", "ocolor": 256, "color24": -1, "transparency": 0, "lweight": -1, "linewidth": 0.0, "ltscale": 1.0, "visible": 1, "thickness": 0.0, "ext": null, "height": 4.0000000000000009, "text": "14", "angle": 33.174917819707311, "widthscale": 13.582537148526169, "oblique": 0.0, "style": "style1", "textgen": 1, "alignh": 0, "alignv": 1, "interlin": 1.0 }, "geometry": { "type": "Point", "coordinates": [ -40.354912803252006, -20.42878801810971, 0.0 ] } },
{ "type": "Feature", "properties": { "fid": 9990, "handle": 774024, "block": -1, "etype": 19, "space": 0, "layer": "0", "olinetype": "bylayer", "linetype": "", "color": "0,0,0,55", "ocolor": 256, "color24": -1, "transparency": 0, "lweight": -1, "linewidth": 0.0, "ltscale": 1.0, "visible": 1, "thickness": 0.0, "ext": null, "height": 4.0000000000000009, "text": "18", "angle": 33.174917819707311, "widthscale": 13.582537148526169, "oblique": 0.0, "style": "style1", "textgen": 1, "alignh": 0, "alignv": 1, "interlin": 1.0 }, "geometry": { "type": "Point", "coordinates": [ -40.35474240614522, -20.42868639378252, 0.0 ] } },
{ "type": "Feature", "properties": { "fid": 9991, "handle": 774025, "block": -1, "etype": 19, "space": 0, "layer": "0", "olinetype": "bylayer", "linetype": "", "color": "0,0,0,55", "ocolor": 256, "color24": -1, "transparency": 0, "lweight": -1, "linewidth": 0.0, "ltscale": 1.0, "visible": 1, "thickness": 0.0, "ext": null, "height": 4.0000000000000009, "text": "20", "angle": 33.174917819707311, "widthscale": 13.582537148526169, "oblique": 0.0, "style": "style1", "textgen": 1, "alignh": 0, "alignv": 1, "interlin": 1.0 }, "geometry": { "type": "Point", "coordinates": [ -40.354650818469516, -20.428632960443554, 0.0 ] } },
{ "type": "Feature", "properties": { "fid": 9992, "handle": 774026, "block": -1, "etype": 19, "space": 0, "layer": "0", "olinetype": "bylayer", "linetype": "", "color": "0,0,0,55", "ocolor": 256, "color24": -1, "transparency": 0, "lweight": -1, "linewidth": 0.0, "ltscale": 1.0, "visible": 1, "thickness": 0.0, "ext": null, "height": 4.0000000000000009, "text": "19", "angle": 33.174917819707311, "widthscale": 13.582537148526169, "oblique": 0.0, "style": "style1", "textgen": 1, "alignh": 0, "alignv": 1, "interlin": 1.0 }, "geometry": { "type": "Point", "coordinates": [ -40.354478029872084, -20.428864206633218, 0.0 ] } },
{ "type": "Feature", "properties": { "fid": 9993, "handle": 774027, "block": -1, "etype": 19, "space": 0, "layer": "0", "olinetype": "bylayer", "linetype": "", "color": "0,0,0,55", "ocolor": 256, "color24": -1, "transparency": 0, "lweight": -1, "linewidth": 0.0, "ltscale": 1.0, "visible": 1, "thickness": 0.0, "ext": null, "height": 4.0000000000000009, "text": "7", "angle": 33.174917819707311, "widthscale": 13.582537148526169, "oblique": 0.0, "style": "style1", "textgen": 1, "alignh": 0, "alignv": 1, "interlin": 1.0 }, "geometry": { "type": "Point", "coordinates": [ -40.35497644288268, -20.429163837479141, 0.0 ] } },
{ "type": "Feature", "properties": { "fid": 9994, "handle": 774028, "block": -1, "etype": 19, "space": 0, "layer": "0", "olinetype": "bylayer", "linetype": "", "color": "0,0,0,55", "ocolor": 256, "color24": -1, "transparency": 0, "lweight": -1, "linewidth": 0.0, "ltscale": 1.0, "visible": 1, "thickness": 0.0, "ext": null, "height": 4.0000000000000009, "text": "9", "angle": 33.174917819707311, "widthscale": 13.582537148526169, "oblique": 0.0, "style": "style1", "textgen": 1, "alignh": 0, "alignv": 1, "interlin": 1.0 }, "geometry": { "type": "Point", "coordinates": [ -40.354893112554379, -20.429110310282017, 0.0 ] } },
{ "type": "Feature", "properties": { "fid": 9995, "handle": 774029, "block": -1, "etype": 19, "space": 0, "layer": "0", "olinetype": "bylayer", "linetype": "", "color": "0,0,0,55", "ocolor": 256, "color24": -1, "transparency": 0, "lweight": -1, "linewidth": 0.0, "ltscale": 1.0, "visible": 1, "thickness": 0.0, "ext": null, "height": 4.0000000000000009, "text": "11", "angle": 33.174917819707311, "widthscale": 13.582537148526169, "oblique": 0.0, "style": "style1", "textgen": 1, "alignh": 0, "alignv": 1, "interlin": 1.0 }, "geometry": { "type": "Point", "coordinates": [ -40.354811135422779, -20.429062753970403, 0.0 ] } },
{ "type": "Feature", "properties": { "fid": 9996, "handle": 774030, "block": -1, "etype": 19, "space": 0, "layer": "0", "olinetype": "bylayer", "linetype": "", "color": "0,0,0,55", "ocolor": 256, "color24": -1, "transparency": 0, "lweight": -1, "linewidth": 0.0, "ltscale": 1.0, "visible": 1, "thickness": 0.0, "ext": null, "height": 4.0000000000000009, "text": "13", "angle": 33.174917819707311, "widthscale": 13.582537148526169, "oblique": 0.0, "style": "style1", "textgen": 1, "alignh": 0, "alignv": 1, "interlin": 1.0 }, "geometry": { "type": "Point", "coordinates": [ -40.354742044380259, -20.429028220941969, 0.0 ] } },
{ "type": "Feature", "properties": { "fid": 9997, "handle": 774031, "block": -1, "etype": 19, "space": 0, "layer": "0", "olinetype": "bylayer", "linetype": "", "color": "0,0,0,55", "ocolor": 256, "color24": -1, "transparency": 0, "lweight": -1, "linewidth": 0.0, "ltscale": 1.0, "visible": 1, "thickness": 0.0, "ext": null, "height": 4.0000000000000009, "text": "15", "angle": 33.174917819707311, "widthscale": 13.582537148526169, "oblique": 0.0, "style": "style1", "textgen": 1, "alignh": 0, "alignv": 1, "interlin": 1.0 }, "geometry": { "type": "Point", "coordinates": [ -40.354663804313333, -20.428975234353793, 0.0 ] } },
{ "type": "Feature", "properties": { "fid": 9998, "handle": 774032, "block": -1, "etype": 19, "space": 0, "layer": "0", "olinetype": "bylayer", "linetype": "", "color": "0,0,0,55", "ocolor": 256, "color24": -1, "transparency": 0, "lweight": -1, "linewidth": 0.0, "ltscale": 1.0, "visible": 1, "thickness": 0.0, "ext": null, "height": 4.0000000000000009, "text": "17", "angle": 33.174917819707311, "widthscale": 13.582537148526169, "oblique": 0.0, "style": "style1", "textgen": 1, "alignh": 0, "alignv": 1, "interlin": 1.0 }, "geometry": { "type": "Point", "coordinates": [ -40.354578659440946, -20.428928312619782, 0.0 ] } },
{ "type": "Feature", "properties": { "fid": 9999, "handle": 774033, "block": -1, "etype": 19, "space": 0, "layer": "0", "olinetype": "bylayer", "linetype": "", "color": "0,0,0,55", "ocolor": 256, "color24": -1, "transparency": 0, "lweight": -1, "linewidth": 0.0, "ltscale": 1.0, "visible": 1, "thickness": 0.0, "ext": null, "height": 4.0000000000000009, "text": "21", "angle": 33.174917819707311, "widthscale": 13.582537148526169, "oblique": 0.0, "style": "style1", "textgen": 1, "alignh": 0, "alignv": 1, "interlin": 1.0 }, "geometry": { "type": "Point", "coordinates": [ -40.354245481447499, -20.4288215238996, 0.0 ] } },
{ "type": "Feature", "properties": { "fid": 10000, "handle": 774034, "block": -1, "etype": 19, "space": 0, "layer": "0", "olinetype": "bylayer", "linetype": "", "color": "0,0,0,55", "ocolor": 256, "color24": -1, "transparency": 0, "lweight": -1, "linewidth": 0.0, "ltscale": 1.0, "visible": 1, "thickness": 0.0, "ext": null, "height": 4.0000000000000009, "text": "22", "angle": 33.174917819707311, "widthscale": 13.582537148526169, "oblique": 0.0, "style": "style1", "textgen": 1, "alignh": 0, "alignv": 1, "interlin": 1.0 }, "geometry": { "type": "Point", "coordinates": [ -40.354302060806283, -20.428743034628919, 0.0 ] } },
{ "type": "Feature", "properties": { "fid": 10001, "handle": 774035, "block": -1, "etype": 19, "space": 0, "layer": "0", "olinetype": "bylayer", "linetype": "", "color": "0,0,0,55", "ocolor": 256, "color24": -1, "transparency": 0, "lweight": -1, "linewidth": 0.0, "ltscale": 1.0, "visible": 1, "thickness": 0.0, "ext": null, "height": 4.0000000000000009, "text": "23", "angle": 33.174917819707311, "widthscale": 13.582537148526169, "oblique": 0.0, "style": "style1", "textgen": 1, "alignh": 0, "alignv": 1, "interlin": 1.0 }, "geometry": { "type": "Point", "coordinates": [ -40.35435192406463, -20.428667212966918, 0.0 ] } },
{ "type": "Feature", "properties": { "fid": 10002, "handle": 774036, "block": -1, "etype": 19, "space": 0, "layer": "0", "olinetype": "bylayer", "linetype": "", "color": "0,0,0,55", "ocolor": 256, "color24": -1, "transparency": 0, "lweight": -1, "linewidth": 0.0, "ltscale": 1.0, "visible": 1, "thickness": 0.0, "ext": null, "height": 4.0000000000000009, "text": "24", "angle": 33.174917819707311, "widthscale": 13.582537148526169, "oblique": 0.0, "style": "style1", "textgen": 1, "alignh": 0, "alignv": 1, "interlin": 1.0 }, "geometry": { "type": "Point", "coordinates": [ -40.354408934971381, -20.428598000285177, 0.0 ] } },
{ "type": "Feature", "properties": { "fid": 10003, "handle": 774037, "block": -1, "etype": 19, "space": 0, "layer": "0", "olinetype": "bylayer", "linetype": "", "color": "0,0,0,55", "ocolor": 256, "color24": -1, "transparency": 0, "lweight": -1, "linewidth": 0.0, "ltscale": 1.0, "visible": 1, "thickness": 0.0, "ext": null, "height": 4.0000000000000009, "text": "25", "angle": 33.174917819707311, "widthscale": 13.582537148526169, "oblique": 0.0, "style": "style1", "textgen": 1, "alignh": 0, "alignv": 1, "interlin": 1.0 }, "geometry": { "type": "Point", "coordinates": [ -40.354457124543863, -20.428520036025802, 0.0 ] } },
{ "type": "Feature", "properties": { "fid": 10004, "handle": 774038, "block": -1, "etype": 19, "space": 0, "layer": "0", "olinetype": "bylayer", "linetype": "", "color": "0,0,0,55", "ocolor": 256, "color24": -1, "transparency": 0, "lweight": -1, "linewidth": 0.0, "ltscale": 1.0, "visible": 1, "thickness": 0.0, "ext": null, "height": 4.0000000000000009, "text": "26", "angle": 33.174917819707311, "widthscale": 13.582537148526169, "oblique": 0.0, "style": "style1", "textgen": 1, "alignh": 0, "alignv": 1, "interlin": 1.0 }, "geometry": { "type": "Point", "coordinates": [ -40.354507673225335, -20.428438037249453, 0.0 ] } },
{ "type": "Feature", "properties": { "fid": 10005, "handle": 774039, "block": -1, "etype": 19, "space": 0, "layer": "0", "olinetype": "bylayer", "linetype": "", "color": "0,0,0,55", "ocolor": 256, "color24": -1, "transparency": 0, "lweight": -1, "linewidth": 0.0, "ltscale": 1.0, "visible": 1, "thickness": 0.0, "ext": null, "height": 4.0000000000000009, "text": "16", "angle": 33.174917819707311, "widthscale": 13.582537148526169, "oblique": 0.0, "style": "style1", "textgen": 1, "alignh": 0, "alignv": 1, "interlin": 1.0 }, "geometry": { "type": "Point", "coordinates": [ -40.354831149278844, -20.428739027708051, 0.0 ] } },
{ "type": "Feature", "properties": { "fid": 10006, "handle": 774123, "block": -1, "etype": 19, "space": 0, "layer": "0", "olinetype": "bylayer", "linetype": "", "color": "0,0,0,55", "ocolor": 256, "color24": -1, "transparency": 0, "lweight": -1, "linewidth": 0.0, "ltscale": 1.0, "visible": 1, "thickness": 0.0, "ext": null, "height": 4.0000000000000009, "text": "2", "angle": 33.174917819707318, "widthscale": 13.582537148526169, "oblique": 0.0, "style": "style1", "textgen": 1, "alignh": 0, "alignv": 1, "interlin": 1.0 }, "geometry": { "type": "Point", "coordinates": [ -40.354754741586227, -20.429824973173488, 0.0 ] } },
{ "type": "Feature", "properties": { "fid": 10007, "handle": 774124, "block": -1, "etype": 19, "space": 0, "layer": "0", "olinetype": "bylayer", "linetype": "", "color": "0,0,0,55", "ocolor": 256, "color24": -1, "transparency": 0, "lweight": -1, "linewidth": 0.0, "ltscale": 1.0, "visible": 1, "thickness": 0.0, "ext": null, "height": 4.0000000000000009, "text": "3", "angle": 33.174917819707318, "widthscale": 13.582537148526169, "oblique": 0.0, "style": "style1", "textgen": 1, "alignh": 0, "alignv": 1, "interlin": 1.0 }, "geometry": { "type": "Point", "coordinates": [ -40.354811617203445, -20.429750867467661, 0.0 ] } },
{ "type": "Feature", "properties": { "fid": 10008, "handle": 774125, "block": -1, "etype": 19, "space": 0, "layer": "0", "olinetype": "bylayer", "linetype": "", "color": "0,0,0,55", "ocolor": 256, "color24": -1, "transparency": 0, "lweight": -1, "linewidth": 0.0, "ltscale": 1.0, "visible": 1, "thickness": 0.0, "ext": null, "height": 4.0000000000000009, "text": "4", "angle": 33.174917819707318, "widthscale": 13.582537148526169, "oblique": 0.0, "style": "style1", "textgen": 1, "alignh": 0, "alignv": 1, "interlin": 1.0 }, "geometry": { "type": "Point", "coordinates": [ -40.354863538235115, -20.429681113974652, 0.0 ] } },
{ "type": "Feature", "properties": { "fid": 10009, "handle": 774126, "block": -1, "etype": 19, "space": 0, "layer": "0", "olinetype": "bylayer", "linetype": "", "color": "0,0,0,55", "ocolor": 256, "color24": -1, "transparency": 0, "lweight": -1, "linewidth": 0.0, "ltscale": 1.0, "visible": 1, "thickness": 0.0, "ext": null, "height": 4.0000000000000009, "text": "5", "angle": 33.174917819707318, "widthscale": 13.582537148526169, "oblique": 0.0, "style": "style1", "textgen": 1, "alignh": 0, "alignv": 1, "interlin": 1.0 }, "geometry": { "type": "Point", "coordinates": [ -40.354918063512741, -20.429601880176421, 0.0 ] } },
{ "type": "Feature", "properties": { "fid": 10010, "handle": 774127, "block": -1, "etype": 19, "space": 0, "layer": "0", "olinetype": "bylayer", "linetype": "", "color": "0,0,0,55", "ocolor": 256, "color24": -1, "transparency": 0, "lweight": -1, "linewidth": 0.0, "ltscale": 1.0, "visible": 1, "thickness": 0.0, "ext": null, "height": 4.0000000000000009, "text": "6", "angle": 33.174917819707318, "widthscale": 13.582537148526169, "oblique": 0.0, "style": "style1", "textgen": 1, "alignh": 0, "alignv": 1, "interlin": 1.0 }, "geometry": { "type": "Point", "coordinates": [ -40.354964875351527, -20.42952531159235, 0.0 ] } },
{ "type": "Feature", "properties": { "fid": 10011, "handle": 774128, "block": -1, "etype": 19, "space": 0, "layer": "0", "olinetype": "bylayer", "linetype": "", "color": "0,0,0,55", "ocolor": 256, "color24": -1, "transparency": 0, "lweight": -1, "linewidth": 0.0, "ltscale": 1.0, "visible": 1, "thickness": 0.0, "ext": null, "height": 4.0000000000000009, "text": "8", "angle": 33.174917819707311, "widthscale": 13.582537148526169, "oblique": 0.0, "style": "style1", "textgen": 1, "alignh": 0, "alignv": 1, "interlin": 1.0 }, "geometry": { "type": "Point", "coordinates": [ -40.354760125043342, -20.429503313815903, 0.0 ] } },
{ "type": "Feature", "properties": { "fid": 10012, "handle": 774129, "block": -1, "etype": 19, "space": 0, "layer": "0", "olinetype": "bylayer", "linetype": "", "color": "0,0,0,55", "ocolor": 256, "color24": -1, "transparency": 0, "lweight": -1, "linewidth": 0.0, "ltscale": 1.0, "visible": 1, "thickness": 0.0, "ext": null, "height": 4.0000000000000009, "text": "10", "angle": 33.174917819707311, "widthscale": 13.582537148526169, "oblique": 0.0, "style": "style1", "textgen": 1, "alignh": 0, "alignv": 1, "interlin": 1.0 }, "geometry": { "type": "Point", "coordinates": [ -40.354687758677095, -20.429461634503188, 0.0 ] } },
{ "type": "Feature", "properties": { "fid": 10013, "handle": 774130, "block": -1, "etype": 19, "space": 0, "layer": "0", "olinetype": "bylayer", "linetype": "", "color": "0,0,0,55", "ocolor": 256, "color24": -1, "transparency": 0, "lweight": -1, "linewidth": 0.0, "ltscale": 1.0, "visible": 1, "thickness": 0.0, "ext": null, "height": 4.0000000000000009, "text": "12", "angle": 33.174917819707311, "widthscale": 13.582537148526169, "oblique": 0.0, "style": "style1", "textgen": 1, "alignh": 0, "alignv": 1, "interlin": 1.0 }, "geometry": { "type": "Point", "coordinates": [ -40.354611440422836, -20.429409823200906, 0.0 ] } },
{ "type": "Feature", "properties": { "fid": 10014, "handle": 774131, "block": -1, "etype": 19, "space": 0, "layer": "0", "olinetype": "bylayer", "linetype": "", "color": "0,0,0,55", "ocolor": 256, "color24": -1, "transparency": 0, "lweight": -1, "linewidth": 0.0, "ltscale": 1.0, "visible": 1, "thickness": 0.0, "ext": null, "height": 4.0000000000000009, "text": "14", "angle": 33.174917819707311, "widthscale": 13.582537148526169, "oblique": 0.0, "style": "style1", "textgen": 1, "alignh": 0, "alignv": 1, "interlin": 1.0 }, "geometry": { "type": "Point", "coordinates": [ -40.354533307570797, -20.429364617552491, 0.0 ] } },
{ "type": "Feature", "properties": { "fid": 10015, "handle": 774132, "block": -1, "etype": 19, "space": 0, "layer": "0", "olinetype": "bylayer", "linetype": "", "color": "0,0,0,55", "ocolor": 256, "color24": -1, "transparency": 0, "lweight": -1, "linewidth": 0.0, "ltscale": 1.0, "visible": 1, "thickness": 0.0, "ext": null, "height": 4.0000000000000009, "text": "18", "angle": 33.174917819707311, "widthscale": 13.582537148526169, "oblique": 0.0, "style": "style1", "textgen": 1, "alignh": 0, "alignv": 1, "interlin": 1.0 }, "geometry": { "type": "Point", "coordinates": [ -40.35436291003046, -20.429262992882069, 0.0 ] } },
{ "type": "Feature", "properties": { "fid": 10016, "handle": 774133, "block": -1, "etype": 19, "space": 0, "layer": "0", "olinetype": "bylayer", "linetype": "", "color": "0,0,0,55", "ocolor": 256, "color24": -1, "transparency": 0, "lweight": -1, "linewidth": 0.0, "ltscale": 1.0, "visible": 1, "thickness": 0.0, "ext": null, "height": 4.0000000000000009, "text": "20", "angle": 33.174917819707311, "widthscale": 13.582537148526169, "oblique": 0.0, "style": "style1", "textgen": 1, "alignh": 0, "alignv": 1, "interlin": 1.0 }, "geometry": { "type": "Point", "coordinates": [ -40.354271322119125, -20.429209559358696, 0.0 ] } },
{ "type": "Feature", "properties": { "fid": 10017, "handle": 774134, "block": -1, "etype": 19, "space": 0, "layer": "0", "olinetype": "bylayer", "linetype": "", "color": "0,0,0,55", "ocolor": 256, "color24": -1, "transparency": 0, "lweight": -1, "linewidth": 0.0, "ltscale": 1.0, "visible": 1, "thickness": 0.0, "ext": null, "height": 4.0000000000000009, "text": "19", "angle": 33.174917819707311, "widthscale": 13.582537148526169, "oblique": 0.0, "style": "style1", "textgen": 1, "alignh": 0, "alignv": 1, "interlin": 1.0 }, "geometry": { "type": "Point", "coordinates": [ -40.354098532340856, -20.429440805225042, 0.0 ] } },
{ "type": "Feature", "properties": { "fid": 10018, "handle": 774135, "block": -1, "etype": 19, "space": 0, "layer": "0", "olinetype": "bylayer", "linetype": "", "color": "0,0,0,55", "ocolor": 256, "color24": -1, "transparency": 0, "lweight": -1, "linewidth": 0.0, "ltscale": 1.0, "visible": 1, "thickness": 0.0, "ext": null, "height": 4.0000000000000009, "text": "7", "angle": 33.174917819707311, "widthscale": 13.582537148526169, "oblique": 0.0, "style": "style1", "textgen": 1, "alignh": 0, "alignv": 1, "interlin": 1.0 }, "geometry": { "type": "Point", "coordinates": [ -40.354596946614258, -20.429740437075136, 0.0 ] } },
{ "type": "Feature", "properties": { "fid": 10019, "handle": 774136, "block": -1, "etype": 19, "space": 0, "layer": "0", "olinetype": "bylayer", "linetype": "", "color": "0,0,0,55", "ocolor": 256, "color24": -1, "transparency": 0, "lweight": -1, "linewidth": 0.0, "ltscale": 1.0, "visible": 1, "thickness": 0.0, "ext": null, "height": 4.0000000000000009, "text": "9", "angle": 33.174917819707311, "widthscale": 13.582537148526169, "oblique": 0.0, "style": "style1", "textgen": 1, "alignh": 0, "alignv": 1, "interlin": 1.0 }, "geometry": { "type": "Point", "coordinates": [ -40.354513616082428, -20.429686909709876, 0.0 ] } },
{ "type": "Feature", "properties": { "fid": 10020, "handle": 774137, "block": -1, "etype": 19, "space": 0, "layer": "0", "olinetype": "bylayer", "linetype": "", "color": "0,0,0,55", "ocolor": 256, "color24": -1, "transparency": 0, "lweight": -1, "linewidth": 0.0, "ltscale": 1.0, "visible": 1, "thickness": 0.0, "ext": null, "height": 4.0000000000000009, "text": "11", "angle": 33.174917819707311, "widthscale": 13.582537148526169, "oblique": 0.0, "style": "style1", "textgen": 1, "alignh": 0, "alignv": 1, "interlin": 1.0 }, "geometry": { "type": "Point", "coordinates": [ -40.3544316387393, -20.429639353233213, 0.0 ] } },
{ "type": "Feature", "properties": { "fid": 10021, "handle": 774138, "block": -1, "etype": 19, "space": 0, "layer": "0", "olinetype": "bylayer", "linetype": "", "color": "0,0,0,55", "ocolor": 256, "color24": -1, "transparency": 0, "lweight": -1, "linewidth": 0.0, "ltscale": 1.0, "visible": 1, "thickness": 0.0, "ext": null, "height": 4.0000000000000009, "text": "13", "angle": 33.174917819707311, "widthscale": 13.582537148526169, "oblique": 0.0, "style": "style1", "textgen": 1, "alignh": 0, "alignv": 1, "interlin": 1.0 }, "geometry": { "type": "Point", "coordinates": [ -40.354362547506199, -20.4296048200661, 0.0 ] } },
{ "type": "Feature", "properties": { "fid": 10022, "handle": 774139, "block": -1, "etype": 19, "space": 0, "layer": "0", "olinetype": "bylayer", "linetype": "", "color": "0,0,0,55", "ocolor": 256, "color24": -1, "transparency": 0, "lweight": -1, "linewidth": 0.0, "ltscale": 1.0, "visible": 1, "thickness": 0.0, "ext": null, "height": 4.0000000000000009, "text": "15", "angle": 33.174917819707311, "widthscale": 13.582537148526169, "oblique": 0.0, "style": "style1", "textgen": 1, "alignh": 0, "alignv": 1, "interlin": 1.0 }, "geometry": { "type": "Point", "coordinates": [ -40.35428430725424, -20.429551833319842, 0.0 ] } },
{ "type": "Feature", "properties": { "fid": 10023, "handle": 774140, "block": -1, "etype": 19, "space": 0, "layer": "0", "olinetype": "bylayer", "linetype": "", "color": "0,0,0,55", "ocolor": 256, "color24": -1, "transparency": 0, "lweight": -1, "linewidth": 0.0, "ltscale": 1.0, "visible": 1, "thickness": 0.0, "ext": null, "height": 4.0000000000000009, "text": "17", "angle": 33.174917819707311, "widthscale": 13.582537148526169, "oblique": 0.0, "style": "style1", "textgen": 1, "alignh": 0, "alignv": 1, "interlin": 1.0 }, "geometry": { "type": "Point", "coordinates": [ -40.354199162156668, -20.429504911414607, 0.0 ] } },
{ "type": "Feature", "properties": { "fid": 10024, "handle": 774141, "block": -1, "etype": 19, "space": 0, "layer": "0", "olinetype": "bylayer", "linetype": "", "color": "0,0,0,55", "ocolor": 256, "color24": -1, "transparency": 0, "lweight": -1, "linewidth": 0.0, "ltscale": 1.0, "visible": 1, "thickness": 0.0, "ext": null, "height": 4.0000000000000009, "text": "21", "angle": 33.174917819707311, "widthscale": 13.582537148526169, "oblique": 0.0, "style": "style1", "textgen": 1, "alignh": 0, "alignv": 1, "interlin": 1.0 }, "geometry": { "type": "Point", "coordinates": [ -40.353865983111739, -20.429398122030072, 0.0 ] } },
{ "type": "Feature", "properties": { "fid": 10025, "handle": 774142, "block": -1, "etype": 19, "space": 0, "layer": "0", "olinetype": "bylayer", "linetype": "", "color": "0,0,0,55", "ocolor": 256, "color24": -1, "transparency": 0, "lweight": -1, "linewidth": 0.0, "ltscale": 1.0, "visible": 1, "thickness": 0.0, "ext": null, "height": 4.0000000000000009, "text": "22", "angle": 33.174917819707311, "widthscale": 13.582537148526169, "oblique": 0.0, "style": "style1", "textgen": 1, "alignh": 0, "alignv": 1, "interlin": 1.0 }, "geometry": { "type": "Point", "coordinates": [ -40.353922562863346, -20.429319632865031, 0.0 ] } },
{ "type": "Feature", "properties": { "fid": 10026, "handle": 774143, "block": -1, "etype": 19, "space": 0, "layer": "0", "olinetype": "bylayer", "linetype": "", "color": "0,0,0,55", "ocolor": 256, "color24": -1, "transparency": 0, "lweight": -1, "linewidth": 0.0, "ltscale": 1.0, "visible": 1, "thickness": 0.0, "ext": null, "height": 4.0000000000000009, "text": "23", "angle": 33.174917819707311, "widthscale": 13.582537148526169, "oblique": 0.0, "style": "style1", "textgen": 1, "alignh": 0, "alignv": 1, "interlin": 1.0 }, "geometry": { "type": "Point", "coordinates": [ -40.353972426482599, -20.429243811295681, 0.0 ] } },
{ "type": "Feature", "properties": { "fid": 10027, "handle": 774144, "block": -1, "etype": 19, "space": 0, "layer": "0", "olinetype": "bylayer", "linetype": "", "color": "0,0,0,55", "ocolor": 256, "color24": -1, "transparency": 0, "lweight": -1, "linewidth": 0.0, "ltscale": 1.0, "visible": 1, "thickness": 0.0, "ext": null, "height": 4.0000000000000009, "text": "24", "angle": 33.174917819707311, "widthscale": 13.582537148526169, "oblique": 0.0, "style": "style1", "textgen": 1, "alignh": 0, "alignv": 1, "interlin": 1.0 }, "geometry": { "type": "Point", "coordinates": [ -40.354029437763252, -20.429174598721143, 0.0 ] } },
{ "type": "Feature", "properties": { "fid": 10028, "handle": 774145, "block": -1, "etype": 19, "space": 0, "layer": "0", "olinetype": "bylayer", "linetype": "", "color": "0,0,0,55", "ocolor": 256, "color24": -1, "transparency": 0, "lweight": -1, "linewidth": 0.0, "ltscale": 1.0, "visible": 1, "thickness": 0.0, "ext": null, "height": 4.0000000000000009, "text": "25", "angle": 33.174917819707311, "widthscale": 13.582537148526169, "oblique": 0.0, "style": "style1", "textgen": 1, "alignh": 0, "alignv": 1, "interlin": 1.0 }, "geometry": { "type": "Point", "coordinates": [ -40.354077627694927, -20.429096634550966, 0.0 ] } },
{ "type": "Feature", "properties": { "fid": 10029, "handle": 774146, "block": -1, "etype": 19, "space": 0, "layer": "0", "olinetype": "bylayer", "linetype": "", "color": "0,0,0,55", "ocolor": 256, "color24": -1, "transparency": 0, "lweight": -1, "linewidth": 0.0, "ltscale": 1.0, "visible": 1, "thickness": 0.0, "ext": null, "height": 4.0000000000000009, "text": "26", "angle": 33.174917819707311, "widthscale": 13.582537148526169, "oblique": 0.0, "style": "style1", "textgen": 1, "alignh": 0, "alignv": 1, "interlin": 1.0 }, "geometry": { "type": "Point", "coordinates": [ -40.354128176753655, -20.429014635868111, 0.0 ] } },
{ "type": "Feature", "properties": { "fid": 10030, "handle": 774147, "block": -1, "etype": 19, "space": 0, "layer": "0", "olinetype": "bylayer", "linetype": "", "color": "0,0,0,55", "ocolor": 256, "color24": -1, "transparency": 0, "lweight": -1, "linewidth": 0.0, "ltscale": 1.0, "visible": 1, "thickness": 0.0, "ext": null, "height": 4.0000000000000009, "text": "16", "angle": 33.174917819707311, "widthscale": 13.582537148526169, "oblique": 0.0, "style": "style1", "textgen": 1, "alignh": 0, "alignv": 1, "interlin": 1.0 }, "geometry": { "type": "Point", "coordinates": [ -40.354451653390527, -20.429315626986323, 0.0 ] } },
{ "type": "Feature", "properties": { "fid": 10031, "handle": 774155, "block": -1, "etype": 19, "space": 0, "layer": "0", "olinetype": "bylayer", "linetype": "", "color": "0,0,0,55", "ocolor": 256, "color24": -1, "transparency": 0, "lweight": -1, "linewidth": 0.0, "ltscale": 1.0, "visible": 1, "thickness": 0.0, "ext": null, "height": 4.0000000000000009, "text": "1", "angle": 33.174917819707318, "widthscale": 13.582537148526169, "oblique": 0.0, "style": "style1", "textgen": 1, "alignh": 0, "alignv": 1, "interlin": 1.0 }, "geometry": { "type": "Point", "coordinates": [ -40.354703317254213, -20.429898432826441, 0.0 ] } },
{ "type": "Feature", "properties": { "fid": 10032, "handle": 773623, "block": -1, "etype": 19, "space": 0, "layer": "0", "olinetype": "bylayer", "linetype": "", "color": "0,0,0,55", "ocolor": 256, "color24": -1, "transparency": 0, "lweight": -1, "linewidth": 0.0, "ltscale": 1.0, "visible": 1, "thickness": 0.0, "ext": null, "height": 4.0000000000000009, "text": "1", "angle": 33.174917819707311, "widthscale": 13.582537148526169, "oblique": 0.0, "style": "style1", "textgen": 1, "alignh": 0, "alignv": 1, "interlin": 1.0 }, "geometry": { "type": "Point", "coordinates": [ -40.35833258452287, -20.432106132752214, 0.0 ] } },
{ "type": "Feature", "properties": { "fid": 10033, "handle": 773624, "block": -1, "etype": 19, "space": 0, "layer": "0", "olinetype": "bylayer", "linetype": "", "color": "0,0,0,55", "ocolor": 256, "color24": -1, "transparency": 0, "lweight": -1, "linewidth": 0.0, "ltscale": 1.0, "visible": 1, "thickness": 0.0, "ext": null, "height": 4.0000000000000009, "text": "2", "angle": 33.174917819707311, "widthscale": 13.582537148526169, "oblique": 0.0, "style": "style1", "textgen": 1, "alignh": 0, "alignv": 1, "interlin": 1.0 }, "geometry": { "type": "Point", "coordinates": [ -40.358391654031657, -20.432024021987161, 0.0 ] } },
{ "type": "Feature", "properties": { "fid": 10034, "handle": 773625, "block": -1, "etype": 19, "space": 0, "layer": "0", "olinetype": "bylayer", "linetype": "", "color": "0,0,0,55", "ocolor": 256, "color24": -1, "transparency": 0, "lweight": -1, "linewidth": 0.0, "ltscale": 1.0, "visible": 1, "thickness": 0.0, "ext": null, "height": 4.0000000000000009, "text": "3", "angle": 33.174917819707311, "widthscale": 13.582537148526169, "oblique": 0.0, "style": "style1", "textgen": 1, "alignh": 0, "alignv": 1, "interlin": 1.0 }, "geometry": { "type": "Point", "coordinates": [ -40.358448528572332, -20.431949915163703, 0.0 ] } },
{ "type": "Feature", "properties": { "fid": 10035, "handle": 773626, "block": -1, "etype": 19, "space": 0, "layer": "0", "olinetype": "bylayer", "linetype": "", "color": "0,0,0,55", "ocolor": 256, "color24": -1, "transparency": 0, "lweight": -1, "linewidth": 0.0, "ltscale": 1.0, "visible": 1, "thickness": 0.0, "ext": null, "height": 4.0000000000000009, "text": "4", "angle": 33.174917819707311, "widthscale": 13.582537148526169, "oblique": 0.0, "style": "style1", "textgen": 1, "alignh": 0, "alignv": 1, "interlin": 1.0 }, "geometry": { "type": "Point", "coordinates": [ -40.358500448569849, -20.431880160653748, 0.0 ] } },
{ "type": "Feature", "properties": { "fid": 10036, "handle": 773627, "block": -1, "etype": 19, "space": 0, "layer": "0", "olinetype": "bylayer", "linetype": "", "color": "0,0,0,55", "ocolor": 256, "color24": -1, "transparency": 0, "lweight": -1, "linewidth": 0.0, "ltscale": 1.0, "visible": 1, "thickness": 0.0, "ext": null, "height": 4.0000000000000009, "text": "5", "angle": 33.174917819707311, "widthscale": 13.582537148526169, "oblique": 0.0, "style": "style1", "textgen": 1, "alignh": 0, "alignv": 1, "interlin": 1.0 }, "geometry": { "type": "Point", "coordinates": [ -40.358554972615416, -20.431800925796953, 0.0 ] } },
{ "type": "Feature", "properties": { "fid": 10037, "handle": 773628, "block": -1, "etype": 19, "space": 0, "layer": "0", "olinetype": "bylayer", "linetype": "", "color": "0,0,0,55", "ocolor": 256, "color24": -1, "transparency": 0, "lweight": -1, "linewidth": 0.0, "ltscale": 1.0, "visible": 1, "thickness": 0.0, "ext": null, "height": 4.0000000000000009, "text": "6", "angle": 33.174917819707311, "widthscale": 13.582537148526169, "oblique": 0.0, "style": "style1", "textgen": 1, "alignh": 0, "alignv": 1, "interlin": 1.0 }, "geometry": { "type": "Point", "coordinates": [ -40.358601783187758, -20.43172435631751, 0.0 ] } },
{ "type": "Feature", "properties": { "fid": 10038, "handle": 773629, "block": -1, "etype": 19, "space": 0, "layer": "0", "olinetype": "bylayer", "linetype": "", "color": "0,0,0,55", "ocolor": 256, "color24": -1, "transparency": 0, "lweight": -1, "linewidth": 0.0, "ltscale": 1.0, "visible": 1, "thickness": 0.0, "ext": null, "height": 4.0000000000000009, "text": "8", "angle": 33.174917819707311, "widthscale": 13.582537148526169, "oblique": 0.0, "style": "style1", "textgen": 1, "alignh": 0, "alignv": 1, "interlin": 1.0 }, "geometry": { "type": "Point", "coordinates": [ -40.358391283888544, -20.431695312132156, 0.0 ] } },
{ "type": "Feature", "properties": { "fid": 10039, "handle": 773630, "block": -1, "etype": 19, "space": 0, "layer": "0", "olinetype": "bylayer", "linetype": "", "color": "0,0,0,55", "ocolor": 256, "color24": -1, "transparency": 0, "lweight": -1, "linewidth": 0.0, "ltscale": 1.0, "visible": 1, "thickness": 0.0, "ext": null, "height": 4.0000000000000009, "text": "10", "angle": 33.174917819707311, "widthscale": 13.582537148526169, "oblique": 0.0, "style": "style1", "textgen": 1, "alignh": 0, "alignv": 1, "interlin": 1.0 }, "geometry": { "type": "Point", "coordinates": [ -40.358318915576298, -20.431653634452648, 0.0 ] } },
{ "type": "Feature", "properties": { "fid": 10040, "handle": 773631, "block": -1, "etype": 19, "space": 0, "layer": "0", "olinetype": "bylayer", "linetype": "", "color": "0,0,0,55", "ocolor": 256, "color24": -1, "transparency": 0, "lweight": -1, "linewidth": 0.0, "ltscale": 1.0, "visible": 1, "thickness": 0.0, "ext": null, "height": 4.0000000000000009, "text": "12", "angle": 33.174917819707311, "widthscale": 13.582537148526169, "oblique": 0.0, "style": "style1", "textgen": 1, "alignh": 0, "alignv": 1, "interlin": 1.0 }, "geometry": { "type": "Point", "coordinates": [ -40.358242595078238, -20.43160182488511, 0.0 ] } },
{ "type": "Feature", "properties": { "fid": 10041, "handle": 773632, "block": -1, "etype": 19, "space": 0, "layer": "0", "olinetype": "bylayer", "linetype": "", "color": "0,0,0,55", "ocolor": 256, "color24": -1, "transparency": 0, "lweight": -1, "linewidth": 0.0, "ltscale": 1.0, "visible": 1, "thickness": 0.0, "ext": null, "height": 4.0000000000000009, "text": "14", "angle": 33.174917819707311, "widthscale": 13.582537148526169, "oblique": 0.0, "style": "style1", "textgen": 1, "alignh": 0, "alignv": 1, "interlin": 1.0 }, "geometry": { "type": "Point", "coordinates": [ -40.358164460120115, -20.431556621000354, 0.0 ] } },
{ "type": "Feature", "properties": { "fid": 10042, "handle": 773636, "block": -1, "etype": 19, "space": 0, "layer": "0", "olinetype": "bylayer", "linetype": "", "color": "0,0,0,55", "ocolor": 256, "color24": -1, "transparency": 0, "lweight": -1, "linewidth": 0.0, "ltscale": 1.0, "visible": 1, "thickness": 0.0, "ext": null, "height": 4.0000000000000009, "text": "7", "angle": 33.174917819707311, "widthscale": 13.582537148526169, "oblique": 0.0, "style": "style1", "textgen": 1, "alignh": 0, "alignv": 1, "interlin": 1.0 }, "geometry": { "type": "Point", "coordinates": [ -40.358228109144228, -20.431932438554231, 0.0 ] } },
{ "type": "Feature", "properties": { "fid": 10043, "handle": 773637, "block": -1, "etype": 19, "space": 0, "layer": "0", "olinetype": "bylayer", "linetype": "", "color": "0,0,0,55", "ocolor": 256, "color24": -1, "transparency": 0, "lweight": -1, "linewidth": 0.0, "ltscale": 1.0, "visible": 1, "thickness": 0.0, "ext": null, "height": 4.0000000000000009, "text": "9", "angle": 33.174917819707311, "widthscale": 13.582537148526169, "oblique": 0.0, "style": "style1", "textgen": 1, "alignh": 0, "alignv": 1, "interlin": 1.0 }, "geometry": { "type": "Point", "coordinates": [ -40.358144776236614, -20.431878913078325, 0.0 ] } },
{ "type": "Feature", "properties": { "fid": 10044, "handle": 773638, "block": -1, "etype": 19, "space": 0, "layer": "0", "olinetype": "bylayer", "linetype": "", "color": "0,0,0,55", "ocolor": 256, "color24": -1, "transparency": 0, "lweight": -1, "linewidth": 0.0, "ltscale": 1.0, "visible": 1, "thickness": 0.0, "ext": null, "height": 4.0000000000000009, "text": "11", "angle": 33.174917819707311, "widthscale": 13.582537148526169, "oblique": 0.0, "style": "style1", "textgen": 1, "alignh": 0, "alignv": 1, "interlin": 1.0 }, "geometry": { "type": "Point", "coordinates": [ -40.358062796680656, -20.431831358452346, 0.0 ] } },
{ "type": "Feature", "properties": { "fid": 10045, "handle": 773639, "block": -1, "etype": 19, "space": 0, "layer": "0", "olinetype": "bylayer", "linetype": "", "color": "0,0,0,55", "ocolor": 256, "color24": -1, "transparency": 0, "lweight": -1, "linewidth": 0.0, "ltscale": 1.0, "visible": 1, "thickness": 0.0, "ext": null, "height": 4.0000000000000009, "text": "13", "angle": 33.174917819707311, "widthscale": 13.582537148526169, "oblique": 0.0, "style": "style1", "textgen": 1, "alignh": 0, "alignv": 1, "interlin": 1.0 }, "geometry": { "type": "Point", "coordinates": [ -40.357993703717845, -20.431796826836262, 0.0 ] } },
{ "type": "Feature", "properties": { "fid": 10046, "handle": 773640, "block": -1, "etype": 19, "space": 0, "layer": "0", "olinetype": "bylayer", "linetype": "", "color": "0,0,0,55", "ocolor": 256, "color24": -1, "transparency": 0, "lweight": -1, "linewidth": 0.0, "ltscale": 1.0, "visible": 1, "thickness": 0.0, "ext": null, "height": 4.0000000000000009, "text": "15", "angle": 33.174917819707311, "widthscale": 13.582537148526169, "oblique": 0.0, "style": "style1", "textgen": 1, "alignh": 0, "alignv": 1, "interlin": 1.0 }, "geometry": { "type": "Point", "coordinates": [ -40.357915461168687, -20.431743841868229, 0.0 ] } },
{ "type": "Feature", "properties": { "fid": 10047, "handle": 773648, "block": -1, "etype": 19, "space": 0, "layer": "0", "olinetype": "bylayer", "linetype": "", "color": "0,0,0,55", "ocolor": 256, "color24": -1, "transparency": 0, "lweight": -1, "linewidth": 0.0, "ltscale": 1.0, "visible": 1, "thickness": 0.0, "ext": null, "height": 4.0000000000000009, "text": "16", "angle": 33.174917819707311, "widthscale": 13.582537148526169, "oblique": 0.0, "style": "style1", "textgen": 1, "alignh": 0, "alignv": 1, "interlin": 1.0 }, "geometry": { "type": "Point", "coordinates": [ -40.358082803696256, -20.431507632280141, 0.0 ] } },
{ "type": "Feature", "properties": { "fid": 10048, "handle": 773641, "block": -1, "etype": 19, "space": 0, "layer": "0", "olinetype": "bylayer", "linetype": "", "color": "0,0,0,55", "ocolor": 256, "color24": -1, "transparency": 0, "lweight": -1, "linewidth": 0.0, "ltscale": 1.0, "visible": 1, "thickness": 0.0, "ext": null, "height": 4.0000000000000009, "text": "17", "angle": 33.174917819707311, "widthscale": 13.582537148526169, "oblique": 0.0, "style": "style1", "textgen": 1, "alignh": 0, "alignv": 1, "interlin": 1.0 }, "geometry": { "type": "Point", "coordinates": [ -40.357841314650919, -20.43169679074034, 0.0 ] } },
{ "type": "Feature", "properties": { "fid": 10049, "handle": 773643, "block": -1, "etype": 19, "space": 0, "layer": "0", "olinetype": "bylayer", "linetype": "", "color": "0,0,0,55", "ocolor": 256, "color24": -1, "transparency": 0, "lweight": -1, "linewidth": 0.0, "ltscale": 1.0, "visible": 1, "thickness": 0.0, "ext": null, "height": 4.0000000000000009, "text": "22", "angle": 33.174917819707311, "widthscale": 13.582537148526169, "oblique": 0.0, "style": "style1", "textgen": 1, "alignh": 0, "alignv": 1, "interlin": 1.0 }, "geometry": { "type": "Point", "coordinates": [ -40.357508543706672, -20.43159590662901, 0.0 ] } },
{ "type": "Feature", "properties": { "fid": 10050, "handle": 773644, "block": -1, "etype": 19, "space": 0, "layer": "0", "olinetype": "bylayer", "linetype": "", "color": "0,0,0,55", "ocolor": 256, "color24": -1, "transparency": 0, "lweight": -1, "linewidth": 0.0, "ltscale": 1.0, "visible": 1, "thickness": 0.0, "ext": null, "height": 4.0000000000000009, "text": "23", "angle": 33.174917819707311, "widthscale": 13.582537148526169, "oblique": 0.0, "style": "style1", "textgen": 1, "alignh": 0, "alignv": 1, "interlin": 1.0 }, "geometry": { "type": "Point", "coordinates": [ -40.357558406165609, -20.431520084109277, 0.0 ] } },
{ "type": "Feature", "properties": { "fid": 10051, "handle": 773645, "block": -1, "etype": 19, "space": 0, "layer": "0", "olinetype": "bylayer", "linetype": "", "color": "0,0,0,55", "ocolor": 256, "color24": -1, "transparency": 0, "lweight": -1, "linewidth": 0.0, "ltscale": 1.0, "visible": 1, "thickness": 0.0, "ext": null, "height": 4.0000000000000009, "text": "24", "angle": 33.174917819707311, "widthscale": 13.582537148526169, "oblique": 0.0, "style": "style1", "textgen": 1, "alignh": 0, "alignv": 1, "interlin": 1.0 }, "geometry": { "type": "Point", "coordinates": [ -40.357615416541208, -20.431450870420871, 0.0 ] } },
{ "type": "Feature", "properties": { "fid": 10052, "handle": 773642, "block": -1, "etype": 19, "space": 0, "layer": "0", "olinetype": "bylayer", "linetype": "", "color": "0,0,0,55", "ocolor": 256, "color24": -1, "transparency": 0, "lweight": -1, "linewidth": 0.0, "ltscale": 1.0, "visible": 1, "thickness": 0.0, "ext": null, "height": 4.0000000000000009, "text": "21", "angle": 33.174917819707311, "widthscale": 13.582537148526169, "oblique": 0.0, "style": "style1", "textgen": 1, "alignh": 0, "alignv": 1, "interlin": 1.0 }, "geometry": { "type": "Point", "coordinates": [ -40.357896506672361, -20.431394481432541, 0.0 ] } },
{ "type": "Feature", "properties": { "fid": 10053, "handle": 773635, "block": -1, "etype": 19, "space": 0, "layer": "0", "olinetype": "bylayer", "linetype": "", "color": "0,0,0,55", "ocolor": 256, "color24": -1, "transparency": 0, "lweight": -1, "linewidth": 0.0, "ltscale": 1.0, "visible": 1, "thickness": 0.0, "ext": null, "height": 4.0000000000000009, "text": "19", "angle": 33.174917819707311, "widthscale": 13.582537148526169, "oblique": 0.0, "style": "style1", "textgen": 1, "alignh": 0, "alignv": 1, "interlin": 1.0 }, "geometry": { "type": "Point", "coordinates": [ -40.35799678632273, -20.431454397327748, 0.0 ] } },
{ "type": "Feature", "properties": { "fid": 10054, "handle": 773634, "block": -1, "etype": 19, "space": 0, "layer": "0", "olinetype": "bylayer", "linetype": "", "color": "0,0,0,55", "ocolor": 256, "color24": -1, "transparency": 0, "lweight": -1, "linewidth": 0.0, "ltscale": 1.0, "visible": 1, "thickness": 0.0, "ext": null, "height": 4.0000000000000009, "text": "20", "angle": 33.174917819707311, "widthscale": 13.582537148526169, "oblique": 0.0, "style": "style1", "textgen": 1, "alignh": 0, "alignv": 1, "interlin": 1.0 }, "geometry": { "type": "Point", "coordinates": [ -40.357733410300227, -20.431631562109057, 0.0 ] } },
{ "type": "Feature", "properties": { "fid": 10055, "handle": 773633, "block": -1, "etype": 19, "space": 0, "layer": "0", "olinetype": "bylayer", "linetype": "", "color": "0,0,0,55", "ocolor": 256, "color24": -1, "transparency": 0, "lweight": -1, "linewidth": 0.0, "ltscale": 1.0, "visible": 1, "thickness": 0.0, "ext": null, "height": 4.0000000000000009, "text": "18", "angle": 33.174917819707311, "widthscale": 13.582537148526169, "oblique": 0.0, "style": "style1", "textgen": 1, "alignh": 0, "alignv": 1, "interlin": 1.0 }, "geometry": { "type": "Point", "coordinates": [ -40.357759468556743, -20.431245371593352, 0.0 ] } },
{ "type": "Feature", "properties": { "fid": 10056, "handle": 773646, "block": -1, "etype": 19, "space": 0, "layer": "0", "olinetype": "bylayer", "linetype": "", "color": "0,0,0,55", "ocolor": 256, "color24": -1, "transparency": 0, "lweight": -1, "linewidth": 0.0, "ltscale": 1.0, "visible": 1, "thickness": 0.0, "ext": null, "height": 4.0000000000000009, "text": "25", "angle": 33.174917819707311, "widthscale": 13.582537148526169, "oblique": 0.0, "style": "style1", "textgen": 1, "alignh": 0, "alignv": 1, "interlin": 1.0 }, "geometry": { "type": "Point", "coordinates": [ -40.357681031426772, -20.431355024553238, 0.0 ] } }
]
}
